Gene ID,protein_id,Preferred_Name,Functional_Process,Enzyme_Class,Enzyme_Family,NPFM1,NPFM2,NPFM3,NPFM4,Mean_FPKM,Log2_Mean_FPKM,Expressed_in_Transcriptome,Pfam_Domains,KEGG_KO,KEGG_Pathway,GO_Terms,Protein Description
NPIL_328671,GFT70011.1,,Carbohydrate & Chitin Digestion,Chitinolytic Enzymes,Chitinase (GH18),0.0100658680407323,0.205425825948876,0.460388037088505,0.0185952653341428,0.17361874910306402,0.23096382402948623,Yes,"CBM_14,Glyco_hydro_18",,,,uncharacterized protein NPIL_328671 [Nephila pilipes]
,GFS32910.1,,Carbohydrate & Chitin Digestion,Chitinolytic Enzymes,Chitinase (GH18),0.0,0.0,0.0,0.0,0.0,0.0,No,"Cytochrom_B561,Glyco_hydro_18",ko:K01183,"map01100,map00520,ko00520,ko01100",,acidic mammalian chitinase [Nephila pilipes]
,GFS46560.1,107366748,Carbohydrate & Chitin Digestion,Chitinolytic Enzymes,Chitinase (GH18),0.0,0.0,0.0,0.0,0.0,0.0,No,"CBM_14,Glyco_hydro_18",ko:K01183,"map01100,map00520,ko00520,ko01100",,chitotriosidase-1 [Nephila pilipes]
,GFS75635.1,,Carbohydrate & Chitin Digestion,Chitinolytic Enzymes,Beta-Hexosaminidase (GH20),0.0,0.0,0.0,0.0,0.0,0.0,No,"Glyco_hydro_20,Glycohydro_20b2",,,,beta-hexosaminidase subunit beta [Nephila pilipes]
,GFS75706.1,107366278,Carbohydrate & Chitin Digestion,Chitinolytic Enzymes,Chitinase (GH18),0.0,0.0,0.0,0.0,0.0,0.0,No,"CBM_14,Glyco_hydro_18",ko:K01183,"map01100,map00520,ko00520,ko01100",,endochitinase [Nephila pilipes]
,GFT05706.1,3291324,Carbohydrate & Chitin Digestion,Chitinolytic Enzymes,Chitinase (GH18),0.0,0.0,0.0,0.0,0.0,0.0,No,CBM_14,,,,"putative chitinase 3, partial [Nephila pilipes]"
,GFT05709.1,,Carbohydrate & Chitin Digestion,Chitinolytic Enzymes,Chitinase (GH18),0.0,0.0,0.0,0.0,0.0,0.0,No,CBM_14,,,,"putative chitinase 3, partial [Nephila pilipes]"
,GFT10217.1,,Carbohydrate & Chitin Digestion,Chitinolytic Enzymes,Chitinase (GH18),0.0,0.0,0.0,0.0,0.0,0.0,No,"CBM_14,Glyco_hydro_18",ko:K01183,"map01100,map00520,ko00520,ko01100",,"probable chitinase 10, partial [Nephila pilipes]"
,GFT10443.1,,Carbohydrate & Chitin Digestion,Chitinolytic Enzymes,Chitinase (GH18),0.0,0.0,0.0,0.0,0.0,0.0,No,"CBM_14,Glyco_hydro_18",ko:K01183,"map01100,map00520,ko00520,ko01100",,probable chitinase 10 [Nephila pilipes]
,GFT14208.1,,Carbohydrate & Chitin Digestion,Chitinolytic Enzymes,Beta-Hexosaminidase (GH20),0.0,0.0,0.0,0.0,0.0,0.0,No,Glyco_hydro_20,ko:K14459,"ko00513,map01100,ko00511,ko01100,map00511,map00513",,hexosaminidase D [Nephila pilipes]
,GFT36779.1,,Carbohydrate & Chitin Digestion,Chitinolytic Enzymes,Chitinase (GH18),0.0,0.0,0.0,0.0,0.0,0.0,No,"CBM_14,Glyco_hydro_18",,,,chitotriosidase-1 [Nephila pilipes]
,GFT68761.1,,Carbohydrate & Chitin Digestion,Chitinolytic Enzymes,Beta-Hexosaminidase (GH20),0.0,0.0,0.0,0.0,0.0,0.0,No,"Glyco_hydro_20,Glycohydro_20b2",,,,beta-hexosaminidase subunit alpha [Nephila pilipes]
,GFT73860.1,,Carbohydrate & Chitin Digestion,Chitinolytic Enzymes,Beta-Hexosaminidase (GH20),0.0,0.0,0.0,0.0,0.0,0.0,No,Glyco_hydro_20,ko:K14459,"ko00513,map01100,ko00511,ko01100,map00511,map00513",,hexosaminidase D [Nephila pilipes]
,GFT73883.1,,Carbohydrate & Chitin Digestion,Chitinolytic Enzymes,Beta-Hexosaminidase (GH20),0.0,0.0,0.0,0.0,0.0,0.0,No,Glyco_hydro_20,,,,hexosaminidase D [Nephila pilipes]
,GFT87735.1,,Carbohydrate & Chitin Digestion,Chitinolytic Enzymes,Chitinase (GH18),0.0,0.0,0.0,0.0,0.0,0.0,No,Glyco_hydro_18,,,,"chitotriosidase-1, partial [Nephila pilipes]"
,GFT91543.1,,Carbohydrate & Chitin Digestion,Chitinolytic Enzymes,Chitinase (GH18),0.0,0.0,0.0,0.0,0.0,0.0,No,Glyco_hydro_18,,,,"chitotriosidase-1, partial [Nephila pilipes]"
,GFT91989.1,GH11814,Carbohydrate & Chitin Digestion,Chitinolytic Enzymes,Chitinase (GH18),0.0,0.0,0.0,0.0,0.0,0.0,No,"CBM_14,Glyco_hydro_18",ko:K01183,"map01100,map00520,ko00520,ko01100",,chitotriosidase-1 [Nephila pilipes]
,GFT99529.1,8235243,Carbohydrate & Chitin Digestion,Chitinolytic Enzymes,Chitinase (GH18),0.0,0.0,0.0,0.0,0.0,0.0,No,"CBM_14,Glyco_hydro_18",ko:K01183,"map01100,map00520,ko00520,ko01100",,"putative chitinase 3, partial [Nephila pilipes]"
,GFU02865.1,Pmp9,Carbohydrate & Chitin Digestion,Chitinolytic Enzymes,Chitinase (GH18),0.0,0.0,0.0,0.0,0.0,0.0,No,CBM_14,,,,putative chitinase 10 [Nephila pilipes]
,GFU02867.1,Pmp9,Carbohydrate & Chitin Digestion,Chitinolytic Enzymes,Chitinase (GH18),0.0,0.0,0.0,0.0,0.0,0.0,No,CBM_14,,,,putative chitinase 10 [Nephila pilipes]
,GFU23803.1,,Carbohydrate & Chitin Digestion,Chitinolytic Enzymes,Beta-Hexosaminidase (GH20),0.0,0.0,0.0,0.0,0.0,0.0,No,"Glyco_hydro_20,Glycohydro_20b2",,,,beta-hexosaminidase subunit alpha [Nephila pilipes]
,GFU23804.1,,Carbohydrate & Chitin Digestion,Chitinolytic Enzymes,Beta-Hexosaminidase (GH20),0.0,0.0,0.0,0.0,0.0,0.0,No,"Glyco_hydro_20,Glycohydro_20b2",,,,beta-hexosaminidase subunit alpha [Nephila pilipes]
,GFU30430.1,,Carbohydrate & Chitin Digestion,Chitinolytic Enzymes,Chitinase (GH18),0.0,0.0,0.0,0.0,0.0,0.0,No,"CBM_14,Glyco_hydro_18",,,,chitotriosidase-1 [Nephila pilipes]
,GFU30982.1,CHID1,Carbohydrate & Chitin Digestion,Chitinolytic Enzymes,Chitinase (GH18),0.0,0.0,0.0,0.0,0.0,0.0,No,Glyco_hydro_18,,,,chitinase domain-containing protein 1 [Nephila pilipes]
,GFU30984.1,CHID1,Carbohydrate & Chitin Digestion,Chitinolytic Enzymes,Chitinase (GH18),0.0,0.0,0.0,0.0,0.0,0.0,No,Glyco_hydro_18,,,,chitinase domain-containing protein 1 [Nephila pilipes]
,GFU35558.1,,Carbohydrate & Chitin Digestion,Chitinolytic Enzymes,Beta-Hexosaminidase (GH20),0.0,0.0,0.0,0.0,0.0,0.0,No,"Glyco_hydro_20,Robl_LC7",,,,hexosaminidase D [Nephila pilipes]
,GFU49966.1,,Carbohydrate & Chitin Digestion,Chitinolytic Enzymes,Chitinase (GH18),0.0,0.0,0.0,0.0,0.0,0.0,No,"CBM_14,Glyco_hydro_18",,,,probable chitinase 2 [Nephila pilipes]
,GFU61530.1,105617559,Carbohydrate & Chitin Digestion,Chitinolytic Enzymes,Chitinase (GH18),0.0,0.0,0.0,0.0,0.0,0.0,No,Glyco_hydro_18,ko:K01183,"map01100,map00520,ko00520,ko01100",,acidic mammalian chitinase [Nephila pilipes]
NPIL_308191,GFS85334.1,,Carbohydrate & Chitin Digestion,Glycoside Hydrolases,Mannosidase (GH38/GH47),22.834927141591,0.378800083161246,0.289501647776178,6.02632760483875,7.382389119341793,3.067361494448081,Yes,Glyco_hydro_47,,,,uncharacterized protein NPIL_308191 [Nephila pilipes]
NPIL_683891,GFS87477.1,MAN2C1,Carbohydrate & Chitin Digestion,Glycoside Hydrolases,Mannosidase (GH38/GH47),0.523926681948614,0.692841718071412,0.688638686166484,0.288560594849178,0.548491920258922,0.6308638553194563,Yes,"Alpha-mann_mid,Glyco_hydro_38,Glyco_hydro_38C",ko:K01191,"map00511,ko00511",,hypothetical protein NPIL_683891 [Nephila pilipes]
"NPIL_300761,",GFU29016.1,T01_3591,Carbohydrate & Chitin Digestion,Glycoside Hydrolases,Alpha/Beta-Glucosidase (GH1/GH31),0.0,0.0,0.0,0.0,0.0,0.0,No,Glyco_hydro_31,,,,"hypothetical protein NPIL_300761, partial [Nephila pilipes]"
"NPIL_403561,",GFT77752.1,T01_3591,Carbohydrate & Chitin Digestion,Glycoside Hydrolases,Alpha/Beta-Glucosidase (GH1/GH31),0.0,0.0,0.0,0.0,0.0,0.0,No,Glyco_hydro_31,,,,"hypothetical protein NPIL_403561, partial [Nephila pilipes]"
"NPIL_464101,",GFS81492.1,T01_3591,Carbohydrate & Chitin Digestion,Glycoside Hydrolases,Alpha/Beta-Glucosidase (GH1/GH31),0.0,0.0,0.0,0.0,0.0,0.0,No,Glyco_hydro_31,,,,"hypothetical protein NPIL_464101, partial [Nephila pilipes]"
,GFS29463.1,L798_14929,Carbohydrate & Chitin Digestion,Glycoside Hydrolases,Mannosidase (GH38/GH47),0.0,0.0,0.0,0.0,0.0,0.0,No,"Alpha-mann_mid,Glyco_hydro_38,Glyco_hydro_38C",ko:K01191,"map00511,ko00511",,alpha-mannosidase 2 [Nephila pilipes]
,GFS34286.1,L798_11238,Carbohydrate & Chitin Digestion,Glycoside Hydrolases,Alpha/Beta-Glucosidase (GH1/GH31),0.0,0.0,0.0,0.0,0.0,0.0,No,"Gal_mutarotas_2,Glyco_hydro_31,NtCtMGAM_N,Trefoil",ko:K12316,"ko00500,map01100,ko01100,ko04142,map00052,map00500,ko00052,map04142",,lysosomal alpha-glucosidase [Nephila pilipes]
,GFS37686.1,L798_11238,Carbohydrate & Chitin Digestion,Glycoside Hydrolases,Alpha/Beta-Glucosidase (GH1/GH31),0.0,0.0,0.0,0.0,0.0,0.0,No,"Gal_mutarotas_2,Glyco_hydro_31,NtCtMGAM_N,Trefoil",ko:K12316,"ko00500,map01100,ko01100,ko04142,map00052,map00500,ko00052,map04142",,lysosomal alpha-glucosidase [Nephila pilipes]
,GFS37688.1,L798_11238,Carbohydrate & Chitin Digestion,Glycoside Hydrolases,Alpha/Beta-Glucosidase (GH1/GH31),0.0,0.0,0.0,0.0,0.0,0.0,No,"Gal_mutarotas_2,Glyco_hydro_31,NtCtMGAM_N,Trefoil",ko:K12316,"ko00500,map01100,ko01100,ko04142,map00052,map00500,ko00052,map04142",,lysosomal alpha-glucosidase [Nephila pilipes]
,GFS44564.1,,Carbohydrate & Chitin Digestion,Glycoside Hydrolases,Beta-Galactosidase (GH2/GH35),0.0,0.0,0.0,0.0,0.0,0.0,No,"BetaGal_dom4_5,Glyco_hydro_35,PIG-P",,,,beta-galactosidase [Nephila pilipes]
,GFS46050.1,zgc:171967,Carbohydrate & Chitin Digestion,Glycoside Hydrolases,Alpha/Beta-Glucosidase (GH1/GH31),0.0,0.0,0.0,0.0,0.0,0.0,No,"Gal_mutarotas_2,Glyco_hydro_31",,,,neutral alpha-glucosidase AB [Nephila pilipes]
,GFS46654.1,L798_00229,Carbohydrate & Chitin Digestion,Glycoside Hydrolases,Mannosidase (GH38/GH47),0.0,0.0,0.0,0.0,0.0,0.0,No,Glyco_hydro_47,ko:K01230,"ko00513,map01100,ko00510,ko01100,ko04141,map00510,map00513,map04141",,"endoplasmic reticulum mannosyl-oligosaccharide 1,2-alpha-mannosidase [Nephila pilipes]"
,GFS54656.1,,Carbohydrate & Chitin Digestion,Glycoside Hydrolases,Alpha/Beta-Glucosidase (GH1/GH31),0.0,0.0,0.0,0.0,0.0,0.0,No,Glyco_hydro_31,,,,myogenesis-regulating glycosidase [Nephila pilipes]
,GFS54658.1,,Carbohydrate & Chitin Digestion,Glycoside Hydrolases,Alpha/Beta-Glucosidase (GH1/GH31),0.0,0.0,0.0,0.0,0.0,0.0,No,Glyco_hydro_31,,,,myogenesis-regulating glycosidase [Nephila pilipes]
,GFS61233.1,,Carbohydrate & Chitin Digestion,Glycoside Hydrolases,Alpha/Beta-Glucosidase (GH1/GH31),0.0,0.0,0.0,0.0,0.0,0.0,No,"Glyco_hydro_63,Glyco_hydro_63N",,,,mannosyl-oligosaccharide glucosidase [Nephila pilipes]
,GFS63679.1,gaa,Carbohydrate & Chitin Digestion,Glycoside Hydrolases,Alpha/Beta-Glucosidase (GH1/GH31),0.0,0.0,0.0,0.0,0.0,0.0,No,"Gal_mutarotas_2,Glyco_hydro_31,NtCtMGAM_N,Trefoil",ko:K12316,"ko00500,map01100,ko01100,ko04142,map00052,map00500,ko00052,map04142",,"lysosomal alpha-glucosidase, partial [Nephila pilipes]"
,GFS63729.1,,Carbohydrate & Chitin Digestion,Glycoside Hydrolases,Alpha-Amylase (GH13),0.0,0.0,0.0,0.0,0.0,0.0,No,"Glyco_hydro_31,NtCtMGAM_N",,,,"maltase-glucoamylase, intestinal, partial [Nephila pilipes]"
,GFS66198.1,107361407,Carbohydrate & Chitin Digestion,Glycoside Hydrolases,Alpha/Beta-Glucosidase (GH1/GH31),0.0,0.0,0.0,0.0,0.0,0.0,No,"EF-hand_5,PRKCSH-like,PRKCSH_1",ko:K08288,"ko04141,map04141",,glucosidase 2 subunit beta [Nephila pilipes]
,GFS67160.1,,Carbohydrate & Chitin Digestion,Glycoside Hydrolases,Alpha-Amylase (GH13),0.0,0.0,0.0,0.0,0.0,0.0,No,"Gal_mutarotas_2,Glyco_hydro_31,NtCtMGAM_N,Trefoil",,,,"maltase-glucoamylase, intestinal, partial [Nephila pilipes]"
,GFS69649.1,,Carbohydrate & Chitin Digestion,Glycoside Hydrolases,Alpha/Beta-Glucosidase (GH1/GH31),0.0,0.0,0.0,0.0,0.0,0.0,No,PRKCSH-like,,,,glucosidase 2 subunit beta [Nephila pilipes]
,GFS70176.1,,Carbohydrate & Chitin Digestion,Glycoside Hydrolases,Alpha-Amylase (GH13),0.0,0.0,0.0,0.0,0.0,0.0,No,"Gal_mutarotas_2,Glyco_hydro_31,NtCtMGAM_N,Trefoil",,,,"maltase-glucoamylase, intestinal, partial [Nephila pilipes]"
,GFS71832.1,,Carbohydrate & Chitin Digestion,Glycoside Hydrolases,Alpha/Beta-Glucosidase (GH1/GH31),0.0,0.0,0.0,0.0,0.0,0.0,No,Glyco_hydro_15,ko:K07190,"ko04910,ko04020,ko04922,map04922,map04020,map04910",,probable phosphorylase b kinase regulatory subunit beta [Nephila pilipes]
,GFS71834.1,,Carbohydrate & Chitin Digestion,Glycoside Hydrolases,Alpha/Beta-Glucosidase (GH1/GH31),0.0,0.0,0.0,0.0,0.0,0.0,No,Glyco_hydro_15,ko:K07190,"ko04910,ko04020,ko04922,map04922,map04020,map04910",,probable phosphorylase b kinase regulatory subunit beta [Nephila pilipes]
,GFS71836.1,,Carbohydrate & Chitin Digestion,Glycoside Hydrolases,Alpha/Beta-Glucosidase (GH1/GH31),0.0,0.0,0.0,0.0,0.0,0.0,No,Glyco_hydro_15,ko:K07190,"ko04910,ko04020,ko04922,map04922,map04020,map04910",,probable phosphorylase b kinase regulatory subunit beta [Nephila pilipes]
,GFS74353.1,107369184,Carbohydrate & Chitin Digestion,Glycoside Hydrolases,Beta-Galactosidase (GH2/GH35),0.0,0.0,0.0,0.0,0.0,0.0,No,"Glyco_hydro_2,Glyco_hydro_2_C,Glyco_hydro_2_N",ko:K01195,"map01100,ko00983,ko01100,ko00944,ko00860,ko01110,ko00040,map00040,map00944,ko00531,ko04142,map01110,map00531,map00983,map04142,map00860",,beta-glucuronidase [Nephila pilipes]
,GFS76675.1,,Carbohydrate & Chitin Digestion,Glycoside Hydrolases,Alpha-Amylase (GH13),0.0,0.0,0.0,0.0,0.0,0.0,No,"Glyco_hydro_31,NtCtMGAM_N",,,,"maltase-glucoamylase, intestinal, partial [Nephila pilipes]"
,GFS77305.1,SI,Carbohydrate & Chitin Digestion,Glycoside Hydrolases,Alpha-Amylase (GH13),0.0,0.0,0.0,0.0,0.0,0.0,No,"Glyco_hydro_31,NtCtMGAM_N,Trefoil",,,,"maltase-glucoamylase, intestinal, partial [Nephila pilipes]"
,GFS77307.1,MGAM,Carbohydrate & Chitin Digestion,Glycoside Hydrolases,Alpha/Beta-Glucosidase (GH1/GH31),0.0,0.0,0.0,0.0,0.0,0.0,No,"Glyco_hydro_31,NtCtMGAM_N,Trefoil",ko:K12047,"ko00500,map01100,ko04973,map04973,ko01100,map00052,map00500,ko00052",,"sucrase-isomaltase, intestinal, partial [Nephila pilipes]"
,GFS79685.1,,Carbohydrate & Chitin Digestion,Glycoside Hydrolases,Alpha/Beta-Glucosidase (GH1/GH31),0.0,0.0,0.0,0.0,0.0,0.0,No,Alpha-amylase,ko:K14210,"ko04974,map04974",,"oligo-1,6-glucosidase 1 [Nephila pilipes]"
,GFS81670.1,,Carbohydrate & Chitin Digestion,Glycoside Hydrolases,Alpha/Beta-Glucosidase (GH1/GH31),0.0,0.0,0.0,0.0,0.0,0.0,No,"DUF5110,Glyco_hydro_31,NtCtMGAM_N,Trefoil",,,,"sucrase-isomaltase, intestinal [Nephila pilipes]"
,GFS85336.1,,Carbohydrate & Chitin Digestion,Glycoside Hydrolases,Mannosidase (GH38/GH47),0.0,0.0,0.0,0.0,0.0,0.0,No,Glyco_hydro_47,,,,"mannosyl-oligosaccharide alpha-1,2-mannosidase IA [Nephila pilipes]"
,GFS88848.1,IW19_13075,Carbohydrate & Chitin Digestion,Glycoside Hydrolases,Alpha/Beta-Glucosidase (GH1/GH31),0.0,0.0,0.0,0.0,0.0,0.0,No,"DUF5110,Gal_mutarotas_2,Glyco_hydro_31",,,,"lysosomal alpha-glucosidase, partial [Nephila pilipes]"
,GFS91841.1,L798_14399,Carbohydrate & Chitin Digestion,Glycoside Hydrolases,Mannosidase (GH38/GH47),0.0,0.0,0.0,0.0,0.0,0.0,No,"Alpha-mann_mid,Glyco_hydro_38,Glyco_hydro_38C",ko:K12311,"map00511,ko00511,map04142,ko04142",,lysosomal alpha-mannosidase [Nephila pilipes]
,GFS97345.1,,Carbohydrate & Chitin Digestion,Glycoside Hydrolases,Alpha-Amylase (GH13),0.0,0.0,0.0,0.0,0.0,0.0,No,"Alpha-amylase,Alpha-amylase_C",,,,alpha-amylase 1 [Nephila pilipes]
,GFT05867.1,,Carbohydrate & Chitin Digestion,Glycoside Hydrolases,Alpha/Beta-Glucosidase (GH1/GH31),0.0,0.0,0.0,0.0,0.0,0.0,No,"Glyco_hydro_31,NtCtMGAM_N,Trefoil",,,,"sucrase-isomaltase, intestinal [Nephila pilipes]"
,GFT13350.1,107361407,Carbohydrate & Chitin Digestion,Glycoside Hydrolases,Alpha/Beta-Glucosidase (GH1/GH31),0.0,0.0,0.0,0.0,0.0,0.0,No,"EF-hand_5,PRKCSH-like,PRKCSH_1",ko:K08288,"ko04141,map04141",,glucosidase 2 subunit beta [Nephila pilipes]
,GFT16264.1,107365604,Carbohydrate & Chitin Digestion,Glycoside Hydrolases,Alpha/Beta-Glucosidase (GH1/GH31),0.0,0.0,0.0,0.0,0.0,0.0,No,Glyco_hydro_15,ko:K07190,"ko04910,ko04020,ko04922,map04922,map04020,map04910",,probable phosphorylase b kinase regulatory subunit alpha [Nephila pilipes]
,GFT16266.1,107365604,Carbohydrate & Chitin Digestion,Glycoside Hydrolases,Alpha/Beta-Glucosidase (GH1/GH31),0.0,0.0,0.0,0.0,0.0,0.0,No,Glyco_hydro_15,ko:K07190,"ko04910,ko04020,ko04922,map04922,map04020,map04910",,probable phosphorylase b kinase regulatory subunit alpha [Nephila pilipes]
,GFT16268.1,107365604,Carbohydrate & Chitin Digestion,Glycoside Hydrolases,Alpha/Beta-Glucosidase (GH1/GH31),0.0,0.0,0.0,0.0,0.0,0.0,No,Glyco_hydro_15,ko:K07190,"ko04910,ko04020,ko04922,map04922,map04020,map04910",,probable phosphorylase b kinase regulatory subunit alpha [Nephila pilipes]
,GFT16270.1,107365604,Carbohydrate & Chitin Digestion,Glycoside Hydrolases,Alpha/Beta-Glucosidase (GH1/GH31),0.0,0.0,0.0,0.0,0.0,0.0,No,Glyco_hydro_15,ko:K07190,"ko04910,ko04020,ko04922,map04922,map04020,map04910",,probable phosphorylase b kinase regulatory subunit alpha [Nephila pilipes]
,GFT25682.1,,Carbohydrate & Chitin Digestion,Glycoside Hydrolases,Mannosidase (GH38/GH47),0.0,0.0,0.0,0.0,0.0,0.0,No,"Glyco_hydro_47,PA",,,,ER degradation-enhancing alpha-mannosidase-like protein 3 [Nephila pilipes]
,GFT26720.1,IW19_13075,Carbohydrate & Chitin Digestion,Glycoside Hydrolases,Alpha/Beta-Glucosidase (GH1/GH31),0.0,0.0,0.0,0.0,0.0,0.0,No,"DUF5110,Gal_mutarotas_2,Glyco_hydro_31",,,,"lysosomal alpha-glucosidase, partial [Nephila pilipes]"
,GFT29478.1,IW19_13075,Carbohydrate & Chitin Digestion,Glycoside Hydrolases,Alpha/Beta-Glucosidase (GH1/GH31),0.0,0.0,0.0,0.0,0.0,0.0,No,"DUF5110,Gal_mutarotas_2,Glyco_hydro_31",,,,"lysosomal alpha-glucosidase, partial [Nephila pilipes]"
,GFT36907.1,105618932,Carbohydrate & Chitin Digestion,Glycoside Hydrolases,Beta-Galactosidase (GH2/GH35),0.0,0.0,0.0,0.0,0.0,0.0,No,"Melibiase_2,Melibiase_2_C",ko:K01204,"ko00603,map00603,map04142,ko04142",,alpha-galactosidase A [Nephila pilipes]
,GFT43281.1,,Carbohydrate & Chitin Digestion,Glycoside Hydrolases,Alpha-Amylase (GH13),0.0,0.0,0.0,0.0,0.0,0.0,No,"Alpha-amylase,Alpha-amylase_C",ko:K01176,"ko00500,map01100,ko04973,map04973,ko01100,map00500",,"pancreatic alpha-amylase, partial [Nephila pilipes]"
,GFT45193.1,107369279,Carbohydrate & Chitin Digestion,Glycoside Hydrolases,Alpha/Beta-Glucosidase (GH1/GH31),0.0,0.0,0.0,0.0,0.0,0.0,No,Glyco_hydro_31,,,,myogenesis-regulating glycosidase [Nephila pilipes]
,GFT54918.1,MGAM,Carbohydrate & Chitin Digestion,Glycoside Hydrolases,Alpha-Amylase (GH13),0.0,0.0,0.0,0.0,0.0,0.0,No,"Glyco_hydro_31,NtCtMGAM_N,Trefoil",,,,"maltase-glucoamylase, intestinal, partial [Nephila pilipes]"
,GFT67959.1,Mgam,Carbohydrate & Chitin Digestion,Glycoside Hydrolases,Alpha-Amylase (GH13),0.0,0.0,0.0,0.0,0.0,0.0,No,"Glyco_hydro_31,NtCtMGAM_N,Trefoil",ko:K12047,"ko00500,map01100,ko04973,map04973,ko01100,map00052,map00500,ko00052",,"maltase-glucoamylase, intestinal [Nephila pilipes]"
,GFT82170.1,,Carbohydrate & Chitin Digestion,Glycoside Hydrolases,Alpha-Amylase (GH13),0.0,0.0,0.0,0.0,0.0,0.0,No,TTL,ko:K16601,,,tubulin polyglutamylase TTLL4 [Nephila pilipes]
,GFT84649.1,,Carbohydrate & Chitin Digestion,Glycoside Hydrolases,Alpha/Beta-Glucosidase (GH1/GH31),0.0,0.0,0.0,0.0,0.0,0.0,No,Alpha-amylase,ko:K14210,"ko04974,map04974",,"oligo-1,6-glucosidase 1 [Nephila pilipes]"
,GFT86082.1,,Carbohydrate & Chitin Digestion,Glycoside Hydrolases,Alpha/Beta-Glucosidase (GH1/GH31),0.0,0.0,0.0,0.0,0.0,0.0,No,"Glyco_hydro_31,NtCtMGAM_N,Trefoil",,,,"sucrase-isomaltase, intestinal, partial [Nephila pilipes]"
,GFT91840.1,LOC660482,Carbohydrate & Chitin Digestion,Glycoside Hydrolases,Alpha-Amylase (GH13),0.0,0.0,0.0,0.0,0.0,0.0,No,TTL,ko:K16610,,,tubulin polyglutamylase TTLL4 [Nephila pilipes]
,GFT91841.1,LOC660482,Carbohydrate & Chitin Digestion,Glycoside Hydrolases,Alpha-Amylase (GH13),0.0,0.0,0.0,0.0,0.0,0.0,No,TTL,ko:K16610,,,tubulin polyglutamylase TTLL4 [Nephila pilipes]
,GFT91901.1,TTLL6,Carbohydrate & Chitin Digestion,Glycoside Hydrolases,Alpha-Amylase (GH13),0.0,0.0,0.0,0.0,0.0,0.0,No,TTL,ko:K16582,,,tubulin polyglutamylase TTLL6 [Nephila pilipes]
,GFT92557.1,,Carbohydrate & Chitin Digestion,Glycoside Hydrolases,Alpha-Amylase (GH13),0.0,0.0,0.0,0.0,0.0,0.0,No,"Glyco_hydro_31,NtCtMGAM_N",,,,"maltase-glucoamylase, intestinal, partial [Nephila pilipes]"
,GFT93130.1,MGAM,Carbohydrate & Chitin Digestion,Glycoside Hydrolases,Alpha-Amylase (GH13),0.0,0.0,0.0,0.0,0.0,0.0,No,"Glyco_hydro_31,NtCtMGAM_N,Trefoil",,,,"maltase-glucoamylase, intestinal, partial [Nephila pilipes]"
,GFT93132.1,MGAM,Carbohydrate & Chitin Digestion,Glycoside Hydrolases,Alpha-Amylase (GH13),0.0,0.0,0.0,0.0,0.0,0.0,No,"Glyco_hydro_31,NtCtMGAM_N,Trefoil",,,,"maltase-glucoamylase, intestinal, partial [Nephila pilipes]"
,GFT94283.1,,Carbohydrate & Chitin Digestion,Glycoside Hydrolases,Beta-Galactosidase (GH2/GH35),0.0,0.0,0.0,0.0,0.0,0.0,No,"BetaGal_dom4_5,Glyco_hydro_35,PIG-P",,,,"beta-galactosidase, partial [Nephila pilipes]"
,GFU00067.1,,Carbohydrate & Chitin Digestion,Glycoside Hydrolases,Alpha-Amylase (GH13),0.0,0.0,0.0,0.0,0.0,0.0,No,"Glyco_hydro_31,NtCtMGAM_N",,,,"maltase-glucoamylase, intestinal, partial [Nephila pilipes]"
,GFU07158.1,,Carbohydrate & Chitin Digestion,Glycoside Hydrolases,Mannosidase (GH38/GH47),0.0,0.0,0.0,0.0,0.0,0.0,No,Glyco_hydro_47,ko:K01230,"ko00513,map01100,ko00510,ko01100,ko04141,map00510,map00513,map04141",,"mannosyl-oligosaccharide alpha-1,2-mannosidase IA, partial [Nephila pilipes]"
,GFU07813.1,,Carbohydrate & Chitin Digestion,Glycoside Hydrolases,Alpha/Beta-Glucosidase (GH1/GH31),0.0,0.0,0.0,0.0,0.0,0.0,No,"Gal_mutarotas_2,Glyco_hydro_31,NtCtMGAM_N,Trefoil",,,,"sucrase-isomaltase, intestinal [Nephila pilipes]"
,GFU11169.1,,Carbohydrate & Chitin Digestion,Glycoside Hydrolases,Mannosidase (GH38/GH47),0.0,0.0,0.0,0.0,0.0,0.0,No,Glyco_hydro_47,,,,ER degradation-enhancing alpha-mannosidase-like protein 2 [Nephila pilipes]
,GFU16175.1,,Carbohydrate & Chitin Digestion,Glycoside Hydrolases,Mannosidase (GH38/GH47),0.0,0.0,0.0,0.0,0.0,0.0,No,"Alpha-mann_mid,Glyco_hydro_38,Glyco_hydro_38C",,,,alpha-mannosidase 2 [Nephila pilipes]
,GFU18702.1,107369279,Carbohydrate & Chitin Digestion,Glycoside Hydrolases,Alpha/Beta-Glucosidase (GH1/GH31),0.0,0.0,0.0,0.0,0.0,0.0,No,Glyco_hydro_31,,,,myogenesis-regulating glycosidase [Nephila pilipes]
,GFU21055.1,,Carbohydrate & Chitin Digestion,Glycoside Hydrolases,Beta-Galactosidase (GH2/GH35),0.0,0.0,0.0,0.0,0.0,0.0,No,"BetaGal_dom4_5,Glyco_hydro_35,PIG-P",,,,beta-galactosidase [Nephila pilipes]
,GFU21297.1,TTLL1,Carbohydrate & Chitin Digestion,Glycoside Hydrolases,Alpha-Amylase (GH13),0.0,0.0,0.0,0.0,0.0,0.0,No,TTL,ko:K16599,,,probable tubulin polyglutamylase TTLL1 [Nephila pilipes]
,GFU26894.1,,Carbohydrate & Chitin Digestion,Glycoside Hydrolases,Mannosidase (GH38/GH47),0.0,0.0,0.0,0.0,0.0,0.0,No,"Alpha-mann_mid,Glyco_hydro_38,Glyco_hydro_38C",ko:K12311,"map00511,ko00511,map04142,ko04142",,lysosomal alpha-mannosidase [Nephila pilipes]
,GFU30125.1,,Carbohydrate & Chitin Digestion,Glycoside Hydrolases,Alpha-Amylase (GH13),0.0,0.0,0.0,0.0,0.0,0.0,No,,,,,"pancreatic alpha-amylase, partial [Nephila pilipes]"
,GFU32736.1,MANBA,Carbohydrate & Chitin Digestion,Glycoside Hydrolases,Beta-Galactosidase (GH2/GH35),0.0,0.0,0.0,0.0,0.0,0.0,No,Glyco_hydro_2_C,ko:K01192,"map00511,ko00511,map04142,ko04142",,beta-mannosidase [Nephila pilipes]
,GFU36138.1,107364864,Carbohydrate & Chitin Digestion,Glycoside Hydrolases,Mannosidase (GH38/GH47),0.0,0.0,0.0,0.0,0.0,0.0,No,Glyco_hydro_47,ko:K10084,"ko04141,map04141",,ER degradation-enhancing alpha-mannosidase-like protein 1 [Nephila pilipes]
,GFU36142.1,,Carbohydrate & Chitin Digestion,Glycoside Hydrolases,Mannosidase (GH38/GH47),0.0,0.0,0.0,0.0,0.0,0.0,No,DDE_Tnp_1_7,,,,ER degradation-enhancing alpha-mannosidase-like protein 1 [Nephila pilipes]
,GFU40413.1,IW19_13075,Carbohydrate & Chitin Digestion,Glycoside Hydrolases,Alpha/Beta-Glucosidase (GH1/GH31),0.0,0.0,0.0,0.0,0.0,0.0,No,"DUF5110,Gal_mutarotas_2,Glyco_hydro_31",,,,"lysosomal alpha-glucosidase, partial [Nephila pilipes]"
,GFU45782.1,TPGS2,Carbohydrate & Chitin Digestion,Glycoside Hydrolases,Alpha-Amylase (GH13),0.0,0.0,0.0,0.0,0.0,0.0,No,,ko:K16605,,,tubulin polyglutamylase complex subunit 2 [Nephila pilipes]
,GFU57411.1,,Carbohydrate & Chitin Digestion,Glycoside Hydrolases,Mannosidase (GH38/GH47),0.0,0.0,0.0,0.0,0.0,0.0,No,Glyco_hydro_38C,ko:K01231,"ko00513,map01100,ko00510,ko01100,map00510,map00513",,alpha-mannosidase 2 [Nephila pilipes]
,GFU57413.1,MAN2A1,Carbohydrate & Chitin Digestion,Glycoside Hydrolases,Mannosidase (GH38/GH47),0.0,0.0,0.0,0.0,0.0,0.0,No,"Alpha-mann_mid,Glyco_hydro_38,Glyco_hydro_38C",ko:K01231,"ko00513,map01100,ko00510,ko01100,map00510,map00513",,alpha-mannosidase 2x [Nephila pilipes]
,GFU61679.1,,Carbohydrate & Chitin Digestion,Glycoside Hydrolases,Alpha/Beta-Glucosidase (GH1/GH31),0.0,0.0,0.0,0.0,0.0,0.0,No,"DUF938,Gal_mutarotas_2,Glyco_hydro_31",,,,"neutral alpha-glucosidase AB, partial [Nephila pilipes]"
NPIL_580661,GFS59019.1,,Lipid Digestion & Hydrolysis,Lipases & Esterases,Carboxylesterase / Neutral Lipase,6.71150058092911,1.8407111868799,0.648682547070317,22.6393351118525,7.960057356682957,3.1635079675437288,Yes,Abhydrolase_6,,,,hypothetical protein NPIL_580661 [Nephila pilipes]
NPIL_573501,GFT87397.1,8237156,Lipid Digestion & Hydrolysis,Lipases & Esterases,Carboxylesterase / Neutral Lipase,28.1052927817099,1.75728175149682,0.528153802790455,0.2810537500875,7.667945521521169,3.115690086048311,Yes,Abhydrolase_1,ko:K13703,,,hypothetical protein NPIL_573501 [Nephila pilipes]
NPIL_145951,GFT00400.1,abhd11,Lipid Digestion & Hydrolysis,Lipases & Esterases,Carboxylesterase / Neutral Lipase,10.6653899020156,8.07016937104231,0.384901917968789,1.76806946177366,5.22213266320009,2.637409155158458,Yes,Abhydrolase_1,ko:K13703,,,hypothetical protein NPIL_145951 [Nephila pilipes]
NPIL_493431,GFU42624.1,,Lipid Digestion & Hydrolysis,Lipases & Esterases,Carboxylesterase / Neutral Lipase,5.37661792475406,9.86512937225773,0.624438861731112,1.19089127505537,4.264269358449568,2.3962333097717456,Yes,Abhydrolase_1,ko:K13703,,,hypothetical protein NPIL_493431 [Nephila pilipes]
NPIL_145931,GFT00394.1,abhd11,Lipid Digestion & Hydrolysis,Lipases & Esterases,Carboxylesterase / Neutral Lipase,5.89984261188297,2.17709696429261,0.332773505893309,0.268640367681051,2.169588362437485,1.664295488304275,Yes,Abhydrolase_1,,,,hypothetical protein NPIL_145931 [Nephila pilipes]
NPIL_554241,GFT27248.1,,Lipid Digestion & Hydrolysis,Lipases & Esterases,Carboxylesterase / Neutral Lipase,1.10340952135887,0.473593833418832,0.606422810833733,4.30636565166551,1.6224479543192363,1.3909141410425354,Yes,Abhydrolase_1,ko:K13703,,,hypothetical protein NPIL_554241 [Nephila pilipes]
NPIL_185741,GFU27357.1,ABHD14A,Lipid Digestion & Hydrolysis,Lipases & Esterases,Carboxylesterase / Neutral Lipase,1.25214269321976,0.966905307814455,0.633400101981637,1.11031500221903,0.9906907763087205,0.9932691376165342,Yes,Abhydrolase_6,ko:K13706,,,hypothetical protein NPIL_185741 [Nephila pilipes]
NPIL_554261,GFT27252.1,,Lipid Digestion & Hydrolysis,Lipases & Esterases,Carboxylesterase / Neutral Lipase,1.08716539766498,1.13129811039327,0.670896136144937,0.434804798830786,0.8310411107584933,0.872664183064021,Yes,Abhydrolase_1,ko:K13703,,,hypothetical protein NPIL_554261 [Nephila pilipes]
NPIL_638651,GFT44694.1,abhd11,Lipid Digestion & Hydrolysis,Lipases & Esterases,Carboxylesterase / Neutral Lipase,1.2595624258722,0.757106145347262,0.321458741787319,0.879253093734903,0.8043451016854211,0.8514752969496301,Yes,Abhydrolase_1,,,,hypothetical protein NPIL_638651 [Nephila pilipes]
NPIL_261611,GFU49176.1,,Lipid Digestion & Hydrolysis,Lipases & Esterases,Carboxylesterase / Neutral Lipase,0.662122416975377,0.672314873462631,0.348892283393069,1.28572621597023,0.7422639474503268,0.8009632042074535,Yes,Abhydrolase_1,,,,hypothetical protein NPIL_261611 [Nephila pilipes]
NPIL_638631,GFT44688.1,LOC732867,Lipid Digestion & Hydrolysis,Lipases & Esterases,Carboxylesterase / Neutral Lipase,1.81564579964038,0.61075532149378,0.281438286495189,0.0300820486208995,0.6844803640625621,0.7523036111045635,Yes,Abhydrolase_1,ko:K13703,,,hypothetical protein NPIL_638631 [Nephila pilipes]
NPIL_506611,GFU09256.1,6045777,Lipid Digestion & Hydrolysis,Lipases & Esterases,Carboxylesterase / Neutral Lipase,0.753808347094537,0.401685237665491,0.382393356628537,1.01491234022702,0.6381998204038963,0.7121113413034013,Yes,Abhydrolase_1,ko:K13703,,,hypothetical protein NPIL_506611 [Nephila pilipes]
NPIL_352751,GFT17978.1,101896086,Lipid Digestion & Hydrolysis,Lipases & Esterases,Carboxylesterase / Neutral Lipase,0.638177454511862,0.673392667242893,0.152054764542992,0.0256291836256746,0.3723135174808554,0.4566101159449462,Yes,Abhydrolase_1,ko:K13703,,,hypothetical protein NPIL_352751 [Nephila pilipes]
NPIL_547091,GFU16528.1,,Lipid Digestion & Hydrolysis,Lipases & Esterases,Carboxylesterase / Neutral Lipase,0.109018095652319,0.386106316219253,0.406347256162564,0.275593826862996,0.294266373724283,0.3721345698050995,Yes,Abhydrolase_1,,,,hypothetical protein NPIL_547091 [Nephila pilipes]
NPIL_554251,GFT27250.1,GK19111,Lipid Digestion & Hydrolysis,Lipases & Esterases,Carboxylesterase / Neutral Lipase,0.0881141781315164,0.315908445486328,0.408584172610809,0.0813892311832983,0.22349900685298793,0.29101293034345643,Yes,Abhydrolase_1,ko:K13703,,,hypothetical protein NPIL_554251 [Nephila pilipes]
NPIL_441731,GFS87416.1,,Lipid Digestion & Hydrolysis,Lipases & Esterases,Carboxylesterase / Neutral Lipase,0.0412755774062642,0.113832230752847,0.608981726418249,0.101667709873083,0.2164393111126108,0.2826643451502125,Yes,Abhydrolase_1,ko:K06889,,,hypothetical protein NPIL_441731 [Nephila pilipes]
NPIL_638641,GFT44692.1,EAZ82359.1,Lipid Digestion & Hydrolysis,Lipases & Esterases,Carboxylesterase / Neutral Lipase,0.0853450227249253,0.1606051086789,0.16083698695137,0.129839985894735,0.13415677606248258,0.1816200797991566,Yes,Abhydrolase_1,,,,hypothetical protein NPIL_638641 [Nephila pilipes]
NPIL_374392,GFS92225.1,,Lipid Digestion & Hydrolysis,Lipases & Esterases,Carboxylesterase / Neutral Lipase,0.0,0.0,0.235091763619662,0.0,0.0587729409049155,0.08239322941220056,No,Abhydrolase_1,,,,hypothetical protein NPIL_374392 [Nephila pilipes]
NPIL_374391,GFS92229.1,,Lipid Digestion & Hydrolysis,Lipases & Esterases,Carboxylesterase / Neutral Lipase,0.0,0.0,0.117545881809831,0.0,0.02938647045245775,0.04178472599066163,No,Abhydrolase_1,,,,hypothetical protein NPIL_374391 [Nephila pilipes]
"NPIL_153151,",GFU17745.1,ybfF,Lipid Digestion & Hydrolysis,Lipases & Esterases,Carboxylesterase / Neutral Lipase,0.0,0.0,0.0,0.0,0.0,0.0,No,Abhydrolase_1,ko:K01175,,,"hypothetical protein NPIL_153151, partial [Nephila pilipes]"
"NPIL_155671,",GFU42938.1,GI14514,Lipid Digestion & Hydrolysis,Lipases & Esterases,Carboxylesterase / Neutral Lipase,0.0,0.0,0.0,0.0,0.0,0.0,No,Abhydrolase_1,,,,"hypothetical protein NPIL_155671, partial [Nephila pilipes]"
"NPIL_175621,",GFT70501.1,,Lipid Digestion & Hydrolysis,Lipases & Esterases,Carboxylesterase / Neutral Lipase,0.0,0.0,0.0,0.0,0.0,0.0,No,Abhydrolase_6,,,,"hypothetical protein NPIL_175621, partial [Nephila pilipes]"
"NPIL_221181,",GFS65773.1,,Lipid Digestion & Hydrolysis,Lipases & Esterases,Carboxylesterase / Neutral Lipase,0.0,0.0,0.0,0.0,0.0,0.0,No,Abhydrolase_6,,,,"hypothetical protein NPIL_221181, partial [Nephila pilipes]"
"NPIL_261091,",GFU40013.1,,Lipid Digestion & Hydrolysis,Lipases & Esterases,Carboxylesterase / Neutral Lipase,0.0,0.0,0.0,0.0,0.0,0.0,No,Abhydrolase_6,,,,"hypothetical protein NPIL_261091, partial [Nephila pilipes]"
NPIL_286731,GFU58715.1,,Lipid Digestion & Hydrolysis,Lipases & Esterases,Pancreatic/Triacylglycerol Lipase,0.0,0.0,0.0,0.0,0.0,0.0,No,Lipase_3,,,,hypothetical protein NPIL_286731 [Nephila pilipes]
"NPIL_318141,",GFT17505.1,GI14514,Lipid Digestion & Hydrolysis,Lipases & Esterases,Carboxylesterase / Neutral Lipase,0.0,0.0,0.0,0.0,0.0,0.0,No,Abhydrolase_1,,,,"hypothetical protein NPIL_318141, partial [Nephila pilipes]"
"NPIL_377421,",GFT05062.1,GV64_07830,Lipid Digestion & Hydrolysis,Lipases & Esterases,Carboxylesterase / Neutral Lipase,0.0,0.0,0.0,0.0,0.0,0.0,No,Abhydrolase_1,,,,"hypothetical protein NPIL_377421, partial [Nephila pilipes]"
"NPIL_394851,",GFT03848.1,GI14514,Lipid Digestion & Hydrolysis,Lipases & Esterases,Carboxylesterase / Neutral Lipase,0.0,0.0,0.0,0.0,0.0,0.0,No,Abhydrolase_1,,,,"hypothetical protein NPIL_394851, partial [Nephila pilipes]"
"NPIL_423071,",GFT31058.1,GI14514,Lipid Digestion & Hydrolysis,Lipases & Esterases,Carboxylesterase / Neutral Lipase,0.0,0.0,0.0,0.0,0.0,0.0,No,Abhydrolase_1,,,,"hypothetical protein NPIL_423071, partial [Nephila pilipes]"
"NPIL_476561,",GFT47534.1,,Lipid Digestion & Hydrolysis,Lipases & Esterases,Carboxylesterase / Neutral Lipase,0.0,0.0,0.0,0.0,0.0,0.0,No,Abhydrolase_6,,,,"hypothetical protein NPIL_476561, partial [Nephila pilipes]"
NPIL_638632,GFT44690.1,,Lipid Digestion & Hydrolysis,Lipases & Esterases,Carboxylesterase / Neutral Lipase,0.0,0.0,0.0,0.0,0.0,0.0,No,Abhydrolase_6,,,,hypothetical protein NPIL_638632 [Nephila pilipes]
"NPIL_68051,",GFT28997.1,GV64_07830,Lipid Digestion & Hydrolysis,Lipases & Esterases,Carboxylesterase / Neutral Lipase,0.0,0.0,0.0,0.0,0.0,0.0,No,Abhydrolase_1,,,,"hypothetical protein NPIL_68051, partial [Nephila pilipes]"
"NPIL_9701,",GFU35202.1,GV64_07830,Lipid Digestion & Hydrolysis,Lipases & Esterases,Carboxylesterase / Neutral Lipase,0.0,0.0,0.0,0.0,0.0,0.0,No,Abhydrolase_1,,,,"hypothetical protein NPIL_9701, partial [Nephila pilipes]"
,GFS42147.1,Det,Lipid Digestion & Hydrolysis,Lipases & Esterases,Pancreatic/Triacylglycerol Lipase,0.0,0.0,0.0,0.0,0.0,0.0,No,Lipase,ko:K14073,"map01100,ko04972,map00561,ko04977,ko00561,map04972,ko01100,map04977,map04975,ko04975",,pancreatic lipase-related protein 2 [Nephila pilipes]
,GFS42149.1,Det,Lipid Digestion & Hydrolysis,Lipases & Esterases,Pancreatic/Triacylglycerol Lipase,0.0,0.0,0.0,0.0,0.0,0.0,No,Lipase,ko:K14073,"map01100,ko04972,map00561,ko04977,ko00561,map04972,ko01100,map04977,map04975,ko04975",,pancreatic triacylglycerol lipase [Nephila pilipes]
,GFS42151.1,,Lipid Digestion & Hydrolysis,Lipases & Esterases,Pancreatic/Triacylglycerol Lipase,0.0,0.0,0.0,0.0,0.0,0.0,No,"Lipase,PLAT",,,,pancreatic lipase-related protein 2 [Nephila pilipes]
,GFS42168.1,,Lipid Digestion & Hydrolysis,Lipases & Esterases,Pancreatic/Triacylglycerol Lipase,0.0,0.0,0.0,0.0,0.0,0.0,No,Lipase,,,,pancreatic lipase-related protein 2 [Nephila pilipes]
,GFS42174.1,,Lipid Digestion & Hydrolysis,Lipases & Esterases,Pancreatic/Triacylglycerol Lipase,0.0,0.0,0.0,0.0,0.0,0.0,No,Lipase,,,,pancreatic triacylglycerol lipase [Nephila pilipes]
,GFS53837.1,AAEL007243,Lipid Digestion & Hydrolysis,Lipases & Esterases,Carboxylesterase / Neutral Lipase,0.0,0.0,0.0,0.0,0.0,0.0,No,Abhydrolase_1,ko:K13703,,,abhydrolase domain-containing protein 11 [Nephila pilipes]
,GFS54615.1,100119257,Lipid Digestion & Hydrolysis,Lipases & Esterases,Pancreatic/Triacylglycerol Lipase,0.0,0.0,0.0,0.0,0.0,0.0,No,Lipase,ko:K14073,"map01100,ko04972,map00561,ko04977,ko00561,map04972,ko01100,map04977,map04975,ko04975",,pancreatic triacylglycerol lipase [Nephila pilipes]
,GFS54621.1,,Lipid Digestion & Hydrolysis,Lipases & Esterases,Pancreatic/Triacylglycerol Lipase,0.0,0.0,0.0,0.0,0.0,0.0,No,Lipase,,,,inactive pancreatic lipase-related protein 1 [Nephila pilipes]
,GFS57902.1,,Lipid Digestion & Hydrolysis,Lipases & Esterases,Carboxylesterase / Neutral Lipase,0.0,0.0,0.0,0.0,0.0,0.0,No,"Abhydrolase_6,FYVE",,,,"protein phosphatase methylesterase 1, partial [Nephila pilipes]"
,GFS64652.1,,Lipid Digestion & Hydrolysis,Lipases & Esterases,Carboxylesterase / Neutral Lipase,0.0,0.0,0.0,0.0,0.0,0.0,No,Abhydrolase_1,,,,serine hydrolase-like protein [Nephila pilipes]
,GFS64658.1,serhl2,Lipid Digestion & Hydrolysis,Lipases & Esterases,Carboxylesterase / Neutral Lipase,0.0,0.0,0.0,0.0,0.0,0.0,No,Abhydrolase_1,,,,serine hydrolase-like protein [Nephila pilipes]
,GFS65770.1,GK16216,Lipid Digestion & Hydrolysis,Lipases & Esterases,Carboxylesterase / Neutral Lipase,0.0,0.0,0.0,0.0,0.0,0.0,No,Abhydrolase_1,ko:K13703,,,"AB hydrolase-1 domain-containing protein, partial [Nephila pilipes]"
,GFS66009.1,FIC_01862,Lipid Digestion & Hydrolysis,Lipases & Esterases,Carboxylesterase / Neutral Lipase,0.0,0.0,0.0,0.0,0.0,0.0,No,Abhydrolase_1,,,,abhydrolase domain-containing protein 11 [Nephila pilipes]
,GFS69580.1,,Lipid Digestion & Hydrolysis,Lipases & Esterases,Carboxylesterase / Neutral Lipase,0.0,0.0,0.0,0.0,0.0,0.0,No,"Abhydrolase_6,FYVE",,,,protein phosphatase methylesterase 1 [Nephila pilipes]
,GFS71623.1,GL14693,Lipid Digestion & Hydrolysis,Lipases & Esterases,Carboxylesterase / Neutral Lipase,0.0,0.0,0.0,0.0,0.0,0.0,No,Abhydrolase_1,ko:K13703,,,ethanol acetyltransferase 1 [Nephila pilipes]
,GFS72799.1,v1g103440,Lipid Digestion & Hydrolysis,Lipases & Esterases,Pancreatic/Triacylglycerol Lipase,0.0,0.0,0.0,0.0,0.0,0.0,No,Abhydro_lipase,ko:K01052,"map04979,ko00100,ko04979,ko04142,map00100,map04142",,"gastric triacylglycerol lipase, partial [Nephila pilipes]"
,GFS74372.1,,Lipid Digestion & Hydrolysis,Lipases & Esterases,Carboxylesterase / Neutral Lipase,0.0,0.0,0.0,0.0,0.0,0.0,No,PAE,ko:K19882,"ko04310,map04310",,palmitoleoyl-protein carboxylesterase NOTUM [Nephila pilipes]
,GFS74374.1,,Lipid Digestion & Hydrolysis,Lipases & Esterases,Carboxylesterase / Neutral Lipase,0.0,0.0,0.0,0.0,0.0,0.0,No,PAE,ko:K19882,"ko04310,map04310",,palmitoleoyl-protein carboxylesterase NOTUM [Nephila pilipes]
,GFS88121.1,,Lipid Digestion & Hydrolysis,Lipases & Esterases,Carboxylesterase / Neutral Lipase,0.0,0.0,0.0,0.0,0.0,0.0,No,Abhydrolase_1,,,,1-acylglycerol-3-phosphate O-acyltransferase ABHD5 [Nephila pilipes]
,GFS88123.1,,Lipid Digestion & Hydrolysis,Lipases & Esterases,Carboxylesterase / Neutral Lipase,0.0,0.0,0.0,0.0,0.0,0.0,No,Abhydrolase_1,,,,1-acylglycerol-3-phosphate O-acyltransferase ABHD5 [Nephila pilipes]
,GFS89613.1,ABHD11,Lipid Digestion & Hydrolysis,Lipases & Esterases,Carboxylesterase / Neutral Lipase,0.0,0.0,0.0,0.0,0.0,0.0,No,Abhydrolase_1,ko:K13703,,,probable alcohol acetyltransferase [Nephila pilipes]
,GFS90297.1,,Lipid Digestion & Hydrolysis,Lipases & Esterases,Pancreatic/Triacylglycerol Lipase,0.0,0.0,0.0,0.0,0.0,0.0,No,"Lipase,PLAT",,,,pancreatic lipase-related protein 2 [Nephila pilipes]
,GFS96892.1,KGM_200928,Lipid Digestion & Hydrolysis,Lipases & Esterases,Pancreatic/Triacylglycerol Lipase,0.0,0.0,0.0,0.0,0.0,0.0,No,Lipase,,,,pancreatic lipase-related protein 2 [Nephila pilipes]
,GFS98345.1,107360148,Lipid Digestion & Hydrolysis,Lipases & Esterases,Carboxylesterase / Neutral Lipase,0.0,0.0,0.0,0.0,0.0,0.0,No,COesterase,,,,venom carboxylesterase-6 [Nephila pilipes]
,GFS98971.1,wNo_03710,Lipid Digestion & Hydrolysis,Lipases & Esterases,Pancreatic/Triacylglycerol Lipase,0.0,0.0,0.0,0.0,0.0,0.0,No,Lipase_3,,,,lipase [Nephila pilipes]
,GFT00392.1,abhd11,Lipid Digestion & Hydrolysis,Lipases & Esterases,Carboxylesterase / Neutral Lipase,0.0,0.0,0.0,0.0,0.0,0.0,No,Abhydrolase_1,ko:K13703,,,abhydrolase domain-containing protein 11 [Nephila pilipes]
,GFT00396.1,abhd11,Lipid Digestion & Hydrolysis,Lipases & Esterases,Carboxylesterase / Neutral Lipase,0.0,0.0,0.0,0.0,0.0,0.0,No,Abhydrolase_1,,,,abhydrolase domain-containing protein C22H12.03 [Nephila pilipes]
,GFT00398.1,abhd11,Lipid Digestion & Hydrolysis,Lipases & Esterases,Carboxylesterase / Neutral Lipase,0.0,0.0,0.0,0.0,0.0,0.0,No,Abhydrolase_1,,,,abhydrolase domain-containing protein C22H12.03 [Nephila pilipes]
,GFT07446.1,,Lipid Digestion & Hydrolysis,Lipases & Esterases,Pancreatic/Triacylglycerol Lipase,0.0,0.0,0.0,0.0,0.0,0.0,No,Lipase,,,,pancreatic triacylglycerol lipase [Nephila pilipes]
,GFT09017.1,GJ21013,Lipid Digestion & Hydrolysis,Lipases & Esterases,Pancreatic/Triacylglycerol Lipase,0.0,0.0,0.0,0.0,0.0,0.0,No,Lipase,,,,"pancreatic lipase-related protein 3, partial [Nephila pilipes]"
,GFT10398.1,GI22654,Lipid Digestion & Hydrolysis,Lipases & Esterases,Pancreatic/Triacylglycerol Lipase,0.0,0.0,0.0,0.0,0.0,0.0,No,Lipase,,,,"pancreatic lipase-related protein 3, partial [Nephila pilipes]"
,GFT17981.1,,Lipid Digestion & Hydrolysis,Lipases & Esterases,Carboxylesterase / Neutral Lipase,0.0,0.0,0.0,0.0,0.0,0.0,No,Abhydrolase_1,,,,abhydrolase domain-containing protein 11 [Nephila pilipes]
,GFT20747.1,,Lipid Digestion & Hydrolysis,Lipases & Esterases,Pancreatic/Triacylglycerol Lipase,0.0,0.0,0.0,0.0,0.0,0.0,No,Lipase,,,,"inactive pancreatic lipase-related protein 1, partial [Nephila pilipes]"
,GFT21950.1,,Lipid Digestion & Hydrolysis,Lipases & Esterases,Pancreatic/Triacylglycerol Lipase,0.0,0.0,0.0,0.0,0.0,0.0,No,Lipase,,,,"pancreatic lipase-related protein 2, partial [Nephila pilipes]"
,GFT25047.1,107363149,Lipid Digestion & Hydrolysis,Lipases & Esterases,Pancreatic/Triacylglycerol Lipase,0.0,0.0,0.0,0.0,0.0,0.0,No,"Abhydro_lipase,Abhydrolase_1,Methyltransf_28",ko:K01052,"map04979,ko00100,ko04979,ko04142,map00100,map04142",,gastric triacylglycerol lipase [Nephila pilipes]
,GFT27254.1,AAEL007243,Lipid Digestion & Hydrolysis,Lipases & Esterases,Carboxylesterase / Neutral Lipase,0.0,0.0,0.0,0.0,0.0,0.0,No,Abhydrolase_1,ko:K13703,,,abhydrolase domain-containing protein 11 [Nephila pilipes]
,GFT30136.1,,Lipid Digestion & Hydrolysis,Lipases & Esterases,Pancreatic/Triacylglycerol Lipase,0.0,0.0,0.0,0.0,0.0,0.0,No,Lipase_3,ko:K13806,"map04723,ko04745,map04925,ko04925,map04745,ko04723",,sn1-specific diacylglycerol lipase alpha [Nephila pilipes]
,GFT30145.1,,Lipid Digestion & Hydrolysis,Lipases & Esterases,Pancreatic/Triacylglycerol Lipase,0.0,0.0,0.0,0.0,0.0,0.0,No,Lipase_3,,,,sn1-specific diacylglycerol lipase beta [Nephila pilipes]
,GFT39977.1,WD_1006,Lipid Digestion & Hydrolysis,Lipases & Esterases,Carboxylesterase / Neutral Lipase,0.0,0.0,0.0,0.0,0.0,0.0,No,Abhydrolase_2,ko:K06999,,,phospholipase [Nephila pilipes]
,GFT41191.1,GJ21013,Lipid Digestion & Hydrolysis,Lipases & Esterases,Pancreatic/Triacylglycerol Lipase,0.0,0.0,0.0,0.0,0.0,0.0,No,Lipase,,,,"pancreatic lipase-related protein 3, partial [Nephila pilipes]"
,GFT42906.1,L798_08582,Lipid Digestion & Hydrolysis,Lipases & Esterases,Carboxylesterase / Neutral Lipase,0.0,0.0,0.0,0.0,0.0,0.0,No,Abhydrolase_6,ko:K13617,,,"protein phosphatase methylesterase 1, partial [Nephila pilipes]"
,GFT43376.1,107363149,Lipid Digestion & Hydrolysis,Lipases & Esterases,Pancreatic/Triacylglycerol Lipase,0.0,0.0,0.0,0.0,0.0,0.0,No,"Abhydro_lipase,Abhydrolase_1,Methyltransf_28",ko:K01052,"map04979,ko00100,ko04979,ko04142,map00100,map04142",,"gastric triacylglycerol lipase, partial [Nephila pilipes]"
,GFT45327.1,,Lipid Digestion & Hydrolysis,Lipases & Esterases,Pancreatic/Triacylglycerol Lipase,0.0,0.0,0.0,0.0,0.0,0.0,No,Lipase,,,,pancreatic triacylglycerol lipase [Nephila pilipes]
,GFT46188.1,,Lipid Digestion & Hydrolysis,Lipases & Esterases,Carboxylesterase / Neutral Lipase,0.0,0.0,0.0,0.0,0.0,0.0,No,Abhydrolase_2,,,,acyl-protein thioesterase 2 [Nephila pilipes]
,GFT46195.1,,Lipid Digestion & Hydrolysis,Lipases & Esterases,Pancreatic/Triacylglycerol Lipase,0.0,0.0,0.0,0.0,0.0,0.0,No,Abhydrolase_1,ko:K01052,"map04979,ko00100,ko04979,ko04142,map00100,map04142",,gastric triacylglycerol lipase [Nephila pilipes]
,GFT47532.1,GK16216,Lipid Digestion & Hydrolysis,Lipases & Esterases,Carboxylesterase / Neutral Lipase,0.0,0.0,0.0,0.0,0.0,0.0,No,Abhydrolase_1,ko:K13703,,,"AB hydrolase-1 domain-containing protein, partial [Nephila pilipes]"
,GFT47936.1,GJ21013,Lipid Digestion & Hydrolysis,Lipases & Esterases,Pancreatic/Triacylglycerol Lipase,0.0,0.0,0.0,0.0,0.0,0.0,No,Lipase,,,,"pancreatic lipase-related protein 3, partial [Nephila pilipes]"
,GFT48414.1,,Lipid Digestion & Hydrolysis,Lipases & Esterases,Pancreatic/Triacylglycerol Lipase,0.0,0.0,0.0,0.0,0.0,0.0,No,Lipase,,,,pancreatic triacylglycerol lipase [Nephila pilipes]
,GFT48508.1,,Lipid Digestion & Hydrolysis,Lipases & Esterases,Pancreatic/Triacylglycerol Lipase,0.0,0.0,0.0,0.0,0.0,0.0,No,Lipase,,,,"pancreatic lipase-related protein 2, partial [Nephila pilipes]"
,GFT55693.1,107363149,Lipid Digestion & Hydrolysis,Lipases & Esterases,Pancreatic/Triacylglycerol Lipase,0.0,0.0,0.0,0.0,0.0,0.0,No,"Abhydro_lipase,Abhydrolase_1,Methyltransf_28",ko:K01052,"map04979,ko00100,ko04979,ko04142,map00100,map04142",,"gastric triacylglycerol lipase, partial [Nephila pilipes]"
,GFT58288.1,,Lipid Digestion & Hydrolysis,Lipases & Esterases,Pancreatic/Triacylglycerol Lipase,0.0,0.0,0.0,0.0,0.0,0.0,No,Lipase,,,,pancreatic lipase-related protein 2 [Nephila pilipes]
,GFT60603.1,,Lipid Digestion & Hydrolysis,Lipases & Esterases,Carboxylesterase / Neutral Lipase,0.0,0.0,0.0,0.0,0.0,0.0,No,COesterase,,,,"carboxylesterase, partial [Nephila pilipes]"
,GFT61178.1,LOC657679,Lipid Digestion & Hydrolysis,Lipases & Esterases,Pancreatic/Triacylglycerol Lipase,0.0,0.0,0.0,0.0,0.0,0.0,No,"Lipase,PAX",ko:K14073,"map01100,ko04972,map00561,ko04977,ko00561,map04972,ko01100,map04977,map04975,ko04975",,"pancreatic lipase-related protein 2, partial [Nephila pilipes]"
,GFT61180.1,,Lipid Digestion & Hydrolysis,Lipases & Esterases,Pancreatic/Triacylglycerol Lipase,0.0,0.0,0.0,0.0,0.0,0.0,No,Lipase,,,,inactive pancreatic lipase-related protein 1 [Nephila pilipes]
,GFT61930.1,,Lipid Digestion & Hydrolysis,Lipases & Esterases,Pancreatic/Triacylglycerol Lipase,0.0,0.0,0.0,0.0,0.0,0.0,No,Lipase,,,,"pancreatic lipase-related protein 3, partial [Nephila pilipes]"
,GFT62831.1,100119257,Lipid Digestion & Hydrolysis,Lipases & Esterases,Pancreatic/Triacylglycerol Lipase,0.0,0.0,0.0,0.0,0.0,0.0,No,Lipase,ko:K14073,"map01100,ko04972,map00561,ko04977,ko00561,map04972,ko01100,map04977,map04975,ko04975",,pancreatic triacylglycerol lipase [Nephila pilipes]
,GFT63128.1,ADIS_2142,Lipid Digestion & Hydrolysis,Lipases & Esterases,Carboxylesterase / Neutral Lipase,0.0,0.0,0.0,0.0,0.0,0.0,No,Abhydrolase_1,,,,"AB hydrolase-1 domain-containing protein, partial [Nephila pilipes]"
,GFT65658.1,,Lipid Digestion & Hydrolysis,Lipases & Esterases,Pancreatic/Triacylglycerol Lipase,0.0,0.0,0.0,0.0,0.0,0.0,No,Lipase,,,,"pancreatic lipase-related protein 2, partial [Nephila pilipes]"
,GFT65747.1,,Lipid Digestion & Hydrolysis,Lipases & Esterases,Pancreatic/Triacylglycerol Lipase,0.0,0.0,0.0,0.0,0.0,0.0,No,Lipase_3,ko:K13806,"map04723,ko04745,map04925,ko04925,map04745,ko04723",,sn1-specific diacylglycerol lipase alpha [Nephila pilipes]
,GFT66653.1,8236323,Lipid Digestion & Hydrolysis,Lipases & Esterases,Carboxylesterase / Neutral Lipase,0.0,0.0,0.0,0.0,0.0,0.0,No,COesterase,,,,venom carboxylesterase-6 [Nephila pilipes]
,GFT70502.1,Echvi_0662,Lipid Digestion & Hydrolysis,Lipases & Esterases,Carboxylesterase / Neutral Lipase,0.0,0.0,0.0,0.0,0.0,0.0,No,Abhydrolase_1,,,,AB hydrolase-1 domain-containing protein [Nephila pilipes]
,GFT71912.1,GI23284,Lipid Digestion & Hydrolysis,Lipases & Esterases,Pancreatic/Triacylglycerol Lipase,0.0,0.0,0.0,0.0,0.0,0.0,No,Lipase,,,,"pancreatic triacylglycerol lipase, partial [Nephila pilipes]"
,GFT71966.1,107363149,Lipid Digestion & Hydrolysis,Lipases & Esterases,Pancreatic/Triacylglycerol Lipase,0.0,0.0,0.0,0.0,0.0,0.0,No,"Abhydro_lipase,Abhydrolase_1,Methyltransf_28",ko:K01052,"map04979,ko00100,ko04979,ko04142,map00100,map04142",,"gastric triacylglycerol lipase, partial [Nephila pilipes]"
,GFT74926.1,L798_06513,Lipid Digestion & Hydrolysis,Lipases & Esterases,Carboxylesterase / Neutral Lipase,0.0,0.0,0.0,0.0,0.0,0.0,No,Abhydrolase_1,ko:K19367,"ko04144,map04144",,maspardin [Nephila pilipes]
,GFT77284.1,8240283,Lipid Digestion & Hydrolysis,Lipases & Esterases,Pancreatic/Triacylglycerol Lipase,0.0,0.0,0.0,0.0,0.0,0.0,No,Lipase,ko:K14073,"map01100,ko04972,map00561,ko04977,ko00561,map04972,ko01100,map04977,map04975,ko04975",,hepatic triacylglycerol lipase [Nephila pilipes]
,GFT89128.1,,Lipid Digestion & Hydrolysis,Lipases & Esterases,Pancreatic/Triacylglycerol Lipase,0.0,0.0,0.0,0.0,0.0,0.0,No,Lipase_3,,,,sn1-specific diacylglycerol lipase beta [Nephila pilipes]
,GFT92174.1,,Lipid Digestion & Hydrolysis,Lipases & Esterases,Carboxylesterase / Neutral Lipase,0.0,0.0,0.0,0.0,0.0,0.0,No,COesterase,,,,carboxylesterase 5A [Nephila pilipes]
,GFU06055.1,,Lipid Digestion & Hydrolysis,Lipases & Esterases,Pancreatic/Triacylglycerol Lipase,0.0,0.0,0.0,0.0,0.0,0.0,No,Lipase,,,,"pancreatic lipase-related protein 2, partial [Nephila pilipes]"
,GFU06423.1,GJ21013,Lipid Digestion & Hydrolysis,Lipases & Esterases,Pancreatic/Triacylglycerol Lipase,0.0,0.0,0.0,0.0,0.0,0.0,No,Lipase,,,,"pancreatic lipase-related protein 3, partial [Nephila pilipes]"
,GFU09512.1,,Lipid Digestion & Hydrolysis,Lipases & Esterases,Pancreatic/Triacylglycerol Lipase,0.0,0.0,0.0,0.0,0.0,0.0,No,Lipase,,,,pancreatic triacylglycerol lipase [Nephila pilipes]
,GFU17554.1,,Lipid Digestion & Hydrolysis,Lipases & Esterases,Carboxylesterase / Neutral Lipase,0.0,0.0,0.0,0.0,0.0,0.0,No,Abhydrolase_1,ko:K13703,,,abhydrolase domain-containing protein 11 [Nephila pilipes]
,GFU19200.1,,Lipid Digestion & Hydrolysis,Lipases & Esterases,Pancreatic/Triacylglycerol Lipase,0.0,0.0,0.0,0.0,0.0,0.0,No,"Lipase,PLAT",,,,pancreatic lipase-related protein 3 [Nephila pilipes]
,GFU19209.1,LOC657679,Lipid Digestion & Hydrolysis,Lipases & Esterases,Pancreatic/Triacylglycerol Lipase,0.0,0.0,0.0,0.0,0.0,0.0,No,"Lipase,PAX",ko:K14073,"map01100,ko04972,map00561,ko04977,ko00561,map04972,ko01100,map04977,map04975,ko04975",,pancreatic lipase-related protein 2 [Nephila pilipes]
,GFU24891.1,Det,Lipid Digestion & Hydrolysis,Lipases & Esterases,Pancreatic/Triacylglycerol Lipase,0.0,0.0,0.0,0.0,0.0,0.0,No,Lipase,ko:K14073,"map01100,ko04972,map00561,ko04977,ko00561,map04972,ko01100,map04977,map04975,ko04975",,pancreatic triacylglycerol lipase [Nephila pilipes]
,GFU32154.1,KGM_200928,Lipid Digestion & Hydrolysis,Lipases & Esterases,Pancreatic/Triacylglycerol Lipase,0.0,0.0,0.0,0.0,0.0,0.0,No,Lipase,,,,pancreatic triacylglycerol lipase [Nephila pilipes]
,GFU33338.1,,Lipid Digestion & Hydrolysis,Lipases & Esterases,Pancreatic/Triacylglycerol Lipase,0.0,0.0,0.0,0.0,0.0,0.0,No,Lipase,,,,pancreatic triacylglycerol lipase [Nephila pilipes]
,GFU38401.1,,Lipid Digestion & Hydrolysis,Lipases & Esterases,Pancreatic/Triacylglycerol Lipase,0.0,0.0,0.0,0.0,0.0,0.0,No,Lipase,,,,inactive pancreatic lipase-related protein 1 [Nephila pilipes]
,GFU38409.1,,Lipid Digestion & Hydrolysis,Lipases & Esterases,Pancreatic/Triacylglycerol Lipase,0.0,0.0,0.0,0.0,0.0,0.0,No,"Lipase,PLAT",,,,inactive pancreatic lipase-related protein 1 [Nephila pilipes]
,GFU38411.1,,Lipid Digestion & Hydrolysis,Lipases & Esterases,Pancreatic/Triacylglycerol Lipase,0.0,0.0,0.0,0.0,0.0,0.0,No,"Lipase,PLAT",,,,inactive pancreatic lipase-related protein 1 [Nephila pilipes]
,GFU39157.1,8240280,Lipid Digestion & Hydrolysis,Lipases & Esterases,Pancreatic/Triacylglycerol Lipase,0.0,0.0,0.0,0.0,0.0,0.0,No,Lipase,ko:K14075,"map01100,ko04972,map00561,ko00561,map04972,ko01100,map04975,ko04975",,"inactive pancreatic lipase-related protein 1, partial [Nephila pilipes]"
,GFU39330.1,,Lipid Digestion & Hydrolysis,Lipases & Esterases,Pancreatic/Triacylglycerol Lipase,0.0,0.0,0.0,0.0,0.0,0.0,No,"Lipase,PLAT",,,,pancreatic triacylglycerol lipase [Nephila pilipes]
,GFU39331.1,,Lipid Digestion & Hydrolysis,Lipases & Esterases,Pancreatic/Triacylglycerol Lipase,0.0,0.0,0.0,0.0,0.0,0.0,No,"Lipase,PLAT",,,,pancreatic triacylglycerol lipase [Nephila pilipes]
,GFU39333.1,,Lipid Digestion & Hydrolysis,Lipases & Esterases,Pancreatic/Triacylglycerol Lipase,0.0,0.0,0.0,0.0,0.0,0.0,No,"Lipase,PLAT",,,,pancreatic triacylglycerol lipase [Nephila pilipes]
,GFU39335.1,Det,Lipid Digestion & Hydrolysis,Lipases & Esterases,Pancreatic/Triacylglycerol Lipase,0.0,0.0,0.0,0.0,0.0,0.0,No,Lipase,ko:K14073,"map01100,ko04972,map00561,ko04977,ko00561,map04972,ko01100,map04977,map04975,ko04975",,pancreatic triacylglycerol lipase [Nephila pilipes]
,GFU40015.1,Echvi_0662,Lipid Digestion & Hydrolysis,Lipases & Esterases,Carboxylesterase / Neutral Lipase,0.0,0.0,0.0,0.0,0.0,0.0,No,Abhydrolase_1,,,,AB hydrolase-1 domain-containing protein [Nephila pilipes]
,GFU52618.1,,Lipid Digestion & Hydrolysis,Lipases & Esterases,Pancreatic/Triacylglycerol Lipase,0.0,0.0,0.0,0.0,0.0,0.0,No,Lipase,,,,inactive pancreatic lipase-related protein 1 [Nephila pilipes]
,GFU58081.1,L798_02269,Lipid Digestion & Hydrolysis,Lipases & Esterases,Carboxylesterase / Neutral Lipase,0.0,0.0,0.0,0.0,0.0,0.0,No,"Abhydrolase_3,HSL_N",ko:K07188,"ko04910,map04714,ko04024,ko04152,map04024,ko04923,map04923,map04925,map04371,ko04371,ko04925,map04910,ko04714,map04152",,hormone-sensitive lipase [Nephila pilipes]
NPIL_448761,GFT69311.1,,Lipid Digestion & Hydrolysis,Phospholipases,Phospholipase D (PLD),1.20544072644,0.17651871470456,0.332768489862651,0.354724404932507,0.5173630839849295,0.6015663438500161,Yes,"POP1,POPLD",ko:K01164,"ko03008,ko03013,map03008,map03013",,hypothetical protein NPIL_448761 [Nephila pilipes]
,GFS29729.1,,Lipid Digestion & Hydrolysis,Phospholipases,Phospholipase A2 (PLA2),0.0,0.0,0.0,0.0,0.0,0.0,No,Phospholip_A2_2,ko:K01047,"map01100,ko00564,ko00565,map04014,map04270,map01110,map00590,map00591,map00592,ko00590,map00565,map00564,ko04972,ko04975,ko04014,map04972,ko00592,ko00591,ko01100,map04975,ko01110,ko04270",,phospholipase A2 [Nephila pilipes]
,GFS36338.1,,Lipid Digestion & Hydrolysis,Phospholipases,Phospholipase C (PLC),0.0,0.0,0.0,0.0,0.0,0.0,No,"EF-hand_like,PI-PLC-X,PI-PLC-Y,PLC-beta_C",,,,"1-phosphatidylinositol 4,5-bisphosphate phosphodiesterase classes I and II, partial [Nephila pilipes]"
,GFS36341.1,,Lipid Digestion & Hydrolysis,Phospholipases,Phospholipase C (PLC),0.0,0.0,0.0,0.0,0.0,0.0,No,"EF-hand_like,PI-PLC-X,PI-PLC-Y,PLC-beta_C",,,,"1-phosphatidylinositol 4,5-bisphosphate phosphodiesterase classes I and II, partial [Nephila pilipes]"
,GFS39049.1,sPLA2A,Lipid Digestion & Hydrolysis,Phospholipases,Phospholipase A2 (PLA2),0.0,0.0,0.0,0.0,0.0,0.0,No,Phospholip_A2_2,ko:K01047,"map01100,ko00564,ko00565,map04014,map04270,map01110,map00590,map00591,map00592,ko00590,map00565,map00564,ko04972,ko04975,ko04014,map04972,ko00592,ko00591,ko01100,map04975,ko01110,ko04270",,"phospholipase A2, partial [Nephila pilipes]"
,GFS42997.1,107369127,Lipid Digestion & Hydrolysis,Phospholipases,Phospholipase A2 (PLA2),0.0,0.0,0.0,0.0,0.0,0.0,No,LCAT,ko:K06129,"map00564,ko00564,map04142,ko04142",,"phospholipase A2 group XV, partial [Nephila pilipes]"
,GFS54301.1,,Lipid Digestion & Hydrolysis,Phospholipases,Phospholipase C (PLC),0.0,0.0,0.0,0.0,0.0,0.0,No,"EF-hand_like,PI-PLC-X,PI-PLC-Y,PLC-beta_C",,,,"1-phosphatidylinositol 4,5-bisphosphate phosphodiesterase classes I and II, partial [Nephila pilipes]"
,GFS57439.1,,Lipid Digestion & Hydrolysis,Phospholipases,Phospholipase A2 (PLA2),0.0,0.0,0.0,0.0,0.0,0.0,No,Phospholip_A2_2,ko:K01047,"map01100,ko00564,ko00565,map04014,map04270,map01110,map00590,map00591,map00592,ko00590,map00565,map00564,ko04972,ko04975,ko04014,map04972,ko00592,ko00591,ko01100,map04975,ko01110,ko04270",,phospholipase A2 [Nephila pilipes]
,GFS58213.1,AAEL013170,Lipid Digestion & Hydrolysis,Phospholipases,Phospholipase A2 (PLA2),0.0,0.0,0.0,0.0,0.0,0.0,No,LCAT,ko:K06129,"map00564,ko00564,map04142,ko04142",,phospholipase A2 group XV [Nephila pilipes]
,GFS61415.1,,Lipid Digestion & Hydrolysis,Phospholipases,Phospholipase A2 (PLA2),0.0,0.0,0.0,0.0,0.0,0.0,No,LCAT,,,,"phospholipase A2 group XV, partial [Nephila pilipes]"
,GFS62711.1,,Lipid Digestion & Hydrolysis,Phospholipases,Phospholipase C (PLC),0.0,0.0,0.0,0.0,0.0,0.0,No,"C2,EF-hand_like,PI-PLC-X,PI-PLC-Y,RA,RasGEF",,,,"1-phosphatidylinositol 4,5-bisphosphate phosphodiesterase epsilon-1, partial [Nephila pilipes]"
,GFS72193.1,,Lipid Digestion & Hydrolysis,Phospholipases,Phospholipase C (PLC),0.0,0.0,0.0,0.0,0.0,0.0,No,"EF-hand_like,PI-PLC-X,PI-PLC-Y,PLC-beta_C",,,,"phosphoinositide phospholipase C, partial [Nephila pilipes]"
,GFS76972.1,107366574,Lipid Digestion & Hydrolysis,Phospholipases,Phospholipase A2 (PLA2),0.0,0.0,0.0,0.0,0.0,0.0,No,Phospholip_A2_2,,,,acidic phospholipase A2 PA4 [Nephila pilipes]
,GFS81316.1,L798_07300,Lipid Digestion & Hydrolysis,Phospholipases,Phospholipase C (PLC),0.0,0.0,0.0,0.0,0.0,0.0,No,"C2,EF-hand_like,PH_12,PI-PLC-X,PI-PLC-Y",ko:K05857,"map01100,ko04919,ko00562,map00562,ko01100,ko04020,ko04070,map04919,map04020,ko04933,map04070,map04933",,phosphoinositide phospholipase C [Nephila pilipes]
,GFS83713.1,,Lipid Digestion & Hydrolysis,Phospholipases,Phospholipase A2 (PLA2),0.0,0.0,0.0,0.0,0.0,0.0,No,Phospholip_A2_2,ko:K01047,"map01100,ko00564,ko00565,map04014,map04270,map01110,map00590,map00591,map00592,ko00590,map00565,map00564,ko04972,ko04975,ko04014,map04972,ko00592,ko00591,ko01100,map04975,ko01110,ko04270",,group 3 secretory phospholipase A2 [Nephila pilipes]
,GFS91474.1,,Lipid Digestion & Hydrolysis,Phospholipases,Phospholipase D (PLD),0.0,0.0,0.0,0.0,0.0,0.0,No,Patatin,,,,patanin-like phospholipase domain-containing protein atgl-1 [Nephila pilipes]
,GFS91955.1,,Lipid Digestion & Hydrolysis,Phospholipases,Phospholipase A2 (PLA2),0.0,0.0,0.0,0.0,0.0,0.0,No,LCAT,ko:K06129,"map00564,ko00564,map04142,ko04142",,phospholipase A2 group XV [Nephila pilipes]
,GFT03372.1,,Lipid Digestion & Hydrolysis,Phospholipases,Phospholipase C (PLC),0.0,0.0,0.0,0.0,0.0,0.0,No,"EF-hand_like,PI-PLC-X,PI-PLC-Y,PLC-beta_C",,,,"phosphoinositide phospholipase C, partial [Nephila pilipes]"
,GFT14256.1,PLD1,Lipid Digestion & Hydrolysis,Phospholipases,Phospholipase D (PLD),0.0,0.0,0.0,0.0,0.0,0.0,No,"PLDc,PX",ko:K01115,"map01100,ko00564,ko00565,map04014,map01110,map04072,map04071,ko01110,ko04024,ko05231,map04724,map00565,map00564,ko04912,map04024,ko04071,ko04072,ko04666,map04666,map04144,ko01100,ko04014,ko04144,ko04724,map04912,map05231",,PX domain-containing protein [Nephila pilipes]
,GFT14259.1,L798_12924,Lipid Digestion & Hydrolysis,Phospholipases,Phospholipase D (PLD),0.0,0.0,0.0,0.0,0.0,0.0,No,"PLDc,PLDc_2,PX",ko:K01115,"map01100,ko00564,ko00565,map04014,map01110,map04072,map04071,ko01110,ko04024,ko05231,map04724,map00565,map00564,ko04912,map04024,ko04071,ko04072,ko04666,map04666,map04144,ko01100,ko04014,ko04144,ko04724,map04912,map05231",,phospholipase D1 [Nephila pilipes]
,GFT14262.1,L798_12924,Lipid Digestion & Hydrolysis,Phospholipases,Phospholipase D (PLD),0.0,0.0,0.0,0.0,0.0,0.0,No,"PLDc,PLDc_2,PX",ko:K01115,"map01100,ko00564,ko00565,map04014,map01110,map04072,map04071,ko01110,ko04024,ko05231,map04724,map00565,map00564,ko04912,map04024,ko04071,ko04072,ko04666,map04666,map04144,ko01100,ko04014,ko04144,ko04724,map04912,map05231",,phospholipase D1 [Nephila pilipes]
,GFT14273.1,L798_12924,Lipid Digestion & Hydrolysis,Phospholipases,Phospholipase D (PLD),0.0,0.0,0.0,0.0,0.0,0.0,No,"PLDc,PLDc_2,PX",ko:K01115,"map01100,ko00564,ko00565,map04014,map01110,map04072,map04071,ko01110,ko04024,ko05231,map04724,map00565,map00564,ko04912,map04024,ko04071,ko04072,ko04666,map04666,map04144,ko01100,ko04014,ko04144,ko04724,map04912,map05231",,phospholipase D1 [Nephila pilipes]
,GFT14276.1,L798_12924,Lipid Digestion & Hydrolysis,Phospholipases,Phospholipase D (PLD),0.0,0.0,0.0,0.0,0.0,0.0,No,"PLDc,PLDc_2,PX",ko:K01115,"map01100,ko00564,ko00565,map04014,map01110,map04072,map04071,ko01110,ko04024,ko05231,map04724,map00565,map00564,ko04912,map04024,ko04071,ko04072,ko04666,map04666,map04144,ko01100,ko04014,ko04144,ko04724,map04912,map05231",,phospholipase D1 [Nephila pilipes]
,GFT23279.1,,Lipid Digestion & Hydrolysis,Phospholipases,Phospholipase A2 (PLA2),0.0,0.0,0.0,0.0,0.0,0.0,No,Patatin,,,,"calcium-independent phospholipase A2-gamma, partial [Nephila pilipes]"
,GFT25000.1,,Lipid Digestion & Hydrolysis,Phospholipases,Phospholipase C (PLC),0.0,0.0,0.0,0.0,0.0,0.0,No,"EF-hand_like,PI-PLC-X,PI-PLC-Y,PLC-beta_C",,,,"phosphoinositide phospholipase C, partial [Nephila pilipes]"
,GFT45539.1,,Lipid Digestion & Hydrolysis,Phospholipases,Phospholipase D (PLD),0.0,0.0,0.0,0.0,0.0,0.0,No,PLDc_2,ko:K16862,,,mitochondrial cardiolipin hydrolase [Nephila pilipes]
,GFT50135.1,GA18269,Lipid Digestion & Hydrolysis,Phospholipases,Phospholipase C (PLC),0.0,0.0,0.0,0.0,0.0,0.0,No,"EF-hand_like,PI-PLC-X,PI-PLC-Y,PLC-beta_C",ko:K05858,"ko00562,ko04062,map04921,map04922,map04925,map04924,map04927,map04926,ko04540,ko04713,map04745,ko04971,ko04970,ko04972,ko05146,ko04070,ko04071,ko04072,ko01100,ko04371,map04730,ko04270,map05142,map05143,map05146,map04015,map04540,ko04961,map04310,map04728,map04726,map04725,map04724,map04723,map04720,map01100,ko04919,ko04918,map00562,ko04912,ko04911,map04261,ko04916,ko04915,map04062,map04972,map04970,map04971,map04713,ko05200,ko05143,ko05142,map04270,ko04022,map04371,map04072,map04071,map04070,ko04261,map04961,ko04750,ko04020,map05010,map04621,map05016,ko04611,ko05010,ko05016,ko04745,map04918,map04919,ko04621,map04911,map04912,map04915,map04916,map04750,ko04934,ko04933,ko04728,ko04730,map05200,ko04015,map04020,map04022,ko04726,ko04310,ko04922,ko04921,ko04926,ko04927,ko04924,ko04925,ko04724,ko04725,map04934,ko04720,map04933,map04611,ko04723",,"1-phosphatidylinositol 4,5-bisphosphate phosphodiesterase classes I and II [Nephila pilipes]"
,GFT50516.1,bmm,Lipid Digestion & Hydrolysis,Phospholipases,Phospholipase D (PLD),0.0,0.0,0.0,0.0,0.0,0.0,No,Patatin,,,,patanin-like phospholipase domain-containing protein atgl-1 [Nephila pilipes]
,GFT52507.1,L798_07300,Lipid Digestion & Hydrolysis,Phospholipases,Phospholipase C (PLC),0.0,0.0,0.0,0.0,0.0,0.0,No,"C2,EF-hand_like,PH_12,PI-PLC-X,PI-PLC-Y",ko:K05857,"map01100,ko04919,ko00562,map00562,ko01100,ko04020,ko04070,map04919,map04020,ko04933,map04070,map04933",,"1-phosphatidylinositol 4,5-bisphosphate phosphodiesterase delta-4 [Nephila pilipes]"
,GFT52510.1,L798_07300,Lipid Digestion & Hydrolysis,Phospholipases,Phospholipase C (PLC),0.0,0.0,0.0,0.0,0.0,0.0,No,"C2,EF-hand_like,PH_12,PI-PLC-X,PI-PLC-Y",ko:K05857,"map01100,ko04919,ko00562,map00562,ko01100,ko04020,ko04070,map04919,map04020,ko04933,map04070,map04933",,"1-phosphatidylinositol 4,5-bisphosphate phosphodiesterase delta-4 [Nephila pilipes]"
,GFT52514.1,L798_07300,Lipid Digestion & Hydrolysis,Phospholipases,Phospholipase C (PLC),0.0,0.0,0.0,0.0,0.0,0.0,No,"C2,EF-hand_like,PH_12,PI-PLC-X,PI-PLC-Y",ko:K05857,"map01100,ko04919,ko00562,map00562,ko01100,ko04020,ko04070,map04919,map04020,ko04933,map04070,map04933",,"1-phosphatidylinositol 4,5-bisphosphate phosphodiesterase delta-4 [Nephila pilipes]"
,GFT60645.1,,Lipid Digestion & Hydrolysis,Phospholipases,Phospholipase C (PLC),0.0,0.0,0.0,0.0,0.0,0.0,No,"EF-hand_like,PI-PLC-X,PI-PLC-Y,PLC-beta_C",,,,"1-phosphatidylinositol 4,5-bisphosphate phosphodiesterase classes I and II, partial [Nephila pilipes]"
,GFT60646.1,,Lipid Digestion & Hydrolysis,Phospholipases,Phospholipase C (PLC),0.0,0.0,0.0,0.0,0.0,0.0,No,"EF-hand_like,PI-PLC-X,PI-PLC-Y,PLC-beta_C",,,,"1-phosphatidylinositol 4,5-bisphosphate phosphodiesterase classes I and II, partial [Nephila pilipes]"
,GFT65360.1,,Lipid Digestion & Hydrolysis,Phospholipases,Phospholipase A2 (PLA2),0.0,0.0,0.0,0.0,0.0,0.0,No,Phospholip_A2_2,ko:K01047,"map01100,ko00564,ko00565,map04014,map04270,map01110,map00590,map00591,map00592,ko00590,map00565,map00564,ko04972,ko04975,ko04014,map04972,ko00592,ko00591,ko01100,map04975,ko01110,ko04270",,phospholipase A2 [Nephila pilipes]
,GFT70672.1,,Lipid Digestion & Hydrolysis,Phospholipases,Phospholipase C (PLC),0.0,0.0,0.0,0.0,0.0,0.0,No,"C2,EF-hand_like,PI-PLC-X,PI-PLC-Y,RA",ko:K05860,"map01100,ko04070,ko04919,ko04024,ko00562,map00562,map04015,map04014,ko01100,map05205,ko04020,map04024,map04919,ko04014,ko04015,map04020,ko04933,ko05205,map04070,map04933",,"1-phosphatidylinositol 4,5-bisphosphate phosphodiesterase epsilon-1 [Nephila pilipes]"
,GFT70673.1,,Lipid Digestion & Hydrolysis,Phospholipases,Phospholipase C (PLC),0.0,0.0,0.0,0.0,0.0,0.0,No,"C2,EF-hand_like,PI-PLC-X,PI-PLC-Y,RA,RasGEF",,,,"1-phosphatidylinositol 4,5-bisphosphate phosphodiesterase epsilon-1 [Nephila pilipes]"
,GFT71067.1,,Lipid Digestion & Hydrolysis,Phospholipases,Phospholipase C (PLC),0.0,0.0,0.0,0.0,0.0,0.0,No,"EF-hand_like,PI-PLC-X,PI-PLC-Y,PLC-beta_C",,,,"phosphoinositide phospholipase C, partial [Nephila pilipes]"
,GFT73928.1,,Lipid Digestion & Hydrolysis,Phospholipases,Phospholipase A2 (PLA2),0.0,0.0,0.0,0.0,0.0,0.0,No,,,,,calcium-independent phospholipase A2-gamma [Nephila pilipes]
,GFT74184.1,,Lipid Digestion & Hydrolysis,Phospholipases,Phospholipase D (PLD),0.0,0.0,0.0,0.0,0.0,0.0,No,GDPD,,,,lysophospholipase D GDPD1 [Nephila pilipes]
,GFT75431.1,L798_04208,Lipid Digestion & Hydrolysis,Phospholipases,Phospholipase C (PLC),0.0,0.0,0.0,0.0,0.0,0.0,No,"C2,EF-hand_like,PH_12,PI-PLC-X,PI-PLC-Y",ko:K15370,,,inactive phospholipase C-like protein 2 [Nephila pilipes]
,GFT75434.1,L798_04208,Lipid Digestion & Hydrolysis,Phospholipases,Phospholipase C (PLC),0.0,0.0,0.0,0.0,0.0,0.0,No,"C2,EF-hand_like,PH_12,PI-PLC-X,PI-PLC-Y",ko:K15370,,,inactive phospholipase C-like protein 2 [Nephila pilipes]
,GFT81097.1,plcl2,Lipid Digestion & Hydrolysis,Phospholipases,Phospholipase C (PLC),0.0,0.0,0.0,0.0,0.0,0.0,No,"C2,EF-hand_like,PH_12,PI-PLC-X,PI-PLC-Y",ko:K15370,,,"inactive phospholipase C-like protein 2, partial [Nephila pilipes]"
,GFT84511.1,L798_07300,Lipid Digestion & Hydrolysis,Phospholipases,Phospholipase C (PLC),0.0,0.0,0.0,0.0,0.0,0.0,No,"C2,EF-hand_like,PH_12,PI-PLC-X,PI-PLC-Y",ko:K05857,"map01100,ko04919,ko00562,map00562,ko01100,ko04020,ko04070,map04919,map04020,ko04933,map04070,map04933",,"c2 domain-containing protein, partial [Nephila pilipes]"
,GFT85488.1,,Lipid Digestion & Hydrolysis,Phospholipases,Phospholipase C (PLC),0.0,0.0,0.0,0.0,0.0,0.0,No,"EF-hand_like,PI-PLC-X,PI-PLC-Y,PLC-beta_C",,,,"1-phosphatidylinositol 4,5-bisphosphate phosphodiesterase classes I and II [Nephila pilipes]"
,GFT85490.1,,Lipid Digestion & Hydrolysis,Phospholipases,Phospholipase C (PLC),0.0,0.0,0.0,0.0,0.0,0.0,No,"EF-hand_like,PI-PLC-X,PI-PLC-Y,PLC-beta_C",,,,"1-phosphatidylinositol 4,5-bisphosphate phosphodiesterase classes I and II [Nephila pilipes]"
,GFT85491.1,,Lipid Digestion & Hydrolysis,Phospholipases,Phospholipase C (PLC),0.0,0.0,0.0,0.0,0.0,0.0,No,"EF-hand_like,PI-PLC-X",,,,"1-phosphatidylinositol 4,5-bisphosphate phosphodiesterase classes I and II [Nephila pilipes]"
,GFT85494.1,,Lipid Digestion & Hydrolysis,Phospholipases,Phospholipase C (PLC),0.0,0.0,0.0,0.0,0.0,0.0,No,"DUF1154,EF-hand_like,PI-PLC-X,PI-PLC-Y",,,,"1-phosphatidylinositol 4,5-bisphosphate phosphodiesterase beta-4 [Nephila pilipes]"
,GFT91216.1,,Lipid Digestion & Hydrolysis,Phospholipases,Phospholipase C (PLC),0.0,0.0,0.0,0.0,0.0,0.0,No,"EF-hand_like,PI-PLC-X,PI-PLC-Y,PLC-beta_C",,,,"1-phosphatidylinositol 4,5-bisphosphate phosphodiesterase classes I and II, partial [Nephila pilipes]"
,GFU09953.1,,Lipid Digestion & Hydrolysis,Phospholipases,Phospholipase C (PLC),0.0,0.0,0.0,0.0,0.0,0.0,No,"EF-hand_like,PI-PLC-X,PI-PLC-Y,PLC-beta_C",,,,"1-phosphatidylinositol 4,5-bisphosphate phosphodiesterase classes I and II, partial [Nephila pilipes]"
,GFU10703.1,,Lipid Digestion & Hydrolysis,Phospholipases,Phospholipase D (PLD),0.0,0.0,0.0,0.0,0.0,0.0,No,Lactamase_B_2,ko:K13985,"map04723,ko04723",,n-acyl-phosphatidylethanolamine-hydrolyzing phospholipase D [Nephila pilipes]
,GFU11525.1,,Lipid Digestion & Hydrolysis,Phospholipases,Phospholipase A2 (PLA2),0.0,0.0,0.0,0.0,0.0,0.0,No,LCAT,ko:K06129,"map00564,ko00564,map04142,ko04142",,phospholipase A2 group XV [Nephila pilipes]
,GFU21428.1,,Lipid Digestion & Hydrolysis,Phospholipases,Phospholipase A2 (PLA2),0.0,0.0,0.0,0.0,0.0,0.0,No,Lectin_C,,,,secretory phospholipase A2 receptor [Nephila pilipes]
,GFU21430.1,,Lipid Digestion & Hydrolysis,Phospholipases,Phospholipase A2 (PLA2),0.0,0.0,0.0,0.0,0.0,0.0,No,Lectin_C,,,,secretory phospholipase A2 receptor [Nephila pilipes]
,GFU25495.1,,Lipid Digestion & Hydrolysis,Phospholipases,Phospholipase D (PLD),0.0,0.0,0.0,0.0,0.0,0.0,No,Lactamase_B_2,,,,"n-acyl-phosphatidylethanolamine-hydrolyzing phospholipase D, mitochondrial [Nephila pilipes]"
,GFU30002.1,pgs1,Lipid Digestion & Hydrolysis,Phospholipases,Phospholipase D (PLD),0.0,0.0,0.0,0.0,0.0,0.0,No,PLDc_2,ko:K00995,"map01100,map00564,ko00564,ko01100",,"CDP-diacylglycerol--glycerol-3-phosphate 3-phosphatidyltransferase, mitochondrial [Nephila pilipes]"
,GFU32301.1,,Lipid Digestion & Hydrolysis,Phospholipases,Phospholipase C (PLC),0.0,0.0,0.0,0.0,0.0,0.0,No,"DUF1154,EF-hand_like,PI-PLC-X,PI-PLC-Y",,,,"1-phosphatidylinositol 4,5-bisphosphate phosphodiesterase beta-4 [Nephila pilipes]"
,GFU33088.1,,Lipid Digestion & Hydrolysis,Phospholipases,Phospholipase A2 (PLA2),0.0,0.0,0.0,0.0,0.0,0.0,No,PLA2_B,,,,cytosolic phospholipase A2 [Nephila pilipes]
,GFU35481.1,,Lipid Digestion & Hydrolysis,Phospholipases,Phospholipase D (PLD),0.0,0.0,0.0,0.0,0.0,0.0,No,GDPD,,,,lysophospholipase D GDPD1 [Nephila pilipes]
,GFU38931.1,L798_10549,Lipid Digestion & Hydrolysis,Phospholipases,Phospholipase C (PLC),0.0,0.0,0.0,0.0,0.0,0.0,No,"C2,PI-PLC-X,PI-PLC-Y,SH2,SH3_1",ko:K01116,"map05214,map04666,map04650,ko00562,map04750,ko05120,map04015,map04014,map04659,map04658,ko04919,ko04666,map04012,map04370,ko04066,ko04064,map04072,map04070,map05167,map04670,ko04650,ko05167,map05231,ko05200,map04919,ko01521,ko04659,ko04670,map05200,ko04750,ko04020,ko04360,ko04933,map05225,ko04660,ko05214,map04722,map05223,map05110,map01100,map05206,map04664,ko05110,map04660,map00562,ko05205,ko04070,ko05231,ko04072,ko04015,ko04012,map04360,map05169,map04064,map04066,map05205,ko05225,ko05223,ko04664,ko01100,ko04014,ko04658,map05120,ko04370,map04020,ko05206,map01521,ko05169,map04933,ko04722",,"1-phosphatidylinositol 4,5-bisphosphate phosphodiesterase gamma-1 [Nephila pilipes]"
,GFU38938.1,LOC579102,Lipid Digestion & Hydrolysis,Phospholipases,Phospholipase C (PLC),0.0,0.0,0.0,0.0,0.0,0.0,No,"C2,PI-PLC-Y,SH3_1",ko:K01116,"map05214,map04666,map04650,ko00562,map04750,ko05120,map04015,map04014,map04659,map04658,ko04919,ko04666,map04012,map04370,ko04066,ko04064,map04072,map04070,map05167,map04670,ko04650,ko05167,map05231,ko05200,map04919,ko01521,ko04659,ko04670,map05200,ko04750,ko04020,ko04360,ko04933,map05225,ko04660,ko05214,map04722,map05223,map05110,map01100,map05206,map04664,ko05110,map04660,map00562,ko05205,ko04070,ko05231,ko04072,ko04015,ko04012,map04360,map05169,map04064,map04066,map05205,ko05225,ko05223,ko04664,ko01100,ko04014,ko04658,map05120,ko04370,map04020,ko05206,map01521,ko05169,map04933,ko04722",,"1-phosphatidylinositol 4,5-bisphosphate phosphodiesterase gamma-1 [Nephila pilipes]"
,GFU38940.1,LOC579102,Lipid Digestion & Hydrolysis,Phospholipases,Phospholipase C (PLC),0.0,0.0,0.0,0.0,0.0,0.0,No,"C2,PI-PLC-Y,SH3_1",ko:K01116,"map05214,map04666,map04650,ko00562,map04750,ko05120,map04015,map04014,map04659,map04658,ko04919,ko04666,map04012,map04370,ko04066,ko04064,map04072,map04070,map05167,map04670,ko04650,ko05167,map05231,ko05200,map04919,ko01521,ko04659,ko04670,map05200,ko04750,ko04020,ko04360,ko04933,map05225,ko04660,ko05214,map04722,map05223,map05110,map01100,map05206,map04664,ko05110,map04660,map00562,ko05205,ko04070,ko05231,ko04072,ko04015,ko04012,map04360,map05169,map04064,map04066,map05205,ko05225,ko05223,ko04664,ko01100,ko04014,ko04658,map05120,ko04370,map04020,ko05206,map01521,ko05169,map04933,ko04722",,"1-phosphatidylinositol 4,5-bisphosphate phosphodiesterase gamma-1 [Nephila pilipes]"
,GFU47574.1,,Lipid Digestion & Hydrolysis,Phospholipases,Phospholipase C (PLC),0.0,0.0,0.0,0.0,0.0,0.0,No,"C2,EF-hand_like,PI-PLC-X,PI-PLC-Y,RA,RasGEF",,,,"1-phosphatidylinositol 4,5-bisphosphate phosphodiesterase epsilon-1, partial [Nephila pilipes]"
,GFU58991.1,,Lipid Digestion & Hydrolysis,Phospholipases,Phospholipase D (PLD),0.0,0.0,0.0,0.0,0.0,0.0,No,PLDc_3,,,,"5'-3' exonuclease PLD3, partial [Nephila pilipes]"
,GFS35903.1,,Nucleic Acid & Phosphate Digestion,Nucleases,Ribonuclease (RNase),0.0,0.0,0.0,0.0,0.0,0.0,No,RVT_1,,,,RNase H domain-containing protein [Nephila pilipes]
,GFS37691.1,,Nucleic Acid & Phosphate Digestion,Nucleases,Ribonuclease (RNase),0.0,0.0,0.0,0.0,0.0,0.0,No,"RNase_H,RVT_1",,,,RNase H domain-containing protein [Nephila pilipes]
,GFS43621.1,,Nucleic Acid & Phosphate Digestion,Nucleases,Ribonuclease (RNase),0.0,0.0,0.0,0.0,0.0,0.0,No,,,,,RT_RNaseH_2 domain-containing protein [Nephila pilipes]
,GFS44533.1,TATDN1,Nucleic Acid & Phosphate Digestion,Nucleases,Deoxyribonuclease (DNase),0.0,0.0,0.0,0.0,0.0,0.0,No,TatD_DNase,ko:K03424,,,putative deoxyribonuclease TATDN1 [Nephila pilipes]
,GFS47089.1,,Nucleic Acid & Phosphate Digestion,Nucleases,Ribonuclease (RNase),0.0,0.0,0.0,0.0,0.0,0.0,No,RVT_1,,,,RNase H domain-containing protein [Nephila pilipes]
,GFS60641.1,v1g118883,Nucleic Acid & Phosphate Digestion,Nucleases,Ribonuclease (RNase),0.0,0.0,0.0,0.0,0.0,0.0,No,UPF0086,ko:K03538,"ko03008,ko03013,map03008,map03013",,ribonuclease P protein subunit p29 [Nephila pilipes]
,GFS63531.1,L798_09627,Nucleic Acid & Phosphate Digestion,Nucleases,Ribonuclease (RNase),0.0,0.0,0.0,0.0,0.0,0.0,No,"CAF1,RNA_bind",ko:K01148,"map03018,ko03018",,"poly(A)-specific ribonuclease PARN, partial [Nephila pilipes]"
,GFS71246.1,101901819,Nucleic Acid & Phosphate Digestion,Nucleases,Ribonuclease (RNase),0.0,0.0,0.0,0.0,0.0,0.0,No,PRORP,ko:K17655,,,mitochondrial ribonuclease P protein 3 [Nephila pilipes]
,GFS73455.1,,Nucleic Acid & Phosphate Digestion,Nucleases,Ribonuclease (RNase),0.0,0.0,0.0,0.0,0.0,0.0,No,RVT_1,,,,RT_RNaseH_2 domain-containing protein [Nephila pilipes]
,GFS76094.1,,Nucleic Acid & Phosphate Digestion,Nucleases,Ribonuclease (RNase),0.0,0.0,0.0,0.0,0.0,0.0,No,"RVT_1,rve",,,,RT_RNaseH_2 domain-containing protein [Nephila pilipes]
,GFS79599.1,ZC3H12B,Nucleic Acid & Phosphate Digestion,Nucleases,Ribonuclease (RNase),0.0,0.0,0.0,0.0,0.0,0.0,No,RNase_Zc3h12a,ko:K18668,,,probable ribonuclease ZC3H12C [Nephila pilipes]
,GFS82869.1,L798_08961,Nucleic Acid & Phosphate Digestion,Nucleases,Ribonuclease (RNase),0.0,0.0,0.0,0.0,0.0,0.0,No,XRN_N,ko:K12619,"ko03008,map03018,map03008,ko03018",,5'-3' exoribonuclease 2 [Nephila pilipes]
,GFS82871.1,L798_08961,Nucleic Acid & Phosphate Digestion,Nucleases,Ribonuclease (RNase),0.0,0.0,0.0,0.0,0.0,0.0,No,XRN_N,ko:K12619,"ko03008,map03018,map03008,ko03018",,5'-3' exoribonuclease 2 [Nephila pilipes]
,GFS87382.1,,Nucleic Acid & Phosphate Digestion,Nucleases,Ribonuclease (RNase),0.0,0.0,0.0,0.0,0.0,0.0,No,"RVT_1,rve",,,,RT_RNaseH_2 domain-containing protein [Nephila pilipes]
,GFS92000.1,,Nucleic Acid & Phosphate Digestion,Nucleases,Ribonuclease (RNase),0.0,0.0,0.0,0.0,0.0,0.0,No,RVT_1,,,,RNase H domain-containing protein [Nephila pilipes]
,GFT00073.1,,Nucleic Acid & Phosphate Digestion,Nucleases,Deoxyribonuclease (DNase),0.0,0.0,0.0,0.0,0.0,0.0,No,TatD_DNase,,,,putative deoxyribonuclease TATDN2 [Nephila pilipes]
,GFT00075.1,,Nucleic Acid & Phosphate Digestion,Nucleases,Deoxyribonuclease (DNase),0.0,0.0,0.0,0.0,0.0,0.0,No,TatD_DNase,,,,putative deoxyribonuclease TATDN2 [Nephila pilipes]
,GFT13408.1,,Nucleic Acid & Phosphate Digestion,Nucleases,Ribonuclease (RNase),0.0,0.0,0.0,0.0,0.0,0.0,No,Alba,,,,ribonuclease P protein subunit p25-like protein [Nephila pilipes]
,GFT14287.1,L798_03470,Nucleic Acid & Phosphate Digestion,Nucleases,Ribonuclease (RNase),0.0,0.0,0.0,0.0,0.0,0.0,No,CAF1,ko:K01148,"map03018,ko03018",,poly(A)-specific ribonuclease PNLDC1 [Nephila pilipes]
,GFT17825.1,,Nucleic Acid & Phosphate Digestion,Nucleases,Ribonuclease (RNase),0.0,0.0,0.0,0.0,0.0,0.0,No,RNase_H,,,,RNase H domain-containing protein [Nephila pilipes]
,GFT19210.1,rnaseh2b,Nucleic Acid & Phosphate Digestion,Nucleases,Ribonuclease (RNase),0.0,0.0,0.0,0.0,0.0,0.0,No,RNase_H2-Ydr279,,,,ribonuclease H2 subunit B [Nephila pilipes]
,GFT20247.1,,Nucleic Acid & Phosphate Digestion,Nucleases,Ribonuclease (RNase),0.0,0.0,0.0,0.0,0.0,0.0,No,"Exo_endo_phos_2,RNase_H",,,,RNase H domain-containing protein [Nephila pilipes]
,GFT20928.1,,Nucleic Acid & Phosphate Digestion,Nucleases,Ribonuclease (RNase),0.0,0.0,0.0,0.0,0.0,0.0,No,"RVT_1,rve",,,,RT_RNaseH_2 domain-containing protein [Nephila pilipes]
,GFT22261.1,,Nucleic Acid & Phosphate Digestion,Nucleases,Ribonuclease (RNase),0.0,0.0,0.0,0.0,0.0,0.0,No,RAI1,,,,decapping and exoribonuclease protein [Nephila pilipes]
,GFT23287.1,,Nucleic Acid & Phosphate Digestion,Nucleases,Ribonuclease (RNase),0.0,0.0,0.0,0.0,0.0,0.0,No,RNase_T,,,,"ERI1 exoribonuclease 3, partial [Nephila pilipes]"
,GFT25652.1,,Nucleic Acid & Phosphate Digestion,Nucleases,Ribonuclease (RNase),0.0,0.0,0.0,0.0,0.0,0.0,No,"Exo_endo_phos_2,RNase_H,RVT_1",,,,RNase H domain-containing protein [Nephila pilipes]
,GFT26969.1,RNASEH1,Nucleic Acid & Phosphate Digestion,Nucleases,Ribonuclease (RNase),0.0,0.0,0.0,0.0,0.0,0.0,No,"Cauli_VI,RNase_H",,,,ribonuclease H1 [Nephila pilipes]
,GFT27962.1,,Nucleic Acid & Phosphate Digestion,Nucleases,Ribonuclease (RNase),0.0,0.0,0.0,0.0,0.0,0.0,No,"PDZ,PH",,,,RNase H domain-containing protein [Nephila pilipes]
,GFT27965.1,,Nucleic Acid & Phosphate Digestion,Nucleases,Ribonuclease (RNase),0.0,0.0,0.0,0.0,0.0,0.0,No,"PDZ,PH",,,,RNase H domain-containing protein [Nephila pilipes]
,GFT31283.1,,Nucleic Acid & Phosphate Digestion,Nucleases,Ribonuclease (RNase),0.0,0.0,0.0,0.0,0.0,0.0,No,XRN_N,ko:K12618,"ko03008,map03018,map03008,ko03018",,5'-3' exoribonuclease 1 [Nephila pilipes]
,GFT38545.1,,Nucleic Acid & Phosphate Digestion,Nucleases,Ribonuclease (RNase),0.0,0.0,0.0,0.0,0.0,0.0,No,"RNase_H,RVT_1",,,,"RNase H domain-containing protein, partial [Nephila pilipes]"
,GFT44388.1,,Nucleic Acid & Phosphate Digestion,Nucleases,Ribonuclease (RNase),0.0,0.0,0.0,0.0,0.0,0.0,No,RNase_Zc3h12a,,,,probable ribonuclease ZC3H12C [Nephila pilipes]
,GFT56689.1,,Nucleic Acid & Phosphate Digestion,Nucleases,Ribonuclease (RNase),0.0,0.0,0.0,0.0,0.0,0.0,No,rve,,,,RT_RNaseH_2 domain-containing protein [Nephila pilipes]
,GFT59332.1,,Nucleic Acid & Phosphate Digestion,Nucleases,Ribonuclease (RNase),0.0,0.0,0.0,0.0,0.0,0.0,No,"Dicer_dimer,Helicase_C,PAZ,Ribonuclease_3",,,,endoribonuclease Dcr-1 [Nephila pilipes]
,GFT66849.1,,Nucleic Acid & Phosphate Digestion,Nucleases,Ribonuclease (RNase),0.0,0.0,0.0,0.0,0.0,0.0,No,RNase_Zc3h12a,,,,probable ribonuclease ZC3H12C [Nephila pilipes]
,GFT67664.1,,Nucleic Acid & Phosphate Digestion,Nucleases,Ribonuclease (RNase),0.0,0.0,0.0,0.0,0.0,0.0,No,RVT_1,,,,RNase H domain-containing protein [Nephila pilipes]
,GFT70511.1,,Nucleic Acid & Phosphate Digestion,Nucleases,Ribonuclease (RNase),0.0,0.0,0.0,0.0,0.0,0.0,No,"RNase_H,RVT_1",,,,RNase H domain-containing protein [Nephila pilipes]
,GFT71090.1,,Nucleic Acid & Phosphate Digestion,Nucleases,Ribonuclease (RNase),0.0,0.0,0.0,0.0,0.0,0.0,No,RVT_1,,,,RNase H domain-containing protein [Nephila pilipes]
,GFT72347.1,,Nucleic Acid & Phosphate Digestion,Nucleases,Ribonuclease (RNase),0.0,0.0,0.0,0.0,0.0,0.0,No,,,,,RT_RNaseH domain-containing protein [Nephila pilipes]
,GFT75027.1,,Nucleic Acid & Phosphate Digestion,Nucleases,Ribonuclease (RNase),0.0,0.0,0.0,0.0,0.0,0.0,No,RNase_T,,,,ERI1 exoribonuclease 3 [Nephila pilipes]
,GFT76031.1,,Nucleic Acid & Phosphate Digestion,Nucleases,Ribonuclease (RNase),0.0,0.0,0.0,0.0,0.0,0.0,No,,,,,"RT_RNaseH domain-containing protein, partial [Nephila pilipes]"
,GFT76301.1,,Nucleic Acid & Phosphate Digestion,Nucleases,Deoxyribonuclease (DNase),0.0,0.0,0.0,0.0,0.0,0.0,No,TatD_DNase,,,,putative deoxyribonuclease TATDN2 [Nephila pilipes]
,GFT76470.1,L798_09627,Nucleic Acid & Phosphate Digestion,Nucleases,Ribonuclease (RNase),0.0,0.0,0.0,0.0,0.0,0.0,No,"CAF1,RNA_bind",ko:K01148,"map03018,ko03018",,"poly(A)-specific ribonuclease PARN, partial [Nephila pilipes]"
,GFT77271.1,ERI3,Nucleic Acid & Phosphate Digestion,Nucleases,Ribonuclease (RNase),0.0,0.0,0.0,0.0,0.0,0.0,No,RNase_T,,,,ERI1 exoribonuclease 3 [Nephila pilipes]
,GFT77550.1,dnase1l2,Nucleic Acid & Phosphate Digestion,Nucleases,Deoxyribonuclease (DNase),0.0,0.0,0.0,0.0,0.0,0.0,No,Exo_endo_phos,ko:K11995,,,deoxyribonuclease-1 [Nephila pilipes]
,GFT77555.1,dnase1l2,Nucleic Acid & Phosphate Digestion,Nucleases,Deoxyribonuclease (DNase),0.0,0.0,0.0,0.0,0.0,0.0,No,Exo_endo_phos,ko:K11994,,,deoxyribonuclease-1 [Nephila pilipes]
,GFT77874.1,,Nucleic Acid & Phosphate Digestion,Nucleases,Ribonuclease (RNase),0.0,0.0,0.0,0.0,0.0,0.0,No,"Dicer_dimer,Helicase_C,PAZ,ResIII,Ribonuclease_3",ko:K11592,"map05206,ko05206",,endoribonuclease Dicer [Nephila pilipes]
,GFT80058.1,RPP30,Nucleic Acid & Phosphate Digestion,Nucleases,Ribonuclease (RNase),0.0,0.0,0.0,0.0,0.0,0.0,No,RNase_P_p30,ko:K03539,"ko03008,ko03013,map03008,map03013",,ribonuclease P protein subunit p30 [Nephila pilipes]
,GFT80065.1,RPP30,Nucleic Acid & Phosphate Digestion,Nucleases,Ribonuclease (RNase),0.0,0.0,0.0,0.0,0.0,0.0,No,RNase_P_p30,ko:K03539,"ko03008,ko03013,map03008,map03013",,probable ribonuclease P protein subunit 3 [Nephila pilipes]
,GFT81729.1,20214870,Nucleic Acid & Phosphate Digestion,Nucleases,Ribonuclease (RNase),0.0,0.0,0.0,0.0,0.0,0.0,No,RNase_HII,ko:K10743,"ko03030,map03030",,ribonuclease H2 subunit A [Nephila pilipes]
,GFT82202.1,,Nucleic Acid & Phosphate Digestion,Nucleases,Ribonuclease (RNase),0.0,0.0,0.0,0.0,0.0,0.0,No,Rpp20,ko:K14527,"ko03008,ko03013,map03008,map03013",,ribonuclease P protein subunit p20 [Nephila pilipes]
,GFT88602.1,rnhB,Nucleic Acid & Phosphate Digestion,Nucleases,Ribonuclease (RNase),0.0,0.0,0.0,0.0,0.0,0.0,No,RNase_HII,ko:K03470,"ko03030,map03030","P|GO:0006139|IEA,P|GO:0006725|IEA,P|GO:0006807|IEA,P|GO:0008150|IEA,P|GO:0008152|IEA,P|GO:0009987|IEA,P|GO:0016070|IEA,P|GO:0034641|IEA,P|GO:0043170|IEA,P|GO:0044237|IEA,P|GO:0044238|IEA,P|GO:0046483|IEA,P|GO:0071704|IEA,P|GO:0090304|IEA,P|GO:0090305|IEA,P|GO:0090501|IEA,P|GO:0090502|IEA,P|GO:1901360|IEA,C|GO:0005575|IEA,C|GO:0005622|IEA,C|GO:0005623|IEA,C|GO:0005737|IEA,C|GO:0044424|IEA,C|GO:0044464|IEA,F|GO:0003674|IEA,F|GO:0003674|IEA,F|GO:0003674|IEA,F|GO:0003676|IEA,F|GO:0003723|IEA,F|GO:0003824|IEA,F|GO:0004518|IEA,F|GO:0004519|IEA,F|GO:0004521|IEA,F|GO:0004523|IEA,F|GO:0004540|IEA,F|GO:0005488|IEA,F|GO:0005488|IEA,F|GO:0016787|IEA,F|GO:0016788|IEA,F|GO:0016891|IEA,F|GO:0016893|IEA,F|GO:0043167|IEA,F|GO:0043169|IEA,F|GO:0046872|IEA,F|GO:0097159|IEA,F|GO:0140098|IEA,F|GO:1901363|IEA",ribonuclease HII [Nephila pilipes]
,GFT91663.1,WP0279,Nucleic Acid & Phosphate Digestion,Nucleases,Ribonuclease (RNase),0.0,0.0,0.0,0.0,0.0,0.0,No,RNase_H,ko:K03469,"ko03030,map03030",,ribonuclease H [Nephila pilipes]
,GFU02737.1,,Nucleic Acid & Phosphate Digestion,Nucleases,Ribonuclease (RNase),0.0,0.0,0.0,0.0,0.0,0.0,No,"Lactamase_B_2,Lactamase_B_4",,,,"ribonuclease Z, mitochondrial, partial [Nephila pilipes]"
,GFU03074.1,,Nucleic Acid & Phosphate Digestion,Nucleases,Ribonuclease (RNase),0.0,0.0,0.0,0.0,0.0,0.0,No,RVT_1,,,,RNase H domain-containing protein [Nephila pilipes]
,GFU03724.1,,Nucleic Acid & Phosphate Digestion,Nucleases,Ribonuclease (RNase),0.0,0.0,0.0,0.0,0.0,0.0,No,"RVT_1,rve",,,,RT_RNaseH_2 domain-containing protein [Nephila pilipes]
,GFU04758.1,,Nucleic Acid & Phosphate Digestion,Nucleases,Ribonuclease (RNase),0.0,0.0,0.0,0.0,0.0,0.0,No,"CAF1,RNA_bind",,,,poly(A)-specific ribonuclease PARN [Nephila pilipes]
,GFU05784.1,,Nucleic Acid & Phosphate Digestion,Nucleases,Ribonuclease (RNase),0.0,0.0,0.0,0.0,0.0,0.0,No,RAI1,,,,decapping and exoribonuclease protein [Nephila pilipes]
,GFU16859.1,,Nucleic Acid & Phosphate Digestion,Nucleases,Ribonuclease (RNase),0.0,0.0,0.0,0.0,0.0,0.0,No,RNase_T,,,,ERI1 exoribonuclease 3 [Nephila pilipes]
,GFU19601.1,,Nucleic Acid & Phosphate Digestion,Nucleases,Ribonuclease (RNase),0.0,0.0,0.0,0.0,0.0,0.0,No,"Dicer_dimer,Helicase_C,PAZ,Ribonuclease_3",,,,endoribonuclease Dicer [Nephila pilipes]
,GFU19604.1,,Nucleic Acid & Phosphate Digestion,Nucleases,Ribonuclease (RNase),0.0,0.0,0.0,0.0,0.0,0.0,No,"Dicer_dimer,Helicase_C,PAZ,Ribonuclease_3",,,,endoribonuclease Dicer [Nephila pilipes]
,GFU19607.1,,Nucleic Acid & Phosphate Digestion,Nucleases,Ribonuclease (RNase),0.0,0.0,0.0,0.0,0.0,0.0,No,"Dicer_dimer,Helicase_C,PAZ,Ribonuclease_3",,,,endoribonuclease Dicer [Nephila pilipes]
,GFU21256.1,,Nucleic Acid & Phosphate Digestion,Nucleases,Ribonuclease (RNase),0.0,0.0,0.0,0.0,0.0,0.0,No,"RVT_1,SAP,rve,zf-CCHC",,,,RT_RNaseH_2 domain-containing protein [Nephila pilipes]
,GFU24908.1,107371558,Nucleic Acid & Phosphate Digestion,Nucleases,Deoxyribonuclease (DNase),0.0,0.0,0.0,0.0,0.0,0.0,No,DNase_II,ko:K01158,"map04142,ko04142",,deoxyribonuclease-2 [Nephila pilipes]
,GFU24914.1,,Nucleic Acid & Phosphate Digestion,Nucleases,Deoxyribonuclease (DNase),0.0,0.0,0.0,0.0,0.0,0.0,No,DNase_II,,,,deoxyribonuclease-2 [Nephila pilipes]
,GFU25028.1,,Nucleic Acid & Phosphate Digestion,Nucleases,Ribonuclease (RNase),0.0,0.0,0.0,0.0,0.0,0.0,No,"Gal-3-0_sulfotr,RNase_H",,,,RNase H domain-containing protein [Nephila pilipes]
,GFU25584.1,,Nucleic Acid & Phosphate Digestion,Nucleases,Deoxyribonuclease (DNase),0.0,0.0,0.0,0.0,0.0,0.0,No,TatD_DNase,,,,putative deoxyribonuclease TATDN2 [Nephila pilipes]
,GFU28545.1,G5I_13261,Nucleic Acid & Phosphate Digestion,Nucleases,Ribonuclease (RNase),0.0,0.0,0.0,0.0,0.0,0.0,No,"Ribonucleas_3_3,dsrm",ko:K03685,"ko03008,ko05205,map05205,map03008",,ribonuclease 3 [Nephila pilipes]
,GFU28708.1,GF11967,Nucleic Acid & Phosphate Digestion,Nucleases,Ribonuclease (RNase),0.0,0.0,0.0,0.0,0.0,0.0,No,tRNA_m1G_MT,ko:K17654,,,mitochondrial ribonuclease P protein 1 homolog [Nephila pilipes]
,GFU31442.1,L798_14266,Nucleic Acid & Phosphate Digestion,Nucleases,Ribonuclease (RNase),0.0,0.0,0.0,0.0,0.0,0.0,No,tRNA_m1G_MT,ko:K17654,,,mitochondrial ribonuclease P protein 1 homolog [Nephila pilipes]
,GFU32715.1,,Nucleic Acid & Phosphate Digestion,Nucleases,Ribonuclease (RNase),0.0,0.0,0.0,0.0,0.0,0.0,No,Ribonuclease_T2,ko:K01166,,,ribonuclease Oy [Nephila pilipes]
,GFU33472.1,,Nucleic Acid & Phosphate Digestion,Nucleases,Ribonuclease (RNase),0.0,0.0,0.0,0.0,0.0,0.0,No,"Exo_endo_phos_2,RVT_1",,,,RNase H domain-containing protein [Nephila pilipes]
,GFU38310.1,,Nucleic Acid & Phosphate Digestion,Nucleases,Ribonuclease (RNase),0.0,0.0,0.0,0.0,0.0,0.0,No,RNase_T,,,,"ERI1 exoribonuclease 3, partial [Nephila pilipes]"
,GFU47682.1,,Nucleic Acid & Phosphate Digestion,Nucleases,Ribonuclease (RNase),0.0,0.0,0.0,0.0,0.0,0.0,No,rve,,,,RT_RNaseH domain-containing protein [Nephila pilipes]
,GFU54979.1,LACTB2,Nucleic Acid & Phosphate Digestion,Nucleases,Ribonuclease (RNase),0.0,0.0,0.0,0.0,0.0,0.0,No,Lactamase_B,,,,endoribonuclease LACTB2 [Nephila pilipes]
,GFU60012.1,,Nucleic Acid & Phosphate Digestion,Nucleases,Ribonuclease (RNase),0.0,0.0,0.0,0.0,0.0,0.0,No,"RVT_1,rve",,,,RT_RNaseH_2 domain-containing protein [Nephila pilipes]
,GFU61662.1,20194727,Nucleic Acid & Phosphate Digestion,Nucleases,Ribonuclease (RNase),0.0,0.0,0.0,0.0,0.0,0.0,No,,ko:K19770,"map04212,ko04212",,ribonuclease kappa [Nephila pilipes]
NPIL_505311,GFS61234.1,ALPL,Nucleic Acid & Phosphate Digestion,Phosphatases,Alkaline Phosphatase,0.0411555623521637,0.0,0.0173488862545564,0.0,0.014626112151680026,0.020948194880896394,No,Alk_phosphatase,,,,hypothetical protein NPIL_505311 [Nephila pilipes]
NPIL_75261,GFU06939.1,ALPL,Nucleic Acid & Phosphate Digestion,Phosphatases,Alkaline Phosphatase,0.0,0.0,0.0179323444254111,0.0,0.004483086106352775,0.006453271591435997,No,Alk_phosphatase,,,,hypothetical protein NPIL_75261 [Nephila pilipes]
NPIL_138471,GFU40535.1,ALPL,Nucleic Acid & Phosphate Digestion,Phosphatases,Alkaline Phosphatase,0.0,0.0,0.0,0.0,0.0,0.0,No,Alk_phosphatase,,,,hypothetical protein NPIL_138471 [Nephila pilipes]
"NPIL_196181,",GFU07164.1,KGM_215259,Nucleic Acid & Phosphate Digestion,Phosphatases,Alkaline Phosphatase,0.0,0.0,0.0,0.0,0.0,0.0,No,Alk_phosphatase,ko:K01077,"map01100,ko01100,map00730,ko00730,ko00790,map02020,ko02020,map00790",,"hypothetical protein NPIL_196181, partial [Nephila pilipes]"
"NPIL_585211,",GFT09365.1,,Nucleic Acid & Phosphate Digestion,Phosphatases,Alkaline Phosphatase,0.0,0.0,0.0,0.0,0.0,0.0,No,Alk_phosphatase,,,,"uncharacterized protein NPIL_585211, partial [Nephila pilipes]"
NPIL_648621,GFT05344.1,ALPL,Nucleic Acid & Phosphate Digestion,Phosphatases,Alkaline Phosphatase,0.0,0.0,0.0,0.0,0.0,0.0,No,Alk_phosphatase,,,,hypothetical protein NPIL_648621 [Nephila pilipes]
,GFS34737.1,L798_10497,Nucleic Acid & Phosphate Digestion,Phosphatases,Alkaline Phosphatase,0.0,0.0,0.0,0.0,0.0,0.0,No,Alk_phosphatase,ko:K01077,"map01100,ko01100,map00730,ko00730,ko00790,map02020,ko02020,map00790",,"alkaline phosphatase, tissue-nonspecific isozyme [Nephila pilipes]"
,GFS55412.1,101894928,Nucleic Acid & Phosphate Digestion,Phosphatases,Alkaline Phosphatase,0.0,0.0,0.0,0.0,0.0,0.0,No,Alk_phosphatase,ko:K01077,"map01100,ko01100,map00730,ko00730,ko00790,map02020,ko02020,map00790",,"alkaline phosphatase, tissue-nonspecific isozyme [Nephila pilipes]"
,GFS70707.1,L798_10497,Nucleic Acid & Phosphate Digestion,Phosphatases,Alkaline Phosphatase,0.0,0.0,0.0,0.0,0.0,0.0,No,Alk_phosphatase,ko:K01077,"map01100,ko01100,map00730,ko00730,ko00790,map02020,ko02020,map00790",,"alkaline phosphatase, tissue-nonspecific isozyme [Nephila pilipes]"
,GFS85849.1,107368334,Nucleic Acid & Phosphate Digestion,Phosphatases,Acid Phosphatase,0.0,0.0,0.0,0.0,0.0,0.0,No,"Metallophos,Metallophos_C,Pur_ac_phosph_N",ko:K22390,,,acid phosphatase type 7 [Nephila pilipes]
,GFS85850.1,107368334,Nucleic Acid & Phosphate Digestion,Phosphatases,Acid Phosphatase,0.0,0.0,0.0,0.0,0.0,0.0,No,"Metallophos,Metallophos_C,Pur_ac_phosph_N",ko:K22390,,,acid phosphatase type 7 [Nephila pilipes]
,GFS88556.1,L798_10497,Nucleic Acid & Phosphate Digestion,Phosphatases,Alkaline Phosphatase,0.0,0.0,0.0,0.0,0.0,0.0,No,Alk_phosphatase,ko:K01077,"map01100,ko01100,map00730,ko00730,ko00790,map02020,ko02020,map00790",,"alkaline phosphatase, tissue-nonspecific isozyme [Nephila pilipes]"
,GFS99562.1,,Nucleic Acid & Phosphate Digestion,Phosphatases,Alkaline Phosphatase,0.0,0.0,0.0,0.0,0.0,0.0,No,Alk_phosphatase,ko:K01077,"map01100,ko01100,map00730,ko00730,ko00790,map02020,ko02020,map00790",,"membrane-bound alkaline phosphatase, partial [Nephila pilipes]"
,GFT04729.1,L798_10497,Nucleic Acid & Phosphate Digestion,Phosphatases,Alkaline Phosphatase,0.0,0.0,0.0,0.0,0.0,0.0,No,Alk_phosphatase,ko:K01077,"map01100,ko01100,map00730,ko00730,ko00790,map02020,ko02020,map00790",,"alkaline phosphatase, tissue-nonspecific isozyme [Nephila pilipes]"
,GFT13500.1,L798_10497,Nucleic Acid & Phosphate Digestion,Phosphatases,Alkaline Phosphatase,0.0,0.0,0.0,0.0,0.0,0.0,No,Alk_phosphatase,ko:K01077,"map01100,ko01100,map00730,ko00730,ko00790,map02020,ko02020,map00790",,"alkaline phosphatase, tissue-nonspecific isozyme [Nephila pilipes]"
,GFT20924.1,L798_10497,Nucleic Acid & Phosphate Digestion,Phosphatases,Alkaline Phosphatase,0.0,0.0,0.0,0.0,0.0,0.0,No,Alk_phosphatase,ko:K01077,"map01100,ko01100,map00730,ko00730,ko00790,map02020,ko02020,map00790",,"alkaline phosphatase, tissue-nonspecific isozyme [Nephila pilipes]"
,GFT41239.1,,Nucleic Acid & Phosphate Digestion,Phosphatases,Alkaline Phosphatase,0.0,0.0,0.0,0.0,0.0,0.0,No,Alk_phosphatase,ko:K01077,"map01100,ko01100,map00730,ko00730,ko00790,map02020,ko02020,map00790",,"alkaline phosphatase, placental type [Nephila pilipes]"
,GFT42838.1,ACPP,Nucleic Acid & Phosphate Digestion,Phosphatases,Acid Phosphatase,0.0,0.0,0.0,0.0,0.0,0.0,No,His_Phos_2,,,,prostatic acid phosphatase [Nephila pilipes]
,GFT59636.1,,Nucleic Acid & Phosphate Digestion,Phosphatases,Alkaline Phosphatase,0.0,0.0,0.0,0.0,0.0,0.0,No,Alk_phosphatase,ko:K01077,"map01100,ko01100,map00730,ko00730,ko00790,map02020,ko02020,map00790",,"alkaline phosphatase, tissue-nonspecific isozyme [Nephila pilipes]"
,GFT63046.1,v1g235218,Nucleic Acid & Phosphate Digestion,Phosphatases,Acid Phosphatase,0.0,0.0,0.0,0.0,0.0,0.0,No,Metallophos,ko:K14379,"map01100,map05323,ko05323,ko01100,ko04142,map04142,ko00740,map04380,ko04380,map00740",,tartrate-resistant acid phosphatase type 5 [Nephila pilipes]
,GFT68848.1,,Nucleic Acid & Phosphate Digestion,Phosphatases,Alkaline Phosphatase,0.0,0.0,0.0,0.0,0.0,0.0,No,Alk_phosphatase,,,,"alkaline phosphatase, tissue-nonspecific isozyme, partial [Nephila pilipes]"
,GFT76757.1,CG9449,Nucleic Acid & Phosphate Digestion,Phosphatases,Acid Phosphatase,0.0,0.0,0.0,0.0,0.0,0.0,No,His_Phos_2,ko:K19283,,"P|GO:0006793|ISS,P|GO:0006796|ISS,P|GO:0008150|ISS,P|GO:0008152|ISS,P|GO:0009987|ISS,P|GO:0016311|ISS,P|GO:0016311|ISS,P|GO:0044237|ISS,C|GO:0005575|ISS,C|GO:0005576|ISS,C|GO:0005615|ISS,C|GO:0005622|ISS,C|GO:0005623|ISS,C|GO:0005634|ISS,C|GO:0031982|ISS,C|GO:0043226|ISS,C|GO:0043227|ISS,C|GO:0043229|ISS,C|GO:0043230|ISS,C|GO:0043231|ISS,C|GO:0044421|ISS,C|GO:0044424|ISS,C|GO:0044464|ISS,C|GO:0070062|ISS,C|GO:1903561|ISS,F|GO:0003674|ISS,F|GO:0003824|ISS,F|GO:0003993|ISS,F|GO:0016787|ISS,F|GO:0016788|ISS,F|GO:0016791|ISS,F|GO:0042578|ISS",testicular acid phosphatase homolog [Nephila pilipes]
,GFT86840.1,,Nucleic Acid & Phosphate Digestion,Phosphatases,Alkaline Phosphatase,0.0,0.0,0.0,0.0,0.0,0.0,No,Alk_phosphatase,ko:K01077,"map01100,ko01100,map00730,ko00730,ko00790,map02020,ko02020,map00790",,"membrane-bound alkaline phosphatase, partial [Nephila pilipes]"
,GFT93792.1,,Nucleic Acid & Phosphate Digestion,Phosphatases,Alkaline Phosphatase,0.0,0.0,0.0,0.0,0.0,0.0,No,Alk_phosphatase,ko:K01077,"map01100,ko01100,map00730,ko00730,ko00790,map02020,ko02020,map00790",,membrane-bound alkaline phosphatase [Nephila pilipes]
,GFU00244.1,GE10406,Nucleic Acid & Phosphate Digestion,Phosphatases,Acid Phosphatase,0.0,0.0,0.0,0.0,0.0,0.0,No,His_Phos_2,ko:K14410,"map01100,ko01100,ko04142,map04142,ko00740,map00740",,prostatic acid phosphatase [Nephila pilipes]
,GFU05472.1,ALPL,Nucleic Acid & Phosphate Digestion,Phosphatases,Alkaline Phosphatase,0.0,0.0,0.0,0.0,0.0,0.0,No,Alk_phosphatase,,,,"alkaline phosphatase, tissue-nonspecific isozyme [Nephila pilipes]"
,GFU16163.1,ALPL,Nucleic Acid & Phosphate Digestion,Phosphatases,Alkaline Phosphatase,0.0,0.0,0.0,0.0,0.0,0.0,No,Alk_phosphatase,ko:K01077,"map01100,ko01100,map00730,ko00730,ko00790,map02020,ko02020,map00790",,"alkaline phosphatase, tissue-nonspecific isozyme [Nephila pilipes]"
,GFU19033.1,,Nucleic Acid & Phosphate Digestion,Phosphatases,Alkaline Phosphatase,0.0,0.0,0.0,0.0,0.0,0.0,No,Alk_phosphatase,ko:K01077,"map01100,ko01100,map00730,ko00730,ko00790,map02020,ko02020,map00790",,membrane-bound alkaline phosphatase [Nephila pilipes]
,GFU24633.1,GH24660,Nucleic Acid & Phosphate Digestion,Phosphatases,Acid Phosphatase,0.0,0.0,0.0,0.0,0.0,0.0,No,"Metallophos,Metallophos_C,Pur_ac_phosph_N",ko:K22390,,,acid phosphatase type 7 [Nephila pilipes]
,GFU28551.1,,Nucleic Acid & Phosphate Digestion,Phosphatases,Acid Phosphatase,0.0,0.0,0.0,0.0,0.0,0.0,No,His_Phos_2,ko:K14410,"map01100,ko01100,ko04142,map04142,ko00740,map00740",,testicular acid phosphatase homolog [Nephila pilipes]
,GFU28554.1,ACP2,Nucleic Acid & Phosphate Digestion,Phosphatases,Acid Phosphatase,0.0,0.0,0.0,0.0,0.0,0.0,No,His_Phos_2,ko:K14410,"map01100,ko01100,ko04142,map04142,ko00740,map00740",,testicular acid phosphatase homolog [Nephila pilipes]
,GFU28557.1,GF16215,Nucleic Acid & Phosphate Digestion,Phosphatases,Acid Phosphatase,0.0,0.0,0.0,0.0,0.0,0.0,No,His_Phos_2,ko:K14410,"map01100,ko01100,ko04142,map04142,ko00740,map00740",,lysosomal acid phosphatase [Nephila pilipes]
,GFU28561.1,GI21969,Nucleic Acid & Phosphate Digestion,Phosphatases,Acid Phosphatase,0.0,0.0,0.0,0.0,0.0,0.0,No,His_Phos_2,ko:K14410,"map01100,ko01100,ko04142,map04142,ko00740,map00740",,testicular acid phosphatase homolog [Nephila pilipes]
,GFU28566.1,CG9449,Nucleic Acid & Phosphate Digestion,Phosphatases,Acid Phosphatase,0.0,0.0,0.0,0.0,0.0,0.0,No,His_Phos_2,ko:K19283,,"P|GO:0006793|ISS,P|GO:0006796|ISS,P|GO:0008150|ISS,P|GO:0008152|ISS,P|GO:0009987|ISS,P|GO:0016311|ISS,P|GO:0016311|ISS,P|GO:0044237|ISS,C|GO:0005575|ISS,C|GO:0005576|ISS,C|GO:0005615|ISS,C|GO:0005622|ISS,C|GO:0005623|ISS,C|GO:0005634|ISS,C|GO:0031982|ISS,C|GO:0043226|ISS,C|GO:0043227|ISS,C|GO:0043229|ISS,C|GO:0043230|ISS,C|GO:0043231|ISS,C|GO:0044421|ISS,C|GO:0044424|ISS,C|GO:0044464|ISS,C|GO:0070062|ISS,C|GO:1903561|ISS,F|GO:0003674|ISS,F|GO:0003824|ISS,F|GO:0003993|ISS,F|GO:0016787|ISS,F|GO:0016788|ISS,F|GO:0016791|ISS,F|GO:0042578|ISS",testicular acid phosphatase homolog [Nephila pilipes]
,GFU44727.1,L798_10497,Nucleic Acid & Phosphate Digestion,Phosphatases,Alkaline Phosphatase,0.0,0.0,0.0,0.0,0.0,0.0,No,Alk_phosphatase,ko:K01077,"map01100,ko01100,map00730,ko00730,ko00790,map02020,ko02020,map00790",,"alkaline phosphatase, tissue-nonspecific isozyme [Nephila pilipes]"
NPIL_539691,GFT36948.1,,Protein Digestion & Proteolysis,Aspartic Proteases,Cathepsin D/E & Pepsin (Peptidase A1),8.86955487540648,3.21278589051576,0.334827663337095,81.6816752053334,23.524710908648185,4.616164225292415,Yes,"DUF1758,DUF1759,Peptidase_A17,RVT_1,rve",,,,uncharacterized protein NPIL_539691 [Nephila pilipes]
NPIL_441981,GFS88750.1,,Protein Digestion & Proteolysis,Aspartic Proteases,Cathepsin D/E & Pepsin (Peptidase A1),0.250428538643951,0.0,8.86760142774292,0.925262501849194,2.510823117059016,1.8118093119207086,Yes,"Peptidase_A17,rve",,,,uncharacterized protein NPIL_441981 [Nephila pilipes]
NPIL_366101,GFU36880.1,,Protein Digestion & Proteolysis,Aspartic Proteases,Cathepsin D/E & Pepsin (Peptidase A1),2.68072367502957,0.0,0.0,3.30150483614372,1.4955571277933224,1.3193619301029869,Yes,"DUF1758,DUF1759,Peptidase_A17,RVT_1",,,,uncharacterized protein NPIL_366101 [Nephila pilipes]
NPIL_597191,GFU00920.1,,Protein Digestion & Proteolysis,Aspartic Proteases,Cathepsin D/E & Pepsin (Peptidase A1),1.73782480675149,0.822077085452727,0.66643508875592,1.0924227282352,1.0796899272988343,1.0563684448592148,Yes,"DUF1758,DUF1759,Peptidase_A17",,,,uncharacterized protein NPIL_597191 [Nephila pilipes]
NPIL_4321,GFT49163.1,,Protein Digestion & Proteolysis,Aspartic Proteases,Cathepsin D/E & Pepsin (Peptidase A1),0.0,1.07291230533536,2.86400091523413,0.260395935929117,1.049327289124652,1.0351504092834147,Yes,"DUF1758,DUF1759,Peptidase_A17",,,,hypothetical protein NPIL_4321 [Nephila pilipes]
NPIL_196071,GFT14307.1,,Protein Digestion & Proteolysis,Aspartic Proteases,Cathepsin D/E & Pepsin (Peptidase A1),0.0,2.76846443757209,1.36647087603929,0.0,1.033733828402845,1.0241308740965602,Yes,"DUF1758,Peptidase_A17",,,,hypothetical protein NPIL_196071 [Nephila pilipes]
NPIL_118741,GFS93384.1,,Protein Digestion & Proteolysis,Aspartic Proteases,Cathepsin D/E & Pepsin (Peptidase A1),0.0,0.99707148326351,3.048086314517,0.0,1.0112894494451274,1.0081207182567125,Yes,"DUF1758,DUF1759,Peptidase_A17,rve",,,,hypothetical protein NPIL_118741 [Nephila pilipes]
NPIL_589341,GFT62365.1,,Protein Digestion & Proteolysis,Aspartic Proteases,Cathepsin D/E & Pepsin (Peptidase A1),0.0,0.0,3.38244272146657,0.0,0.8456106803666426,0.884098257891339,Yes,"DUF1759,Peptidase_A17",,,,hypothetical protein NPIL_589341 [Nephila pilipes]
NPIL_207271,GFT83760.1,,Protein Digestion & Proteolysis,Aspartic Proteases,Cathepsin D/E & Pepsin (Peptidase A1),0.0,0.0,3.37617893864904,0.0,0.84404473466226,0.8828736545159348,Yes,"DUF1758,DUF1759,Peptidase_A17",,,,uncharacterized protein NPIL_207271 [Nephila pilipes]
NPIL_420701,GFU17358.1,,Protein Digestion & Proteolysis,Aspartic Proteases,Cathepsin D/E & Pepsin (Peptidase A1),0.0,2.28276892220856,0.697851340428892,0.0,0.7451550656593631,0.8033552327206018,Yes,"DUF1758,DUF1759,Peptidase_A17",,,,uncharacterized protein NPIL_420701 [Nephila pilipes]
NPIL_165961,GFU48756.1,,Protein Digestion & Proteolysis,Aspartic Proteases,Cathepsin D/E & Pepsin (Peptidase A1),0.0,0.993265866915176,1.51822619864301,0.0,0.6278730163895465,0.7029881653472979,Yes,"DUF1758,DUF1759,Peptidase_A17",,,,hypothetical protein NPIL_165961 [Nephila pilipes]
NPIL_518051,GFT60856.1,,Protein Digestion & Proteolysis,Aspartic Proteases,Cathepsin D/E & Pepsin (Peptidase A1),0.0,1.46405432985528,0.839188320768921,0.0,0.5758106626560502,0.6560942020172056,Yes,"DUF1758,Peptidase_A17,RVT_1,rve",,,,uncharacterized protein NPIL_518051 [Nephila pilipes]
NPIL_332571,GFU39406.1,,Protein Digestion & Proteolysis,Aspartic Proteases,Cathepsin D/E & Pepsin (Peptidase A1),0.720316590542297,0.198653173383035,0.227733929796451,0.998012148941154,0.5361789606657342,0.6193462958933278,Yes,"DUF1758,DUF1759,Peptidase_A17",,,,hypothetical protein NPIL_332571 [Nephila pilipes]
NPIL_241391,GFS59627.1,101901826,Protein Digestion & Proteolysis,Aspartic Proteases,Cathepsin D/E & Pepsin (Peptidase A1),0.0,0.0,1.9834048585436,0.0,0.4958512146359,0.5809666841949322,Yes,Peptidase_A17,,,,uncharacterized protein NPIL_241391 [Nephila pilipes]
NPIL_380081,GFU01333.1,,Protein Digestion & Proteolysis,Aspartic Proteases,Cathepsin D/E & Pepsin (Peptidase A1),0.308471635701343,0.765649203722127,0.503883343632663,0.356161031685984,0.4835413036855292,0.5690450938507138,Yes,"DUF1759,Peptidase_A17",,,,uncharacterized protein NPIL_380081 [Nephila pilipes]
NPIL_334061,GFS57126.1,,Protein Digestion & Proteolysis,Aspartic Proteases,Cathepsin D/E & Pepsin (Peptidase A1),0.0,0.0,0.25465765943948,1.67400245212921,0.4821650278921725,0.5677060897939991,Yes,"DUF1759,Peptidase_A17",,,,uncharacterized protein NPIL_334061 [Nephila pilipes]
NPIL_609271,GFS68951.1,,Protein Digestion & Proteolysis,Aspartic Proteases,Cathepsin D/E & Pepsin (Peptidase A1),0.0,0.0,1.90505394657312,0.0,0.47626348664328,0.5619502396559642,Yes,"DUF1759,Peptidase_A17,rve",,,,hypothetical protein NPIL_609271 [Nephila pilipes]
NPIL_33011,GFT05208.1,,Protein Digestion & Proteolysis,Aspartic Proteases,Cathepsin D/E & Pepsin (Peptidase A1),0.0,0.346980876175702,1.37011479837539,0.0,0.42927391863777303,0.5152824337114859,Yes,"Peptidase_A17,rve",,,,uncharacterized protein NPIL_33011 [Nephila pilipes]
NPIL_655731,GFS29189.1,EFV50395,Protein Digestion & Proteolysis,Aspartic Proteases,Cathepsin D/E & Pepsin (Peptidase A1),0.274306608607677,0.0,0.578161720994867,0.760113904135414,0.4031455584344895,0.48866467790934237,Yes,Peptidase_A17,,,,hypothetical protein NPIL_655731 [Nephila pilipes]
NPIL_573841,GFT67910.1,,Protein Digestion & Proteolysis,Aspartic Proteases,Cathepsin D/E & Pepsin (Peptidase A1),0.502549812476712,0.429335479955359,0.551120584633625,0.0698037285960678,0.38820240141544093,0.4732179297534046,Yes,"DUF1759,Peptidase_A17,rve",,,,uncharacterized protein NPIL_573841 [Nephila pilipes]
NPIL_147161,GFU31436.1,,Protein Digestion & Proteolysis,Aspartic Proteases,Cathepsin D/E & Pepsin (Peptidase A1),0.0507210671689104,0.223810498500775,1.09043960794818,0.117124983436619,0.3705240392636211,0.45472763354293094,Yes,"DUF1759,Peptidase_A17,rve",,,,uncharacterized protein NPIL_147161 [Nephila pilipes]
NPIL_172381,GFS81561.1,103309893,Protein Digestion & Proteolysis,Aspartic Proteases,Cathepsin D/E & Pepsin (Peptidase A1),0.560718235731362,0.816956498305872,0.0981148063613138,0.0,0.3689473850996369,0.4530669983017708,Yes,"DUF1758,DUF1759,Peptidase_A17,rve",,,,uncharacterized protein NPIL_172381 [Nephila pilipes]
NPIL_537931,GFT47306.1,,Protein Digestion & Proteolysis,Aspartic Proteases,Cathepsin D/E & Pepsin (Peptidase A1),0.314748076587861,0.0,0.796081248921551,0.290726243076031,0.3503888921463607,0.4333749420729688,Yes,"Peptidase_A17,rve",,,,uncharacterized protein NPIL_537931 [Nephila pilipes]
NPIL_81061,GFS73875.1,EFV49170,Protein Digestion & Proteolysis,Aspartic Proteases,Cathepsin D/E & Pepsin (Peptidase A1),0.0,0.0,1.36224405494681,0.0,0.3405610137367025,0.42283688303713785,Yes,"DUF1758,Peptidase_A17",,,,uncharacterized protein NPIL_81061 [Nephila pilipes]
NPIL_646711,GFS47721.1,,Protein Digestion & Proteolysis,Aspartic Proteases,Cathepsin D/E & Pepsin (Peptidase A1),0.0,0.402218944562251,0.845349286029589,0.112261370007978,0.3399574001499545,0.42218713533279634,Yes,"DUF1759,Peptidase_A17",,,,hypothetical protein NPIL_646711 [Nephila pilipes]
NPIL_512191,GFU33069.1,,Protein Digestion & Proteolysis,Aspartic Proteases,Cathepsin D/E & Pepsin (Peptidase A1),0.619492434905573,0.276546587596353,0.35564277281069,0.0712482191357114,0.33073250361208184,0.41222059792372423,Yes,"DUF1758,Peptidase_A17,RVT_1,rve",,,,uncharacterized protein NPIL_512191 [Nephila pilipes]
NPIL_567231,GFT43550.1,103309893,Protein Digestion & Proteolysis,Aspartic Proteases,Cathepsin D/E & Pepsin (Peptidase A1),0.0,0.0,1.29991916354401,0.0,0.3249797908860025,0.40597035529025927,Yes,"DUF1758,DUF1759,Peptidase_A17,rve",,,,uncharacterized protein NPIL_567231 [Nephila pilipes]
NPIL_700851,GFS82676.1,,Protein Digestion & Proteolysis,Aspartic Proteases,Cathepsin D/E & Pepsin (Peptidase A1),0.0,0.0,1.28729858914067,0.0,0.3218246472851675,0.40253080220755827,Yes,"DUF1759,Peptidase_A17",,,,uncharacterized protein NPIL_700851 [Nephila pilipes]
NPIL_82721,GFT64854.1,,Protein Digestion & Proteolysis,Aspartic Proteases,Cathepsin D/E & Pepsin (Peptidase A1),0.747258256392258,0.317051239195634,0.193847594563581,0.0,0.31453927253786823,0.39455724385726665,Yes,"DUF1759,Peptidase_A17,rve",,,,uncharacterized protein NPIL_82721 [Nephila pilipes]
NPIL_39221,GFU24716.1,,Protein Digestion & Proteolysis,Aspartic Proteases,Cathepsin D/E & Pepsin (Peptidase A1),0.655288009451673,0.0,0.552465644506206,0.0,0.30193841348946976,0.38066120529711633,Yes,"Peptidase_A17,rve",,,,uncharacterized protein NPIL_39221 [Nephila pilipes]
NPIL_201091,GFT13168.1,,Protein Digestion & Proteolysis,Aspartic Proteases,Cathepsin D/E & Pepsin (Peptidase A1),0.0,0.414608057034163,0.501708046790022,0.28929808707579,0.3014035477249937,0.3800683917456854,Yes,"DUF1758,Peptidase_A17,rve",,,,uncharacterized protein NPIL_201091 [Nephila pilipes]
NPIL_473791,GFS74376.1,,Protein Digestion & Proteolysis,Aspartic Proteases,Cathepsin D/E & Pepsin (Peptidase A1),0.0,0.0,1.20537958801354,0.0,0.301344897003385,0.38000337193526523,Yes,Peptidase_A17,,,,uncharacterized protein NPIL_473791 [Nephila pilipes]
NPIL_368991,GFS88935.1,,Protein Digestion & Proteolysis,Aspartic Proteases,Cathepsin D/E & Pepsin (Peptidase A1),0.187225145557621,0.0,0.315694654003546,0.691743870430112,0.29866591749781973,0.3770303444435866,Yes,"Peptidase_A17,RVT_1",,,,uncharacterized protein NPIL_368991 [Nephila pilipes]
NPIL_272241,GFU33432.1,,Protein Digestion & Proteolysis,Aspartic Proteases,Cathepsin D/E & Pepsin (Peptidase A1),0.0368830024081617,0.244123505752135,0.590816918139845,0.272544489287661,0.2860919788969507,0.3629938252111522,Yes,"DUF1759,Peptidase_A17,rve",,,,uncharacterized protein NPIL_272241 [Nephila pilipes]
NPIL_369051,GFS88948.1,,Protein Digestion & Proteolysis,Aspartic Proteases,Cathepsin D/E & Pepsin (Peptidase A1),0.714859646674552,0.0,0.301344897003385,0.0,0.25405113591948425,0.3265961775126108,Yes,"DUF1758,DUF1759,Peptidase_A17,rve",,,,uncharacterized protein NPIL_369051 [Nephila pilipes]
NPIL_700871,GFS82678.1,,Protein Digestion & Proteolysis,Aspartic Proteases,Cathepsin D/E & Pepsin (Peptidase A1),0.0,0.411444487926597,0.55142760356286,0.0199715246034082,0.24571090402321633,0.31696929651238387,Yes,"DUF1758,DUF1759,Endonuclease_7,Peptidase_A17",,,,uncharacterized protein NPIL_700871 [Nephila pilipes]
NPIL_98841,GFS85225.1,,Protein Digestion & Proteolysis,Aspartic Proteases,Cathepsin D/E & Pepsin (Peptidase A1),0.0,0.0,0.967823026872186,0.0,0.2419557567180465,0.3126137800798262,Yes,"DUF1758,DUF1759,Peptidase_A17,rve",,,,uncharacterized protein NPIL_98841 [Nephila pilipes]
NPIL_693331,GFU47134.1,,Protein Digestion & Proteolysis,Aspartic Proteases,Cathepsin D/E & Pepsin (Peptidase A1),0.0,0.384137443431232,0.453715746695918,0.116961523985768,0.2387036785282295,0.3088311086673757,Yes,"DUF1758,DUF1759,Peptidase_A17,rve",,,,uncharacterized protein NPIL_693331 [Nephila pilipes]
NPIL_305571,GFT03179.1,,Protein Digestion & Proteolysis,Aspartic Proteases,Cathepsin D/E & Pepsin (Peptidase A1),0.0,0.376063088340717,0.574819745729,0.0,0.23772070851742924,0.3076858073677926,Yes,"Peptidase_A17,RVT_1",,,,uncharacterized protein NPIL_305571 [Nephila pilipes]
NPIL_357681,GFT52808.1,,Protein Digestion & Proteolysis,Aspartic Proteases,Cathepsin D/E & Pepsin (Peptidase A1),0.326995204716478,0.566849946227631,0.0393836895093533,0.0,0.23330721011336558,0.3025322119887787,Yes,"Peptidase_A17,rve",,,,hypothetical protein NPIL_357681 [Nephila pilipes]
NPIL_622771,GFT64654.1,,Protein Digestion & Proteolysis,Aspartic Proteases,Cathepsin D/E & Pepsin (Peptidase A1),0.0,0.0,0.929381458047823,0.0,0.23234536451195575,0.3014066276595634,Yes,"DUF1758,DUF1759,Peptidase_A17,rve",,,,uncharacterized protein NPIL_622771 [Nephila pilipes]
NPIL_325681,GFS78863.1,,Protein Digestion & Proteolysis,Aspartic Proteases,Cathepsin D/E & Pepsin (Peptidase A1),0.0,0.291137861582617,0.635728406655695,0.0,0.231716567059578,0.3006703125740232,Yes,Peptidase_A17,,,,hypothetical protein NPIL_325681 [Nephila pilipes]
NPIL_677431,GFT68942.1,,Protein Digestion & Proteolysis,Aspartic Proteases,Cathepsin D/E & Pepsin (Peptidase A1),0.0,0.0,0.895890234334388,0.0,0.223972558583597,0.29157121322733365,Yes,"DUF1759,Peptidase_A17,rve",,,,hypothetical protein NPIL_677431 [Nephila pilipes]
NPIL_289151,GFT29346.1,103307814,Protein Digestion & Proteolysis,Aspartic Proteases,Cathepsin D/E & Pepsin (Peptidase A1),0.0,0.375339890093908,0.509968287236498,0.0,0.2213270443326015,0.2884495738379953,Yes,"DUF1758,DUF1759,Peptidase_A17,rve",,,,uncharacterized protein NPIL_289151 [Nephila pilipes]
NPIL_547061,GFU16523.1,,Protein Digestion & Proteolysis,Aspartic Proteases,Cathepsin D/E & Pepsin (Peptidase A1),0.0,0.876214333777024,0.0,0.0,0.219053583444256,0.2857615409460803,Yes,"DUF1758,Peptidase_A17,rve",,,,uncharacterized protein NPIL_547061 [Nephila pilipes]
NPIL_673251,GFT03446.1,,Protein Digestion & Proteolysis,Aspartic Proteases,Cathepsin D/E & Pepsin (Peptidase A1),0.0,0.0,0.872314175536115,0.0,0.21807854388402875,0.2846071638013299,Yes,"Peptidase_A17,rve",,,,uncharacterized protein NPIL_673251 [Nephila pilipes]
NPIL_380741,GFU19905.1,T01_5563,Protein Digestion & Proteolysis,Aspartic Proteases,Cathepsin D/E & Pepsin (Peptidase A1),0.0,0.481917883577363,0.368310429670804,0.0,0.21255707831204174,0.2780526604210493,Yes,"DUF1758,DUF1759,Peptidase_A17",,,,uncharacterized protein NPIL_380741 [Nephila pilipes]
NPIL_22121,GFT15712.1,,Protein Digestion & Proteolysis,Aspartic Proteases,Cathepsin D/E & Pepsin (Peptidase A1),0.0189025387341829,0.187669945046954,0.541841305188779,0.0698395253799632,0.20456332858746978,0.26851024366967585,Yes,"DUF1759,Peptidase_A17,rve",,,,hypothetical protein NPIL_22121 [Nephila pilipes]
NPIL_180431,GFS91345.1,EFV61807,Protein Digestion & Proteolysis,Aspartic Proteases,Cathepsin D/E & Pepsin (Peptidase A1),0.0,0.0580364980222516,0.35483966462486,0.388758821026735,0.20040874591846164,0.26352573525112777,Yes,"DUF1759,Peptidase_A17,rve",,,,uncharacterized protein NPIL_180431 [Nephila pilipes]
NPIL_590821,GFT28465.1,,Protein Digestion & Proteolysis,Aspartic Proteases,Cathepsin D/E & Pepsin (Peptidase A1),0.0,0.0,0.79396260288317,0.0,0.1984906507207925,0.2612186547431091,Yes,Peptidase_A17,,,,uncharacterized protein NPIL_590821 [Nephila pilipes]
NPIL_609241,GFS68945.1,,Protein Digestion & Proteolysis,Aspartic Proteases,Cathepsin D/E & Pepsin (Peptidase A1),0.0,0.0,0.789236635008866,0.0,0.1973091587522165,0.25979572054355304,Yes,"DUF1758,DUF1759,Peptidase_A17,RVT_1",,,,uncharacterized protein NPIL_609241 [Nephila pilipes]
NPIL_370941,GFU16863.1,,Protein Digestion & Proteolysis,Aspartic Proteases,Cathepsin D/E & Pepsin (Peptidase A1),0.049434971375231,0.218135504720684,0.520975565858744,0.0,0.19713651048866476,0.2595876733973801,Yes,"DUF1758,DUF1759,Peptidase_A17",,,,hypothetical protein NPIL_370941 [Nephila pilipes]
NPIL_616981,GFS38781.1,,Protein Digestion & Proteolysis,Aspartic Proteases,Cathepsin D/E & Pepsin (Peptidase A1),0.19597398413508,0.0,0.12391752773971,0.45254271897297,0.19310855771194,0.2547253159144757,Yes,"Peptidase_A17,rve",,,,hypothetical protein NPIL_616981 [Nephila pilipes]
NPIL_165161,GFT78559.1,,Protein Digestion & Proteolysis,Aspartic Proteases,Cathepsin D/E & Pepsin (Peptidase A1),0.0,0.0,0.753362242508463,0.0,0.18834056062711574,0.24894835021100184,Yes,"DUF1758,DUF1759,Peptidase_A17",,,,uncharacterized protein NPIL_165161 [Nephila pilipes]
NPIL_665341,GFT45593.1,,Protein Digestion & Proteolysis,Aspartic Proteases,Cathepsin D/E & Pepsin (Peptidase A1),0.0,0.0,0.139082260155409,0.609508585134224,0.18714771132240826,0.24749945404814064,Yes,"DUF1759,Peptidase_A17",,,,hypothetical protein NPIL_665341 [Nephila pilipes]
NPIL_489511,GFT79336.1,,Protein Digestion & Proteolysis,Aspartic Proteases,Cathepsin D/E & Pepsin (Peptidase A1),0.0,0.0,0.747697864745241,0.0,0.18692446618631026,0.2472281272917331,Yes,"DUF1759,Peptidase_A17,rve",,,,uncharacterized protein NPIL_489511 [Nephila pilipes]
NPIL_626971,GFT47737.1,,Protein Digestion & Proteolysis,Aspartic Proteases,Cathepsin D/E & Pepsin (Peptidase A1),0.0,0.0,0.740736059673125,0.0,0.18518401491828124,0.2451110733004223,Yes,"DUF1758,DUF1759,Endonuclease_7,Peptidase_A17",,,,uncharacterized protein NPIL_626971 [Nephila pilipes]
NPIL_365501,GFT97408.1,,Protein Digestion & Proteolysis,Aspartic Proteases,Cathepsin D/E & Pepsin (Peptidase A1),0.0,0.0,0.733902701189056,0.0,0.183475675297264,0.2430300537796242,Yes,Peptidase_A17,,,,hypothetical protein NPIL_365501 [Nephila pilipes]
NPIL_241401,GFS59628.1,,Protein Digestion & Proteolysis,Aspartic Proteases,Cathepsin D/E & Pepsin (Peptidase A1),0.0,0.0,0.713955602131097,0.0,0.17848890053277425,0.23693817078856258,Yes,"Peptidase_A17,rve",,,,uncharacterized protein NPIL_241401 [Nephila pilipes]
NPIL_684621,GFS75597.1,,Protein Digestion & Proteolysis,Aspartic Proteases,Cathepsin D/E & Pepsin (Peptidase A1),0.026116485389566,0.234083165613538,0.399085364966704,0.0542773206573127,0.1783905841567802,0.2368178077839298,Yes,"DUF1759,Peptidase_A17,rve",,,,hypothetical protein NPIL_684621 [Nephila pilipes]
NPIL_462231,GFS56678.1,,Protein Digestion & Proteolysis,Aspartic Proteases,Cathepsin D/E & Pepsin (Peptidase A1),0.0,0.0,0.697851340428892,0.0,0.174462835107223,0.2320010611961399,Yes,Peptidase_A17,,,,uncharacterized protein NPIL_462231 [Nephila pilipes]
NPIL_493271,GFU42602.1,,Protein Digestion & Proteolysis,Aspartic Proteases,Cathepsin D/E & Pepsin (Peptidase A1),0.0,0.26708701981396,0.417122655289826,0.0,0.1710524187759465,0.22780565535708755,Yes,"DUF1759,Peptidase_A17,rve",,,,uncharacterized protein NPIL_493271 [Nephila pilipes]
NPIL_49631,GFT29605.1,,Protein Digestion & Proteolysis,Aspartic Proteases,Cathepsin D/E & Pepsin (Peptidase A1),0.0,0.0,0.676488544293314,0.0,0.1691221360733285,0.2254256534821182,Yes,Peptidase_A17,,,,uncharacterized protein NPIL_49631 [Nephila pilipes]
NPIL_420371,GFS58498.1,,Protein Digestion & Proteolysis,Aspartic Proteases,Cathepsin D/E & Pepsin (Peptidase A1),0.0,0.0,0.66369621364483,0.0,0.1659240534112075,0.22147381655257053,Yes,"DUF1759,Peptidase_A17,rve",,,,hypothetical protein NPIL_420371 [Nephila pilipes]
NPIL_294181,GFS70269.1,,Protein Digestion & Proteolysis,Aspartic Proteases,Cathepsin D/E & Pepsin (Peptidase A1),0.0,0.0,0.662958773407447,0.0,0.16573969335186176,0.2212456744422174,Yes,"DUF1758,DUF1759,Peptidase_A17,rve",,,,uncharacterized protein NPIL_294181 [Nephila pilipes]
NPIL_338411,GFT40273.1,,Protein Digestion & Proteolysis,Aspartic Proteases,Cathepsin D/E & Pepsin (Peptidase A1),0.186117304459647,0.0,0.470739957449075,0.0,0.1642143154771805,0.21935666255498568,Yes,"Peptidase_A17,rve",,,,uncharacterized protein NPIL_338411 [Nephila pilipes]
NPIL_649511,GFT79993.1,,Protein Digestion & Proteolysis,Aspartic Proteases,Cathepsin D/E & Pepsin (Peptidase A1),0.0,0.0,0.656394825155888,0.0,0.164098706288972,0.2192133924696601,Yes,"Peptidase_A17,rve",,,,hypothetical protein NPIL_649511 [Nephila pilipes]
NPIL_111161,GFT32749.1,,Protein Digestion & Proteolysis,Aspartic Proteases,Cathepsin D/E & Pepsin (Peptidase A1),0.0,0.224534648086088,0.429006971575138,0.0,0.1633854049153065,0.21832911026836752,Yes,Peptidase_A17,,,,hypothetical protein NPIL_111161 [Nephila pilipes]
NPIL_220461,GFU30459.1,,Protein Digestion & Proteolysis,Aspartic Proteases,Cathepsin D/E & Pepsin (Peptidase A1),0.0,0.0,0.650668370847004,0.0,0.162667092711751,0.21743806805166865,Yes,Peptidase_A17,,,,hypothetical protein NPIL_220461 [Nephila pilipes]
NPIL_295481,GFU58054.1,,Protein Digestion & Proteolysis,Aspartic Proteases,Cathepsin D/E & Pepsin (Peptidase A1),0.0,0.0,0.639510070811042,0.0,0.1598775177027605,0.2139724657559162,Yes,"DUF1758,DUF1759,Peptidase_A17,rve",,,,uncharacterized protein NPIL_295481 [Nephila pilipes]
NPIL_181141,GFT11043.1,T01_11855,Protein Digestion & Proteolysis,Aspartic Proteases,Cathepsin D/E & Pepsin (Peptidase A1),0.0,0.137673684298257,0.439441771132714,0.0542476676879281,0.15784078077972477,0.2114368763214646,Yes,"Asp_protease_2,Peptidase_A17,RVT_1",,,,uncharacterized protein NPIL_181141 [Nephila pilipes]
NPIL_19781,GFT77515.1,,Protein Digestion & Proteolysis,Aspartic Proteases,Cathepsin D/E & Pepsin (Peptidase A1),0.0,0.0,0.625432805101365,0.0,0.15635820127534125,0.20958836596612798,Yes,"Peptidase_A17,rve",,,,uncharacterized protein NPIL_19781 [Nephila pilipes]
NPIL_645551,GFT46157.1,,Protein Digestion & Proteolysis,Aspartic Proteases,Cathepsin D/E & Pepsin (Peptidase A1),0.0,0.0,0.251120747502821,0.366833870682635,0.154488654546364,0.20725399545059597,Yes,"DUF1758,DUF1759,Peptidase_A17,rve",,,,uncharacterized protein NPIL_645551 [Nephila pilipes]
NPIL_661911,GFU41230.1,,Protein Digestion & Proteolysis,Aspartic Proteases,Cathepsin D/E & Pepsin (Peptidase A1),0.0,0.0,0.611585584324213,0.0,0.15289639608105324,0.20526287242089275,Yes,"Peptidase_A17,rve",,,,uncharacterized protein NPIL_661911 [Nephila pilipes]
NPIL_420081,GFS58425.1,,Protein Digestion & Proteolysis,Aspartic Proteases,Cathepsin D/E & Pepsin (Peptidase A1),0.0,0.116208558076157,0.368917701607607,0.119757801146186,0.15122101520748749,0.2031648334129609,Yes,"Peptidase_A17,rve",,,,hypothetical protein NPIL_420081 [Nephila pilipes]
NPIL_539491,GFU21160.1,,Protein Digestion & Proteolysis,Aspartic Proteases,Cathepsin D/E & Pepsin (Peptidase A1),0.0,0.0,0.60268979400677,0.0,0.1506724485016925,0.2024772129878575,Yes,"DUF1758,DUF1759,Peptidase_A17",,,,hypothetical protein NPIL_539491 [Nephila pilipes]
NPIL_324321,GFU58815.1,,Protein Digestion & Proteolysis,Aspartic Proteases,Cathepsin D/E & Pepsin (Peptidase A1),0.0,0.135751516500666,0.466872375639047,0.0,0.15065597303492825,0.20245655615854508,Yes,"Peptidase_A17,rve",,,,hypothetical protein NPIL_324321 [Nephila pilipes]
NPIL_268711,GFT17326.1,,Protein Digestion & Proteolysis,Aspartic Proteases,Cathepsin D/E & Pepsin (Peptidase A1),0.0,0.0,0.595471952162378,0.0,0.1488679880405945,0.20021303302244178,Yes,"Peptidase_A17,rve",,,,uncharacterized protein NPIL_268711 [Nephila pilipes]
NPIL_313881,GFT52690.1,,Protein Digestion & Proteolysis,Aspartic Proteases,Cathepsin D/E & Pepsin (Peptidase A1),0.0,0.0,0.591927476256649,0.0,0.14798186906416225,0.19909985663225896,Yes,"DUF1759,Peptidase_A17,rve",,,,uncharacterized protein NPIL_313881 [Nephila pilipes]
NPIL_449931,GFT33351.1,,Protein Digestion & Proteolysis,Aspartic Proteases,Cathepsin D/E & Pepsin (Peptidase A1),0.0,0.0,0.585997737248775,0.0,0.14649943431219375,0.1972356430868755,Yes,"DUF1759,Peptidase_A17",,,,hypothetical protein NPIL_449931 [Nephila pilipes]
NPIL_312551,GFT27415.1,,Protein Digestion & Proteolysis,Aspartic Proteases,Cathepsin D/E & Pepsin (Peptidase A1),0.0,0.0,0.576485889919519,0.0,0.14412147247987975,0.19424023257162307,Yes,Peptidase_A17,,,,hypothetical protein NPIL_312551 [Nephila pilipes]
NPIL_203811,GFT63876.1,,Protein Digestion & Proteolysis,Aspartic Proteases,Cathepsin D/E & Pepsin (Peptidase A1),0.0,0.0,0.571516183971937,0.0,0.14287904599298426,0.19267272727971965,Yes,"DUF1758,DUF1759,Peptidase_A17",,,,hypothetical protein NPIL_203811 [Nephila pilipes]
NPIL_213611,GFS78128.1,,Protein Digestion & Proteolysis,Aspartic Proteases,Cathepsin D/E & Pepsin (Peptidase A1),0.0,0.0,0.566631430262775,0.0,0.14165785756569374,0.19113035547289633,Yes,"DUF1759,Peptidase_A17,rve",,,,uncharacterized protein NPIL_213611 [Nephila pilipes]
NPIL_644101,GFT98896.1,,Protein Digestion & Proteolysis,Aspartic Proteases,Cathepsin D/E & Pepsin (Peptidase A1),0.0,0.0,0.566631430262775,0.0,0.14165785756569374,0.19113035547289633,Yes,Peptidase_A17,,,,uncharacterized protein NPIL_644101 [Nephila pilipes]
NPIL_655641,GFS29168.1,,Protein Digestion & Proteolysis,Aspartic Proteases,Cathepsin D/E & Pepsin (Peptidase A1),0.0577912012255272,0.0,0.487230847678183,0.0,0.13625551222592755,0.18428729326798104,Yes,"DUF1758,DUF1759,Peptidase_A17",,,,uncharacterized protein NPIL_655641 [Nephila pilipes]
NPIL_543981,GFT27466.1,,Protein Digestion & Proteolysis,Aspartic Proteases,Cathepsin D/E & Pepsin (Peptidase A1),0.285770664327804,0.0,0.120464949740905,0.13198020544245,0.13455395487778976,0.18212521948508392,Yes,"Peptidase_A17,rve",,,,uncharacterized protein NPIL_543981 [Nephila pilipes]
NPIL_633161,GFT16444.1,,Protein Digestion & Proteolysis,Aspartic Proteases,Cathepsin D/E & Pepsin (Peptidase A1),0.0,0.245711384199117,0.292113601375501,0.0,0.1344562463936545,0.18200096835080282,Yes,"DUF1758,Peptidase_A17,rve",,,,uncharacterized protein NPIL_633161 [Nephila pilipes]
NPIL_690901,GFT53354.1,,Protein Digestion & Proteolysis,Aspartic Proteases,Cathepsin D/E & Pepsin (Peptidase A1),0.0,0.0,0.526157756672577,0.0,0.13153943916814426,0.17828686980206648,Yes,"DUF1759,Peptidase_A17,rve",,,,hypothetical protein NPIL_690901 [Nephila pilipes]
NPIL_404891,GFT61886.1,gar1,Protein Digestion & Proteolysis,Aspartic Proteases,Cathepsin D/E & Pepsin (Peptidase A1),0.0304942713808948,0.112131875703109,0.299942568113504,0.0751117956516668,0.12942012771229364,0.17558224733316868,Yes,"Peptidase_A17,rve",,,,uncharacterized protein NPIL_404891 [Nephila pilipes]
NPIL_569581,GFU38051.1,,Protein Digestion & Proteolysis,Aspartic Proteases,Cathepsin D/E & Pepsin (Peptidase A1),0.0,0.101853486157251,0.408673216484043,0.0,0.1276316756603235,0.1732959095163758,Yes,"Peptidase_A17,rve",,,,hypothetical protein NPIL_569581 [Nephila pilipes]
NPIL_338231,GFT91926.1,T01_11252,Protein Digestion & Proteolysis,Aspartic Proteases,Cathepsin D/E & Pepsin (Peptidase A1),0.0,0.0,0.506935340753358,0.0,0.1267338351883395,0.17214675241767705,Yes,"DUF1758,DUF1759,Peptidase_A17",,,,uncharacterized protein NPIL_338231 [Nephila pilipes]
NPIL_369211,GFU28721.1,gar1,Protein Digestion & Proteolysis,Aspartic Proteases,Cathepsin D/E & Pepsin (Peptidase A1),0.0,0.219519552337375,0.26259644805987,0.0159832259359998,0.1245248065833112,0.16931548676266883,Yes,"Peptidase_A17,rve",,,,hypothetical protein NPIL_369211 [Nephila pilipes]
NPIL_463391,GFT97102.1,,Protein Digestion & Proteolysis,Aspartic Proteases,Cathepsin D/E & Pepsin (Peptidase A1),0.0,0.0,0.49474535328914,0.0,0.123686338322285,0.16823938315829862,Yes,Peptidase_A17,,,,uncharacterized protein NPIL_463391 [Nephila pilipes]
NPIL_678221,GFS43936.1,,Protein Digestion & Proteolysis,Aspartic Proteases,Cathepsin D/E & Pepsin (Peptidase A1),0.0,0.0542157619024534,0.435066695048637,0.0,0.1223206142377726,0.1664848706849131,Yes,Peptidase_A17,,,,uncharacterized protein NPIL_678221 [Nephila pilipes]
NPIL_1541,GFU35886.1,,Protein Digestion & Proteolysis,Aspartic Proteases,Cathepsin D/E & Pepsin (Peptidase A1),0.0,0.0,0.487948066786639,0.0,0.12198701669665975,0.1660559816011465,Yes,"DUF1759,Peptidase_A17",,,,hypothetical protein NPIL_1541 [Nephila pilipes]
NPIL_149591,GFT03913.1,,Protein Digestion & Proteolysis,Aspartic Proteases,Cathepsin D/E & Pepsin (Peptidase A1),0.0,0.100167689427166,0.382770654392291,0.0,0.12073458595486425,0.16444465739047467,Yes,"Peptidase_A17,rve",,,,hypothetical protein NPIL_149591 [Nephila pilipes]
NPIL_445781,GFT51459.1,,Protein Digestion & Proteolysis,Aspartic Proteases,Cathepsin D/E & Pepsin (Peptidase A1),0.0,0.346980876175702,0.132591754681489,0.0,0.11989315771429776,0.16336109997186873,Yes,"DUF1759,Peptidase_A17,rve",,,,uncharacterized protein NPIL_445781 [Nephila pilipes]
NPIL_334131,GFS81182.1,,Protein Digestion & Proteolysis,Aspartic Proteases,Cathepsin D/E & Pepsin (Peptidase A1),0.0,0.119728647306434,0.341059555519327,0.0182273887812527,0.11975389790175342,0.1631816882733083,Yes,"DUF1759,Peptidase_A17,rve",,,,uncharacterized protein NPIL_334131 [Nephila pilipes]
NPIL_251171,GFS91553.1,,Protein Digestion & Proteolysis,Aspartic Proteases,Cathepsin D/E & Pepsin (Peptidase A1),0.0,0.131614948606285,0.339484515400197,0.0,0.11777486600162049,0.16062964040812774,Yes,"DUF1758,DUF1759,Peptidase_A17",,,,uncharacterized protein NPIL_251171 [Nephila pilipes]
NPIL_429671,GFU10036.1,,Protein Digestion & Proteolysis,Aspartic Proteases,Cathepsin D/E & Pepsin (Peptidase A1),0.0,0.0244306850480451,0.429441939214362,0.0,0.11346815606560177,0.15506029926340875,Yes,"DUF1759,Peptidase_A17",,,,hypothetical protein NPIL_429671 [Nephila pilipes]
NPIL_626421,GFT54934.1,,Protein Digestion & Proteolysis,Aspartic Proteases,Cathepsin D/E & Pepsin (Peptidase A1),0.0,0.451798015853778,0.0,0.0,0.1129495039634445,0.15438813712357524,Yes,"DUF1758,DUF1759,Peptidase_A17,rve",,,,hypothetical protein NPIL_626421 [Nephila pilipes]
NPIL_334101,GFS81175.1,,Protein Digestion & Proteolysis,Aspartic Proteases,Cathepsin D/E & Pepsin (Peptidase A1),0.0,0.0,0.450992362862209,0.0,0.11274809071555225,0.1541270253756079,Yes,"DUF1758,DUF1759,Peptidase_A17,rve",,,,uncharacterized protein NPIL_334101 [Nephila pilipes]
NPIL_295621,GFU58075.1,,Protein Digestion & Proteolysis,Aspartic Proteases,Cathepsin D/E & Pepsin (Peptidase A1),0.0,0.0,0.444938774098958,0.0,0.1112346935247395,0.15216354708380825,Yes,"DUF1758,DUF1759,Peptidase_A17",,,,uncharacterized protein NPIL_295621 [Nephila pilipes]
NPIL_420711,GFU17360.1,,Protein Digestion & Proteolysis,Aspartic Proteases,Cathepsin D/E & Pepsin (Peptidase A1),0.0,0.427316349970076,0.0,0.0,0.106829087492519,0.14643246361579246,Yes,Peptidase_A17,,,,uncharacterized protein NPIL_420711 [Nephila pilipes]
NPIL_557351,GFT95169.1,,Protein Digestion & Proteolysis,Aspartic Proteases,Cathepsin D/E & Pepsin (Peptidase A1),0.0,0.0316261356421919,0.368601371858671,0.0264810499101276,0.10667713935274763,0.1462343933999456,Yes,"DUF1758,DUF1759,Peptidase_A17,rve",,,,hypothetical protein NPIL_557351 [Nephila pilipes]
NPIL_408001,GFT68097.1,,Protein Digestion & Proteolysis,Aspartic Proteases,Cathepsin D/E & Pepsin (Peptidase A1),0.0,0.0,0.422266734654425,0.0,0.10556668366360625,0.14478604576869827,Yes,"Peptidase_A17,rve",,,,hypothetical protein NPIL_408001 [Nephila pilipes]
NPIL_211711,GFS58927.1,T01_11252,Protein Digestion & Proteolysis,Aspartic Proteases,Cathepsin D/E & Pepsin (Peptidase A1),0.0,0.0,0.41959416038446,0.0,0.104898540096115,0.1439138968378613,Yes,"DUF1758,DUF1759,Peptidase_A17",,,,uncharacterized protein NPIL_211711 [Nephila pilipes]
NPIL_672941,GFS67753.1,T01_10639,Protein Digestion & Proteolysis,Aspartic Proteases,Cathepsin D/E & Pepsin (Peptidase A1),0.0,0.0,0.241270883973596,0.176222660077222,0.1043733860127045,0.14322802635070658,Yes,"Peptidase_A17,RVT_1,rve",,,,uncharacterized protein NPIL_672941 [Nephila pilipes]
NPIL_407531,GFT61639.1,,Protein Digestion & Proteolysis,Aspartic Proteases,Cathepsin D/E & Pepsin (Peptidase A1),0.0573416828883331,0.0632561150052932,0.290064606741226,0.0,0.10266560115871308,0.14099533970963055,Yes,Peptidase_A17,,,,uncharacterized protein NPIL_407531 [Nephila pilipes]
NPIL_488571,GFT32869.1,T01_13806,Protein Digestion & Proteolysis,Aspartic Proteases,Cathepsin D/E & Pepsin (Peptidase A1),0.0,0.0,0.404243154516736,0.0,0.101060788629184,0.13889412106660134,Yes,"DUF1758,DUF1759,Peptidase_A17,RVT_1",,,,uncharacterized protein NPIL_488571 [Nephila pilipes]
NPIL_554541,GFS89195.1,,Protein Digestion & Proteolysis,Aspartic Proteases,Cathepsin D/E & Pepsin (Peptidase A1),0.114405278080796,0.0,0.289361249304899,0.0,0.10094163184642374,0.1387379841812411,Yes,"Peptidase_A17,RVT_1",,,,uncharacterized protein NPIL_554541 [Nephila pilipes]
NPIL_126131,GFS75364.1,,Protein Digestion & Proteolysis,Aspartic Proteases,Cathepsin D/E & Pepsin (Peptidase A1),0.0,0.0,0.402903121960327,0.0,0.10072578049008175,0.13845510068974143,Yes,"DUF1759,Peptidase_A17",,,,hypothetical protein NPIL_126131 [Nephila pilipes]
NPIL_545281,GFU25784.1,,Protein Digestion & Proteolysis,Aspartic Proteases,Cathepsin D/E & Pepsin (Peptidase A1),0.0,0.0,0.401793196004513,0.0,0.10044829900112826,0.13809136646817086,Yes,"DUF1759,Peptidase_A17,rve",,,,uncharacterized protein NPIL_545281 [Nephila pilipes]
NPIL_451971,GFU38512.1,,Protein Digestion & Proteolysis,Aspartic Proteases,Cathepsin D/E & Pepsin (Peptidase A1),0.0,0.0,0.0,0.399083002171218,0.0997707505428045,0.137202822364449,No,"DUF1758,Peptidase_A17,rve",,,,hypothetical protein NPIL_451971 [Nephila pilipes]
NPIL_124521,GFT13570.1,,Protein Digestion & Proteolysis,Aspartic Proteases,Cathepsin D/E & Pepsin (Peptidase A1),0.0,0.0,0.398672276666969,0.0,0.09966806916674226,0.13706811717436426,No,"DUF1758,DUF1759,Endonuclease_7,Peptidase_A17",,,,uncharacterized protein NPIL_124521 [Nephila pilipes]
NPIL_138671,GFT74259.1,,Protein Digestion & Proteolysis,Aspartic Proteases,Cathepsin D/E & Pepsin (Peptidase A1),0.0,0.0,0.397775264044468,0.0,0.099443816011117,0.1367738811977174,No,"DUF1758,DUF1759,Peptidase_A17,rve",,,,uncharacterized protein NPIL_138671 [Nephila pilipes]
NPIL_406921,GFU39262.1,,Protein Digestion & Proteolysis,Aspartic Proteases,Cathepsin D/E & Pepsin (Peptidase A1),0.0,0.0,0.395402846962692,0.0,0.098850711740673,0.13599539715050726,No,"DUF1758,DUF1759,Endonuclease_7,Peptidase_A17",,,,uncharacterized protein NPIL_406921 [Nephila pilipes]
NPIL_634541,GFS88888.1,,Protein Digestion & Proteolysis,Aspartic Proteases,Cathepsin D/E & Pepsin (Peptidase A1),0.0,0.0,0.391939717144757,0.0,0.09798492928618925,0.134858252345577,No,"DUF1759,Peptidase_A17,rve",,,,hypothetical protein NPIL_634541 [Nephila pilipes]
NPIL_75191,GFU07695.1,,Protein Digestion & Proteolysis,Aspartic Proteases,Cathepsin D/E & Pepsin (Peptidase A1),0.0,0.390158406494417,0.0,0.0,0.09753960162360426,0.13427299628476091,No,"DUF1758,DUF1759,Endonuclease_7,Peptidase_A17",,,,hypothetical protein NPIL_75191 [Nephila pilipes]
NPIL_303511,GFU24596.1,,Protein Digestion & Proteolysis,Aspartic Proteases,Cathepsin D/E & Pepsin (Peptidase A1),0.0,0.132600402773367,0.247722804987213,0.0,0.095080801940145,0.13103732485613623,No,"DUF1758,Peptidase_A17,rve",,,,hypothetical protein NPIL_303511 [Nephila pilipes]
NPIL_291901,GFT22978.1,,Protein Digestion & Proteolysis,Aspartic Proteases,Cathepsin D/E & Pepsin (Peptidase A1),0.0,0.0,0.377634744346014,0.0,0.0944086860865035,0.1301515857423272,No,"DUF1759,Peptidase_A17,rve",,,,uncharacterized protein NPIL_291901 [Nephila pilipes]
NPIL_701581,GFT28583.1,T01_9306,Protein Digestion & Proteolysis,Aspartic Proteases,Cathepsin D/E & Pepsin (Peptidase A1),0.0,0.0768790715308054,0.127303752648402,0.171658744803927,0.0939603922457836,0.12956050509115363,No,"DUF1758,DUF1759,Peptidase_A17,RVT_1",,,,uncharacterized protein NPIL_701581 [Nephila pilipes]
NPIL_37691,GFU32408.1,,Protein Digestion & Proteolysis,Aspartic Proteases,Cathepsin D/E & Pepsin (Peptidase A1),0.0,0.0,0.372448749105307,0.0,0.09311218727632675,0.1284414739479692,No,Peptidase_A17,,,,hypothetical protein NPIL_37691 [Nephila pilipes]
NPIL_695931,GFT24837.1,,Protein Digestion & Proteolysis,Aspartic Proteases,Cathepsin D/E & Pepsin (Peptidase A1),0.0,0.0,0.369313503383698,0.0,0.0923283758459245,0.12740662456226634,No,"DUF1759,Peptidase_A17",,,,hypothetical protein NPIL_695931 [Nephila pilipes]
NPIL_556131,GFU15449.1,,Protein Digestion & Proteolysis,Aspartic Proteases,Cathepsin D/E & Pepsin (Peptidase A1),0.0,0.145872005118709,0.211819787467626,0.0,0.08942294814658375,0.12356416225664388,No,"DUF1759,Peptidase_A17,rve",,,,uncharacterized protein NPIL_556131 [Nephila pilipes]
NPIL_148441,GFT26898.1,T01_5592,Protein Digestion & Proteolysis,Aspartic Proteases,Cathepsin D/E & Pepsin (Peptidase A1),0.0,0.0,0.35642944806852,0.0,0.08910736201713,0.12314617904567192,No,"DUF1758,DUF1759,Peptidase_A17,RVT_1,rve",,,,uncharacterized protein NPIL_148441 [Nephila pilipes]
NPIL_282091,GFT76141.1,,Protein Digestion & Proteolysis,Aspartic Proteases,Cathepsin D/E & Pepsin (Peptidase A1),0.0,0.0,0.35642944806852,0.0,0.08910736201713,0.12314617904567192,No,"DUF1758,DUF1759,Peptidase_A17,rve",,,,uncharacterized protein NPIL_282091 [Nephila pilipes]
NPIL_548861,GFU49758.1,,Protein Digestion & Proteolysis,Aspartic Proteases,Cathepsin D/E & Pepsin (Peptidase A1),0.0,0.0,0.354523408239277,0.0,0.08863085205981926,0.12251482807899101,No,Peptidase_A17,,,,uncharacterized protein NPIL_548861 [Nephila pilipes]
NPIL_309081,GFT48723.1,,Protein Digestion & Proteolysis,Aspartic Proteases,Cathepsin D/E & Pepsin (Peptidase A1),0.0,0.0,0.348844069262572,0.0,0.087211017315643,0.12063198092554613,No,"DUF1759,Peptidase_A17,rve",,,,uncharacterized protein NPIL_309081 [Nephila pilipes]
NPIL_256531,GFU23986.1,,Protein Digestion & Proteolysis,Aspartic Proteases,Cathepsin D/E & Pepsin (Peptidase A1),0.0391164826229691,0.0345208804313559,0.244041997241582,0.0289048642548896,0.08664605613769914,0.11988210024753987,No,"DUF1759,Peptidase_A17,rve",,,,uncharacterized protein NPIL_256531 [Nephila pilipes]
NPIL_200341,GFU21123.1,gar1,Protein Digestion & Proteolysis,Aspartic Proteases,Cathepsin D/E & Pepsin (Peptidase A1),0.0,0.118829067183459,0.227040675824468,0.0,0.08646743575198175,0.11964493385359094,No,"Peptidase_A17,rve",,,,uncharacterized protein NPIL_200341 [Nephila pilipes]
NPIL_43761,GFT38626.1,,Protein Digestion & Proteolysis,Aspartic Proteases,Cathepsin D/E & Pepsin (Peptidase A1),0.0,0.0,0.333145112265049,0.0,0.08328627806626225,0.11541455168931607,No,"DUF1759,Peptidase_A17,rve",,,,uncharacterized protein NPIL_43761 [Nephila pilipes]
NPIL_386891,GFT95294.1,,Protein Digestion & Proteolysis,Aspartic Proteases,Cathepsin D/E & Pepsin (Peptidase A1),0.0,0.0690646648438897,0.263916709159016,0.0,0.08324534350072643,0.11536003497317981,No,"Peptidase_A17,rve",,,,hypothetical protein NPIL_386891 [Nephila pilipes]
NPIL_406261,GFU14669.1,,Protein Digestion & Proteolysis,Aspartic Proteases,Cathepsin D/E & Pepsin (Peptidase A1),0.0,0.0,0.331479386703724,0.0,0.082869846675931,0.11485985158968769,No,"DUF1758,DUF1759,Peptidase_A17,rve",,,,uncharacterized protein NPIL_406261 [Nephila pilipes]
NPIL_88701,GFS94337.1,,Protein Digestion & Proteolysis,Aspartic Proteases,Cathepsin D/E & Pepsin (Peptidase A1),0.328785621467041,0.0,0.0,0.0,0.08219640536676025,0.11396235437223556,No,"DUF1759,Peptidase_A17,rve",,,,hypothetical protein NPIL_88701 [Nephila pilipes]
NPIL_419451,GFU35543.1,,Protein Digestion & Proteolysis,Aspartic Proteases,Cathepsin D/E & Pepsin (Peptidase A1),0.0,0.0,0.324979790886004,0.0,0.081244947721501,0.11269339155707095,No,"Peptidase_A17,rve",,,,hypothetical protein NPIL_419451 [Nephila pilipes]
NPIL_251381,GFU34437.1,,Protein Digestion & Proteolysis,Aspartic Proteases,Cathepsin D/E & Pepsin (Peptidase A1),0.0,0.0,0.318730179522811,0.0,0.07968254488070275,0.11060718437909815,No,"DUF1758,DUF1759,Peptidase_A17,rve",,,,uncharacterized protein NPIL_251381 [Nephila pilipes]
NPIL_659741,GFT31217.1,,Protein Digestion & Proteolysis,Aspartic Proteases,Cathepsin D/E & Pepsin (Peptidase A1),0.0,0.315055274977937,0.0,0.0,0.07876381874448425,0.1093790401518074,No,"DUF1758,Peptidase_A17",,,,hypothetical protein NPIL_659741 [Nephila pilipes]
NPIL_2521,GFU43376.1,,Protein Digestion & Proteolysis,Aspartic Proteases,Cathepsin D/E & Pepsin (Peptidase A1),0.0,0.0,0.312716402550683,0.0,0.07817910063767075,0.10859684983411108,No,Peptidase_A17,,,,uncharacterized protein NPIL_2521 [Nephila pilipes]
NPIL_144021,GFS71082.1,,Protein Digestion & Proteolysis,Aspartic Proteases,Cathepsin D/E & Pepsin (Peptidase A1),0.0,0.0432716423564643,0.264566188257046,0.0,0.07695945765337757,0.10696394037112467,No,"DUF1758,Peptidase_A17,rve",,,,uncharacterized protein NPIL_144021 [Nephila pilipes]
NPIL_449851,GFT33339.1,,Protein Digestion & Proteolysis,Aspartic Proteases,Cathepsin D/E & Pepsin (Peptidase A1),0.0,0.0,0.297290929779124,0.0,0.074322732444781,0.10342745194114902,No,"DUF1758,DUF1759,Peptidase_A17,rve",,,,uncharacterized protein NPIL_449851 [Nephila pilipes]
NPIL_597111,GFT05462.1,,Protein Digestion & Proteolysis,Aspartic Proteases,Cathepsin D/E & Pepsin (Peptidase A1),0.0,0.1169073032937,0.178695087171819,0.0,0.07390059761637975,0.10286046076957243,No,"Asp_protease_2,DUF1759,Peptidase_A17,RVT_1",,,,hypothetical protein NPIL_597111 [Nephila pilipes]
NPIL_29141,GFT19394.1,,Protein Digestion & Proteolysis,Aspartic Proteases,Cathepsin D/E & Pepsin (Peptidase A1),0.0377249723587898,0.0312120485905461,0.226614061193526,0.0,0.07388777053571548,0.10284322856370141,No,"DUF1758,Peptidase_A17,rve",,,,uncharacterized protein NPIL_29141 [Nephila pilipes]
NPIL_43241,GFU48884.1,,Protein Digestion & Proteolysis,Aspartic Proteases,Cathepsin D/E & Pepsin (Peptidase A1),0.0,0.0,0.290771391845372,0.0,0.072692847961343,0.10123703773582979,No,"Peptidase_A17,rve",,,,uncharacterized protein NPIL_43241 [Nephila pilipes]
NPIL_558761,GFS62608.1,,Protein Digestion & Proteolysis,Aspartic Proteases,Cathepsin D/E & Pepsin (Peptidase A1),0.0,0.0,0.110896388495771,0.176722886606233,0.071904818775501,0.10017680544397368,No,"DUF1759,Peptidase_A17",,,,hypothetical protein NPIL_558761 [Nephila pilipes]
NPIL_177401,GFT28603.1,,Protein Digestion & Proteolysis,Aspartic Proteases,Cathepsin D/E & Pepsin (Peptidase A1),0.0263344143115207,0.0,0.210921244051264,0.0486491000637386,0.07147618960663082,0.09959979073484446,No,"DUF1758,Peptidase_A17,RVT_1,rve",,,,uncharacterized protein NPIL_177401 [Nephila pilipes]
NPIL_273181,GFT89147.1,,Protein Digestion & Proteolysis,Aspartic Proteases,Cathepsin D/E & Pepsin (Peptidase A1),0.0,0.0,0.283970646754618,0.0,0.0709926616886545,0.09894859495123436,No,"Peptidase_A17,rve",,,,hypothetical protein NPIL_273181 [Nephila pilipes]
NPIL_154651,GFT26549.1,,Protein Digestion & Proteolysis,Aspartic Proteases,Cathepsin D/E & Pepsin (Peptidase A1),0.0,0.0,0.283315715131388,0.0,0.070828928782847,0.09872801948150349,No,"DUF1758,DUF1759,Peptidase_A17",,,,hypothetical protein NPIL_154651 [Nephila pilipes]
NPIL_92751,GFT56782.1,,Protein Digestion & Proteolysis,Aspartic Proteases,Cathepsin D/E & Pepsin (Peptidase A1),0.0,0.0,0.281312067923952,0.0,0.070328016980988,0.09805299844945999,No,"Peptidase_A17,rve",,,,hypothetical protein NPIL_92751 [Nephila pilipes]
NPIL_227291,GFS77722.1,,Protein Digestion & Proteolysis,Aspartic Proteases,Cathepsin D/E & Pepsin (Peptidase A1),0.0,0.110597389346271,0.169050260962375,0.0,0.0699119125771615,0.09749202230920039,No,"DUF1758,DUF1759,Peptidase_A17",,,,hypothetical protein NPIL_227291 [Nephila pilipes]
NPIL_353371,GFT67660.1,,Protein Digestion & Proteolysis,Aspartic Proteases,Cathepsin D/E & Pepsin (Peptidase A1),0.0,0.0,0.278944785444929,0.0,0.06973619636123225,0.09725506286448066,No,"DUF1758,DUF1759,Peptidase_A17",,,,uncharacterized protein NPIL_353371 [Nephila pilipes]
NPIL_227801,GFS29562.1,,Protein Digestion & Proteolysis,Aspartic Proteases,Cathepsin D/E & Pepsin (Peptidase A1),0.0722301541342934,0.0,0.197913289673074,0.0,0.06753586095184186,0.09428453405972576,No,"Peptidase_A17,rve",,,,uncharacterized protein NPIL_227801 [Nephila pilipes]
NPIL_274921,GFT94243.1,EFV61778,Protein Digestion & Proteolysis,Aspartic Proteases,Cathepsin D/E & Pepsin (Peptidase A1),0.0,0.0,0.264243975228832,0.0,0.066060993807208,0.09228998307442637,No,Peptidase_A17,,,,hypothetical protein NPIL_274921 [Nephila pilipes]
NPIL_116811,GFS60609.1,,Protein Digestion & Proteolysis,Aspartic Proteases,Cathepsin D/E & Pepsin (Peptidase A1),0.0,0.0547518740020568,0.209223261121643,0.0,0.06599378378092495,0.09219902521286673,No,Peptidase_A17,,,,uncharacterized protein NPIL_116811 [Nephila pilipes]
NPIL_22621,GFS32460.1,,Protein Digestion & Proteolysis,Aspartic Proteases,Cathepsin D/E & Pepsin (Peptidase A1),0.0,0.0,0.257126867514201,0.0,0.06428171687855025,0.08988008481219435,No,"DUF1759,Peptidase_A17,rve",,,,uncharacterized protein NPIL_22621 [Nephila pilipes]
NPIL_43771,GFT38628.1,,Protein Digestion & Proteolysis,Aspartic Proteases,Cathepsin D/E & Pepsin (Peptidase A1),0.0,0.255634240797423,0.0,0.0,0.06390856019935574,0.08937416078663683,No,"DUF1759,Peptidase_A17,rve",,,,uncharacterized protein NPIL_43771 [Nephila pilipes]
NPIL_363451,GFT16213.1,,Protein Digestion & Proteolysis,Aspartic Proteases,Cathepsin D/E & Pepsin (Peptidase A1),0.0,0.0,0.254984143618249,0.0,0.06374603590456225,0.08915375565602236,No,"DUF1758,DUF1759,Peptidase_A17,rve",,,,hypothetical protein NPIL_363451 [Nephila pilipes]
NPIL_249921,GFT09913.1,103310965,Protein Digestion & Proteolysis,Aspartic Proteases,Cathepsin D/E & Pepsin (Peptidase A1),0.0,0.0,0.251438220002825,0.0,0.06285955500070625,0.08795097345382837,No,"DUF1758,DUF1759,Peptidase_A17",,,,uncharacterized protein NPIL_249921 [Nephila pilipes]
NPIL_164131,GFS88685.1,,Protein Digestion & Proteolysis,Aspartic Proteases,Cathepsin D/E & Pepsin (Peptidase A1),0.0,0.0,0.249232621581747,0.0,0.06230815539543675,0.08720232525064885,No,Peptidase_A17,,,,hypothetical protein NPIL_164131 [Nephila pilipes]
NPIL_277031,GFT89070.1,EFV61788,Protein Digestion & Proteolysis,Aspartic Proteases,Cathepsin D/E & Pepsin (Peptidase A1),0.0,0.0,0.240202454133133,0.0,0.06005061353328325,0.08413314983585715,No,"DUF1758,DUF1759,Peptidase_A17,rve",,,,uncharacterized protein NPIL_277031 [Nephila pilipes]
NPIL_59361,GFT35718.1,,Protein Digestion & Proteolysis,Aspartic Proteases,Cathepsin D/E & Pepsin (Peptidase A1),0.0,0.0,0.240202454133133,0.0,0.06005061353328325,0.08413314983585715,No,"Peptidase_A17,rve",,,,uncharacterized protein NPIL_59361 [Nephila pilipes]
NPIL_564031,GFT78790.1,,Protein Digestion & Proteolysis,Aspartic Proteases,Cathepsin D/E & Pepsin (Peptidase A1),0.0,0.0,0.232889498855075,0.0,0.05822237471376875,0.08164282706062576,No,"Peptidase_A17,rve",,,,uncharacterized protein NPIL_564031 [Nephila pilipes]
NPIL_565281,GFU05927.1,,Protein Digestion & Proteolysis,Aspartic Proteases,Cathepsin D/E & Pepsin (Peptidase A1),0.0,0.0,0.132887059257617,0.0970598303721538,0.0574867224074427,0.08063954926750087,No,"DUF1759,Peptidase_A17,rve",,,,uncharacterized protein NPIL_565281 [Nephila pilipes]
NPIL_72611,GFS97239.1,,Protein Digestion & Proteolysis,Aspartic Proteases,Cathepsin D/E & Pepsin (Peptidase A1),0.0,0.0,0.224528823687327,0.0,0.05613220592183175,0.078790441599208,No,"DUF1759,Peptidase_A17,rve",,,,uncharacterized protein NPIL_72611 [Nephila pilipes]
NPIL_244571,GFT16840.1,,Protein Digestion & Proteolysis,Aspartic Proteases,Cathepsin D/E & Pepsin (Peptidase A1),0.0,0.0,0.222469387049479,0.0,0.05561734676236975,0.07808696350931299,No,"DUF1759,Peptidase_A17,rve",,,,uncharacterized protein NPIL_244571 [Nephila pilipes]
NPIL_45831,GFU48522.1,,Protein Digestion & Proteolysis,Aspartic Proteases,Cathepsin D/E & Pepsin (Peptidase A1),0.0,0.0,0.218557837387071,0.0,0.05463945934676775,0.07674988129075494,No,"Peptidase_A17,rve",,,,uncharacterized protein NPIL_45831 [Nephila pilipes]
NPIL_264241,GFU00581.1,,Protein Digestion & Proteolysis,Aspartic Proteases,Cathepsin D/E & Pepsin (Peptidase A1),0.0,0.0,0.218437816608714,0.0,0.0546094541521785,0.07670883507268089,No,"DUF1759,Peptidase_A17,rve",,,,hypothetical protein NPIL_264241 [Nephila pilipes]
NPIL_180381,GFS91335.1,T01_7323,Protein Digestion & Proteolysis,Aspartic Proteases,Cathepsin D/E & Pepsin (Peptidase A1),0.0,0.0,0.215830311472853,0.0,0.05395757786821325,0.07581679920393196,No,"DUF1758,DUF1759,Peptidase_A17,rve",,,,uncharacterized protein NPIL_180381 [Nephila pilipes]
NPIL_200771,GFT13105.1,,Protein Digestion & Proteolysis,Aspartic Proteases,Cathepsin D/E & Pepsin (Peptidase A1),0.0,0.0,0.215246355002418,0.0,0.0538115887506045,0.07561695020749505,No,"DUF1759,Peptidase_A17",,,,uncharacterized protein NPIL_200771 [Nephila pilipes]
NPIL_659141,GFT19637.1,,Protein Digestion & Proteolysis,Aspartic Proteases,Cathepsin D/E & Pepsin (Peptidase A1),0.0,0.0,0.213857668841112,0.0,0.053464417210278,0.0751415851744557,No,"Peptidase_A17,rve",,,,uncharacterized protein NPIL_659141 [Nephila pilipes]
NPIL_419702,GFU17155.1,,Protein Digestion & Proteolysis,Aspartic Proteases,Cathepsin D/E & Pepsin (Peptidase A1),0.0,0.0,0.213800195670233,0.0,0.05345004891755825,0.07512190799725034,No,"DUF1759,Peptidase_A17,rve",,,,uncharacterized protein NPIL_419702 [Nephila pilipes]
NPIL_284791,GFT24294.1,,Protein Digestion & Proteolysis,Aspartic Proteases,Cathepsin D/E & Pepsin (Peptidase A1),0.0,0.0,0.213398746804972,0.0,0.053349686701243,0.07498445585176913,No,"DUF1758,Peptidase_A17,RVT_1,rve",,,,uncharacterized protein NPIL_284791 [Nephila pilipes]
NPIL_608471,GFS67279.1,,Protein Digestion & Proteolysis,Aspartic Proteases,Cathepsin D/E & Pepsin (Peptidase A1),0.0,0.0,0.210463102669031,0.0,0.05261577566725775,0.07397892193303501,No,"DUF1759,Peptidase_A17,rve",,,,uncharacterized protein NPIL_608471 [Nephila pilipes]
NPIL_498291,GFS44592.1,,Protein Digestion & Proteolysis,Aspartic Proteases,Cathepsin D/E & Pepsin (Peptidase A1),0.0,0.0,0.135666870410801,0.0660601240519889,0.05043174861569748,0.0709824265207256,No,"DUF1759,Peptidase_A17,rve",,,,uncharacterized protein NPIL_498291 [Nephila pilipes]
NPIL_508841,GFS48570.1,,Protein Digestion & Proteolysis,Aspartic Proteases,Cathepsin D/E & Pepsin (Peptidase A1),0.0,0.0,0.199366110687885,0.0,0.04984152767197125,0.070171571228158,No,Peptidase_A17,,,,hypothetical protein NPIL_508841 [Nephila pilipes]
NPIL_549722,GFS91155.1,CJA37127,Protein Digestion & Proteolysis,Aspartic Proteases,Cathepsin D/E & Pepsin (Peptidase A1),0.0,0.0188480956856505,0.180060505560797,0.0,0.04972715031161187,0.07001438499036165,No,"Peptidase_A17,RVT_1,rve",,,,uncharacterized protein NPIL_549722 [Nephila pilipes]
NPIL_256081,GFU55096.1,,Protein Digestion & Proteolysis,Aspartic Proteases,Cathepsin D/E & Pepsin (Peptidase A1),0.198405116402525,0.0,0.0,0.0,0.04960127910063125,0.06984138321555991,No,"DUF1758,DUF1759,Peptidase_A17,rve",,,,uncharacterized protein NPIL_256081 [Nephila pilipes]
NPIL_155531,GFU13976.1,,Protein Digestion & Proteolysis,Aspartic Proteases,Cathepsin D/E & Pepsin (Peptidase A1),0.0,0.0,0.197309158752216,0.0,0.049327289688054,0.06946473088455198,No,"DUF1759,Peptidase_A17",,,,uncharacterized protein NPIL_155531 [Nephila pilipes]
NPIL_208701,GFS97839.1,,Protein Digestion & Proteolysis,Aspartic Proteases,Cathepsin D/E & Pepsin (Peptidase A1),0.0,0.0,0.193094788371101,0.0,0.04827369709277525,0.06801544386596944,No,"DUF1759,Peptidase_A17,rve",,,,uncharacterized protein NPIL_208701 [Nephila pilipes]
NPIL_195081,GFU16201.1,,Protein Digestion & Proteolysis,Aspartic Proteases,Cathepsin D/E & Pepsin (Peptidase A1),0.0,0.0188521919104445,0.136875724732775,0.0315704606180071,0.04682459431530665,0.06601972487488643,No,"DUF1758,Peptidase_A17,RVT_1,rve",,,,uncharacterized protein NPIL_195081 [Nephila pilipes]
NPIL_227721,GFS29535.1,,Protein Digestion & Proteolysis,Aspartic Proteases,Cathepsin D/E & Pepsin (Peptidase A1),0.0,0.0,0.182561424620461,0.0,0.04564035615511525,0.06438672767417553,No,"DUF1758,DUF1759,Peptidase_A17,rve",,,,hypothetical protein NPIL_227721 [Nephila pilipes]
NPIL_659731,GFT49961.1,,Protein Digestion & Proteolysis,Aspartic Proteases,Cathepsin D/E & Pepsin (Peptidase A1),0.0,0.0,0.173852825194261,0.0,0.04346320629856525,0.06137973032385962,No,"Peptidase_A17,RVT_1,rve",,,,hypothetical protein NPIL_659731 [Nephila pilipes]
NPIL_594401,GFS48828.1,,Protein Digestion & Proteolysis,Aspartic Proteases,Cathepsin D/E & Pepsin (Peptidase A1),0.0582910015820613,0.0,0.0,0.107684368265622,0.041493842461920824,0.05865430987696475,No,"Peptidase_A17,rve",,,,uncharacterized protein NPIL_594401 [Nephila pilipes]
NPIL_363481,GFT16216.1,CJA25181,Protein Digestion & Proteolysis,Aspartic Proteases,Cathepsin D/E & Pepsin (Peptidase A1),0.0,0.0,0.160070528790531,0.0,0.04001763219763275,0.05660798766295366,No,"DUF1759,Peptidase_A17,rve",,,,hypothetical protein NPIL_363481 [Nephila pilipes]
NPIL_280051,GFU56494.1,,Protein Digestion & Proteolysis,Aspartic Proteases,Cathepsin D/E & Pepsin (Peptidase A1),0.0,0.0479608656711714,0.109963674173738,0.0,0.03948113496122735,0.05586357566155327,No,"DUF1758,Peptidase_A17,RVT_1,rve",,,,uncharacterized protein NPIL_280051 [Nephila pilipes]
NPIL_167861,GFT71889.1,,Protein Digestion & Proteolysis,Aspartic Proteases,Cathepsin D/E & Pepsin (Peptidase A1),0.0,0.0,0.156604434663177,0.0,0.03915110866579425,0.055405459700690204,No,"DUF1758,DUF1759,Peptidase_A17",,,,hypothetical protein NPIL_167861 [Nephila pilipes]
NPIL_332741,GFT92239.1,,Protein Digestion & Proteolysis,Aspartic Proteases,Cathepsin D/E & Pepsin (Peptidase A1),0.0,0.0,0.156112740990765,0.0,0.03902818524769125,0.055234790108867594,No,"Peptidase_A17,rve",,,,hypothetical protein NPIL_332741 [Nephila pilipes]
NPIL_627201,GFS95526.1,,Protein Digestion & Proteolysis,Aspartic Proteases,Cathepsin D/E & Pepsin (Peptidase A1),0.0,0.0,0.15538096251737,0.0,0.0388452406293425,0.05498074836499218,No,"DUF1759,Peptidase_A17",,,,hypothetical protein NPIL_627201 [Nephila pilipes]
NPIL_201401,GFU32160.1,,Protein Digestion & Proteolysis,Aspartic Proteases,Cathepsin D/E & Pepsin (Peptidase A1),0.0,0.0,0.152540686710137,0.0,0.03813517167753425,0.05399430382338386,No,"DUF1759,Peptidase_A17,rve",,,,uncharacterized protein NPIL_201401 [Nephila pilipes]
NPIL_163331,GFT60986.1,,Protein Digestion & Proteolysis,Aspartic Proteases,Cathepsin D/E & Pepsin (Peptidase A1),0.0,0.0240047649784869,0.128421125740766,0.0,0.03810647267981322,0.05395442031386495,No,"DUF1758,DUF1759,Peptidase_A17",,,,uncharacterized protein NPIL_163331 [Nephila pilipes]
NPIL_698211,GFT38900.1,EFV49521,Protein Digestion & Proteolysis,Aspartic Proteases,Cathepsin D/E & Pepsin (Peptidase A1),0.0,0.0,0.152171103306989,0.0,0.03804277582674725,0.0538658957204297,No,"DUF1758,Peptidase_A17",,,,uncharacterized protein NPIL_698211 [Nephila pilipes]
NPIL_321431,GFT01787.1,,Protein Digestion & Proteolysis,Aspartic Proteases,Cathepsin D/E & Pepsin (Peptidase A1),0.0,0.0,0.147945176312101,0.0,0.03698629407802525,0.052396826073668155,No,"Peptidase_A17,rve",,,,uncharacterized protein NPIL_321431 [Nephila pilipes]
NPIL_111411,GFT02303.1,T01_13806,Protein Digestion & Proteolysis,Aspartic Proteases,Cathepsin D/E & Pepsin (Peptidase A1),0.0,0.0,0.146133454828974,0.0,0.0365333637072435,0.05176655434440431,No,"DUF1758,DUF1759,Peptidase_A17,RVT_1",,,,hypothetical protein NPIL_111411 [Nephila pilipes]
NPIL_624541,GFT02181.1,CJA32005,Protein Digestion & Proteolysis,Aspartic Proteases,Cathepsin D/E & Pepsin (Peptidase A1),0.0,0.0440554692960515,0.101009462682699,0.0,0.036266232994687626,0.051394701554563625,No,Peptidase_A17,,,,hypothetical protein NPIL_624541 [Nephila pilipes]
NPIL_140131,GFU28547.1,,Protein Digestion & Proteolysis,Aspartic Proteases,Cathepsin D/E & Pepsin (Peptidase A1),0.0,0.0,0.143187640044805,0.0,0.03579691001120125,0.05074115974072907,No,"DUF1758,DUF1759,Peptidase_A17",,,,uncharacterized protein NPIL_140131 [Nephila pilipes]
NPIL_603191,GFU16371.1,,Protein Digestion & Proteolysis,Aspartic Proteases,Cathepsin D/E & Pepsin (Peptidase A1),0.0,0.0,0.140921798787601,0.0,0.03523044969690025,0.049951957702570646,No,"DUF1758,Peptidase_A17,rve",,,,uncharacterized protein NPIL_603191 [Nephila pilipes]
NPIL_407011,GFT54733.1,,Protein Digestion & Proteolysis,Aspartic Proteases,Cathepsin D/E & Pepsin (Peptidase A1),0.0,0.0,0.140855263471837,0.0,0.03521381586795925,0.0499287766462885,No,"DUF1758,DUF1759,Peptidase_A17,rve",,,,hypothetical protein NPIL_407011 [Nephila pilipes]
NPIL_123361,GFS29262.1,,Protein Digestion & Proteolysis,Aspartic Proteases,Cathepsin D/E & Pepsin (Peptidase A1),0.0,0.0,0.139963147095168,0.0,0.034990786773792,0.04961792527540132,No,"DUF1758,DUF1759,Peptidase_A17",,,,hypothetical protein NPIL_123361 [Nephila pilipes]
NPIL_75931,GFU32230.1,,Protein Digestion & Proteolysis,Aspartic Proteases,Cathepsin D/E & Pepsin (Peptidase A1),0.0,0.0,0.1370693535646,0.0,0.03426733839115,0.048609143022661644,No,"DUF1759,Peptidase_A17,rve",,,,uncharacterized protein NPIL_75931 [Nephila pilipes]
NPIL_16531,GFS94761.1,,Protein Digestion & Proteolysis,Aspartic Proteases,Cathepsin D/E & Pepsin (Peptidase A1),0.0,0.0283234280726792,0.10823227689499,0.0,0.0341389262419173,0.048430010350039694,No,"DUF1758,Peptidase_A17",,,,uncharacterized protein NPIL_16531 [Nephila pilipes]
NPIL_159401,GFS86639.1,,Protein Digestion & Proteolysis,Aspartic Proteases,Cathepsin D/E & Pepsin (Peptidase A1),0.0,0.0,0.135605203651523,0.0,0.03390130091288075,0.048098468554287406,No,"DUF1758,DUF1759,Peptidase_A17,rve",,,,uncharacterized protein NPIL_159401 [Nephila pilipes]
NPIL_470071,GFT12481.1,,Protein Digestion & Proteolysis,Aspartic Proteases,Cathepsin D/E & Pepsin (Peptidase A1),0.0,0.0,0.132642285075804,0.0,0.033160571268951,0.047064491735245954,No,"DUF1758,DUF1759,Peptidase_A17,RVT_1",,,,uncharacterized protein NPIL_470071 [Nephila pilipes]
NPIL_30321,GFT89951.1,,Protein Digestion & Proteolysis,Aspartic Proteases,Cathepsin D/E & Pepsin (Peptidase A1),0.0,0.0,0.130572237409555,0.0,0.03264305935238875,0.04634166224634729,No,"DUF1759,Peptidase_A17,rve",,,,uncharacterized protein NPIL_30321 [Nephila pilipes]
NPIL_301251,GFU28827.1,,Protein Digestion & Proteolysis,Aspartic Proteases,Cathepsin D/E & Pepsin (Peptidase A1),0.0,0.0,0.126841602054996,0.0,0.031710400513749,0.045038065358454685,No,"DUF1759,Peptidase_A17,rve",,,,hypothetical protein NPIL_301251 [Nephila pilipes]
NPIL_159461,GFS86658.1,,Protein Digestion & Proteolysis,Aspartic Proteases,Cathepsin D/E & Pepsin (Peptidase A1),0.0,0.0,0.124149583035102,0.0,0.0310373957587755,0.04409666024950099,No,"DUF1758,DUF1759,Peptidase_A17,RVT_1",,,,uncharacterized protein NPIL_159461 [Nephila pilipes]
NPIL_684911,GFT62973.1,,Protein Digestion & Proteolysis,Aspartic Proteases,Cathepsin D/E & Pepsin (Peptidase A1),0.0,0.0,0.122392388936759,0.0,0.03059809723418975,0.0434818339966199,No,"DUF1758,DUF1759,Peptidase_A17,rve",,,,uncharacterized protein NPIL_684911 [Nephila pilipes]
NPIL_597261,GFU00932.1,,Protein Digestion & Proteolysis,Aspartic Proteases,Cathepsin D/E & Pepsin (Peptidase A1),0.0,0.0,0.121495193660497,0.0,0.03037379841512425,0.04316781244600708,No,Peptidase_A17,,,,uncharacterized protein NPIL_597261 [Nephila pilipes]
NPIL_141961,GFS42180.1,,Protein Digestion & Proteolysis,Aspartic Proteases,Cathepsin D/E & Pepsin (Peptidase A1),0.0,0.120368019024873,0.0,0.0,0.03009200475621825,0.04277320039647302,No,"Peptidase_A17,rve",,,,uncharacterized protein NPIL_141961 [Nephila pilipes]
NPIL_276001,GFU25725.1,,Protein Digestion & Proteolysis,Aspartic Proteases,Cathepsin D/E & Pepsin (Peptidase A1),0.0,0.0,0.117476451283068,0.0,0.029369112820767,0.04176039889776529,No,"Peptidase_A17,RVT_1",,,,uncharacterized protein NPIL_276001 [Nephila pilipes]
NPIL_395561,GFS56910.1,,Protein Digestion & Proteolysis,Aspartic Proteases,Cathepsin D/E & Pepsin (Peptidase A1),0.0,0.0,0.111048370755016,0.0,0.027762092688754,0.03950634680767438,No,"DUF1759,Peptidase_A17,rve",,,,uncharacterized protein NPIL_395561 [Nephila pilipes]
NPIL_398881,GFU56961.1,,Protein Digestion & Proteolysis,Aspartic Proteases,Cathepsin D/E & Pepsin (Peptidase A1),0.10766941278074,0.0,0.0,0.0,0.026917353195185,0.038320077534069394,No,"Peptidase_A17,rve",,,,uncharacterized protein NPIL_398881 [Nephila pilipes]
NPIL_317081,GFS49973.1,,Protein Digestion & Proteolysis,Aspartic Proteases,Cathepsin D/E & Pepsin (Peptidase A1),0.0,0.0,0.1035603395065,0.0,0.025890084876625,0.036876167106745635,No,"DUF1758,DUF1759,Peptidase_A17,rve",,,,hypothetical protein NPIL_317081 [Nephila pilipes]
NPIL_430951,GFU38966.1,,Protein Digestion & Proteolysis,Aspartic Proteases,Cathepsin D/E & Pepsin (Peptidase A1),0.0,0.0244628367298154,0.0747838435879805,0.0,0.024811670079448976,0.03535880962697963,No,"Peptidase_A17,rve",,,,hypothetical protein NPIL_430951 [Nephila pilipes]
NPIL_187971,GFU28120.1,,Protein Digestion & Proteolysis,Aspartic Proteases,Cathepsin D/E & Pepsin (Peptidase A1),0.0,0.0,0.0972555657810436,0.0,0.0243138914452609,0.03465788353966333,No,"Peptidase_A17,rve",,,,hypothetical protein NPIL_187971 [Nephila pilipes]
NPIL_165921,GFU48749.1,,Protein Digestion & Proteolysis,Aspartic Proteases,Cathepsin D/E & Pepsin (Peptidase A1),0.0,0.0,0.0966412206133305,0.0,0.024160305153332624,0.034441548686632954,No,"DUF1759,Peptidase_A17,rve",,,,hypothetical protein NPIL_165921 [Nephila pilipes]
NPIL_312471,GFT27397.1,,Protein Digestion & Proteolysis,Aspartic Proteases,Cathepsin D/E & Pepsin (Peptidase A1),0.0,0.0,0.096267004851033,0.0,0.02406675121275825,0.034309756846664145,No,"DUF1759,Peptidase_A17,rve",,,,uncharacterized protein NPIL_312471 [Nephila pilipes]
NPIL_582721,GFT79250.1,,Protein Digestion & Proteolysis,Aspartic Proteases,Cathepsin D/E & Pepsin (Peptidase A1),0.0,0.0,0.0957110837450598,0.0,0.02392777093626495,0.034113949529976956,No,"DUF1758,DUF1759,Peptidase_A17,rve",,,,uncharacterized protein NPIL_582721 [Nephila pilipes]
NPIL_393651,GFS90259.1,,Protein Digestion & Proteolysis,Aspartic Proteases,Cathepsin D/E & Pepsin (Peptidase A1),0.0,0.0376716353693944,0.0575818274528761,0.0,0.023813365705567625,0.03395274569791353,No,"DUF1758,DUF1759,Endonuclease_7,Peptidase_A17",,,,uncharacterized protein NPIL_393651 [Nephila pilipes]
NPIL_507481,GFT23290.1,,Protein Digestion & Proteolysis,Aspartic Proteases,Cathepsin D/E & Pepsin (Peptidase A1),0.0,0.0,0.0885125198140784,0.0,0.0221281299535196,0.03157605817559379,No,"Peptidase_A17,rve",,,,uncharacterized protein NPIL_507481 [Nephila pilipes]
NPIL_353201,GFU29346.1,,Protein Digestion & Proteolysis,Aspartic Proteases,Cathepsin D/E & Pepsin (Peptidase A1),0.0,0.0,0.0853071951075759,0.0,0.021326798776893974,0.03044456605640562,No,Peptidase_A17,,,,hypothetical protein NPIL_353201 [Nephila pilipes]
NPIL_617771,GFT68870.1,,Protein Digestion & Proteolysis,Aspartic Proteases,Cathepsin D/E & Pepsin (Peptidase A1),0.0,0.0,0.0813945700929954,0.0,0.02034864252324885,0.02906219033128058,No,"DUF1759,Peptidase_A17,rve",,,,uncharacterized protein NPIL_617771 [Nephila pilipes]
NPIL_597181,GFU00917.1,,Protein Digestion & Proteolysis,Aspartic Proteases,Cathepsin D/E & Pepsin (Peptidase A1),0.0,0.0,0.0787361963666802,0.0,0.01968404909167005,0.028122199824455536,No,"DUF1758,DUF1759,Peptidase_A17,rve",,,,uncharacterized protein NPIL_597181 [Nephila pilipes]
NPIL_348541,GFT75690.1,,Protein Digestion & Proteolysis,Aspartic Proteases,Cathepsin D/E & Pepsin (Peptidase A1),0.0,0.0,0.0785496177023042,0.0,0.01963740442557605,0.02805620333493351,No,"DUF1759,Peptidase_A17,rve",,,,uncharacterized protein NPIL_348541 [Nephila pilipes]
NPIL_517131,GFT95627.1,,Protein Digestion & Proteolysis,Aspartic Proteases,Cathepsin D/E & Pepsin (Peptidase A1),0.0,0.0,0.0781176873614431,0.0,0.019529421840360776,0.027903409617095986,No,"DUF1758,DUF1759,Peptidase_A17,rve",,,,uncharacterized protein NPIL_517131 [Nephila pilipes]
NPIL_26721,GFU49971.1,,Protein Digestion & Proteolysis,Aspartic Proteases,Cathepsin D/E & Pepsin (Peptidase A1),0.0,0.0183307577223604,0.0373585596660689,0.020464833922093,0.019038537827630576,0.02720861213325747,No,"DUF1758,Peptidase_A17,RVT_1,rve",,,,uncharacterized protein NPIL_26721 [Nephila pilipes]
NPIL_54901,GFU12865.1,,Protein Digestion & Proteolysis,Aspartic Proteases,Cathepsin D/E & Pepsin (Peptidase A1),0.0,0.0,0.0743783216238722,0.0,0.01859458040596805,0.02657994628070327,No,"Peptidase_A17,rve",,,,uncharacterized protein NPIL_54901 [Nephila pilipes]
NPIL_242791,GFT93631.1,,Protein Digestion & Proteolysis,Aspartic Proteases,Cathepsin D/E & Pepsin (Peptidase A1),0.0,0.0,0.0736620859341608,0.0,0.0184155214835402,0.026326312369080368,No,"DUF1758,DUF1759,Peptidase_A17",,,,hypothetical protein NPIL_242791 [Nephila pilipes]
NPIL_447781,GFS96888.1,,Protein Digestion & Proteolysis,Aspartic Proteases,Cathepsin D/E & Pepsin (Peptidase A1),0.0,0.0,0.0733631988278252,0.0,0.0183407997069563,0.026220457058407316,No,"DUF1758,Peptidase_A17,RVT_1,rve",,,,uncharacterized protein NPIL_447781 [Nephila pilipes]
NPIL_613231,GFU45729.1,,Protein Digestion & Proteolysis,Aspartic Proteases,Cathepsin D/E & Pepsin (Peptidase A1),0.0,0.0,0.0733361475008238,0.0,0.01833403687520595,0.026210876045617806,No,"DUF1758,Peptidase_A17",,,,hypothetical protein NPIL_613231 [Nephila pilipes]
NPIL_476231,GFU05037.1,,Protein Digestion & Proteolysis,Aspartic Proteases,Cathepsin D/E & Pepsin (Peptidase A1),0.0,0.0,0.0719911795447276,0.0,0.0179977948861819,0.025734436354457307,No,"DUF1758,Peptidase_A17",,,,hypothetical protein NPIL_476231 [Nephila pilipes]
NPIL_657781,GFT31791.1,,Protein Digestion & Proteolysis,Aspartic Proteases,Cathepsin D/E & Pepsin (Peptidase A1),0.0,0.0,0.0708794126950229,0.0,0.017719853173755726,0.02534048669935941,No,"DUF1758,Peptidase_A17,RVT_1,rve",,,,uncharacterized protein NPIL_657781 [Nephila pilipes]
NPIL_444651,GFS42091.1,,Protein Digestion & Proteolysis,Aspartic Proteases,Cathepsin D/E & Pepsin (Peptidase A1),0.0,0.0,0.0694601741637605,0.0,0.017365043540940126,0.024837429452228724,No,"DUF1759,Peptidase_A17,rve",,,,hypothetical protein NPIL_444651 [Nephila pilipes]
NPIL_249601,GFS68267.1,,Protein Digestion & Proteolysis,Aspartic Proteases,Cathepsin D/E & Pepsin (Peptidase A1),0.0,0.0680888689512758,0.0,0.0,0.01702221723781895,0.024351195762492058,No,"DUF1759,Peptidase_A17,rve",,,,hypothetical protein NPIL_249601 [Nephila pilipes]
NPIL_241671,GFS70760.1,gar1,Protein Digestion & Proteolysis,Aspartic Proteases,Cathepsin D/E & Pepsin (Peptidase A1),0.0,0.0,0.0676949053853758,0.0,0.01692372634634395,0.024211474919602474,No,"Peptidase_A17,rve",,,,uncharacterized protein NPIL_241671 [Nephila pilipes]
NPIL_451961,GFU38510.1,,Protein Digestion & Proteolysis,Aspartic Proteases,Cathepsin D/E & Pepsin (Peptidase A1),0.0,0.0,0.0667109678071,0.0,0.016677741951775,0.02386245818899539,No,"DUF1758,DUF1759,Peptidase_A17",,,,uncharacterized protein NPIL_451961 [Nephila pilipes]
NPIL_256421,GFU23954.1,LOC580205,Protein Digestion & Proteolysis,Aspartic Proteases,Cathepsin D/E & Pepsin (Peptidase A1),0.0,0.0,0.0604889391795116,0.0,0.0151222347948779,0.021653458360819913,No,Peptidase_A17,,,,hypothetical protein NPIL_256421 [Nephila pilipes]
NPIL_681291,GFS80174.1,,Protein Digestion & Proteolysis,Aspartic Proteases,Cathepsin D/E & Pepsin (Peptidase A1),0.0,0.0,0.0574155981588436,0.0,0.0143538995397109,0.020561084327368622,No,"DUF1759,Peptidase_A17,rve",,,,uncharacterized protein NPIL_681291 [Nephila pilipes]
NPIL_116631,GFT94609.1,,Protein Digestion & Proteolysis,Aspartic Proteases,Cathepsin D/E & Pepsin (Peptidase A1),0.0,0.0,0.0300380039905507,0.0263274716589724,0.014091368912380775,0.02018764399635621,No,"DUF1759,Peptidase_A17,rve",,,,uncharacterized protein NPIL_116631 [Nephila pilipes]
NPIL_72511,GFT88909.1,,Protein Digestion & Proteolysis,Aspartic Proteases,Cathepsin D/E & Pepsin (Peptidase A1),0.0,0.0,0.0538310083062705,0.0,0.013457752076567625,0.01928594855810937,No,Peptidase_A17,,,,hypothetical protein NPIL_72511 [Nephila pilipes]
NPIL_22611,GFS32458.1,,Protein Digestion & Proteolysis,Aspartic Proteases,Cathepsin D/E & Pepsin (Peptidase A1),0.0,0.0,0.0492784023841016,0.0,0.0123196005960254,0.017664836872402064,No,"DUF1759,Peptidase_A17,rve",,,,hypothetical protein NPIL_22611 [Nephila pilipes]
NPIL_614081,GFT69058.1,,Protein Digestion & Proteolysis,Aspartic Proteases,Cathepsin D/E & Pepsin (Peptidase A1),0.0,0.0,0.0433873542805921,0.0,0.010846838570148025,0.015564419620199705,No,"DUF1759,Peptidase_A17",,,,uncharacterized protein NPIL_614081 [Nephila pilipes]
NPIL_31541,GFU08441.1,,Protein Digestion & Proteolysis,Aspartic Proteases,Cathepsin D/E & Pepsin (Peptidase A1),0.0,0.0,0.0431801198485094,0.0,0.01079502996212735,0.015490475740181454,No,Peptidase_A17,,,,uncharacterized protein NPIL_31541 [Nephila pilipes]
NPIL_147041,GFS99799.1,,Protein Digestion & Proteolysis,Aspartic Proteases,Cathepsin D/E & Pepsin (Peptidase A1),0.0,0.0,0.0366815994139126,0.0,0.00917039985347815,0.013169796116833892,No,"DUF1758,Peptidase_A17,rve",,,,uncharacterized protein NPIL_147041 [Nephila pilipes]
NPIL_19221,GFS98012.1,,Protein Digestion & Proteolysis,Aspartic Proteases,Cathepsin D/E & Pepsin (Peptidase A1),0.0,0.0,0.0366680737504119,0.0,0.009167018437602975,0.013164962086735378,No,"DUF1758,Peptidase_A17,RVT_1,rve",,,,uncharacterized protein NPIL_19221 [Nephila pilipes]
NPIL_464711,GFT64053.1,gar1,Protein Digestion & Proteolysis,Aspartic Proteases,Cathepsin D/E & Pepsin (Peptidase A1),0.0,0.0,0.0345651081025781,0.0,0.008641277025644526,0.01241317159534794,No,"Peptidase_A17,rve",,,,uncharacterized protein NPIL_464711 [Nephila pilipes]
NPIL_27721,GFT81218.1,,Protein Digestion & Proteolysis,Aspartic Proteases,Cathepsin D/E & Pepsin (Peptidase A1),0.0,0.0,0.0288535662298323,0.0,0.007213391557458075,0.010369369866448127,No,"Peptidase_A17,rve",,,,uncharacterized protein NPIL_27721 [Nephila pilipes]
NPIL_100611,GFU01280.1,EFV49521,Protein Digestion & Proteolysis,Aspartic Proteases,Cathepsin D/E & Pepsin (Peptidase A1),0.0,0.0,0.0,0.0,0.0,0.0,No,"DUF1758,Peptidase_A17",,,,uncharacterized protein NPIL_100611 [Nephila pilipes]
NPIL_103171,GFS54923.1,,Protein Digestion & Proteolysis,Aspartic Proteases,Cathepsin D/E & Pepsin (Peptidase A1),0.0,0.0,0.0,0.0,0.0,0.0,No,"DUF1758,DUF1759,Peptidase_A17",,,,hypothetical protein NPIL_103171 [Nephila pilipes]
"NPIL_104101,",GFT47182.1,,Protein Digestion & Proteolysis,Aspartic Proteases,Cathepsin D/E & Pepsin (Peptidase A1),0.0,0.0,0.0,0.0,0.0,0.0,No,"DUF1759,Peptidase_A17,rve",,,,"uncharacterized protein NPIL_104101, partial [Nephila pilipes]"
NPIL_104261,GFT38432.1,,Protein Digestion & Proteolysis,Aspartic Proteases,Cathepsin D/E & Pepsin (Peptidase A1),0.0,0.0,0.0,0.0,0.0,0.0,No,"DUF1758,DUF1759,Peptidase_A17,rve",,,,uncharacterized protein NPIL_104261 [Nephila pilipes]
NPIL_105191,GFS94924.1,,Protein Digestion & Proteolysis,Aspartic Proteases,Cathepsin D/E & Pepsin (Peptidase A1),0.0,0.0,0.0,0.0,0.0,0.0,No,"DUF1759,Peptidase_A17,rve",,,,hypothetical protein NPIL_105191 [Nephila pilipes]
"NPIL_105291,",GFS94936.1,,Protein Digestion & Proteolysis,Aspartic Proteases,Cathepsin D/E & Pepsin (Peptidase A1),0.0,0.0,0.0,0.0,0.0,0.0,No,"DUF1758,DUF1759,Peptidase_A17,rve",,,,"uncharacterized protein NPIL_105291, partial [Nephila pilipes]"
NPIL_106971,GFU01712.1,T01_13806,Protein Digestion & Proteolysis,Aspartic Proteases,Cathepsin D/E & Pepsin (Peptidase A1),0.0,0.0,0.0,0.0,0.0,0.0,No,"DUF1758,DUF1759,Peptidase_A17,RVT_1",,,,uncharacterized protein NPIL_106971 [Nephila pilipes]
NPIL_106972,GFU01709.1,T01_13806,Protein Digestion & Proteolysis,Aspartic Proteases,Cathepsin D/E & Pepsin (Peptidase A1),0.0,0.0,0.0,0.0,0.0,0.0,No,"DUF1758,DUF1759,Peptidase_A17,RVT_1",,,,uncharacterized protein NPIL_106972 [Nephila pilipes]
NPIL_108181,GFS82878.1,,Protein Digestion & Proteolysis,Aspartic Proteases,Cathepsin D/E & Pepsin (Peptidase A1),0.0,0.0,0.0,0.0,0.0,0.0,No,"DUF1758,DUF1759,Peptidase_A17",,,,hypothetical protein NPIL_108181 [Nephila pilipes]
NPIL_109971,GFU18898.1,,Protein Digestion & Proteolysis,Aspartic Proteases,Cathepsin D/E & Pepsin (Peptidase A1),0.0,0.0,0.0,0.0,0.0,0.0,No,"DUF1759,Peptidase_A17",,,,uncharacterized protein NPIL_109971 [Nephila pilipes]
NPIL_110031,GFU18912.1,,Protein Digestion & Proteolysis,Aspartic Proteases,Cathepsin D/E & Pepsin (Peptidase A1),0.0,0.0,0.0,0.0,0.0,0.0,No,"DUF1758,DUF1759,Peptidase_A17,rve",,,,uncharacterized protein NPIL_110031 [Nephila pilipes]
"NPIL_114171,",GFS93919.1,,Protein Digestion & Proteolysis,Aspartic Proteases,Cathepsin D/E & Pepsin (Peptidase A1),0.0,0.0,0.0,0.0,0.0,0.0,No,"DUF1758,DUF1759,Peptidase_A17,rve",,,,"uncharacterized protein NPIL_114171, partial [Nephila pilipes]"
"NPIL_11481,",GFU07248.1,,Protein Digestion & Proteolysis,Aspartic Proteases,Cathepsin D/E & Pepsin (Peptidase A1),0.0,0.0,0.0,0.0,0.0,0.0,No,"DUF1759,Peptidase_A17,rve",,,,"uncharacterized protein NPIL_11481, partial [Nephila pilipes]"
NPIL_115941,GFU10385.1,,Protein Digestion & Proteolysis,Aspartic Proteases,Cathepsin D/E & Pepsin (Peptidase A1),0.0,0.0,0.0,0.0,0.0,0.0,No,"DUF1759,Peptidase_A17",,,,uncharacterized protein NPIL_115941 [Nephila pilipes]
NPIL_117121,GFT61503.1,,Protein Digestion & Proteolysis,Aspartic Proteases,Cathepsin D/E & Pepsin (Peptidase A1),0.0,0.0,0.0,0.0,0.0,0.0,No,"DUF1758,DUF1759,Peptidase_A17,rve",,,,hypothetical protein NPIL_117121 [Nephila pilipes]
NPIL_118461,GFT30534.1,EFV51156,Protein Digestion & Proteolysis,Aspartic Proteases,Cathepsin D/E & Pepsin (Peptidase A1),0.0,0.0,0.0,0.0,0.0,0.0,No,"DDE_Tnp_1_7,Peptidase_A17",,,,hypothetical protein NPIL_118461 [Nephila pilipes]
NPIL_119211,GFU50041.1,,Protein Digestion & Proteolysis,Aspartic Proteases,Cathepsin D/E & Pepsin (Peptidase A1),0.0,0.0,0.0,0.0,0.0,0.0,No,"DUF1759,Peptidase_A17,rve",,,,hypothetical protein NPIL_119211 [Nephila pilipes]
NPIL_120681,GFT09117.1,,Protein Digestion & Proteolysis,Aspartic Proteases,Cathepsin D/E & Pepsin (Peptidase A1),0.0,0.0,0.0,0.0,0.0,0.0,No,"DUF1758,DUF1759,Peptidase_A17,rve",,,,hypothetical protein NPIL_120681 [Nephila pilipes]
NPIL_121431,GFT42656.1,,Protein Digestion & Proteolysis,Aspartic Proteases,Cathepsin D/E & Pepsin (Peptidase A1),0.0,0.0,0.0,0.0,0.0,0.0,No,"DUF1758,DUF1759,Endonuclease_7,Peptidase_A17",,,,uncharacterized protein NPIL_121431 [Nephila pilipes]
NPIL_123511,GFU14157.1,T01_13806,Protein Digestion & Proteolysis,Aspartic Proteases,Cathepsin D/E & Pepsin (Peptidase A1),0.0,0.0,0.0,0.0,0.0,0.0,No,"DUF1758,DUF1759,Peptidase_A17,RVT_1",,,,uncharacterized protein NPIL_123511 [Nephila pilipes]
NPIL_124581,GFS73860.1,,Protein Digestion & Proteolysis,Aspartic Proteases,Cathepsin D/E & Pepsin (Peptidase A1),0.0,0.0,0.0,0.0,0.0,0.0,No,Peptidase_A17,,,,hypothetical protein NPIL_124581 [Nephila pilipes]
NPIL_126661,GFU13805.1,T01_5592,Protein Digestion & Proteolysis,Aspartic Proteases,Cathepsin D/E & Pepsin (Peptidase A1),0.0,0.0,0.0,0.0,0.0,0.0,No,"DUF1758,DUF1759,Peptidase_A17,RVT_1,rve",,,,uncharacterized protein NPIL_126661 [Nephila pilipes]
NPIL_12691,GFT82262.1,EFV50395,Protein Digestion & Proteolysis,Aspartic Proteases,Cathepsin D/E & Pepsin (Peptidase A1),0.0,0.0,0.0,0.0,0.0,0.0,No,Peptidase_A17,,,,uncharacterized protein NPIL_12691 [Nephila pilipes]
"NPIL_126941,",GFT04563.1,,Protein Digestion & Proteolysis,Aspartic Proteases,Cathepsin D/E & Pepsin (Peptidase A1),0.0,0.0,0.0,0.0,0.0,0.0,No,"DUF1758,DUF1759,Peptidase_A17,THAP,rve",,,,"uncharacterized protein NPIL_126941, partial [Nephila pilipes]"
NPIL_129101,GFT80755.1,,Protein Digestion & Proteolysis,Aspartic Proteases,Cathepsin D/E & Pepsin (Peptidase A1),0.0,0.0,0.0,0.0,0.0,0.0,No,"DUF1758,DUF1759,Peptidase_A17,rve",,,,uncharacterized protein NPIL_129101 [Nephila pilipes]
NPIL_130441,GFT10187.1,,Protein Digestion & Proteolysis,Aspartic Proteases,Cathepsin D/E & Pepsin (Peptidase A1),0.0,0.0,0.0,0.0,0.0,0.0,No,"DUF1758,DUF1759,Peptidase_A17",,,,uncharacterized protein NPIL_130441 [Nephila pilipes]
"NPIL_132931,",GFT38825.1,,Protein Digestion & Proteolysis,Aspartic Proteases,Cathepsin D/E & Pepsin (Peptidase A1),0.0,0.0,0.0,0.0,0.0,0.0,No,"DUF1758,Peptidase_A17,rve",,,,"uncharacterized protein NPIL_132931, partial [Nephila pilipes]"
"NPIL_134171,",GFS57229.1,EFV61778,Protein Digestion & Proteolysis,Aspartic Proteases,Cathepsin D/E & Pepsin (Peptidase A1),0.0,0.0,0.0,0.0,0.0,0.0,No,Peptidase_A17,,,,"uncharacterized protein NPIL_134171, partial [Nephila pilipes]"
NPIL_13501,GFU40432.1,,Protein Digestion & Proteolysis,Aspartic Proteases,Cathepsin D/E & Pepsin (Peptidase A1),0.0,0.0,0.0,0.0,0.0,0.0,No,"Peptidase_A17,rve",,,,uncharacterized protein NPIL_13501 [Nephila pilipes]
NPIL_138571,GFT74238.1,,Protein Digestion & Proteolysis,Aspartic Proteases,Cathepsin D/E & Pepsin (Peptidase A1),0.0,0.0,0.0,0.0,0.0,0.0,No,"Peptidase_A17,rve",,,,uncharacterized protein NPIL_138571 [Nephila pilipes]
"NPIL_139361,",GFU25419.1,T01_5592,Protein Digestion & Proteolysis,Aspartic Proteases,Cathepsin D/E & Pepsin (Peptidase A1),0.0,0.0,0.0,0.0,0.0,0.0,No,"DUF1758,DUF1759,Peptidase_A17,RVT_1,rve",,,,"uncharacterized protein NPIL_139361, partial [Nephila pilipes]"
"NPIL_139751,",GFS41353.1,gar1,Protein Digestion & Proteolysis,Aspartic Proteases,Cathepsin D/E & Pepsin (Peptidase A1),0.0,0.0,0.0,0.0,0.0,0.0,No,"Peptidase_A17,rve",,,,"hypothetical protein NPIL_139751, partial [Nephila pilipes]"
NPIL_140391,GFT68125.1,,Protein Digestion & Proteolysis,Aspartic Proteases,Cathepsin D/E & Pepsin (Peptidase A1),0.0,0.0,0.0,0.0,0.0,0.0,No,"DUF1758,DUF1759,Peptidase_A17,rve",,,,uncharacterized protein NPIL_140391 [Nephila pilipes]
NPIL_14401,GFT63556.1,,Protein Digestion & Proteolysis,Aspartic Proteases,Cathepsin D/E & Pepsin (Peptidase A1),0.0,0.0,0.0,0.0,0.0,0.0,No,"DUF1759,Peptidase_A17",,,,uncharacterized protein NPIL_14401 [Nephila pilipes]
NPIL_14781,GFU21634.1,,Protein Digestion & Proteolysis,Aspartic Proteases,Cathepsin D/E & Pepsin (Peptidase A1),0.0,0.0,0.0,0.0,0.0,0.0,No,"DUF1758,DUF1759,Peptidase_A17,rve",,,,uncharacterized protein NPIL_14781 [Nephila pilipes]
"NPIL_151111,",GFT04776.1,,Protein Digestion & Proteolysis,Aspartic Proteases,Cathepsin D/E & Pepsin (Peptidase A1),0.0,0.0,0.0,0.0,0.0,0.0,No,"DUF1759,Peptidase_A17,rve",,,,"uncharacterized protein NPIL_151111, partial [Nephila pilipes]"
"NPIL_161141,",GFU13733.1,,Protein Digestion & Proteolysis,Aspartic Proteases,Cathepsin D/E & Pepsin (Peptidase A1),0.0,0.0,0.0,0.0,0.0,0.0,No,"DUF1759,Peptidase_A17",,,,"uncharacterized protein NPIL_161141, partial [Nephila pilipes]"
NPIL_161721,GFS41399.1,,Protein Digestion & Proteolysis,Aspartic Proteases,Cathepsin D/E & Pepsin (Peptidase A1),0.0,0.0,0.0,0.0,0.0,0.0,No,"DUF1758,DUF1759,Peptidase_A17",,,,hypothetical protein NPIL_161721 [Nephila pilipes]
NPIL_163311,GFT60982.1,,Protein Digestion & Proteolysis,Aspartic Proteases,Cathepsin D/E & Pepsin (Peptidase A1),0.0,0.0,0.0,0.0,0.0,0.0,No,"DUF1758,DUF1759,Peptidase_A17,rve",,,,uncharacterized protein NPIL_163311 [Nephila pilipes]
"NPIL_165611,",GFS72784.1,EFV49170,Protein Digestion & Proteolysis,Aspartic Proteases,Cathepsin D/E & Pepsin (Peptidase A1),0.0,0.0,0.0,0.0,0.0,0.0,No,"DUF1758,Peptidase_A17",,,,"uncharacterized protein NPIL_165611, partial [Nephila pilipes]"
NPIL_166881,GFS62443.1,,Protein Digestion & Proteolysis,Aspartic Proteases,Cathepsin D/E & Pepsin (Peptidase A1),0.0,0.0,0.0,0.0,0.0,0.0,No,"DUF1758,DUF1759,Peptidase_A17",,,,uncharacterized protein NPIL_166881 [Nephila pilipes]
"NPIL_167251,",GFU23226.1,,Protein Digestion & Proteolysis,Aspartic Proteases,Cathepsin D/E & Pepsin (Peptidase A1),0.0,0.0,0.0,0.0,0.0,0.0,No,"DUF1758,Peptidase_A17",,,,"hypothetical protein NPIL_167251, partial [Nephila pilipes]"
"NPIL_170621,",GFU38857.1,gar1,Protein Digestion & Proteolysis,Aspartic Proteases,Cathepsin D/E & Pepsin (Peptidase A1),0.0,0.0,0.0,0.0,0.0,0.0,No,"Peptidase_A17,rve",,,,"hypothetical protein NPIL_170621, partial [Nephila pilipes]"
"NPIL_172871,",GFT34057.1,,Protein Digestion & Proteolysis,Aspartic Proteases,Cathepsin D/E & Pepsin (Peptidase A1),0.0,0.0,0.0,0.0,0.0,0.0,No,"DUF1759,Peptidase_A17,rve",,,,"uncharacterized protein NPIL_172871, partial [Nephila pilipes]"
NPIL_173171,GFU28367.1,,Protein Digestion & Proteolysis,Aspartic Proteases,Cathepsin D/E & Pepsin (Peptidase A1),0.0,0.0,0.0,0.0,0.0,0.0,No,"DUF1758,DUF1759,Peptidase_A17",,,,hypothetical protein NPIL_173171 [Nephila pilipes]
NPIL_17381,GFT76112.1,,Protein Digestion & Proteolysis,Aspartic Proteases,Cathepsin D/E & Pepsin (Peptidase A1),0.0,0.0,0.0,0.0,0.0,0.0,No,"DUF1758,DUF1759,Peptidase_A17,rve",,,,hypothetical protein NPIL_17381 [Nephila pilipes]
"NPIL_177981,",GFT17900.1,,Protein Digestion & Proteolysis,Aspartic Proteases,Cathepsin D/E & Pepsin (Peptidase A1),0.0,0.0,0.0,0.0,0.0,0.0,No,"DUF1758,DUF1759,Peptidase_A17,rve",,,,"uncharacterized protein NPIL_177981, partial [Nephila pilipes]"
NPIL_178291,GFS88176.1,,Protein Digestion & Proteolysis,Aspartic Proteases,Cathepsin D/E & Pepsin (Peptidase A1),0.0,0.0,0.0,0.0,0.0,0.0,No,"DUF1759,Peptidase_A17",,,,uncharacterized protein NPIL_178291 [Nephila pilipes]
NPIL_178451,GFS45906.1,,Protein Digestion & Proteolysis,Aspartic Proteases,Cathepsin D/E & Pepsin (Peptidase A1),0.0,0.0,0.0,0.0,0.0,0.0,No,"DUF1758,DUF1759,Peptidase_A17,rve",,,,uncharacterized protein NPIL_178451 [Nephila pilipes]
"NPIL_178511,",GFT71688.1,T01_13806,Protein Digestion & Proteolysis,Aspartic Proteases,Cathepsin D/E & Pepsin (Peptidase A1),0.0,0.0,0.0,0.0,0.0,0.0,No,"DUF1758,DUF1759,Peptidase_A17,RVT_1",,,,"uncharacterized protein NPIL_178511, partial [Nephila pilipes]"
NPIL_178811,GFT07146.1,,Protein Digestion & Proteolysis,Aspartic Proteases,Cathepsin D/E & Pepsin (Peptidase A1),0.0,0.0,0.0,0.0,0.0,0.0,No,"Peptidase_A17,rve",,,,uncharacterized protein NPIL_178811 [Nephila pilipes]
NPIL_181171,GFT11047.1,103308964,Protein Digestion & Proteolysis,Aspartic Proteases,Cathepsin D/E & Pepsin (Peptidase A1),0.0,0.0,0.0,0.0,0.0,0.0,No,"DUF1758,DUF1759,Peptidase_A17",,,,uncharacterized protein NPIL_181171 [Nephila pilipes]
NPIL_181721,GFT68783.1,,Protein Digestion & Proteolysis,Aspartic Proteases,Cathepsin D/E & Pepsin (Peptidase A1),0.0,0.0,0.0,0.0,0.0,0.0,No,"DUF1758,DUF1759,Peptidase_A17",,,,hypothetical protein NPIL_181721 [Nephila pilipes]
NPIL_182191,GFS70395.1,CJA42460,Protein Digestion & Proteolysis,Aspartic Proteases,Cathepsin D/E & Pepsin (Peptidase A1),0.0,0.0,0.0,0.0,0.0,0.0,No,"Peptidase_A17,Phlebovirus_G2",,,,hypothetical protein NPIL_182191 [Nephila pilipes]
NPIL_182761,GFT86745.1,,Protein Digestion & Proteolysis,Aspartic Proteases,Cathepsin D/E & Pepsin (Peptidase A1),0.0,0.0,0.0,0.0,0.0,0.0,No,"DUF1758,DUF1759,Endonuclease_7,Peptidase_A17",,,,uncharacterized protein NPIL_182761 [Nephila pilipes]
"NPIL_189431,",GFT78021.1,,Protein Digestion & Proteolysis,Aspartic Proteases,Cathepsin D/E & Pepsin (Peptidase A1),0.0,0.0,0.0,0.0,0.0,0.0,No,"Peptidase_A17,rve",,,,"uncharacterized protein NPIL_189431, partial [Nephila pilipes]"
NPIL_190481,GFS75793.1,,Protein Digestion & Proteolysis,Aspartic Proteases,Cathepsin D/E & Pepsin (Peptidase A1),0.0,0.0,0.0,0.0,0.0,0.0,No,"DUF1758,DUF1759,Peptidase_A17,RVT_1",,,,uncharacterized protein NPIL_190481 [Nephila pilipes]
"NPIL_192181,",GFT22003.1,,Protein Digestion & Proteolysis,Aspartic Proteases,Cathepsin D/E & Pepsin (Peptidase A1),0.0,0.0,0.0,0.0,0.0,0.0,No,"Peptidase_A17,rve",,,,"uncharacterized protein NPIL_192181, partial [Nephila pilipes]"
NPIL_196041,GFT14299.1,,Protein Digestion & Proteolysis,Aspartic Proteases,Cathepsin D/E & Pepsin (Peptidase A1),0.0,0.0,0.0,0.0,0.0,0.0,No,"DUF1758,Peptidase_A17",,,,hypothetical protein NPIL_196041 [Nephila pilipes]
NPIL_200271,GFU16294.1,,Protein Digestion & Proteolysis,Aspartic Proteases,Cathepsin D/E & Pepsin (Peptidase A1),0.0,0.0,0.0,0.0,0.0,0.0,No,"DUF1758,DUF1759,Peptidase_A17,rve",,,,uncharacterized protein NPIL_200271 [Nephila pilipes]
NPIL_202741,GFT98772.1,,Protein Digestion & Proteolysis,Aspartic Proteases,Cathepsin D/E & Pepsin (Peptidase A1),0.0,0.0,0.0,0.0,0.0,0.0,No,Peptidase_A17,,,,hypothetical protein NPIL_202741 [Nephila pilipes]
NPIL_204641,GFU49563.1,EFV49170,Protein Digestion & Proteolysis,Aspartic Proteases,Cathepsin D/E & Pepsin (Peptidase A1),0.0,0.0,0.0,0.0,0.0,0.0,No,"DUF1758,Peptidase_A17",,,,hypothetical protein NPIL_204641 [Nephila pilipes]
NPIL_204651,GFU49565.1,EFV49170,Protein Digestion & Proteolysis,Aspartic Proteases,Cathepsin D/E & Pepsin (Peptidase A1),0.0,0.0,0.0,0.0,0.0,0.0,No,"DUF1758,Peptidase_A17",,,,hypothetical protein NPIL_204651 [Nephila pilipes]
"NPIL_204691,",GFS71160.1,,Protein Digestion & Proteolysis,Aspartic Proteases,Cathepsin D/E & Pepsin (Peptidase A1),0.0,0.0,0.0,0.0,0.0,0.0,No,"DUF1758,DUF1759,Peptidase_A17",,,,"hypothetical protein NPIL_204691, partial [Nephila pilipes]"
NPIL_210291,GFU16521.1,,Protein Digestion & Proteolysis,Aspartic Proteases,Cathepsin D/E & Pepsin (Peptidase A1),0.0,0.0,0.0,0.0,0.0,0.0,No,"DUF1759,Peptidase_A17",,,,hypothetical protein NPIL_210291 [Nephila pilipes]
NPIL_210741,GFS77636.1,T01_5592,Protein Digestion & Proteolysis,Aspartic Proteases,Cathepsin D/E & Pepsin (Peptidase A1),0.0,0.0,0.0,0.0,0.0,0.0,No,"DUF1758,DUF1759,Peptidase_A17,RVT_1,rve",,,,uncharacterized protein NPIL_210741 [Nephila pilipes]
"NPIL_211241,",GFU63122.1,,Protein Digestion & Proteolysis,Aspartic Proteases,Cathepsin D/E & Pepsin (Peptidase A1),0.0,0.0,0.0,0.0,0.0,0.0,No,"DUF1758,DUF1759,Endonuclease_7,Peptidase_A17",,,,"uncharacterized protein NPIL_211241, partial [Nephila pilipes]"
NPIL_211541,GFS58904.1,,Protein Digestion & Proteolysis,Aspartic Proteases,Cathepsin D/E & Pepsin (Peptidase A1),0.0,0.0,0.0,0.0,0.0,0.0,No,"Peptidase_A17,rve",,,,hypothetical protein NPIL_211541 [Nephila pilipes]
NPIL_215392,GFS38654.1,,Protein Digestion & Proteolysis,Aspartic Proteases,Cathepsin D/E & Pepsin (Peptidase A1),0.0,0.0,0.0,0.0,0.0,0.0,No,"Peptidase_A17,RVT_1",,,,uncharacterized protein NPIL_215392 [Nephila pilipes]
NPIL_215531,GFT52326.1,,Protein Digestion & Proteolysis,Aspartic Proteases,Cathepsin D/E & Pepsin (Peptidase A1),0.0,0.0,0.0,0.0,0.0,0.0,No,"DUF1758,DUF1759,Peptidase_A17,RVT_1,rve",,,,hypothetical protein NPIL_215531 [Nephila pilipes]
"NPIL_216621,",GFU16156.1,103309893,Protein Digestion & Proteolysis,Aspartic Proteases,Cathepsin D/E & Pepsin (Peptidase A1),0.0,0.0,0.0,0.0,0.0,0.0,No,"DUF1758,DUF1759,Peptidase_A17,rve",,,,"uncharacterized protein NPIL_216621, partial [Nephila pilipes]"
NPIL_218581,GFS34197.1,,Protein Digestion & Proteolysis,Aspartic Proteases,Cathepsin D/E & Pepsin (Peptidase A1),0.0,0.0,0.0,0.0,0.0,0.0,No,"Peptidase_A17,rve",,,,uncharacterized protein NPIL_218581 [Nephila pilipes]
NPIL_218591,GFS34199.1,,Protein Digestion & Proteolysis,Aspartic Proteases,Cathepsin D/E & Pepsin (Peptidase A1),0.0,0.0,0.0,0.0,0.0,0.0,No,"Peptidase_A17,RVT_1",,,,uncharacterized protein NPIL_218591 [Nephila pilipes]
"NPIL_224261,",GFU10914.1,,Protein Digestion & Proteolysis,Aspartic Proteases,Cathepsin D/E & Pepsin (Peptidase A1),0.0,0.0,0.0,0.0,0.0,0.0,No,"DUF1759,Peptidase_A17",,,,"uncharacterized protein NPIL_224261, partial [Nephila pilipes]"
NPIL_22731,GFS32484.1,,Protein Digestion & Proteolysis,Aspartic Proteases,Cathepsin D/E & Pepsin (Peptidase A1),0.0,0.0,0.0,0.0,0.0,0.0,No,"DUF1758,DUF1759,Peptidase_A17,RVT_1",,,,hypothetical protein NPIL_22731 [Nephila pilipes]
"NPIL_227481,",GFS68325.1,T01_5592,Protein Digestion & Proteolysis,Aspartic Proteases,Cathepsin D/E & Pepsin (Peptidase A1),0.0,0.0,0.0,0.0,0.0,0.0,No,"DUF1758,DUF1759,Peptidase_A17,RVT_1,rve",,,,"uncharacterized protein NPIL_227481, partial [Nephila pilipes]"
NPIL_232631,GFU62978.1,,Protein Digestion & Proteolysis,Aspartic Proteases,Cathepsin D/E & Pepsin (Peptidase A1),0.0,0.0,0.0,0.0,0.0,0.0,No,Peptidase_A17,,,,hypothetical protein NPIL_232631 [Nephila pilipes]
NPIL_233371,GFU20655.1,,Protein Digestion & Proteolysis,Aspartic Proteases,Cathepsin D/E & Pepsin (Peptidase A1),0.0,0.0,0.0,0.0,0.0,0.0,No,"DUF1759,Peptidase_A17",,,,hypothetical protein NPIL_233371 [Nephila pilipes]
"NPIL_23421,",GFT00858.1,,Protein Digestion & Proteolysis,Aspartic Proteases,Cathepsin D/E & Pepsin (Peptidase A1),0.0,0.0,0.0,0.0,0.0,0.0,No,"Peptidase_A17,rve",,,,"uncharacterized protein NPIL_23421, partial [Nephila pilipes]"
"NPIL_234481,",GFT88277.1,gar1,Protein Digestion & Proteolysis,Aspartic Proteases,Cathepsin D/E & Pepsin (Peptidase A1),0.0,0.0,0.0,0.0,0.0,0.0,No,"Peptidase_A17,rve",,,,"hypothetical protein NPIL_234481, partial [Nephila pilipes]"
NPIL_234511,GFT12681.1,T01_9306,Protein Digestion & Proteolysis,Aspartic Proteases,Cathepsin D/E & Pepsin (Peptidase A1),0.0,0.0,0.0,0.0,0.0,0.0,No,"DUF1758,DUF1759,Peptidase_A17,RVT_1",,,,uncharacterized protein NPIL_234511 [Nephila pilipes]
NPIL_236851,GFS40307.1,,Protein Digestion & Proteolysis,Aspartic Proteases,Cathepsin D/E & Pepsin (Peptidase A1),0.0,0.0,0.0,0.0,0.0,0.0,No,"Peptidase_A17,rve",,,,uncharacterized protein NPIL_236851 [Nephila pilipes]
NPIL_238231,GFT91376.1,,Protein Digestion & Proteolysis,Aspartic Proteases,Cathepsin D/E & Pepsin (Peptidase A1),0.0,0.0,0.0,0.0,0.0,0.0,No,"Peptidase_A17,rve",,,,uncharacterized protein NPIL_238231 [Nephila pilipes]
NPIL_242141,GFT77288.1,,Protein Digestion & Proteolysis,Aspartic Proteases,Cathepsin D/E & Pepsin (Peptidase A1),0.0,0.0,0.0,0.0,0.0,0.0,No,"DUF1758,DUF1759,Peptidase_A17",,,,uncharacterized protein NPIL_242141 [Nephila pilipes]
NPIL_242801,GFT93632.1,,Protein Digestion & Proteolysis,Aspartic Proteases,Cathepsin D/E & Pepsin (Peptidase A1),0.0,0.0,0.0,0.0,0.0,0.0,No,"DUF1758,DUF1759,Peptidase_A17",,,,hypothetical protein NPIL_242801 [Nephila pilipes]
NPIL_243731,GFS48012.1,,Protein Digestion & Proteolysis,Aspartic Proteases,Cathepsin D/E & Pepsin (Peptidase A1),0.0,0.0,0.0,0.0,0.0,0.0,No,"DUF1759,Peptidase_A17",,,,hypothetical protein NPIL_243731 [Nephila pilipes]
NPIL_247031,GFT70348.1,,Protein Digestion & Proteolysis,Aspartic Proteases,Cathepsin D/E & Pepsin (Peptidase A1),0.0,0.0,0.0,0.0,0.0,0.0,No,"DUF1758,DUF1759,Peptidase_A17,rve",,,,uncharacterized protein NPIL_247031 [Nephila pilipes]
"NPIL_247201,",GFT46227.1,T01_5592,Protein Digestion & Proteolysis,Aspartic Proteases,Cathepsin D/E & Pepsin (Peptidase A1),0.0,0.0,0.0,0.0,0.0,0.0,No,"DUF1758,DUF1759,Peptidase_A17,RVT_1,rve",,,,"uncharacterized protein NPIL_247201, partial [Nephila pilipes]"
NPIL_247721,GFS50635.1,,Protein Digestion & Proteolysis,Aspartic Proteases,Cathepsin D/E & Pepsin (Peptidase A1),0.0,0.0,0.0,0.0,0.0,0.0,No,"DUF1759,Peptidase_A17,rve",,,,uncharacterized protein NPIL_247721 [Nephila pilipes]
NPIL_253641,GFT59111.1,T01_13806,Protein Digestion & Proteolysis,Aspartic Proteases,Cathepsin D/E & Pepsin (Peptidase A1),0.0,0.0,0.0,0.0,0.0,0.0,No,"DUF1758,DUF1759,Peptidase_A17,RVT_1",,,,hypothetical protein NPIL_253641 [Nephila pilipes]
NPIL_253651,GFT59113.1,,Protein Digestion & Proteolysis,Aspartic Proteases,Cathepsin D/E & Pepsin (Peptidase A1),0.0,0.0,0.0,0.0,0.0,0.0,No,"DUF1758,DUF1759,I-set,Peptidase_A17,rve",,,,uncharacterized protein NPIL_253651 [Nephila pilipes]
"NPIL_253951,",GFT29007.1,,Protein Digestion & Proteolysis,Aspartic Proteases,Cathepsin D/E & Pepsin (Peptidase A1),0.0,0.0,0.0,0.0,0.0,0.0,No,"Peptidase_A17,rve",,,,"uncharacterized protein NPIL_253951, partial [Nephila pilipes]"
"NPIL_255051,",GFS79840.1,,Protein Digestion & Proteolysis,Aspartic Proteases,Cathepsin D/E & Pepsin (Peptidase A1),0.0,0.0,0.0,0.0,0.0,0.0,No,"DUF1759,Peptidase_A17,rve",,,,"uncharacterized protein NPIL_255051, partial [Nephila pilipes]"
NPIL_25831,GFS52186.1,,Protein Digestion & Proteolysis,Aspartic Proteases,Cathepsin D/E & Pepsin (Peptidase A1),0.0,0.0,0.0,0.0,0.0,0.0,No,"DUF1758,Peptidase_A17",,,,hypothetical protein NPIL_25831 [Nephila pilipes]
"NPIL_266261,",GFU18809.1,,Protein Digestion & Proteolysis,Aspartic Proteases,Cathepsin D/E & Pepsin (Peptidase A1),0.0,0.0,0.0,0.0,0.0,0.0,No,"DUF1758,DUF1759,Peptidase_A17,RVT_1,rve",,,,"uncharacterized protein NPIL_266261, partial [Nephila pilipes]"
NPIL_266661,GFU00375.1,,Protein Digestion & Proteolysis,Aspartic Proteases,Cathepsin D/E & Pepsin (Peptidase A1),0.0,0.0,0.0,0.0,0.0,0.0,No,"DUF1758,DUF1759,Peptidase_A17",,,,uncharacterized protein NPIL_266661 [Nephila pilipes]
NPIL_267621,GFS71774.1,,Protein Digestion & Proteolysis,Aspartic Proteases,Cathepsin D/E & Pepsin (Peptidase A1),0.0,0.0,0.0,0.0,0.0,0.0,No,"DUF1758,Peptidase_A17,RVT_1,rve",,,,uncharacterized protein NPIL_267621 [Nephila pilipes]
NPIL_267631,GFS71775.1,,Protein Digestion & Proteolysis,Aspartic Proteases,Cathepsin D/E & Pepsin (Peptidase A1),0.0,0.0,0.0,0.0,0.0,0.0,No,Peptidase_A17,,,,uncharacterized protein NPIL_267631 [Nephila pilipes]
"NPIL_270551,",GFT73494.1,,Protein Digestion & Proteolysis,Aspartic Proteases,Cathepsin D/E & Pepsin (Peptidase A1),0.0,0.0,0.0,0.0,0.0,0.0,No,"Peptidase_A17,rve",,,,"uncharacterized protein NPIL_270551, partial [Nephila pilipes]"
NPIL_271271,GFS84734.1,,Protein Digestion & Proteolysis,Aspartic Proteases,Cathepsin D/E & Pepsin (Peptidase A1),0.0,0.0,0.0,0.0,0.0,0.0,No,"DUF1758,DUF1759,Peptidase_A17,rve",,,,uncharacterized protein NPIL_271271 [Nephila pilipes]
NPIL_271731,GFU55952.1,,Protein Digestion & Proteolysis,Aspartic Proteases,Cathepsin D/E & Pepsin (Peptidase A1),0.0,0.0,0.0,0.0,0.0,0.0,No,"DUF1758,DUF1759,I-set,Peptidase_A17,rve",,,,uncharacterized protein NPIL_271731 [Nephila pilipes]
NPIL_27701,GFT81213.1,,Protein Digestion & Proteolysis,Aspartic Proteases,Cathepsin D/E & Pepsin (Peptidase A1),0.0,0.0,0.0,0.0,0.0,0.0,No,"Peptidase_A17,rve",,,,uncharacterized protein NPIL_27701 [Nephila pilipes]
NPIL_277401,GFU59086.1,,Protein Digestion & Proteolysis,Aspartic Proteases,Cathepsin D/E & Pepsin (Peptidase A1),0.0,0.0,0.0,0.0,0.0,0.0,No,"Peptidase_A17,rve",,,,uncharacterized protein NPIL_277401 [Nephila pilipes]
NPIL_277781,GFS64107.1,EFV49170,Protein Digestion & Proteolysis,Aspartic Proteases,Cathepsin D/E & Pepsin (Peptidase A1),0.0,0.0,0.0,0.0,0.0,0.0,No,"DUF1758,Peptidase_A17",,,,uncharacterized protein NPIL_277781 [Nephila pilipes]
NPIL_277791,GFS64110.1,,Protein Digestion & Proteolysis,Aspartic Proteases,Cathepsin D/E & Pepsin (Peptidase A1),0.0,0.0,0.0,0.0,0.0,0.0,No,"DUF1758,DUF1759,Peptidase_A17",,,,uncharacterized protein NPIL_277791 [Nephila pilipes]
"NPIL_278431,",GFU48456.1,,Protein Digestion & Proteolysis,Aspartic Proteases,Cathepsin D/E & Pepsin (Peptidase A1),0.0,0.0,0.0,0.0,0.0,0.0,No,"Peptidase_A17,rve",,,,"uncharacterized protein NPIL_278431, partial [Nephila pilipes]"
NPIL_278501,GFU22203.1,,Protein Digestion & Proteolysis,Aspartic Proteases,Cathepsin D/E & Pepsin (Peptidase A1),0.0,0.0,0.0,0.0,0.0,0.0,No,"Peptidase_A17,rve",,,,uncharacterized protein NPIL_278501 [Nephila pilipes]
NPIL_279871,GFU50344.1,T01_2747,Protein Digestion & Proteolysis,Aspartic Proteases,Cathepsin D/E & Pepsin (Peptidase A1),0.0,0.0,0.0,0.0,0.0,0.0,No,"Asp_protease_2,DUF1759,Peptidase_A17,RVT_1",,,,hypothetical protein NPIL_279871 [Nephila pilipes]
NPIL_281331,GFT93786.1,,Protein Digestion & Proteolysis,Aspartic Proteases,Cathepsin D/E & Pepsin (Peptidase A1),0.0,0.0,0.0,0.0,0.0,0.0,No,"DUF1759,Peptidase_A17,rve",,,,uncharacterized protein NPIL_281331 [Nephila pilipes]
NPIL_282371,GFT68814.1,,Protein Digestion & Proteolysis,Aspartic Proteases,Cathepsin D/E & Pepsin (Peptidase A1),0.0,0.0,0.0,0.0,0.0,0.0,No,"DUF1758,DUF1759,Peptidase_A17",,,,uncharacterized protein NPIL_282371 [Nephila pilipes]
"NPIL_282901,",GFU43963.1,,Protein Digestion & Proteolysis,Aspartic Proteases,Cathepsin D/E & Pepsin (Peptidase A1),0.0,0.0,0.0,0.0,0.0,0.0,No,"DUF1759,Peptidase_A17",,,,"hypothetical protein NPIL_282901, partial [Nephila pilipes]"
NPIL_287631,GFT22986.1,EFV50395,Protein Digestion & Proteolysis,Aspartic Proteases,Cathepsin D/E & Pepsin (Peptidase A1),0.0,0.0,0.0,0.0,0.0,0.0,No,Peptidase_A17,,,,uncharacterized protein NPIL_287631 [Nephila pilipes]
NPIL_287641,GFT22988.1,,Protein Digestion & Proteolysis,Aspartic Proteases,Cathepsin D/E & Pepsin (Peptidase A1),0.0,0.0,0.0,0.0,0.0,0.0,No,"DUF1758,DUF1759,Peptidase_A17,rve",,,,uncharacterized protein NPIL_287641 [Nephila pilipes]
NPIL_289961,GFU35408.1,,Protein Digestion & Proteolysis,Aspartic Proteases,Cathepsin D/E & Pepsin (Peptidase A1),0.0,0.0,0.0,0.0,0.0,0.0,No,"DUF1758,DUF1759,Peptidase_A17,rve",,,,uncharacterized protein NPIL_289961 [Nephila pilipes]
"NPIL_29051,",GFT19370.1,,Protein Digestion & Proteolysis,Aspartic Proteases,Cathepsin D/E & Pepsin (Peptidase A1),0.0,0.0,0.0,0.0,0.0,0.0,No,"Peptidase_A17,rve",,,,"hypothetical protein NPIL_29051, partial [Nephila pilipes]"
"NPIL_291711,",GFS42465.1,gar1,Protein Digestion & Proteolysis,Aspartic Proteases,Cathepsin D/E & Pepsin (Peptidase A1),0.0,0.0,0.0,0.0,0.0,0.0,No,"Peptidase_A17,rve",,,,"hypothetical protein NPIL_291711, partial [Nephila pilipes]"
NPIL_29501,GFU37211.1,,Protein Digestion & Proteolysis,Aspartic Proteases,Cathepsin D/E & Pepsin (Peptidase A1),0.0,0.0,0.0,0.0,0.0,0.0,No,"Peptidase_A17,rve",,,,uncharacterized protein NPIL_29501 [Nephila pilipes]
NPIL_295611,GFU58073.1,,Protein Digestion & Proteolysis,Aspartic Proteases,Cathepsin D/E & Pepsin (Peptidase A1),0.0,0.0,0.0,0.0,0.0,0.0,No,"DUF1758,DUF1759,Endonuclease_7,Peptidase_A17",,,,uncharacterized protein NPIL_295611 [Nephila pilipes]
NPIL_296251,GFU09351.1,,Protein Digestion & Proteolysis,Aspartic Proteases,Cathepsin D/E & Pepsin (Peptidase A1),0.0,0.0,0.0,0.0,0.0,0.0,No,"DUF1758,DUF1759,Peptidase_A17",,,,uncharacterized protein NPIL_296251 [Nephila pilipes]
NPIL_298911,GFU22080.1,,Protein Digestion & Proteolysis,Aspartic Proteases,Cathepsin D/E & Pepsin (Peptidase A1),0.0,0.0,0.0,0.0,0.0,0.0,No,"Peptidase_A17,rve",,,,hypothetical protein NPIL_298911 [Nephila pilipes]
"NPIL_300631,",GFT59303.1,T01_15472,Protein Digestion & Proteolysis,Aspartic Proteases,Cathepsin D/E & Pepsin (Peptidase A1),0.0,0.0,0.0,0.0,0.0,0.0,No,"DUF1758,DUF1759,Peptidase_A17,rve",,,,"uncharacterized protein NPIL_300631, partial [Nephila pilipes]"
NPIL_304591,GFT61642.1,,Protein Digestion & Proteolysis,Aspartic Proteases,Cathepsin D/E & Pepsin (Peptidase A1),0.0,0.0,0.0,0.0,0.0,0.0,No,"Peptidase_A17,rve",,,,hypothetical protein NPIL_304591 [Nephila pilipes]
NPIL_305181,GFT03112.1,,Protein Digestion & Proteolysis,Aspartic Proteases,Cathepsin D/E & Pepsin (Peptidase A1),0.0,0.0,0.0,0.0,0.0,0.0,No,"DUF1758,Peptidase_A17,rve",,,,uncharacterized protein NPIL_305181 [Nephila pilipes]
"NPIL_306611,",GFT83051.1,EFV61788,Protein Digestion & Proteolysis,Aspartic Proteases,Cathepsin D/E & Pepsin (Peptidase A1),0.0,0.0,0.0,0.0,0.0,0.0,No,"DUF1758,DUF1759,Peptidase_A17,rve",,,,"uncharacterized protein NPIL_306611, partial [Nephila pilipes]"
NPIL_306741,GFS72151.1,,Protein Digestion & Proteolysis,Aspartic Proteases,Cathepsin D/E & Pepsin (Peptidase A1),0.0,0.0,0.0,0.0,0.0,0.0,No,"DUF1758,DUF1759,Peptidase_A17,rve",,,,uncharacterized protein NPIL_306741 [Nephila pilipes]
NPIL_306831,GFS98057.1,,Protein Digestion & Proteolysis,Aspartic Proteases,Cathepsin D/E & Pepsin (Peptidase A1),0.0,0.0,0.0,0.0,0.0,0.0,No,"Peptidase_A17,rve",,,,uncharacterized protein NPIL_306831 [Nephila pilipes]
NPIL_309021,GFT67420.1,,Protein Digestion & Proteolysis,Aspartic Proteases,Cathepsin D/E & Pepsin (Peptidase A1),0.0,0.0,0.0,0.0,0.0,0.0,No,"DUF1759,Peptidase_A17,rve",,,,hypothetical protein NPIL_309021 [Nephila pilipes]
NPIL_311471,GFT43213.1,,Protein Digestion & Proteolysis,Aspartic Proteases,Cathepsin D/E & Pepsin (Peptidase A1),0.0,0.0,0.0,0.0,0.0,0.0,No,"DUF1758,DUF1759,Peptidase_A17,rve",,,,uncharacterized protein NPIL_311471 [Nephila pilipes]
"NPIL_311751,",GFT05675.1,,Protein Digestion & Proteolysis,Aspartic Proteases,Cathepsin D/E & Pepsin (Peptidase A1),0.0,0.0,0.0,0.0,0.0,0.0,No,"DUF1759,Peptidase_A17,rve",,,,"uncharacterized protein NPIL_311751, partial [Nephila pilipes]"
NPIL_312681,GFS76953.1,,Protein Digestion & Proteolysis,Aspartic Proteases,Cathepsin D/E & Pepsin (Peptidase A1),0.0,0.0,0.0,0.0,0.0,0.0,No,"DUF1758,DUF1759,Peptidase_A17,rve",,,,uncharacterized protein NPIL_312681 [Nephila pilipes]
NPIL_312801,GFT65800.1,EFV61788,Protein Digestion & Proteolysis,Aspartic Proteases,Cathepsin D/E & Pepsin (Peptidase A1),0.0,0.0,0.0,0.0,0.0,0.0,No,"DUF1758,DUF1759,Peptidase_A17,rve",,,,hypothetical protein NPIL_312801 [Nephila pilipes]
NPIL_313491,GFT60091.1,,Protein Digestion & Proteolysis,Aspartic Proteases,Cathepsin D/E & Pepsin (Peptidase A1),0.0,0.0,0.0,0.0,0.0,0.0,No,"Peptidase_A17,rve",,,,uncharacterized protein NPIL_313491 [Nephila pilipes]
NPIL_315931,GFT07736.1,,Protein Digestion & Proteolysis,Aspartic Proteases,Cathepsin D/E & Pepsin (Peptidase A1),0.0,0.0,0.0,0.0,0.0,0.0,No,Peptidase_A17,,,,hypothetical protein NPIL_315931 [Nephila pilipes]
"NPIL_31861,",GFT27125.1,,Protein Digestion & Proteolysis,Aspartic Proteases,Cathepsin D/E & Pepsin (Peptidase A1),0.0,0.0,0.0,0.0,0.0,0.0,No,"DUF1758,Peptidase_A17,RVT_1,rve",,,,"uncharacterized protein NPIL_31861, partial [Nephila pilipes]"
NPIL_319431,GFS90077.1,CBN32607,Protein Digestion & Proteolysis,Aspartic Proteases,Cathepsin D/E & Pepsin (Peptidase A1),0.0,0.0,0.0,0.0,0.0,0.0,No,"DUF1759,Peptidase_A17,RVT_1,rve",,,,hypothetical protein NPIL_319431 [Nephila pilipes]
NPIL_319741,GFS98213.1,,Protein Digestion & Proteolysis,Aspartic Proteases,Cathepsin D/E & Pepsin (Peptidase A1),0.0,0.0,0.0,0.0,0.0,0.0,No,"DUF1758,DUF1759,Peptidase_A17,rve",,,,hypothetical protein NPIL_319741 [Nephila pilipes]
NPIL_324881,GFU24333.1,101889892,Protein Digestion & Proteolysis,Aspartic Proteases,Cathepsin D/E & Pepsin (Peptidase A1),0.0,0.0,0.0,0.0,0.0,0.0,No,Peptidase_A17,,,,hypothetical protein NPIL_324881 [Nephila pilipes]
NPIL_33001,GFT05205.1,,Protein Digestion & Proteolysis,Aspartic Proteases,Cathepsin D/E & Pepsin (Peptidase A1),0.0,0.0,0.0,0.0,0.0,0.0,No,"DUF1759,Peptidase_A17,rve",,,,hypothetical protein NPIL_33001 [Nephila pilipes]
NPIL_332391,GFS78329.1,,Protein Digestion & Proteolysis,Aspartic Proteases,Cathepsin D/E & Pepsin (Peptidase A1),0.0,0.0,0.0,0.0,0.0,0.0,No,"Peptidase_A17,rve",,,,uncharacterized protein NPIL_332391 [Nephila pilipes]
NPIL_334861,GFT15177.1,,Protein Digestion & Proteolysis,Aspartic Proteases,Cathepsin D/E & Pepsin (Peptidase A1),0.0,0.0,0.0,0.0,0.0,0.0,No,"DUF1758,DUF1759,Peptidase_A17,rve",,,,uncharacterized protein NPIL_334861 [Nephila pilipes]
NPIL_334871,GFT15179.1,LOC585687,Protein Digestion & Proteolysis,Aspartic Proteases,Cathepsin D/E & Pepsin (Peptidase A1),0.0,0.0,0.0,0.0,0.0,0.0,No,"Peptidase_A17,rve",,,,uncharacterized protein NPIL_334871 [Nephila pilipes]
"NPIL_33601,",GFT68495.1,,Protein Digestion & Proteolysis,Aspartic Proteases,Cathepsin D/E & Pepsin (Peptidase A1),0.0,0.0,0.0,0.0,0.0,0.0,No,"DUF1758,Peptidase_A17,RVT_1,rve",,,,"uncharacterized protein NPIL_33601, partial [Nephila pilipes]"
"NPIL_338391,",GFT40266.1,,Protein Digestion & Proteolysis,Aspartic Proteases,Cathepsin D/E & Pepsin (Peptidase A1),0.0,0.0,0.0,0.0,0.0,0.0,No,"Peptidase_A17,rve",,,,"uncharacterized protein NPIL_338391, partial [Nephila pilipes]"
NPIL_340781,GFT68310.1,,Protein Digestion & Proteolysis,Aspartic Proteases,Cathepsin D/E & Pepsin (Peptidase A1),0.0,0.0,0.0,0.0,0.0,0.0,No,Peptidase_A17,,,,uncharacterized protein NPIL_340781 [Nephila pilipes]
NPIL_340851,GFS84923.1,EFV49170,Protein Digestion & Proteolysis,Aspartic Proteases,Cathepsin D/E & Pepsin (Peptidase A1),0.0,0.0,0.0,0.0,0.0,0.0,No,"DUF1758,Peptidase_A17",,,,uncharacterized protein NPIL_340851 [Nephila pilipes]
NPIL_340861,GFS84925.1,,Protein Digestion & Proteolysis,Aspartic Proteases,Cathepsin D/E & Pepsin (Peptidase A1),0.0,0.0,0.0,0.0,0.0,0.0,No,"DUF1758,DUF1759,Peptidase_A17",,,,uncharacterized protein NPIL_340861 [Nephila pilipes]
"NPIL_347731,",GFT61065.1,,Protein Digestion & Proteolysis,Aspartic Proteases,Cathepsin D/E & Pepsin (Peptidase A1),0.0,0.0,0.0,0.0,0.0,0.0,No,"Peptidase_A17,rve",,,,"hypothetical protein NPIL_347731, partial [Nephila pilipes]"
NPIL_347961,GFU36863.1,,Protein Digestion & Proteolysis,Aspartic Proteases,Cathepsin D/E & Pepsin (Peptidase A1),0.0,0.0,0.0,0.0,0.0,0.0,No,"DUF1758,DUF1759,Peptidase_A17",,,,uncharacterized protein NPIL_347961 [Nephila pilipes]
NPIL_348111,GFT28158.1,,Protein Digestion & Proteolysis,Aspartic Proteases,Cathepsin D/E & Pepsin (Peptidase A1),0.0,0.0,0.0,0.0,0.0,0.0,No,"Peptidase_A17,rve",,,,uncharacterized protein NPIL_348111 [Nephila pilipes]
NPIL_349061,GFT77453.1,101889892,Protein Digestion & Proteolysis,Aspartic Proteases,Cathepsin D/E & Pepsin (Peptidase A1),0.0,0.0,0.0,0.0,0.0,0.0,No,Peptidase_A17,,,,hypothetical protein NPIL_349061 [Nephila pilipes]
NPIL_349291,GFU47702.1,,Protein Digestion & Proteolysis,Aspartic Proteases,Cathepsin D/E & Pepsin (Peptidase A1),0.0,0.0,0.0,0.0,0.0,0.0,No,"DUF1759,Peptidase_A17,rve",,,,hypothetical protein NPIL_349291 [Nephila pilipes]
NPIL_34951,GFT48799.1,,Protein Digestion & Proteolysis,Aspartic Proteases,Cathepsin D/E & Pepsin (Peptidase A1),0.0,0.0,0.0,0.0,0.0,0.0,No,"DUF1758,DUF1759,Peptidase_A17",,,,uncharacterized protein NPIL_34951 [Nephila pilipes]
NPIL_355261,GFU34181.1,,Protein Digestion & Proteolysis,Aspartic Proteases,Cathepsin D/E & Pepsin (Peptidase A1),0.0,0.0,0.0,0.0,0.0,0.0,No,"DUF1759,Peptidase_A17",,,,uncharacterized protein NPIL_355261 [Nephila pilipes]
"NPIL_356581,",GFU15416.1,,Protein Digestion & Proteolysis,Aspartic Proteases,Cathepsin D/E & Pepsin (Peptidase A1),0.0,0.0,0.0,0.0,0.0,0.0,No,"Peptidase_A17,rve",,,,"uncharacterized protein NPIL_356581, partial [Nephila pilipes]"
NPIL_358591,GFS97216.1,,Protein Digestion & Proteolysis,Aspartic Proteases,Cathepsin D/E & Pepsin (Peptidase A1),0.0,0.0,0.0,0.0,0.0,0.0,No,"DUF1759,Peptidase_A17",,,,hypothetical protein NPIL_358591 [Nephila pilipes]
NPIL_359981,GFS87959.1,,Protein Digestion & Proteolysis,Aspartic Proteases,Cathepsin D/E & Pepsin (Peptidase A1),0.0,0.0,0.0,0.0,0.0,0.0,No,"Peptidase_A17,rve",,,,uncharacterized protein NPIL_359981 [Nephila pilipes]
"NPIL_360731,",GFS75919.1,,Protein Digestion & Proteolysis,Aspartic Proteases,Cathepsin D/E & Pepsin (Peptidase A1),0.0,0.0,0.0,0.0,0.0,0.0,No,"DUF1758,Peptidase_A17,RVT_1,rve",,,,"uncharacterized protein NPIL_360731, partial [Nephila pilipes]"
"NPIL_36091,",GFT55195.1,,Protein Digestion & Proteolysis,Aspartic Proteases,Cathepsin D/E & Pepsin (Peptidase A1),0.0,0.0,0.0,0.0,0.0,0.0,No,"DUF1759,Peptidase_A17,rve",,,,"hypothetical protein NPIL_36091, partial [Nephila pilipes]"
NPIL_361051,GFT29877.1,,Protein Digestion & Proteolysis,Aspartic Proteases,Cathepsin D/E & Pepsin (Peptidase A1),0.0,0.0,0.0,0.0,0.0,0.0,No,"DUF1759,Peptidase_A17,rve",,,,uncharacterized protein NPIL_361051 [Nephila pilipes]
NPIL_364361,GFT57875.1,,Protein Digestion & Proteolysis,Aspartic Proteases,Cathepsin D/E & Pepsin (Peptidase A1),0.0,0.0,0.0,0.0,0.0,0.0,No,"DUF1758,DUF1759,Peptidase_A17,rve",,,,uncharacterized protein NPIL_364361 [Nephila pilipes]
NPIL_364581,GFT49192.1,,Protein Digestion & Proteolysis,Aspartic Proteases,Cathepsin D/E & Pepsin (Peptidase A1),0.0,0.0,0.0,0.0,0.0,0.0,No,"DUF1758,Peptidase_A17,RVT_1,rve",,,,uncharacterized protein NPIL_364581 [Nephila pilipes]
NPIL_366361,GFT66529.1,,Protein Digestion & Proteolysis,Aspartic Proteases,Cathepsin D/E & Pepsin (Peptidase A1),0.0,0.0,0.0,0.0,0.0,0.0,No,"DUF1759,Peptidase_A17",,,,uncharacterized protein NPIL_366361 [Nephila pilipes]
NPIL_367881,GFT14117.1,,Protein Digestion & Proteolysis,Aspartic Proteases,Cathepsin D/E & Pepsin (Peptidase A1),0.0,0.0,0.0,0.0,0.0,0.0,No,"DUF1758,DUF1759,Peptidase_A17,rve",,,,uncharacterized protein NPIL_367881 [Nephila pilipes]
NPIL_369311,GFT00312.1,T01_11252,Protein Digestion & Proteolysis,Aspartic Proteases,Cathepsin D/E & Pepsin (Peptidase A1),0.0,0.0,0.0,0.0,0.0,0.0,No,"DUF1758,DUF1759,Peptidase_A17",,,,hypothetical protein NPIL_369311 [Nephila pilipes]
NPIL_369431,GFS77119.1,,Protein Digestion & Proteolysis,Aspartic Proteases,Cathepsin D/E & Pepsin (Peptidase A1),0.0,0.0,0.0,0.0,0.0,0.0,No,"DUF1758,DUF1759,Peptidase_A17,rve",,,,uncharacterized protein NPIL_369431 [Nephila pilipes]
NPIL_37001,GFT50288.1,,Protein Digestion & Proteolysis,Aspartic Proteases,Cathepsin D/E & Pepsin (Peptidase A1),0.0,0.0,0.0,0.0,0.0,0.0,No,"DUF1758,DUF1759,Peptidase_A17,rve",,,,hypothetical protein NPIL_37001 [Nephila pilipes]
NPIL_371811,GFT01630.1,,Protein Digestion & Proteolysis,Aspartic Proteases,Cathepsin D/E & Pepsin (Peptidase A1),0.0,0.0,0.0,0.0,0.0,0.0,No,"DUF1759,Peptidase_A17,rve",,,,hypothetical protein NPIL_371811 [Nephila pilipes]
NPIL_376541,GFT91586.1,,Protein Digestion & Proteolysis,Aspartic Proteases,Cathepsin D/E & Pepsin (Peptidase A1),0.0,0.0,0.0,0.0,0.0,0.0,No,"DUF1758,DUF1759,Peptidase_A17,rve",,,,hypothetical protein NPIL_376541 [Nephila pilipes]
NPIL_376931,GFS89725.1,,Protein Digestion & Proteolysis,Aspartic Proteases,Cathepsin D/E & Pepsin (Peptidase A1),0.0,0.0,0.0,0.0,0.0,0.0,No,"Peptidase_A17,RVT_1",,,,uncharacterized protein NPIL_376931 [Nephila pilipes]
"NPIL_377011,",GFS67892.1,,Protein Digestion & Proteolysis,Aspartic Proteases,Cathepsin D/E & Pepsin (Peptidase A1),0.0,0.0,0.0,0.0,0.0,0.0,No,Peptidase_A17,,,,"hypothetical protein NPIL_377011, partial [Nephila pilipes]"
NPIL_378991,GFU30726.1,,Protein Digestion & Proteolysis,Aspartic Proteases,Cathepsin D/E & Pepsin (Peptidase A1),0.0,0.0,0.0,0.0,0.0,0.0,No,Peptidase_A17,,,,hypothetical protein NPIL_378991 [Nephila pilipes]
NPIL_379061,GFS85107.1,103309893,Protein Digestion & Proteolysis,Aspartic Proteases,Cathepsin D/E & Pepsin (Peptidase A1),0.0,0.0,0.0,0.0,0.0,0.0,No,"DUF1758,DUF1759,Peptidase_A17,rve",,,,uncharacterized protein NPIL_379061 [Nephila pilipes]
NPIL_379062,GFS85104.1,,Protein Digestion & Proteolysis,Aspartic Proteases,Cathepsin D/E & Pepsin (Peptidase A1),0.0,0.0,0.0,0.0,0.0,0.0,No,"Peptidase_A17,rve",,,,uncharacterized protein NPIL_379062 [Nephila pilipes]
NPIL_379451,GFS85218.1,,Protein Digestion & Proteolysis,Aspartic Proteases,Cathepsin D/E & Pepsin (Peptidase A1),0.0,0.0,0.0,0.0,0.0,0.0,No,"Peptidase_A17,rve",,,,uncharacterized protein NPIL_379451 [Nephila pilipes]
NPIL_383571,GFT40665.1,,Protein Digestion & Proteolysis,Aspartic Proteases,Cathepsin D/E & Pepsin (Peptidase A1),0.0,0.0,0.0,0.0,0.0,0.0,No,"DUF1759,Peptidase_A17,rve",,,,hypothetical protein NPIL_383571 [Nephila pilipes]
"NPIL_389591,",GFT95239.1,EFV49170,Protein Digestion & Proteolysis,Aspartic Proteases,Cathepsin D/E & Pepsin (Peptidase A1),0.0,0.0,0.0,0.0,0.0,0.0,No,"DUF1758,Peptidase_A17",,,,"uncharacterized protein NPIL_389591, partial [Nephila pilipes]"
NPIL_39031,GFT59629.1,,Protein Digestion & Proteolysis,Aspartic Proteases,Cathepsin D/E & Pepsin (Peptidase A1),0.0,0.0,0.0,0.0,0.0,0.0,No,"Peptidase_A17,rve",,,,uncharacterized protein NPIL_39031 [Nephila pilipes]
NPIL_390381,GFT14279.1,,Protein Digestion & Proteolysis,Aspartic Proteases,Cathepsin D/E & Pepsin (Peptidase A1),0.0,0.0,0.0,0.0,0.0,0.0,No,"DUF1758,DUF1759,Peptidase_A17,rve",,,,uncharacterized protein NPIL_390381 [Nephila pilipes]
"NPIL_391801,",GFS72084.1,,Protein Digestion & Proteolysis,Aspartic Proteases,Cathepsin D/E & Pepsin (Peptidase A1),0.0,0.0,0.0,0.0,0.0,0.0,No,"DUF1759,Peptidase_A17,rve",,,,"uncharacterized protein NPIL_391801, partial [Nephila pilipes]"
NPIL_391951,GFS74102.1,,Protein Digestion & Proteolysis,Aspartic Proteases,Cathepsin D/E & Pepsin (Peptidase A1),0.0,0.0,0.0,0.0,0.0,0.0,No,"DUF1758,DUF1759,Peptidase_A17",,,,uncharacterized protein NPIL_391951 [Nephila pilipes]
NPIL_397721,GFT13937.1,,Protein Digestion & Proteolysis,Aspartic Proteases,Cathepsin D/E & Pepsin (Peptidase A1),0.0,0.0,0.0,0.0,0.0,0.0,No,Peptidase_A17,,,,uncharacterized protein NPIL_397721 [Nephila pilipes]
NPIL_398351,GFU03927.1,,Protein Digestion & Proteolysis,Aspartic Proteases,Cathepsin D/E & Pepsin (Peptidase A1),0.0,0.0,0.0,0.0,0.0,0.0,No,"DUF1759,Peptidase_A17,rve",,,,uncharacterized protein NPIL_398351 [Nephila pilipes]
"NPIL_398461,",GFT89594.1,,Protein Digestion & Proteolysis,Aspartic Proteases,Cathepsin D/E & Pepsin (Peptidase A1),0.0,0.0,0.0,0.0,0.0,0.0,No,"DUF1759,Peptidase_A17,rve",,,,"hypothetical protein NPIL_398461, partial [Nephila pilipes]"
NPIL_398741,GFT13780.1,,Protein Digestion & Proteolysis,Aspartic Proteases,Cathepsin D/E & Pepsin (Peptidase A1),0.0,0.0,0.0,0.0,0.0,0.0,No,"DUF1759,Peptidase_A17,rve",,,,uncharacterized protein NPIL_398741 [Nephila pilipes]
"NPIL_406131,",GFT12997.1,,Protein Digestion & Proteolysis,Aspartic Proteases,Cathepsin D/E & Pepsin (Peptidase A1),0.0,0.0,0.0,0.0,0.0,0.0,No,"DUF1759,Peptidase_A17,rve",,,,"hypothetical protein NPIL_406131, partial [Nephila pilipes]"
"NPIL_407191,",GFU22747.1,,Protein Digestion & Proteolysis,Aspartic Proteases,Cathepsin D/E & Pepsin (Peptidase A1),0.0,0.0,0.0,0.0,0.0,0.0,No,"DUF1758,Peptidase_A17,RVT_1,rve",,,,"uncharacterized protein NPIL_407191, partial [Nephila pilipes]"
"NPIL_407871,",GFU13566.1,,Protein Digestion & Proteolysis,Aspartic Proteases,Cathepsin D/E & Pepsin (Peptidase A1),0.0,0.0,0.0,0.0,0.0,0.0,No,"DUF1758,DUF1759,Endonuclease_7,Peptidase_A17",,,,"hypothetical protein NPIL_407871, partial [Nephila pilipes]"
NPIL_408801,GFS87153.1,,Protein Digestion & Proteolysis,Aspartic Proteases,Cathepsin D/E & Pepsin (Peptidase A1),0.0,0.0,0.0,0.0,0.0,0.0,No,"Peptidase_A17,rve",,,,hypothetical protein NPIL_408801 [Nephila pilipes]
"NPIL_409271,",GFT43026.1,,Protein Digestion & Proteolysis,Aspartic Proteases,Cathepsin D/E & Pepsin (Peptidase A1),0.0,0.0,0.0,0.0,0.0,0.0,No,"DUF1758,Peptidase_A17,RVT_1,rve",,,,"uncharacterized protein NPIL_409271, partial [Nephila pilipes]"
"NPIL_409531,",GFS72968.1,,Protein Digestion & Proteolysis,Aspartic Proteases,Cathepsin D/E & Pepsin (Peptidase A1),0.0,0.0,0.0,0.0,0.0,0.0,No,"Peptidase_A17,rve",,,,"uncharacterized protein NPIL_409531, partial [Nephila pilipes]"
NPIL_41141,GFS76986.1,,Protein Digestion & Proteolysis,Aspartic Proteases,Cathepsin D/E & Pepsin (Peptidase A1),0.0,0.0,0.0,0.0,0.0,0.0,No,Peptidase_A17,,,,uncharacterized protein NPIL_41141 [Nephila pilipes]
NPIL_412031,GFT45970.1,,Protein Digestion & Proteolysis,Aspartic Proteases,Cathepsin D/E & Pepsin (Peptidase A1),0.0,0.0,0.0,0.0,0.0,0.0,No,"DUF1758,Peptidase_A17,RVT_1,rve",,,,hypothetical protein NPIL_412031 [Nephila pilipes]
NPIL_415391,GFT24825.1,,Protein Digestion & Proteolysis,Aspartic Proteases,Cathepsin D/E & Pepsin (Peptidase A1),0.0,0.0,0.0,0.0,0.0,0.0,No,"DUF1759,Peptidase_A17",,,,hypothetical protein NPIL_415391 [Nephila pilipes]
NPIL_416891,GFU54519.1,,Protein Digestion & Proteolysis,Aspartic Proteases,Cathepsin D/E & Pepsin (Peptidase A1),0.0,0.0,0.0,0.0,0.0,0.0,No,"DUF1758,DUF1759,Peptidase_A17",,,,hypothetical protein NPIL_416891 [Nephila pilipes]
NPIL_418671,GFS49779.1,T01_15472,Protein Digestion & Proteolysis,Aspartic Proteases,Cathepsin D/E & Pepsin (Peptidase A1),0.0,0.0,0.0,0.0,0.0,0.0,No,"DUF1758,DUF1759,Peptidase_A17,rve",,,,uncharacterized protein NPIL_418671 [Nephila pilipes]
NPIL_419161,GFT06321.1,,Protein Digestion & Proteolysis,Aspartic Proteases,Cathepsin D/E & Pepsin (Peptidase A1),0.0,0.0,0.0,0.0,0.0,0.0,No,Peptidase_A17,,,,hypothetical protein NPIL_419161 [Nephila pilipes]
"NPIL_424651,",GFT73676.1,,Protein Digestion & Proteolysis,Aspartic Proteases,Cathepsin D/E & Pepsin (Peptidase A1),0.0,0.0,0.0,0.0,0.0,0.0,No,"Peptidase_A17,rve",,,,"uncharacterized protein NPIL_424651, partial [Nephila pilipes]"
NPIL_425311,GFU10936.1,,Protein Digestion & Proteolysis,Aspartic Proteases,Cathepsin D/E & Pepsin (Peptidase A1),0.0,0.0,0.0,0.0,0.0,0.0,No,"DUF1758,DUF1759,Peptidase_A17",,,,hypothetical protein NPIL_425311 [Nephila pilipes]
NPIL_426771,GFU15007.1,,Protein Digestion & Proteolysis,Aspartic Proteases,Cathepsin D/E & Pepsin (Peptidase A1),0.0,0.0,0.0,0.0,0.0,0.0,No,"DUF1759,Peptidase_A17",,,,uncharacterized protein NPIL_426771 [Nephila pilipes]
NPIL_430351,GFU62929.1,,Protein Digestion & Proteolysis,Aspartic Proteases,Cathepsin D/E & Pepsin (Peptidase A1),0.0,0.0,0.0,0.0,0.0,0.0,No,Peptidase_A17,,,,hypothetical protein NPIL_430351 [Nephila pilipes]
"NPIL_430671,",GFU40029.1,,Protein Digestion & Proteolysis,Aspartic Proteases,Cathepsin D/E & Pepsin (Peptidase A1),0.0,0.0,0.0,0.0,0.0,0.0,No,"DUF1759,Peptidase_A17",,,,"uncharacterized protein NPIL_430671, partial [Nephila pilipes]"
NPIL_430861,GFU38951.1,,Protein Digestion & Proteolysis,Aspartic Proteases,Cathepsin D/E & Pepsin (Peptidase A1),0.0,0.0,0.0,0.0,0.0,0.0,No,"DUF1758,DUF1759,Peptidase_A17,rve",,,,uncharacterized protein NPIL_430861 [Nephila pilipes]
"NPIL_431941,",GFU01170.1,,Protein Digestion & Proteolysis,Aspartic Proteases,Cathepsin D/E & Pepsin (Peptidase A1),0.0,0.0,0.0,0.0,0.0,0.0,No,"DUF1759,Peptidase_A17,rve",,,,"uncharacterized protein NPIL_431941, partial [Nephila pilipes]"
NPIL_433181,GFS86356.1,,Protein Digestion & Proteolysis,Aspartic Proteases,Cathepsin D/E & Pepsin (Peptidase A1),0.0,0.0,0.0,0.0,0.0,0.0,No,"Peptidase_A17,RVT_1",,,,uncharacterized protein NPIL_433181 [Nephila pilipes]
NPIL_436911,GFS56128.1,103308964,Protein Digestion & Proteolysis,Aspartic Proteases,Cathepsin D/E & Pepsin (Peptidase A1),0.0,0.0,0.0,0.0,0.0,0.0,No,"DUF1758,DUF1759,Peptidase_A17",,,,hypothetical protein NPIL_436911 [Nephila pilipes]
NPIL_437381,GFU00840.1,,Protein Digestion & Proteolysis,Aspartic Proteases,Cathepsin D/E & Pepsin (Peptidase A1),0.0,0.0,0.0,0.0,0.0,0.0,No,Peptidase_A17,,,,hypothetical protein NPIL_437381 [Nephila pilipes]
"NPIL_438471,",GFT79051.1,,Protein Digestion & Proteolysis,Aspartic Proteases,Cathepsin D/E & Pepsin (Peptidase A1),0.0,0.0,0.0,0.0,0.0,0.0,No,Peptidase_A17,,,,"uncharacterized protein NPIL_438471, partial [Nephila pilipes]"
"NPIL_439891,",GFT79642.1,,Protein Digestion & Proteolysis,Aspartic Proteases,Cathepsin D/E & Pepsin (Peptidase A1),0.0,0.0,0.0,0.0,0.0,0.0,No,"DUF1758,DUF1759,Peptidase_A17,RVT_1",,,,"uncharacterized protein NPIL_439891, partial [Nephila pilipes]"
"NPIL_440661,",GFT91531.1,,Protein Digestion & Proteolysis,Aspartic Proteases,Cathepsin D/E & Pepsin (Peptidase A1),0.0,0.0,0.0,0.0,0.0,0.0,No,"Peptidase_A17,rve",,,,"uncharacterized protein NPIL_440661, partial [Nephila pilipes]"
NPIL_441141,GFT47623.1,,Protein Digestion & Proteolysis,Aspartic Proteases,Cathepsin D/E & Pepsin (Peptidase A1),0.0,0.0,0.0,0.0,0.0,0.0,No,"DUF1758,DUF1759,Peptidase_A17,rve",,,,uncharacterized protein NPIL_441141 [Nephila pilipes]
NPIL_443131,GFT22799.1,,Protein Digestion & Proteolysis,Aspartic Proteases,Cathepsin D/E & Pepsin (Peptidase A1),0.0,0.0,0.0,0.0,0.0,0.0,No,"DUF1758,DUF1759,Peptidase_A17,rve",,,,uncharacterized protein NPIL_443131 [Nephila pilipes]
NPIL_444551,GFS87313.1,EFV50395,Protein Digestion & Proteolysis,Aspartic Proteases,Cathepsin D/E & Pepsin (Peptidase A1),0.0,0.0,0.0,0.0,0.0,0.0,No,Peptidase_A17,,,,uncharacterized protein NPIL_444551 [Nephila pilipes]
NPIL_44691,GFU42483.1,,Protein Digestion & Proteolysis,Aspartic Proteases,Cathepsin D/E & Pepsin (Peptidase A1),0.0,0.0,0.0,0.0,0.0,0.0,No,"Peptidase_A17,rve",,,,hypothetical protein NPIL_44691 [Nephila pilipes]
NPIL_447731,GFS96875.1,,Protein Digestion & Proteolysis,Aspartic Proteases,Cathepsin D/E & Pepsin (Peptidase A1),0.0,0.0,0.0,0.0,0.0,0.0,No,"Peptidase_A17,RVT_1",,,,hypothetical protein NPIL_447731 [Nephila pilipes]
NPIL_448451,GFS99143.1,,Protein Digestion & Proteolysis,Aspartic Proteases,Cathepsin D/E & Pepsin (Peptidase A1),0.0,0.0,0.0,0.0,0.0,0.0,No,"DUF1758,Peptidase_A17",,,,uncharacterized protein NPIL_448451 [Nephila pilipes]
NPIL_449371,GFS81344.1,,Protein Digestion & Proteolysis,Aspartic Proteases,Cathepsin D/E & Pepsin (Peptidase A1),0.0,0.0,0.0,0.0,0.0,0.0,No,"DUF1758,DUF1759,Peptidase_A17,RVT_1",,,,hypothetical protein NPIL_449371 [Nephila pilipes]
NPIL_451641,GFT04366.1,,Protein Digestion & Proteolysis,Aspartic Proteases,Cathepsin D/E & Pepsin (Peptidase A1),0.0,0.0,0.0,0.0,0.0,0.0,No,Peptidase_A17,,,,hypothetical protein NPIL_451641 [Nephila pilipes]
NPIL_452341,GFT11598.1,,Protein Digestion & Proteolysis,Aspartic Proteases,Cathepsin D/E & Pepsin (Peptidase A1),0.0,0.0,0.0,0.0,0.0,0.0,No,"DUF1758,DUF1759,Peptidase_A17,rve",,,,hypothetical protein NPIL_452341 [Nephila pilipes]
"NPIL_454461,",GFT21357.1,,Protein Digestion & Proteolysis,Aspartic Proteases,Cathepsin D/E & Pepsin (Peptidase A1),0.0,0.0,0.0,0.0,0.0,0.0,No,"DUF1758,Peptidase_A17,RVT_1,rve",,,,"uncharacterized protein NPIL_454461, partial [Nephila pilipes]"
NPIL_455741,GFT98603.1,,Protein Digestion & Proteolysis,Aspartic Proteases,Cathepsin D/E & Pepsin (Peptidase A1),0.0,0.0,0.0,0.0,0.0,0.0,No,Peptidase_A17,,,,uncharacterized protein NPIL_455741 [Nephila pilipes]
NPIL_456491,GFT95133.1,,Protein Digestion & Proteolysis,Aspartic Proteases,Cathepsin D/E & Pepsin (Peptidase A1),0.0,0.0,0.0,0.0,0.0,0.0,No,Peptidase_A17,,,,uncharacterized protein NPIL_456491 [Nephila pilipes]
"NPIL_458061,",GFU06632.1,,Protein Digestion & Proteolysis,Aspartic Proteases,Cathepsin D/E & Pepsin (Peptidase A1),0.0,0.0,0.0,0.0,0.0,0.0,No,"DUF1758,DUF1759,Peptidase_A17",,,,"hypothetical protein NPIL_458061, partial [Nephila pilipes]"
NPIL_458141,GFT02562.1,,Protein Digestion & Proteolysis,Aspartic Proteases,Cathepsin D/E & Pepsin (Peptidase A1),0.0,0.0,0.0,0.0,0.0,0.0,No,"DUF1758,DUF1759,Endonuclease_7,Peptidase_A17",,,,hypothetical protein NPIL_458141 [Nephila pilipes]
NPIL_461331,GFU05809.1,,Protein Digestion & Proteolysis,Aspartic Proteases,Cathepsin D/E & Pepsin (Peptidase A1),0.0,0.0,0.0,0.0,0.0,0.0,No,"DUF1758,DUF1759,Peptidase_A17",,,,uncharacterized protein NPIL_461331 [Nephila pilipes]
NPIL_462431,GFS95885.1,gar1,Protein Digestion & Proteolysis,Aspartic Proteases,Cathepsin D/E & Pepsin (Peptidase A1),0.0,0.0,0.0,0.0,0.0,0.0,No,"Peptidase_A17,rve",,,,uncharacterized protein NPIL_462431 [Nephila pilipes]
NPIL_46421,GFS72257.1,,Protein Digestion & Proteolysis,Aspartic Proteases,Cathepsin D/E & Pepsin (Peptidase A1),0.0,0.0,0.0,0.0,0.0,0.0,No,"Peptidase_A17,rve",,,,uncharacterized protein NPIL_46421 [Nephila pilipes]
NPIL_466211,GFT46816.1,,Protein Digestion & Proteolysis,Aspartic Proteases,Cathepsin D/E & Pepsin (Peptidase A1),0.0,0.0,0.0,0.0,0.0,0.0,No,"DUF1758,DUF1759,Endonuclease_7,Peptidase_A17",,,,uncharacterized protein NPIL_466211 [Nephila pilipes]
"NPIL_466361,",GFT33747.1,,Protein Digestion & Proteolysis,Aspartic Proteases,Cathepsin D/E & Pepsin (Peptidase A1),0.0,0.0,0.0,0.0,0.0,0.0,No,"DUF1759,Peptidase_A17,rve",,,,"uncharacterized protein NPIL_466361, partial [Nephila pilipes]"
"NPIL_467611,",GFT43502.1,,Protein Digestion & Proteolysis,Aspartic Proteases,Cathepsin D/E & Pepsin (Peptidase A1),0.0,0.0,0.0,0.0,0.0,0.0,No,"DUF1759,Peptidase_A17,rve",,,,"uncharacterized protein NPIL_467611, partial [Nephila pilipes]"
NPIL_468931,GFS88546.1,,Protein Digestion & Proteolysis,Aspartic Proteases,Cathepsin D/E & Pepsin (Peptidase A1),0.0,0.0,0.0,0.0,0.0,0.0,No,"DUF1758,Peptidase_A17,rve",,,,uncharacterized protein NPIL_468931 [Nephila pilipes]
NPIL_470031,GFT12477.1,,Protein Digestion & Proteolysis,Aspartic Proteases,Cathepsin D/E & Pepsin (Peptidase A1),0.0,0.0,0.0,0.0,0.0,0.0,No,"DUF1758,Peptidase_A17,RVT_1,rve",,,,uncharacterized protein NPIL_470031 [Nephila pilipes]
NPIL_470791,GFS71149.1,,Protein Digestion & Proteolysis,Aspartic Proteases,Cathepsin D/E & Pepsin (Peptidase A1),0.0,0.0,0.0,0.0,0.0,0.0,No,"Peptidase_A17,RVT_1",,,,uncharacterized protein NPIL_470791 [Nephila pilipes]
NPIL_473301,GFS88996.1,,Protein Digestion & Proteolysis,Aspartic Proteases,Cathepsin D/E & Pepsin (Peptidase A1),0.0,0.0,0.0,0.0,0.0,0.0,No,"DUF1759,Peptidase_A17,rve",,,,hypothetical protein NPIL_473301 [Nephila pilipes]
NPIL_474151,GFT61960.1,,Protein Digestion & Proteolysis,Aspartic Proteases,Cathepsin D/E & Pepsin (Peptidase A1),0.0,0.0,0.0,0.0,0.0,0.0,No,Peptidase_A17,,,,hypothetical protein NPIL_474151 [Nephila pilipes]
NPIL_474221,GFU24215.1,,Protein Digestion & Proteolysis,Aspartic Proteases,Cathepsin D/E & Pepsin (Peptidase A1),0.0,0.0,0.0,0.0,0.0,0.0,No,"DUF1759,Peptidase_A17,rve",,,,uncharacterized protein NPIL_474221 [Nephila pilipes]
"NPIL_478291,",GFU23814.1,EFV49521,Protein Digestion & Proteolysis,Aspartic Proteases,Cathepsin D/E & Pepsin (Peptidase A1),0.0,0.0,0.0,0.0,0.0,0.0,No,"DUF1758,Peptidase_A17",,,,"uncharacterized protein NPIL_478291, partial [Nephila pilipes]"
NPIL_47901,GFS74701.1,,Protein Digestion & Proteolysis,Aspartic Proteases,Cathepsin D/E & Pepsin (Peptidase A1),0.0,0.0,0.0,0.0,0.0,0.0,No,"DUF1759,Peptidase_A17",,,,uncharacterized protein NPIL_47901 [Nephila pilipes]
NPIL_479171,GFT03040.1,101889892,Protein Digestion & Proteolysis,Aspartic Proteases,Cathepsin D/E & Pepsin (Peptidase A1),0.0,0.0,0.0,0.0,0.0,0.0,No,Peptidase_A17,,,,hypothetical protein NPIL_479171 [Nephila pilipes]
"NPIL_483341,",GFT73989.1,,Protein Digestion & Proteolysis,Aspartic Proteases,Cathepsin D/E & Pepsin (Peptidase A1),0.0,0.0,0.0,0.0,0.0,0.0,No,"DUF1758,Peptidase_A17,RVT_1,rve",,,,"uncharacterized protein NPIL_483341, partial [Nephila pilipes]"
NPIL_488611,GFT32877.1,gar1,Protein Digestion & Proteolysis,Aspartic Proteases,Cathepsin D/E & Pepsin (Peptidase A1),0.0,0.0,0.0,0.0,0.0,0.0,No,"Peptidase_A17,rve",,,,hypothetical protein NPIL_488611 [Nephila pilipes]
NPIL_489141,GFS33945.1,,Protein Digestion & Proteolysis,Aspartic Proteases,Cathepsin D/E & Pepsin (Peptidase A1),0.0,0.0,0.0,0.0,0.0,0.0,No,"Peptidase_A17,rve",,,,hypothetical protein NPIL_489141 [Nephila pilipes]
NPIL_490341,GFT16618.1,,Protein Digestion & Proteolysis,Aspartic Proteases,Cathepsin D/E & Pepsin (Peptidase A1),0.0,0.0,0.0,0.0,0.0,0.0,No,"Peptidase_A17,rve",,,,uncharacterized protein NPIL_490341 [Nephila pilipes]
NPIL_490841,GFU34459.1,T01_11252,Protein Digestion & Proteolysis,Aspartic Proteases,Cathepsin D/E & Pepsin (Peptidase A1),0.0,0.0,0.0,0.0,0.0,0.0,No,"DUF1758,DUF1759,Peptidase_A17",,,,uncharacterized protein NPIL_490841 [Nephila pilipes]
"NPIL_492171,",GFT69945.1,,Protein Digestion & Proteolysis,Aspartic Proteases,Cathepsin D/E & Pepsin (Peptidase A1),0.0,0.0,0.0,0.0,0.0,0.0,No,"DUF1759,Peptidase_A17",,,,"uncharacterized protein NPIL_492171, partial [Nephila pilipes]"
NPIL_492221,GFU08713.1,101889892,Protein Digestion & Proteolysis,Aspartic Proteases,Cathepsin D/E & Pepsin (Peptidase A1),0.0,0.0,0.0,0.0,0.0,0.0,No,Peptidase_A17,,,,hypothetical protein NPIL_492221 [Nephila pilipes]
NPIL_49611,GFS30481.1,,Protein Digestion & Proteolysis,Aspartic Proteases,Cathepsin D/E & Pepsin (Peptidase A1),0.0,0.0,0.0,0.0,0.0,0.0,No,"DUF1759,Peptidase_A17,rve",,,,uncharacterized protein NPIL_49611 [Nephila pilipes]
NPIL_49632,GFT29607.1,,Protein Digestion & Proteolysis,Aspartic Proteases,Cathepsin D/E & Pepsin (Peptidase A1),0.0,0.0,0.0,0.0,0.0,0.0,No,Peptidase_A17,,,,uncharacterized protein NPIL_49632 [Nephila pilipes]
NPIL_497491,GFU41395.1,,Protein Digestion & Proteolysis,Aspartic Proteases,Cathepsin D/E & Pepsin (Peptidase A1),0.0,0.0,0.0,0.0,0.0,0.0,No,"Peptidase_A17,rve",,,,uncharacterized protein NPIL_497491 [Nephila pilipes]
"NPIL_508761,",GFT90538.1,T01_5592,Protein Digestion & Proteolysis,Aspartic Proteases,Cathepsin D/E & Pepsin (Peptidase A1),0.0,0.0,0.0,0.0,0.0,0.0,No,"DUF1758,DUF1759,Peptidase_A17,RVT_1,rve",,,,"uncharacterized protein NPIL_508761, partial [Nephila pilipes]"
NPIL_510691,GFT95378.1,,Protein Digestion & Proteolysis,Aspartic Proteases,Cathepsin D/E & Pepsin (Peptidase A1),0.0,0.0,0.0,0.0,0.0,0.0,No,"DUF1758,DUF1759,Peptidase_A17",,,,hypothetical protein NPIL_510691 [Nephila pilipes]
NPIL_510701,GFT95380.1,,Protein Digestion & Proteolysis,Aspartic Proteases,Cathepsin D/E & Pepsin (Peptidase A1),0.0,0.0,0.0,0.0,0.0,0.0,No,"DUF1758,DUF1759,Peptidase_A17",,,,hypothetical protein NPIL_510701 [Nephila pilipes]
NPIL_513441,GFT92354.1,,Protein Digestion & Proteolysis,Aspartic Proteases,Cathepsin D/E & Pepsin (Peptidase A1),0.0,0.0,0.0,0.0,0.0,0.0,No,"DUF1759,Peptidase_A17,rve",,,,hypothetical protein NPIL_513441 [Nephila pilipes]
NPIL_51591,GFT94046.1,,Protein Digestion & Proteolysis,Aspartic Proteases,Cathepsin D/E & Pepsin (Peptidase A1),0.0,0.0,0.0,0.0,0.0,0.0,No,"DUF1758,DUF1759,Peptidase_A17",,,,uncharacterized protein NPIL_51591 [Nephila pilipes]
"NPIL_518251,",GFT88009.1,,Protein Digestion & Proteolysis,Aspartic Proteases,Cathepsin D/E & Pepsin (Peptidase A1),0.0,0.0,0.0,0.0,0.0,0.0,No,"DUF1759,Peptidase_A17",,,,"hypothetical protein NPIL_518251, partial [Nephila pilipes]"
NPIL_518311,GFT51938.1,,Protein Digestion & Proteolysis,Aspartic Proteases,Cathepsin D/E & Pepsin (Peptidase A1),0.0,0.0,0.0,0.0,0.0,0.0,No,"DUF1758,DUF1759,Peptidase_A17",,,,uncharacterized protein NPIL_518311 [Nephila pilipes]
NPIL_518681,GFS73754.1,107883537,Protein Digestion & Proteolysis,Aspartic Proteases,Cathepsin D/E & Pepsin (Peptidase A1),0.0,0.0,0.0,0.0,0.0,0.0,No,"DUF1758,DUF1759,Peptidase_A17",,,,uncharacterized protein NPIL_518681 [Nephila pilipes]
NPIL_51991,GFU22759.1,,Protein Digestion & Proteolysis,Aspartic Proteases,Cathepsin D/E & Pepsin (Peptidase A1),0.0,0.0,0.0,0.0,0.0,0.0,No,"DUF1758,DUF1759,Peptidase_A17,RVT_1",,,,uncharacterized protein NPIL_51991 [Nephila pilipes]
NPIL_522601,GFU23334.1,,Protein Digestion & Proteolysis,Aspartic Proteases,Cathepsin D/E & Pepsin (Peptidase A1),0.0,0.0,0.0,0.0,0.0,0.0,No,"Peptidase_A17,rve",,,,uncharacterized protein NPIL_522601 [Nephila pilipes]
NPIL_522731,GFT33527.1,,Protein Digestion & Proteolysis,Aspartic Proteases,Cathepsin D/E & Pepsin (Peptidase A1),0.0,0.0,0.0,0.0,0.0,0.0,No,Peptidase_A17,,,,uncharacterized protein NPIL_522731 [Nephila pilipes]
NPIL_528921,GFT17069.1,,Protein Digestion & Proteolysis,Aspartic Proteases,Cathepsin D/E & Pepsin (Peptidase A1),0.0,0.0,0.0,0.0,0.0,0.0,No,"DUF1758,DUF1759,Peptidase_A17,rve",,,,uncharacterized protein NPIL_528921 [Nephila pilipes]
NPIL_530881,GFT86973.1,,Protein Digestion & Proteolysis,Aspartic Proteases,Cathepsin D/E & Pepsin (Peptidase A1),0.0,0.0,0.0,0.0,0.0,0.0,No,"DUF1759,Peptidase_A17",,,,uncharacterized protein NPIL_530881 [Nephila pilipes]
"NPIL_534941,",GFT90746.1,,Protein Digestion & Proteolysis,Aspartic Proteases,Cathepsin D/E & Pepsin (Peptidase A1),0.0,0.0,0.0,0.0,0.0,0.0,No,"DUF1759,Peptidase_A17,rve",,,,"uncharacterized protein NPIL_534941, partial [Nephila pilipes]"
NPIL_535381,GFT67283.1,,Protein Digestion & Proteolysis,Aspartic Proteases,Cathepsin D/E & Pepsin (Peptidase A1),0.0,0.0,0.0,0.0,0.0,0.0,No,"DUF1759,Peptidase_A17,rve",,,,uncharacterized protein NPIL_535381 [Nephila pilipes]
NPIL_536151,GFU42059.1,,Protein Digestion & Proteolysis,Aspartic Proteases,Cathepsin D/E & Pepsin (Peptidase A1),0.0,0.0,0.0,0.0,0.0,0.0,No,Peptidase_A17,,,,uncharacterized protein NPIL_536151 [Nephila pilipes]
NPIL_540641,GFT71099.1,T01_2747,Protein Digestion & Proteolysis,Aspartic Proteases,Cathepsin D/E & Pepsin (Peptidase A1),0.0,0.0,0.0,0.0,0.0,0.0,No,"Asp_protease_2,DUF1759,Peptidase_A17,RVT_1",,,,hypothetical protein NPIL_540641 [Nephila pilipes]
NPIL_541191,GFT84816.1,,Protein Digestion & Proteolysis,Aspartic Proteases,Cathepsin D/E & Pepsin (Peptidase A1),0.0,0.0,0.0,0.0,0.0,0.0,No,"Peptidase_A17,rve",,,,uncharacterized protein NPIL_541191 [Nephila pilipes]
"NPIL_54201,",GFU52071.1,,Protein Digestion & Proteolysis,Aspartic Proteases,Cathepsin D/E & Pepsin (Peptidase A1),0.0,0.0,0.0,0.0,0.0,0.0,No,"DUF1758,Peptidase_A17,RVT_1,rve",,,,"uncharacterized protein NPIL_54201, partial [Nephila pilipes]"
"NPIL_542081,",GFS60127.1,EFV49170,Protein Digestion & Proteolysis,Aspartic Proteases,Cathepsin D/E & Pepsin (Peptidase A1),0.0,0.0,0.0,0.0,0.0,0.0,No,"DUF1758,Peptidase_A17",,,,"uncharacterized protein NPIL_542081, partial [Nephila pilipes]"
NPIL_543501,GFS79238.1,,Protein Digestion & Proteolysis,Aspartic Proteases,Cathepsin D/E & Pepsin (Peptidase A1),0.0,0.0,0.0,0.0,0.0,0.0,No,"DUF1758,DUF1759,Peptidase_A17,rve",,,,uncharacterized protein NPIL_543501 [Nephila pilipes]
NPIL_54391,GFS53799.1,,Protein Digestion & Proteolysis,Aspartic Proteases,Cathepsin D/E & Pepsin (Peptidase A1),0.0,0.0,0.0,0.0,0.0,0.0,No,Peptidase_A17,,,,uncharacterized protein NPIL_54391 [Nephila pilipes]
NPIL_54401,GFS53801.1,,Protein Digestion & Proteolysis,Aspartic Proteases,Cathepsin D/E & Pepsin (Peptidase A1),0.0,0.0,0.0,0.0,0.0,0.0,No,"DUF1758,DUF1759,Endonuclease_7,Peptidase_A17",,,,uncharacterized protein NPIL_54401 [Nephila pilipes]
NPIL_545291,GFU25786.1,,Protein Digestion & Proteolysis,Aspartic Proteases,Cathepsin D/E & Pepsin (Peptidase A1),0.0,0.0,0.0,0.0,0.0,0.0,No,"Peptidase_A17,rve",,,,uncharacterized protein NPIL_545291 [Nephila pilipes]
NPIL_548521,GFS35778.1,CRE_06943,Protein Digestion & Proteolysis,Aspartic Proteases,Cathepsin D/E & Pepsin (Peptidase A1),0.0,0.0,0.0,0.0,0.0,0.0,No,"DUF1759,Peptidase_A17,RVT_1,rve",,,,uncharacterized protein NPIL_548521 [Nephila pilipes]
NPIL_551091,GFS82583.1,,Protein Digestion & Proteolysis,Aspartic Proteases,Cathepsin D/E & Pepsin (Peptidase A1),0.0,0.0,0.0,0.0,0.0,0.0,No,"DUF1758,DUF1759,Peptidase_A17,rve",,,,hypothetical protein NPIL_551091 [Nephila pilipes]
NPIL_551231,GFS28950.1,T01_10639,Protein Digestion & Proteolysis,Aspartic Proteases,Cathepsin D/E & Pepsin (Peptidase A1),0.0,0.0,0.0,0.0,0.0,0.0,No,"Peptidase_A17,RVT_1,rve",,,,uncharacterized protein NPIL_551231 [Nephila pilipes]
"NPIL_553091,",GFT42463.1,,Protein Digestion & Proteolysis,Aspartic Proteases,Cathepsin D/E & Pepsin (Peptidase A1),0.0,0.0,0.0,0.0,0.0,0.0,No,"DUF1758,Peptidase_A17,RVT_1,rve",,,,"uncharacterized protein NPIL_553091, partial [Nephila pilipes]"
NPIL_559911,GFT80377.1,gar1,Protein Digestion & Proteolysis,Aspartic Proteases,Cathepsin D/E & Pepsin (Peptidase A1),0.0,0.0,0.0,0.0,0.0,0.0,No,"Peptidase_A17,rve",,,,uncharacterized protein NPIL_559911 [Nephila pilipes]
NPIL_559921,GFT80378.1,,Protein Digestion & Proteolysis,Aspartic Proteases,Cathepsin D/E & Pepsin (Peptidase A1),0.0,0.0,0.0,0.0,0.0,0.0,No,Peptidase_A17,,,,hypothetical protein NPIL_559921 [Nephila pilipes]
NPIL_563661,GFT96653.1,103308964,Protein Digestion & Proteolysis,Aspartic Proteases,Cathepsin D/E & Pepsin (Peptidase A1),0.0,0.0,0.0,0.0,0.0,0.0,No,"DUF1758,DUF1759,Peptidase_A17",,,,uncharacterized protein NPIL_563661 [Nephila pilipes]
"NPIL_566641,",GFU49452.1,,Protein Digestion & Proteolysis,Aspartic Proteases,Cathepsin D/E & Pepsin (Peptidase A1),0.0,0.0,0.0,0.0,0.0,0.0,No,"DUF1759,Peptidase_A17,rve",,,,"uncharacterized protein NPIL_566641, partial [Nephila pilipes]"
"NPIL_567471,",GFU23947.1,T01_9306,Protein Digestion & Proteolysis,Aspartic Proteases,Cathepsin D/E & Pepsin (Peptidase A1),0.0,0.0,0.0,0.0,0.0,0.0,No,"DUF1758,DUF1759,Peptidase_A17,RVT_1",,,,"uncharacterized protein NPIL_567471, partial [Nephila pilipes]"
NPIL_568521,GFS72537.1,,Protein Digestion & Proteolysis,Aspartic Proteases,Cathepsin D/E & Pepsin (Peptidase A1),0.0,0.0,0.0,0.0,0.0,0.0,No,"DUF1759,Peptidase_A17",,,,uncharacterized protein NPIL_568521 [Nephila pilipes]
NPIL_568711,GFT95250.1,,Protein Digestion & Proteolysis,Aspartic Proteases,Cathepsin D/E & Pepsin (Peptidase A1),0.0,0.0,0.0,0.0,0.0,0.0,No,"DUF1758,Peptidase_A17",,,,hypothetical protein NPIL_568711 [Nephila pilipes]
NPIL_570341,GFT00499.1,T01_5592,Protein Digestion & Proteolysis,Aspartic Proteases,Cathepsin D/E & Pepsin (Peptidase A1),0.0,0.0,0.0,0.0,0.0,0.0,No,"DUF1758,DUF1759,Peptidase_A17,RVT_1,rve",,,,uncharacterized protein NPIL_570341 [Nephila pilipes]
NPIL_570781,GFU11435.1,,Protein Digestion & Proteolysis,Aspartic Proteases,Cathepsin D/E & Pepsin (Peptidase A1),0.0,0.0,0.0,0.0,0.0,0.0,No,Peptidase_A17,,,,hypothetical protein NPIL_570781 [Nephila pilipes]
NPIL_57221,GFT92956.1,EFV50395,Protein Digestion & Proteolysis,Aspartic Proteases,Cathepsin D/E & Pepsin (Peptidase A1),0.0,0.0,0.0,0.0,0.0,0.0,No,Peptidase_A17,,,,uncharacterized protein NPIL_57221 [Nephila pilipes]
NPIL_572651,GFS38616.1,,Protein Digestion & Proteolysis,Aspartic Proteases,Cathepsin D/E & Pepsin (Peptidase A1),0.0,0.0,0.0,0.0,0.0,0.0,No,"DUF1759,Peptidase_A17,rve",,,,hypothetical protein NPIL_572651 [Nephila pilipes]
NPIL_574411,GFT07859.1,,Protein Digestion & Proteolysis,Aspartic Proteases,Cathepsin D/E & Pepsin (Peptidase A1),0.0,0.0,0.0,0.0,0.0,0.0,No,"DUF1758,DUF1759,Peptidase_A17,rve",,,,uncharacterized protein NPIL_574411 [Nephila pilipes]
NPIL_575671,GFT30031.1,,Protein Digestion & Proteolysis,Aspartic Proteases,Cathepsin D/E & Pepsin (Peptidase A1),0.0,0.0,0.0,0.0,0.0,0.0,No,"DUF1758,DUF1759,Peptidase_A17,rve",,,,uncharacterized protein NPIL_575671 [Nephila pilipes]
NPIL_578531,GFT29827.1,,Protein Digestion & Proteolysis,Aspartic Proteases,Cathepsin D/E & Pepsin (Peptidase A1),0.0,0.0,0.0,0.0,0.0,0.0,No,"DUF1758,DUF1759,Peptidase_A17",,,,uncharacterized protein NPIL_578531 [Nephila pilipes]
"NPIL_581951,",GFT04944.1,,Protein Digestion & Proteolysis,Aspartic Proteases,Cathepsin D/E & Pepsin (Peptidase A1),0.0,0.0,0.0,0.0,0.0,0.0,No,"DUF1759,Peptidase_A17,rve",,,,"uncharacterized protein NPIL_581951, partial [Nephila pilipes]"
NPIL_590001,GFS72658.1,,Protein Digestion & Proteolysis,Aspartic Proteases,Cathepsin D/E & Pepsin (Peptidase A1),0.0,0.0,0.0,0.0,0.0,0.0,No,Peptidase_A17,,,,hypothetical protein NPIL_590001 [Nephila pilipes]
NPIL_591851,GFU37145.1,EFV61788,Protein Digestion & Proteolysis,Aspartic Proteases,Cathepsin D/E & Pepsin (Peptidase A1),0.0,0.0,0.0,0.0,0.0,0.0,No,"DUF1758,DUF1759,Peptidase_A17,rve",,,,uncharacterized protein NPIL_591851 [Nephila pilipes]
NPIL_594071,GFT59168.1,,Protein Digestion & Proteolysis,Aspartic Proteases,Cathepsin D/E & Pepsin (Peptidase A1),0.0,0.0,0.0,0.0,0.0,0.0,No,"DUF1759,Peptidase_A17,rve",,,,hypothetical protein NPIL_594071 [Nephila pilipes]
"NPIL_594381,",GFT16308.1,,Protein Digestion & Proteolysis,Aspartic Proteases,Cathepsin D/E & Pepsin (Peptidase A1),0.0,0.0,0.0,0.0,0.0,0.0,No,"DUF1759,Peptidase_A17,rve",,,,"uncharacterized protein NPIL_594381, partial [Nephila pilipes]"
"NPIL_59501,",GFU13723.1,T01_5563,Protein Digestion & Proteolysis,Aspartic Proteases,Cathepsin D/E & Pepsin (Peptidase A1),0.0,0.0,0.0,0.0,0.0,0.0,No,"DUF1758,DUF1759,Peptidase_A17",,,,"uncharacterized protein NPIL_59501, partial [Nephila pilipes]"
"NPIL_597601,",GFT23745.1,,Protein Digestion & Proteolysis,Aspartic Proteases,Cathepsin D/E & Pepsin (Peptidase A1),0.0,0.0,0.0,0.0,0.0,0.0,No,Peptidase_A17,,,,"uncharacterized protein NPIL_597601, partial [Nephila pilipes]"
NPIL_598811,GFS95386.1,,Protein Digestion & Proteolysis,Aspartic Proteases,Cathepsin D/E & Pepsin (Peptidase A1),0.0,0.0,0.0,0.0,0.0,0.0,No,"DUF1758,DUF1759,Peptidase_A17",,,,uncharacterized protein NPIL_598811 [Nephila pilipes]
NPIL_599281,GFT02336.1,,Protein Digestion & Proteolysis,Aspartic Proteases,Cathepsin D/E & Pepsin (Peptidase A1),0.0,0.0,0.0,0.0,0.0,0.0,No,"Peptidase_A17,rve",,,,uncharacterized protein NPIL_599281 [Nephila pilipes]
"NPIL_599441,",GFS46209.1,,Protein Digestion & Proteolysis,Aspartic Proteases,Cathepsin D/E & Pepsin (Peptidase A1),0.0,0.0,0.0,0.0,0.0,0.0,No,"DUF1758,Peptidase_A17,RVT_1,rve",,,,"uncharacterized protein NPIL_599441, partial [Nephila pilipes]"
NPIL_599581,GFU15379.1,,Protein Digestion & Proteolysis,Aspartic Proteases,Cathepsin D/E & Pepsin (Peptidase A1),0.0,0.0,0.0,0.0,0.0,0.0,No,"Peptidase_A17,rve",,,,uncharacterized protein NPIL_599581 [Nephila pilipes]
"NPIL_599841,",GFU32013.1,,Protein Digestion & Proteolysis,Aspartic Proteases,Cathepsin D/E & Pepsin (Peptidase A1),0.0,0.0,0.0,0.0,0.0,0.0,No,"Peptidase_A17,rve",,,,"uncharacterized protein NPIL_599841, partial [Nephila pilipes]"
NPIL_600081,GFS73528.1,T01_13806,Protein Digestion & Proteolysis,Aspartic Proteases,Cathepsin D/E & Pepsin (Peptidase A1),0.0,0.0,0.0,0.0,0.0,0.0,No,"DUF1758,DUF1759,Peptidase_A17,RVT_1",,,,uncharacterized protein NPIL_600081 [Nephila pilipes]
NPIL_600811,GFT87480.1,EFV49170,Protein Digestion & Proteolysis,Aspartic Proteases,Cathepsin D/E & Pepsin (Peptidase A1),0.0,0.0,0.0,0.0,0.0,0.0,No,"DUF1758,Peptidase_A17",,,,uncharacterized protein NPIL_600811 [Nephila pilipes]
NPIL_600821,GFT87482.1,,Protein Digestion & Proteolysis,Aspartic Proteases,Cathepsin D/E & Pepsin (Peptidase A1),0.0,0.0,0.0,0.0,0.0,0.0,No,"DUF1758,DUF1759,Peptidase_A17",,,,uncharacterized protein NPIL_600821 [Nephila pilipes]
NPIL_601391,GFU37046.1,,Protein Digestion & Proteolysis,Aspartic Proteases,Cathepsin D/E & Pepsin (Peptidase A1),0.0,0.0,0.0,0.0,0.0,0.0,No,Peptidase_A17,,,,uncharacterized protein NPIL_601391 [Nephila pilipes]
NPIL_601421,GFU37053.1,,Protein Digestion & Proteolysis,Aspartic Proteases,Cathepsin D/E & Pepsin (Peptidase A1),0.0,0.0,0.0,0.0,0.0,0.0,No,"Peptidase_A17,RVT_1",,,,uncharacterized protein NPIL_601421 [Nephila pilipes]
"NPIL_601591,",GFS69457.1,,Protein Digestion & Proteolysis,Aspartic Proteases,Cathepsin D/E & Pepsin (Peptidase A1),0.0,0.0,0.0,0.0,0.0,0.0,No,"DUF1759,Peptidase_A17",,,,"hypothetical protein NPIL_601591, partial [Nephila pilipes]"
"NPIL_60211,",GFT65804.1,EFV49170,Protein Digestion & Proteolysis,Aspartic Proteases,Cathepsin D/E & Pepsin (Peptidase A1),0.0,0.0,0.0,0.0,0.0,0.0,No,"DUF1758,Peptidase_A17",,,,"uncharacterized protein NPIL_60211, partial [Nephila pilipes]"
NPIL_605111,GFT66880.1,,Protein Digestion & Proteolysis,Aspartic Proteases,Cathepsin D/E & Pepsin (Peptidase A1),0.0,0.0,0.0,0.0,0.0,0.0,No,"DUF1758,DUF1759,Peptidase_A17",,,,hypothetical protein NPIL_605111 [Nephila pilipes]
"NPIL_60521,",GFS98630.1,,Protein Digestion & Proteolysis,Aspartic Proteases,Cathepsin D/E & Pepsin (Peptidase A1),0.0,0.0,0.0,0.0,0.0,0.0,No,"DUF1758,Peptidase_A17,RVT_1,rve",,,,"uncharacterized protein NPIL_60521, partial [Nephila pilipes]"
"NPIL_60571,",GFT84583.1,EFV61778,Protein Digestion & Proteolysis,Aspartic Proteases,Cathepsin D/E & Pepsin (Peptidase A1),0.0,0.0,0.0,0.0,0.0,0.0,No,Peptidase_A17,,,,"uncharacterized protein NPIL_60571, partial [Nephila pilipes]"
NPIL_614031,GFT03169.1,,Protein Digestion & Proteolysis,Aspartic Proteases,Cathepsin D/E & Pepsin (Peptidase A1),0.0,0.0,0.0,0.0,0.0,0.0,No,"DUF1758,DUF1759,Peptidase_A17,RVT_1,rve",,,,uncharacterized protein NPIL_614031 [Nephila pilipes]
"NPIL_614861,",GFT72429.1,,Protein Digestion & Proteolysis,Aspartic Proteases,Cathepsin D/E & Pepsin (Peptidase A1),0.0,0.0,0.0,0.0,0.0,0.0,No,"DUF1758,Peptidase_A17,RVT_1,rve",,,,"uncharacterized protein NPIL_614861, partial [Nephila pilipes]"
"NPIL_618611,",GFS31988.1,,Protein Digestion & Proteolysis,Aspartic Proteases,Cathepsin D/E & Pepsin (Peptidase A1),0.0,0.0,0.0,0.0,0.0,0.0,No,"DUF1759,Peptidase_A17",,,,"hypothetical protein NPIL_618611, partial [Nephila pilipes]"
NPIL_620361,GFS71605.1,,Protein Digestion & Proteolysis,Aspartic Proteases,Cathepsin D/E & Pepsin (Peptidase A1),0.0,0.0,0.0,0.0,0.0,0.0,No,Peptidase_A17,,,,uncharacterized protein NPIL_620361 [Nephila pilipes]
NPIL_62171,GFU16002.1,,Protein Digestion & Proteolysis,Aspartic Proteases,Cathepsin D/E & Pepsin (Peptidase A1),0.0,0.0,0.0,0.0,0.0,0.0,No,"DUF1758,DUF1759,Peptidase_A17",,,,uncharacterized protein NPIL_62171 [Nephila pilipes]
NPIL_622001,GFU61652.1,,Protein Digestion & Proteolysis,Aspartic Proteases,Cathepsin D/E & Pepsin (Peptidase A1),0.0,0.0,0.0,0.0,0.0,0.0,No,"DUF1759,Peptidase_A17,rve",,,,hypothetical protein NPIL_622001 [Nephila pilipes]
NPIL_623481,GFT11371.1,EFV50395,Protein Digestion & Proteolysis,Aspartic Proteases,Cathepsin D/E & Pepsin (Peptidase A1),0.0,0.0,0.0,0.0,0.0,0.0,No,Peptidase_A17,,,,uncharacterized protein NPIL_623481 [Nephila pilipes]
NPIL_623931,GFT74758.1,,Protein Digestion & Proteolysis,Aspartic Proteases,Cathepsin D/E & Pepsin (Peptidase A1),0.0,0.0,0.0,0.0,0.0,0.0,No,"DUF1758,Peptidase_A17,rve",,,,uncharacterized protein NPIL_623931 [Nephila pilipes]
NPIL_624371,GFS56193.1,,Protein Digestion & Proteolysis,Aspartic Proteases,Cathepsin D/E & Pepsin (Peptidase A1),0.0,0.0,0.0,0.0,0.0,0.0,No,Peptidase_A17,,,,uncharacterized protein NPIL_624371 [Nephila pilipes]
NPIL_626641,GFS74886.1,,Protein Digestion & Proteolysis,Aspartic Proteases,Cathepsin D/E & Pepsin (Peptidase A1),0.0,0.0,0.0,0.0,0.0,0.0,No,"DUF1759,Peptidase_A17,rve",,,,uncharacterized protein NPIL_626641 [Nephila pilipes]
NPIL_626961,GFT47735.1,,Protein Digestion & Proteolysis,Aspartic Proteases,Cathepsin D/E & Pepsin (Peptidase A1),0.0,0.0,0.0,0.0,0.0,0.0,No,"Peptidase_A17,rve",,,,uncharacterized protein NPIL_626961 [Nephila pilipes]
NPIL_628961,GFU26692.1,,Protein Digestion & Proteolysis,Aspartic Proteases,Cathepsin D/E & Pepsin (Peptidase A1),0.0,0.0,0.0,0.0,0.0,0.0,No,"DUF1758,DUF1759,Peptidase_A17,rve",,,,uncharacterized protein NPIL_628961 [Nephila pilipes]
"NPIL_634161,",GFT50702.1,,Protein Digestion & Proteolysis,Aspartic Proteases,Cathepsin D/E & Pepsin (Peptidase A1),0.0,0.0,0.0,0.0,0.0,0.0,No,"DUF1759,Peptidase_A17,rve",,,,"uncharacterized protein NPIL_634161, partial [Nephila pilipes]"
NPIL_634941,GFU05643.1,,Protein Digestion & Proteolysis,Aspartic Proteases,Cathepsin D/E & Pepsin (Peptidase A1),0.0,0.0,0.0,0.0,0.0,0.0,No,"DUF1758,DUF1759,Peptidase_A17,rve",,,,uncharacterized protein NPIL_634941 [Nephila pilipes]
"NPIL_639691,",GFS73251.1,,Protein Digestion & Proteolysis,Aspartic Proteases,Cathepsin D/E & Pepsin (Peptidase A1),0.0,0.0,0.0,0.0,0.0,0.0,No,"DUF1759,Peptidase_A17,rve",,,,"uncharacterized protein NPIL_639691, partial [Nephila pilipes]"
NPIL_640601,GFT74974.1,,Protein Digestion & Proteolysis,Aspartic Proteases,Cathepsin D/E & Pepsin (Peptidase A1),0.0,0.0,0.0,0.0,0.0,0.0,No,"Peptidase_A17,RVT_1",,,,uncharacterized protein NPIL_640601 [Nephila pilipes]
NPIL_640661,GFT32204.1,,Protein Digestion & Proteolysis,Aspartic Proteases,Cathepsin D/E & Pepsin (Peptidase A1),0.0,0.0,0.0,0.0,0.0,0.0,No,"DUF1759,Peptidase_A17",,,,hypothetical protein NPIL_640661 [Nephila pilipes]
NPIL_641261,GFT73734.1,,Protein Digestion & Proteolysis,Aspartic Proteases,Cathepsin D/E & Pepsin (Peptidase A1),0.0,0.0,0.0,0.0,0.0,0.0,No,"DUF1759,Peptidase_A17",,,,uncharacterized protein NPIL_641261 [Nephila pilipes]
NPIL_642771,GFS51069.1,T01_5592,Protein Digestion & Proteolysis,Aspartic Proteases,Cathepsin D/E & Pepsin (Peptidase A1),0.0,0.0,0.0,0.0,0.0,0.0,No,"DUF1758,DUF1759,Peptidase_A17,RVT_1,rve",,,,uncharacterized protein NPIL_642771 [Nephila pilipes]
NPIL_651191,GFT32293.1,,Protein Digestion & Proteolysis,Aspartic Proteases,Cathepsin D/E & Pepsin (Peptidase A1),0.0,0.0,0.0,0.0,0.0,0.0,No,"DUF1758,DUF1759,Peptidase_A17",,,,uncharacterized protein NPIL_651191 [Nephila pilipes]
NPIL_651201,GFT32294.1,EFV49170,Protein Digestion & Proteolysis,Aspartic Proteases,Cathepsin D/E & Pepsin (Peptidase A1),0.0,0.0,0.0,0.0,0.0,0.0,No,"DUF1758,Peptidase_A17",,,,uncharacterized protein NPIL_651201 [Nephila pilipes]
"NPIL_654741,",GFT03388.1,,Protein Digestion & Proteolysis,Aspartic Proteases,Cathepsin D/E & Pepsin (Peptidase A1),0.0,0.0,0.0,0.0,0.0,0.0,No,"DUF1759,Peptidase_A17,rve",,,,"uncharacterized protein NPIL_654741, partial [Nephila pilipes]"
NPIL_655391,GFS29113.1,,Protein Digestion & Proteolysis,Aspartic Proteases,Cathepsin D/E & Pepsin (Peptidase A1),0.0,0.0,0.0,0.0,0.0,0.0,No,"DUF1758,DUF1759,Peptidase_A17,rve",,,,hypothetical protein NPIL_655391 [Nephila pilipes]
NPIL_655491,GFS29132.1,,Protein Digestion & Proteolysis,Aspartic Proteases,Cathepsin D/E & Pepsin (Peptidase A1),0.0,0.0,0.0,0.0,0.0,0.0,No,"DUF1758,DUF1759,Peptidase_A17,rve",,,,uncharacterized protein NPIL_655491 [Nephila pilipes]
"NPIL_655911,",GFS79515.1,,Protein Digestion & Proteolysis,Aspartic Proteases,Cathepsin D/E & Pepsin (Peptidase A1),0.0,0.0,0.0,0.0,0.0,0.0,No,Peptidase_A17,,,,"uncharacterized protein NPIL_655911, partial [Nephila pilipes]"
NPIL_656531,GFT26589.1,T01_2747,Protein Digestion & Proteolysis,Aspartic Proteases,Cathepsin D/E & Pepsin (Peptidase A1),0.0,0.0,0.0,0.0,0.0,0.0,No,"Asp_protease_2,DUF1759,Peptidase_A17,RVT_1",,,,uncharacterized protein NPIL_656531 [Nephila pilipes]
NPIL_657301,GFS43535.1,,Protein Digestion & Proteolysis,Aspartic Proteases,Cathepsin D/E & Pepsin (Peptidase A1),0.0,0.0,0.0,0.0,0.0,0.0,No,"DUF1758,DUF1759,Peptidase_A17",,,,uncharacterized protein NPIL_657301 [Nephila pilipes]
NPIL_660691,GFS83231.1,,Protein Digestion & Proteolysis,Aspartic Proteases,Cathepsin D/E & Pepsin (Peptidase A1),0.0,0.0,0.0,0.0,0.0,0.0,No,"Peptidase_A17,Sugar_tr",,,,uncharacterized protein NPIL_660691 [Nephila pilipes]
"NPIL_661181,",GFT98700.1,,Protein Digestion & Proteolysis,Aspartic Proteases,Cathepsin D/E & Pepsin (Peptidase A1),0.0,0.0,0.0,0.0,0.0,0.0,No,"DUF1759,Peptidase_A17,rve",,,,"uncharacterized protein NPIL_661181, partial [Nephila pilipes]"
NPIL_662381,GFS98257.1,103308916,Protein Digestion & Proteolysis,Aspartic Proteases,Cathepsin D/E & Pepsin (Peptidase A1),0.0,0.0,0.0,0.0,0.0,0.0,No,"Peptidase_A17,rve",,,,hypothetical protein NPIL_662381 [Nephila pilipes]
NPIL_666111,GFT57280.1,,Protein Digestion & Proteolysis,Aspartic Proteases,Cathepsin D/E & Pepsin (Peptidase A1),0.0,0.0,0.0,0.0,0.0,0.0,No,"DUF1759,Peptidase_A17,rve",,,,uncharacterized protein NPIL_666111 [Nephila pilipes]
"NPIL_667391,",GFS47309.1,,Protein Digestion & Proteolysis,Aspartic Proteases,Cathepsin D/E & Pepsin (Peptidase A1),0.0,0.0,0.0,0.0,0.0,0.0,No,"DUF1758,DUF1759,Peptidase_A17,rve",,,,"uncharacterized protein NPIL_667391, partial [Nephila pilipes]"
"NPIL_669821,",GFT81375.1,,Protein Digestion & Proteolysis,Aspartic Proteases,Cathepsin D/E & Pepsin (Peptidase A1),0.0,0.0,0.0,0.0,0.0,0.0,No,"DUF1759,Peptidase_A17,rve",,,,"uncharacterized protein NPIL_669821, partial [Nephila pilipes]"
NPIL_669951,GFU54811.1,,Protein Digestion & Proteolysis,Aspartic Proteases,Cathepsin D/E & Pepsin (Peptidase A1),0.0,0.0,0.0,0.0,0.0,0.0,No,Peptidase_A17,,,,uncharacterized protein NPIL_669951 [Nephila pilipes]
NPIL_670011,GFU54820.1,,Protein Digestion & Proteolysis,Aspartic Proteases,Cathepsin D/E & Pepsin (Peptidase A1),0.0,0.0,0.0,0.0,0.0,0.0,No,"Peptidase_A17,rve",,,,hypothetical protein NPIL_670011 [Nephila pilipes]
NPIL_671021,GFU01738.1,,Protein Digestion & Proteolysis,Aspartic Proteases,Cathepsin D/E & Pepsin (Peptidase A1),0.0,0.0,0.0,0.0,0.0,0.0,No,Peptidase_A17,,,,uncharacterized protein NPIL_671021 [Nephila pilipes]
"NPIL_672291,",GFT89978.1,,Protein Digestion & Proteolysis,Aspartic Proteases,Cathepsin D/E & Pepsin (Peptidase A1),0.0,0.0,0.0,0.0,0.0,0.0,No,"DUF1758,Peptidase_A17,rve",,,,"uncharacterized protein NPIL_672291, partial [Nephila pilipes]"
"NPIL_675021,",GFU40035.1,,Protein Digestion & Proteolysis,Aspartic Proteases,Cathepsin D/E & Pepsin (Peptidase A1),0.0,0.0,0.0,0.0,0.0,0.0,No,"DUF1758,Peptidase_A17,RVT_1,rve",,,,"uncharacterized protein NPIL_675021, partial [Nephila pilipes]"
NPIL_677181,GFU33999.1,,Protein Digestion & Proteolysis,Aspartic Proteases,Cathepsin D/E & Pepsin (Peptidase A1),0.0,0.0,0.0,0.0,0.0,0.0,No,"DUF1758,DUF1759,Peptidase_A17,rve",,,,hypothetical protein NPIL_677181 [Nephila pilipes]
NPIL_678241,GFS43940.1,103310965,Protein Digestion & Proteolysis,Aspartic Proteases,Cathepsin D/E & Pepsin (Peptidase A1),0.0,0.0,0.0,0.0,0.0,0.0,No,"DUF1758,DUF1759,Peptidase_A17",,,,hypothetical protein NPIL_678241 [Nephila pilipes]
NPIL_678951,GFU10127.1,T01_13806,Protein Digestion & Proteolysis,Aspartic Proteases,Cathepsin D/E & Pepsin (Peptidase A1),0.0,0.0,0.0,0.0,0.0,0.0,No,"DUF1758,DUF1759,Peptidase_A17,RVT_1",,,,uncharacterized protein NPIL_678951 [Nephila pilipes]
NPIL_685611,GFT63045.1,,Protein Digestion & Proteolysis,Aspartic Proteases,Cathepsin D/E & Pepsin (Peptidase A1),0.0,0.0,0.0,0.0,0.0,0.0,No,"DDE_1,HTH_psq,Peptidase_A17",,,,hypothetical protein NPIL_685611 [Nephila pilipes]
NPIL_687971,GFS41657.1,,Protein Digestion & Proteolysis,Aspartic Proteases,Cathepsin D/E & Pepsin (Peptidase A1),0.0,0.0,0.0,0.0,0.0,0.0,No,"Peptidase_A17,rve",,,,uncharacterized protein NPIL_687971 [Nephila pilipes]
"NPIL_689761,",GFU25321.1,gar1,Protein Digestion & Proteolysis,Aspartic Proteases,Cathepsin D/E & Pepsin (Peptidase A1),0.0,0.0,0.0,0.0,0.0,0.0,No,"Peptidase_A17,rve",,,,"uncharacterized protein NPIL_689761, partial [Nephila pilipes]"
NPIL_689901,GFT61493.1,,Protein Digestion & Proteolysis,Aspartic Proteases,Cathepsin D/E & Pepsin (Peptidase A1),0.0,0.0,0.0,0.0,0.0,0.0,No,Peptidase_A17,,,,uncharacterized protein NPIL_689901 [Nephila pilipes]
NPIL_692361,GFS80496.1,,Protein Digestion & Proteolysis,Aspartic Proteases,Cathepsin D/E & Pepsin (Peptidase A1),0.0,0.0,0.0,0.0,0.0,0.0,No,"DUF1759,Peptidase_A17,rve",,,,hypothetical protein NPIL_692361 [Nephila pilipes]
"NPIL_694221,",GFT08416.1,,Protein Digestion & Proteolysis,Aspartic Proteases,Cathepsin D/E & Pepsin (Peptidase A1),0.0,0.0,0.0,0.0,0.0,0.0,No,"DUF1758,Peptidase_A17",,,,"hypothetical protein NPIL_694221, partial [Nephila pilipes]"
NPIL_697661,GFT28850.1,,Protein Digestion & Proteolysis,Aspartic Proteases,Cathepsin D/E & Pepsin (Peptidase A1),0.0,0.0,0.0,0.0,0.0,0.0,No,"DUF1758,DUF1759,Peptidase_A17,RVT_1",,,,uncharacterized protein NPIL_697661 [Nephila pilipes]
NPIL_700751,GFS82666.1,,Protein Digestion & Proteolysis,Aspartic Proteases,Cathepsin D/E & Pepsin (Peptidase A1),0.0,0.0,0.0,0.0,0.0,0.0,No,"DUF1759,Peptidase_A17,rve",,,,uncharacterized protein NPIL_700751 [Nephila pilipes]
NPIL_702621,GFS78534.1,EFV61807,Protein Digestion & Proteolysis,Aspartic Proteases,Cathepsin D/E & Pepsin (Peptidase A1),0.0,0.0,0.0,0.0,0.0,0.0,No,"DUF1759,Peptidase_A17,rve",,,,uncharacterized protein NPIL_702621 [Nephila pilipes]
NPIL_703661,GFS79586.1,T01_13806,Protein Digestion & Proteolysis,Aspartic Proteases,Cathepsin D/E & Pepsin (Peptidase A1),0.0,0.0,0.0,0.0,0.0,0.0,No,"DUF1758,DUF1759,Peptidase_A17,RVT_1",,,,uncharacterized protein NPIL_703661 [Nephila pilipes]
"NPIL_70861,",GFT41440.1,,Protein Digestion & Proteolysis,Aspartic Proteases,Cathepsin D/E & Pepsin (Peptidase A1),0.0,0.0,0.0,0.0,0.0,0.0,No,"Peptidase_A17,rve",,,,"uncharacterized protein NPIL_70861, partial [Nephila pilipes]"
NPIL_75211,GFU07700.1,,Protein Digestion & Proteolysis,Aspartic Proteases,Cathepsin D/E & Pepsin (Peptidase A1),0.0,0.0,0.0,0.0,0.0,0.0,No,"DUF1758,DUF1759,Endonuclease_7,Peptidase_A17",,,,hypothetical protein NPIL_75211 [Nephila pilipes]
NPIL_79101,GFS75420.1,,Protein Digestion & Proteolysis,Aspartic Proteases,Cathepsin D/E & Pepsin (Peptidase A1),0.0,0.0,0.0,0.0,0.0,0.0,No,"DUF1758,DUF1759,Peptidase_A17,rve",,,,uncharacterized protein NPIL_79101 [Nephila pilipes]
"NPIL_79631,",GFT14578.1,,Protein Digestion & Proteolysis,Aspartic Proteases,Cathepsin D/E & Pepsin (Peptidase A1),0.0,0.0,0.0,0.0,0.0,0.0,No,"DUF1758,DUF1759,Endonuclease_7,Peptidase_A17",,,,"hypothetical protein NPIL_79631, partial [Nephila pilipes]"
NPIL_81221,GFT23274.1,,Protein Digestion & Proteolysis,Aspartic Proteases,Cathepsin D/E & Pepsin (Peptidase A1),0.0,0.0,0.0,0.0,0.0,0.0,No,"Peptidase_A17,rve",,,,uncharacterized protein NPIL_81221 [Nephila pilipes]
NPIL_81391,GFU03038.1,T01_5592,Protein Digestion & Proteolysis,Aspartic Proteases,Cathepsin D/E & Pepsin (Peptidase A1),0.0,0.0,0.0,0.0,0.0,0.0,No,"DUF1758,DUF1759,Peptidase_A17,RVT_1,rve",,,,uncharacterized protein NPIL_81391 [Nephila pilipes]
"NPIL_83841,",GFS88437.1,,Protein Digestion & Proteolysis,Aspartic Proteases,Cathepsin D/E & Pepsin (Peptidase A1),0.0,0.0,0.0,0.0,0.0,0.0,No,"DUF1758,Peptidase_A17",,,,"uncharacterized protein NPIL_83841, partial [Nephila pilipes]"
NPIL_87561,GFS50009.1,,Protein Digestion & Proteolysis,Aspartic Proteases,Cathepsin D/E & Pepsin (Peptidase A1),0.0,0.0,0.0,0.0,0.0,0.0,No,"DUF1759,Peptidase_A17",,,,hypothetical protein NPIL_87561 [Nephila pilipes]
"NPIL_90241,",GFS88409.1,,Protein Digestion & Proteolysis,Aspartic Proteases,Cathepsin D/E & Pepsin (Peptidase A1),0.0,0.0,0.0,0.0,0.0,0.0,No,"Peptidase_A17,rve",,,,"uncharacterized protein NPIL_90241, partial [Nephila pilipes]"
NPIL_97021,GFT91713.1,,Protein Digestion & Proteolysis,Aspartic Proteases,Cathepsin D/E & Pepsin (Peptidase A1),0.0,0.0,0.0,0.0,0.0,0.0,No,"DUF1759,Peptidase_A17,rve",,,,hypothetical protein NPIL_97021 [Nephila pilipes]
NPIL_99371,GFT18080.1,,Protein Digestion & Proteolysis,Aspartic Proteases,Cathepsin D/E & Pepsin (Peptidase A1),0.0,0.0,0.0,0.0,0.0,0.0,No,"DUF1758,DUF1759,Peptidase_A17",,,,uncharacterized protein NPIL_99371 [Nephila pilipes]
,GFS28396.1,,Protein Digestion & Proteolysis,Aspartic Proteases,Cathepsin D/E & Pepsin (Peptidase A1),0.0,0.0,0.0,0.0,0.0,0.0,No,"Peptidase_A17,Sugar_tr",,,,DUF5641 domain-containing protein [Nephila pilipes]
,GFS29183.1,,Protein Digestion & Proteolysis,Aspartic Proteases,Cathepsin D/E & Pepsin (Peptidase A1),0.0,0.0,0.0,0.0,0.0,0.0,No,"DUF1759,Peptidase_A17,rve",,,,DUF5641 domain-containing protein [Nephila pilipes]
,GFS29384.1,,Protein Digestion & Proteolysis,Aspartic Proteases,Cathepsin D/E & Pepsin (Peptidase A1),0.0,0.0,0.0,0.0,0.0,0.0,No,"DUF1759,Peptidase_A17",,,,DUF5641 domain-containing protein [Nephila pilipes]
,GFS30191.1,,Protein Digestion & Proteolysis,Aspartic Proteases,Cathepsin D/E & Pepsin (Peptidase A1),0.0,0.0,0.0,0.0,0.0,0.0,No,"DUF1759,Peptidase_A17",,,,DUF5641 domain-containing protein [Nephila pilipes]
,GFS30382.1,gar1,Protein Digestion & Proteolysis,Aspartic Proteases,Cathepsin D/E & Pepsin (Peptidase A1),0.0,0.0,0.0,0.0,0.0,0.0,No,"Peptidase_A17,rve",,,,"DUF1758 domain-containing protein, partial [Nephila pilipes]"
,GFS32178.1,,Protein Digestion & Proteolysis,Aspartic Proteases,Cathepsin D/E & Pepsin (Peptidase A1),0.0,0.0,0.0,0.0,0.0,0.0,No,"Peptidase_A17,rve",,,,DUF1758 domain-containing protein [Nephila pilipes]
,GFS32719.1,,Protein Digestion & Proteolysis,Aspartic Proteases,Cathepsin D/E & Pepsin (Peptidase A1),0.0,0.0,0.0,0.0,0.0,0.0,No,"DUF1759,Peptidase_A17,rve",,,,DUF5641 domain-containing protein [Nephila pilipes]
,GFS34070.1,,Protein Digestion & Proteolysis,Aspartic Proteases,Cathepsin D/E & Pepsin (Peptidase A1),0.0,0.0,0.0,0.0,0.0,0.0,No,"DUF1759,Peptidase_A17,rve",,,,DUF1758 domain-containing protein [Nephila pilipes]
,GFS41008.1,,Protein Digestion & Proteolysis,Aspartic Proteases,Cathepsin D/E & Pepsin (Peptidase A1),0.0,0.0,0.0,0.0,0.0,0.0,No,"Peptidase_A17,rve",,,,DUF5641 domain-containing protein [Nephila pilipes]
,GFS41397.1,,Protein Digestion & Proteolysis,Aspartic Proteases,Cathepsin D/E & Pepsin (Peptidase A1),0.0,0.0,0.0,0.0,0.0,0.0,No,"DUF1758,DUF1759,Peptidase_A17,rve",,,,DUF1758 domain-containing protein [Nephila pilipes]
,GFS41466.1,,Protein Digestion & Proteolysis,Aspartic Proteases,Cathepsin D/E & Pepsin (Peptidase A1),0.0,0.0,0.0,0.0,0.0,0.0,No,"DUF1759,Peptidase_A17,rve",,,,"DUF1758 domain-containing protein, partial [Nephila pilipes]"
,GFS41467.1,,Protein Digestion & Proteolysis,Aspartic Proteases,Cathepsin D/E & Pepsin (Peptidase A1),0.0,0.0,0.0,0.0,0.0,0.0,No,"DUF1759,Peptidase_A17,rve",,,,DUF5641 domain-containing protein [Nephila pilipes]
,GFS43899.1,,Protein Digestion & Proteolysis,Aspartic Proteases,Cathepsin D/E & Pepsin (Peptidase A1),0.0,0.0,0.0,0.0,0.0,0.0,No,"Peptidase_A17,rve",,,,DUF1758 domain-containing protein [Nephila pilipes]
,GFS44078.1,,Protein Digestion & Proteolysis,Aspartic Proteases,Cathepsin D/E & Pepsin (Peptidase A1),0.0,0.0,0.0,0.0,0.0,0.0,No,"Peptidase_A17,rve",,,,transposable element Tc1 transposase [Nephila pilipes]
,GFS44207.1,,Protein Digestion & Proteolysis,Aspartic Proteases,Cathepsin D/E & Pepsin (Peptidase A1),0.0,0.0,0.0,0.0,0.0,0.0,No,"DUF1759,Peptidase_A17,rve",,,,DUF1758 domain-containing protein [Nephila pilipes]
,GFS45596.1,,Protein Digestion & Proteolysis,Aspartic Proteases,Cathepsin D/E & Pepsin (Peptidase A1),0.0,0.0,0.0,0.0,0.0,0.0,No,"DUF1759,Peptidase_A17,rve",,,,DUF1758 domain-containing protein [Nephila pilipes]
,GFS45898.1,,Protein Digestion & Proteolysis,Aspartic Proteases,Cathepsin D/E & Pepsin (Peptidase A1),0.0,0.0,0.0,0.0,0.0,0.0,No,"DUF1759,Peptidase_A17",,,,DUF1758 domain-containing protein [Nephila pilipes]
,GFS47306.1,,Protein Digestion & Proteolysis,Aspartic Proteases,Cathepsin D/E & Pepsin (Peptidase A1),0.0,0.0,0.0,0.0,0.0,0.0,No,"DUF1758,Peptidase_A17,rve",,,,DUF1758 domain-containing protein [Nephila pilipes]
,GFS48451.1,,Protein Digestion & Proteolysis,Aspartic Proteases,Cathepsin D/E & Pepsin (Peptidase A1),0.0,0.0,0.0,0.0,0.0,0.0,No,"DUF1759,Peptidase_A17,rve",,,,DUF5641 domain-containing protein [Nephila pilipes]
,GFS49962.1,,Protein Digestion & Proteolysis,Aspartic Proteases,Cathepsin D/E & Pepsin (Peptidase A1),0.0,0.0,0.0,0.0,0.0,0.0,No,"Peptidase_A17,rve",,,,DUF1758 domain-containing protein [Nephila pilipes]
,GFS49963.1,T01_2962,Protein Digestion & Proteolysis,Aspartic Proteases,Cathepsin D/E & Pepsin (Peptidase A1),0.0,0.0,0.0,0.0,0.0,0.0,No,"DUF1759,Peptidase_A17",,,,"dual 3',5'-cyclic-AMP and-GMP phosphodiesterase 11 [Nephila pilipes]"
,GFS49965.1,,Protein Digestion & Proteolysis,Aspartic Proteases,Cathepsin D/E & Pepsin (Peptidase A1),0.0,0.0,0.0,0.0,0.0,0.0,No,"Peptidase_A17,rve",,,,DUF5641 domain-containing protein [Nephila pilipes]
,GFS50050.1,,Protein Digestion & Proteolysis,Aspartic Proteases,Cathepsin D/E & Pepsin (Peptidase A1),0.0,0.0,0.0,0.0,0.0,0.0,No,"DUF1758,Peptidase_A17,rve",,,,"DUF1758 domain-containing protein, partial [Nephila pilipes]"
,GFS50424.1,,Protein Digestion & Proteolysis,Aspartic Proteases,Cathepsin D/E & Pepsin (Peptidase A1),0.0,0.0,0.0,0.0,0.0,0.0,No,"DUF1759,Peptidase_A17",,,,DUF1758 domain-containing protein [Nephila pilipes]
,GFS51133.1,,Protein Digestion & Proteolysis,Aspartic Proteases,Cathepsin D/E & Pepsin (Peptidase A1),0.0,0.0,0.0,0.0,0.0,0.0,No,"DUF1759,Peptidase_A17,rve",,,,DUF1758 domain-containing protein [Nephila pilipes]
,GFS51137.1,,Protein Digestion & Proteolysis,Aspartic Proteases,Cathepsin D/E & Pepsin (Peptidase A1),0.0,0.0,0.0,0.0,0.0,0.0,No,"DUF1759,Peptidase_A17,rve",,,,DUF1758 domain-containing protein [Nephila pilipes]
,GFS52165.1,T01_5592,Protein Digestion & Proteolysis,Aspartic Proteases,Cathepsin D/E & Pepsin (Peptidase A1),0.0,0.0,0.0,0.0,0.0,0.0,No,"DUF1758,DUF1759,Peptidase_A17,RVT_1,rve",,,,DUF1758 domain-containing protein [Nephila pilipes]
,GFS52465.1,,Protein Digestion & Proteolysis,Aspartic Proteases,Cathepsin D/E & Pepsin (Peptidase A1),0.0,0.0,0.0,0.0,0.0,0.0,No,"DUF1759,Peptidase_A17",,,,DUF5641 domain-containing protein [Nephila pilipes]
,GFS52579.1,,Protein Digestion & Proteolysis,Aspartic Proteases,Cathepsin D/E & Pepsin (Peptidase A1),0.0,0.0,0.0,0.0,0.0,0.0,No,"DUF1758,DUF1759,Peptidase_A17",,,,DUF1758 domain-containing protein [Nephila pilipes]
,GFS53249.1,103309893,Protein Digestion & Proteolysis,Aspartic Proteases,Cathepsin D/E & Pepsin (Peptidase A1),0.0,0.0,0.0,0.0,0.0,0.0,No,"DUF1758,DUF1759,Peptidase_A17,rve",,,,DUF1758 domain-containing protein [Nephila pilipes]
,GFS53550.1,,Protein Digestion & Proteolysis,Aspartic Proteases,Cathepsin D/E & Pepsin (Peptidase A1),0.0,0.0,0.0,0.0,0.0,0.0,No,"DUF1759,Peptidase_A17,rve",,,,DUF5641 domain-containing protein [Nephila pilipes]
,GFS53553.1,,Protein Digestion & Proteolysis,Aspartic Proteases,Cathepsin D/E & Pepsin (Peptidase A1),0.0,0.0,0.0,0.0,0.0,0.0,No,"DUF1759,Peptidase_A17,rve",,,,"DUF1758 domain-containing protein, partial [Nephila pilipes]"
,GFS53927.1,,Protein Digestion & Proteolysis,Aspartic Proteases,Cathepsin D/E & Pepsin (Peptidase A1),0.0,0.0,0.0,0.0,0.0,0.0,No,"Peptidase_A17,rve",,,,DUF5641 domain-containing protein [Nephila pilipes]
,GFS54279.1,,Protein Digestion & Proteolysis,Aspartic Proteases,Cathepsin D/E & Pepsin (Peptidase A1),0.0,0.0,0.0,0.0,0.0,0.0,No,"DUF1758,DUF1759,Endonuclease_7,Peptidase_A17",,,,DUF1758 domain-containing protein [Nephila pilipes]
,GFS56086.1,,Protein Digestion & Proteolysis,Aspartic Proteases,Cathepsin D/E & Pepsin (Peptidase A1),0.0,0.0,0.0,0.0,0.0,0.0,No,"DUF1759,Peptidase_A17,rve",,,,DUF1758 domain-containing protein [Nephila pilipes]
,GFS60613.1,,Protein Digestion & Proteolysis,Aspartic Proteases,Cathepsin D/E & Pepsin (Peptidase A1),0.0,0.0,0.0,0.0,0.0,0.0,No,"DUF1759,Peptidase_A17,rve",,,,DUF5641 domain-containing protein [Nephila pilipes]
,GFS61416.1,,Protein Digestion & Proteolysis,Aspartic Proteases,Cathepsin D/E & Pepsin (Peptidase A1),0.0,0.0,0.0,0.0,0.0,0.0,No,"DUF1759,Peptidase_A17,rve",,,,DUF5641 domain-containing protein [Nephila pilipes]
,GFS63511.1,,Protein Digestion & Proteolysis,Aspartic Proteases,Cathepsin D/E & Pepsin (Peptidase A1),0.0,0.0,0.0,0.0,0.0,0.0,No,"Peptidase_A17,rve",,,,DUF1758 domain-containing protein [Nephila pilipes]
,GFS66666.1,gar1,Protein Digestion & Proteolysis,Aspartic Proteases,Cathepsin D/E & Pepsin (Peptidase A1),0.0,0.0,0.0,0.0,0.0,0.0,No,"Peptidase_A17,rve",,,,DUF1758 domain-containing protein [Nephila pilipes]
,GFS69012.1,,Protein Digestion & Proteolysis,Aspartic Proteases,Cathepsin D/E & Pepsin (Peptidase A1),0.0,0.0,0.0,0.0,0.0,0.0,No,"DUF1759,Peptidase_A17",,,,DUF1758 domain-containing protein [Nephila pilipes]
,GFS69296.1,,Protein Digestion & Proteolysis,Aspartic Proteases,Cathepsin D/E & Pepsin (Peptidase A1),0.0,0.0,0.0,0.0,0.0,0.0,No,"DUF1759,Peptidase_A17,rve",,,,DUF1758 domain-containing protein [Nephila pilipes]
,GFS70013.1,gar1,Protein Digestion & Proteolysis,Aspartic Proteases,Cathepsin D/E & Pepsin (Peptidase A1),0.0,0.0,0.0,0.0,0.0,0.0,No,"Peptidase_A17,rve",,,,putative transposable element [Nephila pilipes]
,GFS70177.1,,Protein Digestion & Proteolysis,Aspartic Proteases,Cathepsin D/E & Pepsin (Peptidase A1),0.0,0.0,0.0,0.0,0.0,0.0,No,"DUF1759,Peptidase_A17,rve",,,,DUF5641 domain-containing protein [Nephila pilipes]
,GFS71371.1,,Protein Digestion & Proteolysis,Aspartic Proteases,Cathepsin D/E & Pepsin (Peptidase A1),0.0,0.0,0.0,0.0,0.0,0.0,No,"DUF1758,Peptidase_A17,rve",,,,"DUF1758 domain-containing protein, partial [Nephila pilipes]"
,GFS71526.1,,Protein Digestion & Proteolysis,Aspartic Proteases,Cathepsin D/E & Pepsin (Peptidase A1),0.0,0.0,0.0,0.0,0.0,0.0,No,"Peptidase_A17,rve",,,,"DUF5641 domain-containing protein, partial [Nephila pilipes]"
,GFS71598.1,,Protein Digestion & Proteolysis,Aspartic Proteases,Cathepsin D/E & Pepsin (Peptidase A1),0.0,0.0,0.0,0.0,0.0,0.0,No,"Peptidase_A17,rve",,,,DUF5641 domain-containing protein [Nephila pilipes]
,GFS72240.1,,Protein Digestion & Proteolysis,Aspartic Proteases,Cathepsin D/E & Pepsin (Peptidase A1),0.0,0.0,0.0,0.0,0.0,0.0,No,"DUF1759,Peptidase_A17,rve",,,,"DUF1758 domain-containing protein, partial [Nephila pilipes]"
,GFS72425.1,,Protein Digestion & Proteolysis,Aspartic Proteases,Cathepsin D/E & Pepsin (Peptidase A1),0.0,0.0,0.0,0.0,0.0,0.0,No,"DUF1759,Peptidase_A17",,,,DUF5641 domain-containing protein [Nephila pilipes]
,GFS72553.1,,Protein Digestion & Proteolysis,Aspartic Proteases,Cathepsin D/E & Pepsin (Peptidase A1),0.0,0.0,0.0,0.0,0.0,0.0,No,"Peptidase_A17,rve",,,,DUF5641 domain-containing protein [Nephila pilipes]
,GFS73104.1,103308916,Protein Digestion & Proteolysis,Aspartic Proteases,Cathepsin D/E & Pepsin (Peptidase A1),0.0,0.0,0.0,0.0,0.0,0.0,No,"Peptidase_A17,rve",,,,DUF1758 domain-containing protein [Nephila pilipes]
,GFS74177.1,,Protein Digestion & Proteolysis,Aspartic Proteases,Cathepsin D/E & Pepsin (Peptidase A1),0.0,0.0,0.0,0.0,0.0,0.0,No,"DUF1759,Peptidase_A17,rve",,,,DUF5641 domain-containing protein [Nephila pilipes]
,GFS74600.1,,Protein Digestion & Proteolysis,Aspartic Proteases,Cathepsin D/E & Pepsin (Peptidase A1),0.0,0.0,0.0,0.0,0.0,0.0,No,"DUF1759,Peptidase_A17",,,,DUF5641 domain-containing protein [Nephila pilipes]
,GFS77774.1,,Protein Digestion & Proteolysis,Aspartic Proteases,Cathepsin D/E & Pepsin (Peptidase A1),0.0,0.0,0.0,0.0,0.0,0.0,No,"DUF1759,Peptidase_A17,rve",,,,DUF5641 domain-containing protein [Nephila pilipes]
,GFS77776.1,,Protein Digestion & Proteolysis,Aspartic Proteases,Cathepsin D/E & Pepsin (Peptidase A1),0.0,0.0,0.0,0.0,0.0,0.0,No,"DUF1759,Peptidase_A17,rve",,,,DUF5641 domain-containing protein [Nephila pilipes]
,GFS78123.1,,Protein Digestion & Proteolysis,Aspartic Proteases,Cathepsin D/E & Pepsin (Peptidase A1),0.0,0.0,0.0,0.0,0.0,0.0,No,"Peptidase_A17,rve",,,,transposable element Tc1 transposase [Nephila pilipes]
,GFS82668.1,,Protein Digestion & Proteolysis,Aspartic Proteases,Cathepsin D/E & Pepsin (Peptidase A1),0.0,0.0,0.0,0.0,0.0,0.0,No,"DUF1759,Peptidase_A17,rve",,,,macrophage mannose receptor 1 [Nephila pilipes]
,GFS83372.1,,Protein Digestion & Proteolysis,Aspartic Proteases,Cathepsin D/E & Pepsin (Peptidase A1),0.0,0.0,0.0,0.0,0.0,0.0,No,"DUF1759,Peptidase_A17,rve",,,,DUF5641 domain-containing protein [Nephila pilipes]
,GFS83552.1,,Protein Digestion & Proteolysis,Aspartic Proteases,Cathepsin D/E & Pepsin (Peptidase A1),0.0,0.0,0.0,0.0,0.0,0.0,No,"DUF1759,Peptidase_A17",,,,DUF1758 domain-containing protein [Nephila pilipes]
,GFS84484.1,,Protein Digestion & Proteolysis,Aspartic Proteases,Cathepsin D/E & Pepsin (Peptidase A1),0.0,0.0,0.0,0.0,0.0,0.0,No,"DUF1758,DUF1759,Peptidase_A17",,,,DUF1758 domain-containing protein [Nephila pilipes]
,GFS84583.1,,Protein Digestion & Proteolysis,Aspartic Proteases,Cathepsin D/E & Pepsin (Peptidase A1),0.0,0.0,0.0,0.0,0.0,0.0,No,"DUF1758,DUF1759,Peptidase_A17,rve",,,,DUF1758 domain-containing protein [Nephila pilipes]
,GFS84733.1,,Protein Digestion & Proteolysis,Aspartic Proteases,Cathepsin D/E & Pepsin (Peptidase A1),0.0,0.0,0.0,0.0,0.0,0.0,No,"DUF1758,Peptidase_A17",,,,DUF1758 domain-containing protein [Nephila pilipes]
,GFS85080.1,,Protein Digestion & Proteolysis,Aspartic Proteases,Cathepsin D/E & Pepsin (Peptidase A1),0.0,0.0,0.0,0.0,0.0,0.0,No,"Peptidase_A17,rve",,,,"DUF1758 domain-containing protein, partial [Nephila pilipes]"
,GFS85447.1,,Protein Digestion & Proteolysis,Aspartic Proteases,Cathepsin D/E & Pepsin (Peptidase A1),0.0,0.0,0.0,0.0,0.0,0.0,No,"Peptidase_A17,rve",,,,transposable element Tc1 transposase [Nephila pilipes]
,GFS85660.1,,Protein Digestion & Proteolysis,Aspartic Proteases,Cathepsin D/E & Pepsin (Peptidase A1),0.0,0.0,0.0,0.0,0.0,0.0,No,"Peptidase_A17,rve",,,,DUF1758 domain-containing protein [Nephila pilipes]
,GFS86036.1,,Protein Digestion & Proteolysis,Aspartic Proteases,Cathepsin D/E & Pepsin (Peptidase A1),0.0,0.0,0.0,0.0,0.0,0.0,No,"DUF1759,Peptidase_A17",,,,DUF5641 domain-containing protein [Nephila pilipes]
,GFS86272.1,,Protein Digestion & Proteolysis,Aspartic Proteases,Cathepsin D/E & Pepsin (Peptidase A1),0.0,0.0,0.0,0.0,0.0,0.0,No,"DUF1759,Peptidase_A17,rve",,,,DUF5641 domain-containing protein [Nephila pilipes]
,GFS86919.1,,Protein Digestion & Proteolysis,Aspartic Proteases,Cathepsin D/E & Pepsin (Peptidase A1),0.0,0.0,0.0,0.0,0.0,0.0,No,"DUF1759,Peptidase_A17",,,,DUF1758 domain-containing protein [Nephila pilipes]
,GFS87544.1,gar1,Protein Digestion & Proteolysis,Aspartic Proteases,Cathepsin D/E & Pepsin (Peptidase A1),0.0,0.0,0.0,0.0,0.0,0.0,No,"Peptidase_A17,rve",,,,"DUF1758 domain-containing protein, partial [Nephila pilipes]"
,GFS87801.1,,Protein Digestion & Proteolysis,Aspartic Proteases,Cathepsin D/E & Pepsin (Peptidase A1),0.0,0.0,0.0,0.0,0.0,0.0,No,Peptidase_A17,,,,DUF1758 domain-containing protein [Nephila pilipes]
,GFS88386.1,,Protein Digestion & Proteolysis,Aspartic Proteases,Cathepsin D/E & Pepsin (Peptidase A1),0.0,0.0,0.0,0.0,0.0,0.0,No,"DUF1758,DUF1759,Peptidase_A17",,,,DUF1758 domain-containing protein [Nephila pilipes]
,GFS88408.1,,Protein Digestion & Proteolysis,Aspartic Proteases,Cathepsin D/E & Pepsin (Peptidase A1),0.0,0.0,0.0,0.0,0.0,0.0,No,"DUF1759,Peptidase_A17,rve",,,,DUF1758 domain-containing protein [Nephila pilipes]
,GFS88439.1,,Protein Digestion & Proteolysis,Aspartic Proteases,Cathepsin D/E & Pepsin (Peptidase A1),0.0,0.0,0.0,0.0,0.0,0.0,No,"Peptidase_A17,rve",,,,zinc finger protein GIS2 [Nephila pilipes]
,GFS88748.1,,Protein Digestion & Proteolysis,Aspartic Proteases,Cathepsin D/E & Pepsin (Peptidase A1),0.0,0.0,0.0,0.0,0.0,0.0,No,"DUF1759,Peptidase_A17",,,,DUF5641 domain-containing protein [Nephila pilipes]
,GFS89039.1,,Protein Digestion & Proteolysis,Aspartic Proteases,Cathepsin D/E & Pepsin (Peptidase A1),0.0,0.0,0.0,0.0,0.0,0.0,No,"DUF1759,Peptidase_A17,rve",,,,DUF1758 domain-containing protein [Nephila pilipes]
,GFS90417.1,,Protein Digestion & Proteolysis,Aspartic Proteases,Cathepsin D/E & Pepsin (Peptidase A1),0.0,0.0,0.0,0.0,0.0,0.0,No,"DUF1758,DUF1759,Peptidase_A17,rve",,,,DUF1758 domain-containing protein [Nephila pilipes]
,GFS91332.1,,Protein Digestion & Proteolysis,Aspartic Proteases,Cathepsin D/E & Pepsin (Peptidase A1),0.0,0.0,0.0,0.0,0.0,0.0,No,"DUF1758,DUF1759,Peptidase_A17,RVT_1",,,,kinesin-like protein KIF26B [Nephila pilipes]
,GFS91738.1,,Protein Digestion & Proteolysis,Aspartic Proteases,Cathepsin D/E & Pepsin (Peptidase A1),0.0,0.0,0.0,0.0,0.0,0.0,No,"DUF1759,Peptidase_A17",,,,HTH_48 domain-containing protein [Nephila pilipes]
,GFS92825.1,,Protein Digestion & Proteolysis,Aspartic Proteases,Cathepsin D/E & Pepsin (Peptidase A1),0.0,0.0,0.0,0.0,0.0,0.0,No,"Peptidase_A17,rve",,,,DUF5641 domain-containing protein [Nephila pilipes]
,GFS94200.1,,Protein Digestion & Proteolysis,Aspartic Proteases,Cathepsin D/E & Pepsin (Peptidase A1),0.0,0.0,0.0,0.0,0.0,0.0,No,"DUF1759,Peptidase_A17",,,,DUF1758 domain-containing protein [Nephila pilipes]
,GFS95324.1,,Protein Digestion & Proteolysis,Aspartic Proteases,Cathepsin D/E & Pepsin (Peptidase A1),0.0,0.0,0.0,0.0,0.0,0.0,No,"DUF1758,DUF1759,Peptidase_A17",,,,DUF1758 domain-containing protein [Nephila pilipes]
,GFS95390.1,,Protein Digestion & Proteolysis,Aspartic Proteases,Cathepsin D/E & Pepsin (Peptidase A1),0.0,0.0,0.0,0.0,0.0,0.0,No,"DUF1759,Peptidase_A17,rve",,,,DUF1758 domain-containing protein [Nephila pilipes]
,GFS95396.1,,Protein Digestion & Proteolysis,Aspartic Proteases,Cathepsin D/E & Pepsin (Peptidase A1),0.0,0.0,0.0,0.0,0.0,0.0,No,"DUF1759,Peptidase_A17,rve",,,,DUF1758 domain-containing protein [Nephila pilipes]
,GFS95558.1,T01_1441,Protein Digestion & Proteolysis,Aspartic Proteases,Cathepsin D/E & Pepsin (Peptidase A1),0.0,0.0,0.0,0.0,0.0,0.0,No,"Asp_protease_2,DUF1759,Peptidase_A17,rve",,,,DUF1758 domain-containing protein [Nephila pilipes]
,GFS95593.1,,Protein Digestion & Proteolysis,Aspartic Proteases,Cathepsin D/E & Pepsin (Peptidase A1),0.0,0.0,0.0,0.0,0.0,0.0,No,"DUF1759,Peptidase_A17,rve",,,,DUF5641 domain-containing protein [Nephila pilipes]
,GFS95851.1,,Protein Digestion & Proteolysis,Aspartic Proteases,Cathepsin D/E & Pepsin (Peptidase A1),0.0,0.0,0.0,0.0,0.0,0.0,No,"DUF1759,Peptidase_A17,rve",,,,DUF5641 domain-containing protein [Nephila pilipes]
,GFS96052.1,,Protein Digestion & Proteolysis,Aspartic Proteases,Cathepsin D/E & Pepsin (Peptidase A1),0.0,0.0,0.0,0.0,0.0,0.0,No,"DUF1759,Peptidase_A17",,,,DUF5641 domain-containing protein [Nephila pilipes]
,GFS96160.1,,Protein Digestion & Proteolysis,Aspartic Proteases,Cathepsin D/E & Pepsin (Peptidase A1),0.0,0.0,0.0,0.0,0.0,0.0,No,"DUF1759,Peptidase_A17,rve",,,,DUF5641 domain-containing protein [Nephila pilipes]
,GFS96271.1,,Protein Digestion & Proteolysis,Aspartic Proteases,Cathepsin D/E & Pepsin (Peptidase A1),0.0,0.0,0.0,0.0,0.0,0.0,No,"DUF1759,Peptidase_A17,rve",,,,uncharacterized protein LOC103523973 [Nephila pilipes]
,GFS96815.1,,Protein Digestion & Proteolysis,Aspartic Proteases,Cathepsin D/E & Pepsin (Peptidase A1),0.0,0.0,0.0,0.0,0.0,0.0,No,"DUF1759,Peptidase_A17,rve",,,,DUF1758 domain-containing protein [Nephila pilipes]
,GFS97102.1,,Protein Digestion & Proteolysis,Aspartic Proteases,Cathepsin D/E & Pepsin (Peptidase A1),0.0,0.0,0.0,0.0,0.0,0.0,No,"DUF1759,Peptidase_A17,rve",,,,DUF5641 domain-containing protein [Nephila pilipes]
,GFS97109.1,,Protein Digestion & Proteolysis,Aspartic Proteases,Cathepsin D/E & Pepsin (Peptidase A1),0.0,0.0,0.0,0.0,0.0,0.0,No,"DUF1759,Peptidase_A17,rve",,,,DUF5641 domain-containing protein [Nephila pilipes]
,GFS97111.1,,Protein Digestion & Proteolysis,Aspartic Proteases,Cathepsin D/E & Pepsin (Peptidase A1),0.0,0.0,0.0,0.0,0.0,0.0,No,"DUF1759,Peptidase_A17,rve",,,,DUF1758 domain-containing protein [Nephila pilipes]
,GFT01632.1,,Protein Digestion & Proteolysis,Aspartic Proteases,Cathepsin D/E & Pepsin (Peptidase A1),0.0,0.0,0.0,0.0,0.0,0.0,No,Peptidase_A17,,,,DUF5641 domain-containing protein [Nephila pilipes]
,GFT01987.1,,Protein Digestion & Proteolysis,Aspartic Proteases,Cathepsin D/E & Pepsin (Peptidase A1),0.0,0.0,0.0,0.0,0.0,0.0,No,"Peptidase_A17,rve",,,,"DUF5641 domain-containing protein, partial [Nephila pilipes]"
,GFT05009.1,,Protein Digestion & Proteolysis,Aspartic Proteases,Cathepsin D/E & Pepsin (Peptidase A1),0.0,0.0,0.0,0.0,0.0,0.0,No,"DUF1759,Peptidase_A17,rve",,,,DUF5641 domain-containing protein [Nephila pilipes]
,GFT08150.1,,Protein Digestion & Proteolysis,Aspartic Proteases,Cathepsin D/E & Pepsin (Peptidase A1),0.0,0.0,0.0,0.0,0.0,0.0,No,"DUF1759,Peptidase_A17,rve",,,,"DUF5641 domain-containing protein, partial [Nephila pilipes]"
,GFT08460.1,,Protein Digestion & Proteolysis,Aspartic Proteases,Cathepsin D/E & Pepsin (Peptidase A1),0.0,0.0,0.0,0.0,0.0,0.0,No,"Peptidase_A17,rve",,,,DUF5641 domain-containing protein [Nephila pilipes]
,GFT08498.1,,Protein Digestion & Proteolysis,Aspartic Proteases,Cathepsin D/E & Pepsin (Peptidase A1),0.0,0.0,0.0,0.0,0.0,0.0,No,"Peptidase_A17,rve",,,,DUF5641 domain-containing protein [Nephila pilipes]
,GFT09698.1,,Protein Digestion & Proteolysis,Aspartic Proteases,Cathepsin D/E & Pepsin (Peptidase A1),0.0,0.0,0.0,0.0,0.0,0.0,No,"DUF1759,Peptidase_A17,rve",,,,transposable element Tc1 transposase [Nephila pilipes]
,GFT09766.1,,Protein Digestion & Proteolysis,Aspartic Proteases,Cathepsin D/E & Pepsin (Peptidase A1),0.0,0.0,0.0,0.0,0.0,0.0,No,"Peptidase_A17,rve",,,,"DUF1758 domain-containing protein, partial [Nephila pilipes]"
,GFT10459.1,,Protein Digestion & Proteolysis,Aspartic Proteases,Cathepsin D/E & Pepsin (Peptidase A1),0.0,0.0,0.0,0.0,0.0,0.0,No,"DUF1759,Peptidase_A17",,,,DUF5641 domain-containing protein [Nephila pilipes]
,GFT10467.1,,Protein Digestion & Proteolysis,Aspartic Proteases,Cathepsin D/E & Pepsin (Peptidase A1),0.0,0.0,0.0,0.0,0.0,0.0,No,"DUF1759,Peptidase_A17,rve",,,,DUF5641 domain-containing protein [Nephila pilipes]
,GFT10479.1,,Protein Digestion & Proteolysis,Aspartic Proteases,Cathepsin D/E & Pepsin (Peptidase A1),0.0,0.0,0.0,0.0,0.0,0.0,No,"DUF1759,Peptidase_A17,rve",,,,DUF5641 domain-containing protein [Nephila pilipes]
,GFT12828.1,,Protein Digestion & Proteolysis,Aspartic Proteases,Cathepsin D/E & Pepsin (Peptidase A1),0.0,0.0,0.0,0.0,0.0,0.0,No,"DUF1759,Peptidase_A17,rve",,,,uncharacterized protein K02A2.6 [Nephila pilipes]
,GFT12853.1,,Protein Digestion & Proteolysis,Aspartic Proteases,Cathepsin D/E & Pepsin (Peptidase A1),0.0,0.0,0.0,0.0,0.0,0.0,No,"Peptidase_A17,rve",,,,DUF5641 domain-containing protein [Nephila pilipes]
,GFT13459.1,,Protein Digestion & Proteolysis,Aspartic Proteases,Cathepsin D/E & Pepsin (Peptidase A1),0.0,0.0,0.0,0.0,0.0,0.0,No,"Peptidase_A17,rve",,,,DUF1758 domain-containing protein [Nephila pilipes]
,GFT13853.1,,Protein Digestion & Proteolysis,Aspartic Proteases,Cathepsin D/E & Pepsin (Peptidase A1),0.0,0.0,0.0,0.0,0.0,0.0,No,"DUF1759,Peptidase_A17",,,,DUF1758 domain-containing protein [Nephila pilipes]
,GFT13868.1,,Protein Digestion & Proteolysis,Aspartic Proteases,Cathepsin D/E & Pepsin (Peptidase A1),0.0,0.0,0.0,0.0,0.0,0.0,No,"DUF1759,Peptidase_A17,rve",,,,DUF5641 domain-containing protein [Nephila pilipes]
,GFT13934.1,,Protein Digestion & Proteolysis,Aspartic Proteases,Cathepsin D/E & Pepsin (Peptidase A1),0.0,0.0,0.0,0.0,0.0,0.0,No,"DUF1759,Peptidase_A17,rve",,,,DUF5641 domain-containing protein [Nephila pilipes]
,GFT15672.1,,Protein Digestion & Proteolysis,Aspartic Proteases,Cathepsin D/E & Pepsin (Peptidase A1),0.0,0.0,0.0,0.0,0.0,0.0,No,"DUF1759,Peptidase_A17,rve",,,,DUF5641 domain-containing protein [Nephila pilipes]
,GFT15719.1,,Protein Digestion & Proteolysis,Aspartic Proteases,Cathepsin D/E & Pepsin (Peptidase A1),0.0,0.0,0.0,0.0,0.0,0.0,No,"DUF1758,DUF1759,Endonuclease_7,Peptidase_A17",,,,DUF5641 domain-containing protein [Nephila pilipes]
,GFT16716.1,,Protein Digestion & Proteolysis,Aspartic Proteases,Cathepsin D/E & Pepsin (Peptidase A1),0.0,0.0,0.0,0.0,0.0,0.0,No,"DUF1759,Peptidase_A17,rve",,,,DUF1758 domain-containing protein [Nephila pilipes]
,GFT18789.1,,Protein Digestion & Proteolysis,Aspartic Proteases,Cathepsin D/E & Pepsin (Peptidase A1),0.0,0.0,0.0,0.0,0.0,0.0,No,"DUF1759,Peptidase_A17",,,,DUF5641 domain-containing protein [Nephila pilipes]
,GFT18902.1,,Protein Digestion & Proteolysis,Aspartic Proteases,Cathepsin D/E & Pepsin (Peptidase A1),0.0,0.0,0.0,0.0,0.0,0.0,No,"DUF1759,Peptidase_A17,rve",,,,DUF5641 domain-containing protein [Nephila pilipes]
,GFT20649.1,,Protein Digestion & Proteolysis,Aspartic Proteases,Cathepsin D/E & Pepsin (Peptidase A1),0.0,0.0,0.0,0.0,0.0,0.0,No,"Peptidase_A17,rve",,,,transposable element Tc1 transposase [Nephila pilipes]
,GFT20742.1,,Protein Digestion & Proteolysis,Aspartic Proteases,Cathepsin D/E & Pepsin (Peptidase A1),0.0,0.0,0.0,0.0,0.0,0.0,No,"DUF1759,Peptidase_A17,rve",,,,DUF5641 domain-containing protein [Nephila pilipes]
,GFT20758.1,,Protein Digestion & Proteolysis,Aspartic Proteases,Cathepsin D/E & Pepsin (Peptidase A1),0.0,0.0,0.0,0.0,0.0,0.0,No,"Peptidase_A17,rve",,,,transposable element Tc1 transposase [Nephila pilipes]
,GFT22020.1,,Protein Digestion & Proteolysis,Aspartic Proteases,Cathepsin D/E & Pepsin (Peptidase A1),0.0,0.0,0.0,0.0,0.0,0.0,No,"Peptidase_A17,rve",,,,DUF1758 domain-containing protein [Nephila pilipes]
,GFT22962.1,,Protein Digestion & Proteolysis,Aspartic Proteases,Cathepsin D/E & Pepsin (Peptidase A1),0.0,0.0,0.0,0.0,0.0,0.0,No,"DUF1759,Peptidase_A17",,,,DUF5641 domain-containing protein [Nephila pilipes]
,GFT23265.1,,Protein Digestion & Proteolysis,Aspartic Proteases,Cathepsin D/E & Pepsin (Peptidase A1),0.0,0.0,0.0,0.0,0.0,0.0,No,"DUF1758,Peptidase_A17,rve",,,,DUF1758 domain-containing protein [Nephila pilipes]
,GFT25489.1,,Protein Digestion & Proteolysis,Aspartic Proteases,Cathepsin D/E & Pepsin (Peptidase A1),0.0,0.0,0.0,0.0,0.0,0.0,No,"DUF1758,DUF1759,Peptidase_A17",,,,DUF1758 domain-containing protein [Nephila pilipes]
,GFT26725.1,,Protein Digestion & Proteolysis,Aspartic Proteases,Cathepsin D/E & Pepsin (Peptidase A1),0.0,0.0,0.0,0.0,0.0,0.0,No,"Peptidase_A17,rve",,,,"dual 3',5'-cyclic-AMP and-GMP phosphodiesterase 11 [Nephila pilipes]"
,GFT27857.1,,Protein Digestion & Proteolysis,Aspartic Proteases,Cathepsin D/E & Pepsin (Peptidase A1),0.0,0.0,0.0,0.0,0.0,0.0,No,"Peptidase_A17,rve",,,,DUF5641 domain-containing protein [Nephila pilipes]
,GFT27920.1,,Protein Digestion & Proteolysis,Aspartic Proteases,Cathepsin D/E & Pepsin (Peptidase A1),0.0,0.0,0.0,0.0,0.0,0.0,No,"DUF1759,Peptidase_A17,rve",,,,"DUF5641 domain-containing protein, partial [Nephila pilipes]"
,GFT28773.1,,Protein Digestion & Proteolysis,Aspartic Proteases,Cathepsin D/E & Pepsin (Peptidase A1),0.0,0.0,0.0,0.0,0.0,0.0,No,"DUF1759,Peptidase_A17,rve",,,,DUF5641 domain-containing protein [Nephila pilipes]
,GFT28882.1,,Protein Digestion & Proteolysis,Aspartic Proteases,Cathepsin D/E & Pepsin (Peptidase A1),0.0,0.0,0.0,0.0,0.0,0.0,No,"DUF1759,Peptidase_A17,rve",,,,DUF5641 domain-containing protein [Nephila pilipes]
,GFT29307.1,,Protein Digestion & Proteolysis,Aspartic Proteases,Cathepsin D/E & Pepsin (Peptidase A1),0.0,0.0,0.0,0.0,0.0,0.0,No,"DUF1759,Peptidase_A17",,,,DUF1758 domain-containing protein [Nephila pilipes]
,GFT29552.1,,Protein Digestion & Proteolysis,Aspartic Proteases,Cathepsin D/E & Pepsin (Peptidase A1),0.0,0.0,0.0,0.0,0.0,0.0,No,"Peptidase_A17,rve",,,,DUF5641 domain-containing protein [Nephila pilipes]
,GFT29554.1,,Protein Digestion & Proteolysis,Aspartic Proteases,Cathepsin D/E & Pepsin (Peptidase A1),0.0,0.0,0.0,0.0,0.0,0.0,No,"Peptidase_A17,rve",,,,transposable element Tc1 transposase [Nephila pilipes]
,GFT30088.1,,Protein Digestion & Proteolysis,Aspartic Proteases,Cathepsin D/E & Pepsin (Peptidase A1),0.0,0.0,0.0,0.0,0.0,0.0,No,"DUF1759,Peptidase_A17,rve",,,,DUF5641 domain-containing protein [Nephila pilipes]
,GFT31323.1,,Protein Digestion & Proteolysis,Aspartic Proteases,Cathepsin D/E & Pepsin (Peptidase A1),0.0,0.0,0.0,0.0,0.0,0.0,No,"DUF1758,DUF1759,Peptidase_A17,RVT_1",,,,DUF1758 domain-containing protein [Nephila pilipes]
,GFT31985.1,,Protein Digestion & Proteolysis,Aspartic Proteases,Cathepsin D/E & Pepsin (Peptidase A1),0.0,0.0,0.0,0.0,0.0,0.0,No,"DUF1759,Peptidase_A17,rve",,,,"DUF1758 domain-containing protein, partial [Nephila pilipes]"
,GFT32485.1,,Protein Digestion & Proteolysis,Aspartic Proteases,Cathepsin D/E & Pepsin (Peptidase A1),0.0,0.0,0.0,0.0,0.0,0.0,No,"Peptidase_A17,rve",,,,DUF5641 domain-containing protein [Nephila pilipes]
,GFT32915.1,,Protein Digestion & Proteolysis,Aspartic Proteases,Cathepsin D/E & Pepsin (Peptidase A1),0.0,0.0,0.0,0.0,0.0,0.0,No,"Peptidase_A17,rve",,,,DUF1758 domain-containing protein [Nephila pilipes]
,GFT34708.1,,Protein Digestion & Proteolysis,Aspartic Proteases,Cathepsin D/E & Pepsin (Peptidase A1),0.0,0.0,0.0,0.0,0.0,0.0,No,"Peptidase_A17,rve",,,,DUF5641 domain-containing protein [Nephila pilipes]
,GFT35384.1,,Protein Digestion & Proteolysis,Aspartic Proteases,Cathepsin D/E & Pepsin (Peptidase A1),0.0,0.0,0.0,0.0,0.0,0.0,No,"Peptidase_A17,rve",,,,DUF5641 domain-containing protein [Nephila pilipes]
,GFT36935.1,,Protein Digestion & Proteolysis,Aspartic Proteases,Cathepsin D/E & Pepsin (Peptidase A1),0.0,0.0,0.0,0.0,0.0,0.0,No,"DUF1759,Peptidase_A17,rve",,,,DUF5641 domain-containing protein [Nephila pilipes]
,GFT37931.1,,Protein Digestion & Proteolysis,Aspartic Proteases,Cathepsin D/E & Pepsin (Peptidase A1),0.0,0.0,0.0,0.0,0.0,0.0,No,"Peptidase_A17,rve",,,,"transposable element Tc1 transposase, partial [Nephila pilipes]"
,GFT38479.1,,Protein Digestion & Proteolysis,Aspartic Proteases,Cathepsin D/E & Pepsin (Peptidase A1),0.0,0.0,0.0,0.0,0.0,0.0,No,"DUF1759,Peptidase_A17,rve",,,,DUF5641 domain-containing protein [Nephila pilipes]
,GFT38720.1,,Protein Digestion & Proteolysis,Aspartic Proteases,Cathepsin D/E & Pepsin (Peptidase A1),0.0,0.0,0.0,0.0,0.0,0.0,No,"DUF1758,DUF1759,Peptidase_A17,RVT_1",,,,"DUF1758 domain-containing protein, partial [Nephila pilipes]"
,GFT38726.1,,Protein Digestion & Proteolysis,Aspartic Proteases,Cathepsin D/E & Pepsin (Peptidase A1),0.0,0.0,0.0,0.0,0.0,0.0,No,"DUF1759,Peptidase_A17",,,,DUF5641 domain-containing protein [Nephila pilipes]
,GFT39163.1,,Protein Digestion & Proteolysis,Aspartic Proteases,Cathepsin D/E & Pepsin (Peptidase A1),0.0,0.0,0.0,0.0,0.0,0.0,No,"Peptidase_A17,rve",,,,DUF5641 domain-containing protein [Nephila pilipes]
,GFT39462.1,,Protein Digestion & Proteolysis,Aspartic Proteases,Cathepsin D/E & Pepsin (Peptidase A1),0.0,0.0,0.0,0.0,0.0,0.0,No,"DUF1758,DUF1759,Peptidase_A17,rve",,,,DUF5641 domain-containing protein [Nephila pilipes]
,GFT39648.1,,Protein Digestion & Proteolysis,Aspartic Proteases,Cathepsin D/E & Pepsin (Peptidase A1),0.0,0.0,0.0,0.0,0.0,0.0,No,"DUF1759,Peptidase_A17,rve",,,,DUF5641 domain-containing protein [Nephila pilipes]
,GFT40537.1,,Protein Digestion & Proteolysis,Aspartic Proteases,Cathepsin D/E & Pepsin (Peptidase A1),0.0,0.0,0.0,0.0,0.0,0.0,No,"DUF1759,Peptidase_A17,rve",,,,DUF5641 domain-containing protein [Nephila pilipes]
,GFT43710.1,gar1,Protein Digestion & Proteolysis,Aspartic Proteases,Cathepsin D/E & Pepsin (Peptidase A1),0.0,0.0,0.0,0.0,0.0,0.0,No,"Peptidase_A17,rve",,,,DUF1758 domain-containing protein [Nephila pilipes]
,GFT43803.1,,Protein Digestion & Proteolysis,Aspartic Proteases,Cathepsin D/E & Pepsin (Peptidase A1),0.0,0.0,0.0,0.0,0.0,0.0,No,"DUF1759,Peptidase_A17,rve",,,,DUF1758 domain-containing protein [Nephila pilipes]
,GFT45477.1,,Protein Digestion & Proteolysis,Aspartic Proteases,Cathepsin D/E & Pepsin (Peptidase A1),0.0,0.0,0.0,0.0,0.0,0.0,No,"DUF1759,Peptidase_A17,rve",,,,DUF1758 domain-containing protein [Nephila pilipes]
,GFT46304.1,,Protein Digestion & Proteolysis,Aspartic Proteases,Cathepsin D/E & Pepsin (Peptidase A1),0.0,0.0,0.0,0.0,0.0,0.0,No,"DUF1759,Peptidase_A17",,,,DUF1758 domain-containing protein [Nephila pilipes]
,GFT47980.1,gar1,Protein Digestion & Proteolysis,Aspartic Proteases,Cathepsin D/E & Pepsin (Peptidase A1),0.0,0.0,0.0,0.0,0.0,0.0,No,"Peptidase_A17,rve",,,,putative transposable element [Nephila pilipes]
,GFT49964.1,,Protein Digestion & Proteolysis,Aspartic Proteases,Cathepsin D/E & Pepsin (Peptidase A1),0.0,0.0,0.0,0.0,0.0,0.0,No,"Peptidase_A17,rve",,,,DUF5641 domain-containing protein [Nephila pilipes]
,GFT51762.1,,Protein Digestion & Proteolysis,Aspartic Proteases,Cathepsin D/E & Pepsin (Peptidase A1),0.0,0.0,0.0,0.0,0.0,0.0,No,"Peptidase_A17,rve",,,,DUF1758 domain-containing protein [Nephila pilipes]
,GFT54286.1,,Protein Digestion & Proteolysis,Aspartic Proteases,Cathepsin D/E & Pepsin (Peptidase A1),0.0,0.0,0.0,0.0,0.0,0.0,No,"DUF1759,Peptidase_A17",,,,DUF5641 domain-containing protein [Nephila pilipes]
,GFT58133.1,,Protein Digestion & Proteolysis,Aspartic Proteases,Cathepsin D/E & Pepsin (Peptidase A1),0.0,0.0,0.0,0.0,0.0,0.0,No,"Peptidase_A17,rve",,,,DUF1758 domain-containing protein [Nephila pilipes]
,GFT59438.1,,Protein Digestion & Proteolysis,Aspartic Proteases,Cathepsin D/E & Pepsin (Peptidase A1),0.0,0.0,0.0,0.0,0.0,0.0,No,"DUF1759,Peptidase_A17,rve",,,,"DUF5641 domain-containing protein, partial [Nephila pilipes]"
,GFT59493.1,,Protein Digestion & Proteolysis,Aspartic Proteases,Cathepsin D/E & Pepsin (Peptidase A1),0.0,0.0,0.0,0.0,0.0,0.0,No,"DUF1758,DUF1759,Peptidase_A17,RVT_1",,,,DUF1758 domain-containing protein [Nephila pilipes]
,GFT60854.1,,Protein Digestion & Proteolysis,Aspartic Proteases,Cathepsin D/E & Pepsin (Peptidase A1),0.0,0.0,0.0,0.0,0.0,0.0,No,"DUF1758,DUF1759,Peptidase_A17",,,,DUF1758 domain-containing protein [Nephila pilipes]
,GFT61054.1,,Protein Digestion & Proteolysis,Aspartic Proteases,Cathepsin D/E & Pepsin (Peptidase A1),0.0,0.0,0.0,0.0,0.0,0.0,No,"Peptidase_A17,rve",,,,DUF5641 domain-containing protein [Nephila pilipes]
,GFT61352.1,,Protein Digestion & Proteolysis,Aspartic Proteases,Cathepsin D/E & Pepsin (Peptidase A1),0.0,0.0,0.0,0.0,0.0,0.0,No,"DUF1759,Peptidase_A17",,,,DUF1758 domain-containing protein [Nephila pilipes]
,GFT61822.1,,Protein Digestion & Proteolysis,Aspartic Proteases,Cathepsin D/E & Pepsin (Peptidase A1),0.0,0.0,0.0,0.0,0.0,0.0,No,"DUF1758,Peptidase_A17,rve",,,,DUF1758 domain-containing protein [Nephila pilipes]
,GFT61831.1,,Protein Digestion & Proteolysis,Aspartic Proteases,Cathepsin D/E & Pepsin (Peptidase A1),0.0,0.0,0.0,0.0,0.0,0.0,No,"DUF1759,Peptidase_A17,rve",,,,uncharacterized protein LOC103523973 [Nephila pilipes]
,GFT62428.1,,Protein Digestion & Proteolysis,Aspartic Proteases,Cathepsin D/E & Pepsin (Peptidase A1),0.0,0.0,0.0,0.0,0.0,0.0,No,"DUF1759,Peptidase_A17",,,,DUF1758 domain-containing protein [Nephila pilipes]
,GFT62841.1,,Protein Digestion & Proteolysis,Aspartic Proteases,Cathepsin D/E & Pepsin (Peptidase A1),0.0,0.0,0.0,0.0,0.0,0.0,No,"Peptidase_A17,rve",,,,DUF5641 domain-containing protein [Nephila pilipes]
,GFT64242.1,,Protein Digestion & Proteolysis,Aspartic Proteases,Cathepsin D/E & Pepsin (Peptidase A1),0.0,0.0,0.0,0.0,0.0,0.0,No,"Peptidase_A17,rve",,,,DUF5641 domain-containing protein [Nephila pilipes]
,GFT65108.1,,Protein Digestion & Proteolysis,Aspartic Proteases,Cathepsin D/E & Pepsin (Peptidase A1),0.0,0.0,0.0,0.0,0.0,0.0,No,"DUF1759,Peptidase_A17,rve",,,,DUF5641 domain-containing protein [Nephila pilipes]
,GFT65865.1,,Protein Digestion & Proteolysis,Aspartic Proteases,Cathepsin D/E & Pepsin (Peptidase A1),0.0,0.0,0.0,0.0,0.0,0.0,No,"DUF1759,Peptidase_A17,rve",,,,"DUF5641 domain-containing protein, partial [Nephila pilipes]"
,GFT66458.1,gar1,Protein Digestion & Proteolysis,Aspartic Proteases,Cathepsin D/E & Pepsin (Peptidase A1),0.0,0.0,0.0,0.0,0.0,0.0,No,"Peptidase_A17,rve",,,,"DUF1758 domain-containing protein, partial [Nephila pilipes]"
,GFT67839.1,,Protein Digestion & Proteolysis,Aspartic Proteases,Cathepsin D/E & Pepsin (Peptidase A1),0.0,0.0,0.0,0.0,0.0,0.0,No,"DUF1759,Peptidase_A17",,,,DUF5641 domain-containing protein [Nephila pilipes]
,GFT68424.1,,Protein Digestion & Proteolysis,Aspartic Proteases,Cathepsin D/E & Pepsin (Peptidase A1),0.0,0.0,0.0,0.0,0.0,0.0,No,"DUF1758,DUF1759,Peptidase_A17",,,,DUF1758 domain-containing protein [Nephila pilipes]
,GFT68946.1,,Protein Digestion & Proteolysis,Aspartic Proteases,Cathepsin D/E & Pepsin (Peptidase A1),0.0,0.0,0.0,0.0,0.0,0.0,No,"DUF1759,Peptidase_A17,rve",,,,histone H3.3 [Nephila pilipes]
,GFT69009.1,,Protein Digestion & Proteolysis,Aspartic Proteases,Cathepsin D/E & Pepsin (Peptidase A1),0.0,0.0,0.0,0.0,0.0,0.0,No,"DUF1759,Peptidase_A17,rve",,,,DUF5641 domain-containing protein [Nephila pilipes]
,GFT69739.1,,Protein Digestion & Proteolysis,Aspartic Proteases,Cathepsin D/E & Pepsin (Peptidase A1),0.0,0.0,0.0,0.0,0.0,0.0,No,"DUF1759,Peptidase_A17,rve",,,,DUF5641 domain-containing protein [Nephila pilipes]
,GFT70027.1,,Protein Digestion & Proteolysis,Aspartic Proteases,Cathepsin D/E & Pepsin (Peptidase A1),0.0,0.0,0.0,0.0,0.0,0.0,No,"DUF1759,Peptidase_A17,rve",,,,DUF5641 domain-containing protein [Nephila pilipes]
,GFT72363.1,,Protein Digestion & Proteolysis,Aspartic Proteases,Cathepsin D/E & Pepsin (Peptidase A1),0.0,0.0,0.0,0.0,0.0,0.0,No,"DUF1758,DUF1759,Peptidase_A17,rve",,,,DUF1758 domain-containing protein [Nephila pilipes]
,GFT73815.1,,Protein Digestion & Proteolysis,Aspartic Proteases,Cathepsin D/E & Pepsin (Peptidase A1),0.0,0.0,0.0,0.0,0.0,0.0,No,"DUF1759,Peptidase_A17",,,,DUF1758 domain-containing protein [Nephila pilipes]
,GFT74612.1,,Protein Digestion & Proteolysis,Aspartic Proteases,Cathepsin D/E & Pepsin (Peptidase A1),0.0,0.0,0.0,0.0,0.0,0.0,No,"Peptidase_A17,rve",,,,DUF5641 domain-containing protein [Nephila pilipes]
,GFT75237.1,,Protein Digestion & Proteolysis,Aspartic Proteases,Cathepsin D/E & Pepsin (Peptidase A1),0.0,0.0,0.0,0.0,0.0,0.0,No,"Peptidase_A17,rve",,,,DUF5641 domain-containing protein [Nephila pilipes]
,GFT75483.1,,Protein Digestion & Proteolysis,Aspartic Proteases,Cathepsin D/E & Pepsin (Peptidase A1),0.0,0.0,0.0,0.0,0.0,0.0,No,"Peptidase_A17,rve",,,,DUF5641 domain-containing protein [Nephila pilipes]
,GFT76545.1,,Protein Digestion & Proteolysis,Aspartic Proteases,Cathepsin D/E & Pepsin (Peptidase A1),0.0,0.0,0.0,0.0,0.0,0.0,No,"DUF1759,Peptidase_A17,rve",,,,DUF5641 domain-containing protein [Nephila pilipes]
,GFT77289.1,,Protein Digestion & Proteolysis,Aspartic Proteases,Cathepsin D/E & Pepsin (Peptidase A1),0.0,0.0,0.0,0.0,0.0,0.0,No,"Peptidase_A17,Phosphodiest",,,,DUF1758 domain-containing protein [Nephila pilipes]
,GFT77568.1,,Protein Digestion & Proteolysis,Aspartic Proteases,Cathepsin D/E & Pepsin (Peptidase A1),0.0,0.0,0.0,0.0,0.0,0.0,No,"Peptidase_A17,rve",,,,"transposable element Tc1 transposase, partial [Nephila pilipes]"
,GFT77600.1,,Protein Digestion & Proteolysis,Aspartic Proteases,Cathepsin D/E & Pepsin (Peptidase A1),0.0,0.0,0.0,0.0,0.0,0.0,No,"Peptidase_A17,rve",,,,transposable element Tc1 transposase [Nephila pilipes]
,GFT77979.1,,Protein Digestion & Proteolysis,Aspartic Proteases,Cathepsin D/E & Pepsin (Peptidase A1),0.0,0.0,0.0,0.0,0.0,0.0,No,"DUF1759,Peptidase_A17",,,,"DUF5641 domain-containing protein, partial [Nephila pilipes]"
,GFT78264.1,gar1,Protein Digestion & Proteolysis,Aspartic Proteases,Cathepsin D/E & Pepsin (Peptidase A1),0.0,0.0,0.0,0.0,0.0,0.0,No,"Peptidase_A17,rve",,,,"DUF1758 domain-containing protein, partial [Nephila pilipes]"
,GFT78845.1,,Protein Digestion & Proteolysis,Aspartic Proteases,Cathepsin D/E & Pepsin (Peptidase A1),0.0,0.0,0.0,0.0,0.0,0.0,No,"DUF1759,Peptidase_A17,rve",,,,DUF5641 domain-containing protein [Nephila pilipes]
,GFT79215.1,,Protein Digestion & Proteolysis,Aspartic Proteases,Cathepsin D/E & Pepsin (Peptidase A1),0.0,0.0,0.0,0.0,0.0,0.0,No,"DUF1759,Peptidase_A17,rve",,,,DUF1758 domain-containing protein [Nephila pilipes]
,GFT79324.1,,Protein Digestion & Proteolysis,Aspartic Proteases,Cathepsin D/E & Pepsin (Peptidase A1),0.0,0.0,0.0,0.0,0.0,0.0,No,"Peptidase_A17,rve",,,,DUF1758 domain-containing protein [Nephila pilipes]
,GFT79622.1,,Protein Digestion & Proteolysis,Aspartic Proteases,Cathepsin D/E & Pepsin (Peptidase A1),0.0,0.0,0.0,0.0,0.0,0.0,No,"DUF1759,Peptidase_A17,rve",,,,DUF5641 domain-containing protein [Nephila pilipes]
,GFT79932.1,,Protein Digestion & Proteolysis,Aspartic Proteases,Cathepsin D/E & Pepsin (Peptidase A1),0.0,0.0,0.0,0.0,0.0,0.0,No,"DUF1759,Peptidase_A17,rve",,,,DUF5641 domain-containing protein [Nephila pilipes]
,GFT79992.1,,Protein Digestion & Proteolysis,Aspartic Proteases,Cathepsin D/E & Pepsin (Peptidase A1),0.0,0.0,0.0,0.0,0.0,0.0,No,"DUF1759,Peptidase_A17,rve",,,,DUF5641 domain-containing protein [Nephila pilipes]
,GFT80068.1,,Protein Digestion & Proteolysis,Aspartic Proteases,Cathepsin D/E & Pepsin (Peptidase A1),0.0,0.0,0.0,0.0,0.0,0.0,No,"DUF1759,Peptidase_A17,rve",,,,DUF5641 domain-containing protein [Nephila pilipes]
,GFT80962.1,T01_13806,Protein Digestion & Proteolysis,Aspartic Proteases,Cathepsin D/E & Pepsin (Peptidase A1),0.0,0.0,0.0,0.0,0.0,0.0,No,"DUF1758,DUF1759,Peptidase_A17,RVT_1",,,,zinc finger protein [Nephila pilipes]
,GFT81215.1,,Protein Digestion & Proteolysis,Aspartic Proteases,Cathepsin D/E & Pepsin (Peptidase A1),0.0,0.0,0.0,0.0,0.0,0.0,No,"DUF1759,Peptidase_A17",,,,DUF1758 domain-containing protein [Nephila pilipes]
,GFT81441.1,,Protein Digestion & Proteolysis,Aspartic Proteases,Cathepsin D/E & Pepsin (Peptidase A1),0.0,0.0,0.0,0.0,0.0,0.0,No,"DUF1758,DUF1759,Endonuclease_7,Peptidase_A17",,,,DUF1758 domain-containing protein [Nephila pilipes]
,GFT81794.1,gar1,Protein Digestion & Proteolysis,Aspartic Proteases,Cathepsin D/E & Pepsin (Peptidase A1),0.0,0.0,0.0,0.0,0.0,0.0,No,"Peptidase_A17,rve",,,,DUF1758 domain-containing protein [Nephila pilipes]
,GFT82937.1,,Protein Digestion & Proteolysis,Aspartic Proteases,Cathepsin D/E & Pepsin (Peptidase A1),0.0,0.0,0.0,0.0,0.0,0.0,No,"Peptidase_A17,rve",,,,DUF5641 domain-containing protein [Nephila pilipes]
,GFT83045.1,,Protein Digestion & Proteolysis,Aspartic Proteases,Cathepsin D/E & Pepsin (Peptidase A1),0.0,0.0,0.0,0.0,0.0,0.0,No,"DUF1759,Peptidase_A17,rve",,,,DUF5641 domain-containing protein [Nephila pilipes]
,GFT84302.1,,Protein Digestion & Proteolysis,Aspartic Proteases,Cathepsin D/E & Pepsin (Peptidase A1),0.0,0.0,0.0,0.0,0.0,0.0,No,"DUF1759,Peptidase_A17,rve",,,,DUF5641 domain-containing protein [Nephila pilipes]
,GFT85375.1,,Protein Digestion & Proteolysis,Aspartic Proteases,Cathepsin D/E & Pepsin (Peptidase A1),0.0,0.0,0.0,0.0,0.0,0.0,No,"DUF1759,Peptidase_A17,rve",,,,DUF5641 domain-containing protein [Nephila pilipes]
,GFT85434.1,,Protein Digestion & Proteolysis,Aspartic Proteases,Cathepsin D/E & Pepsin (Peptidase A1),0.0,0.0,0.0,0.0,0.0,0.0,No,"DUF1759,Peptidase_A17,rve",,,,DUF5641 domain-containing protein [Nephila pilipes]
,GFT86740.1,,Protein Digestion & Proteolysis,Aspartic Proteases,Cathepsin D/E & Pepsin (Peptidase A1),0.0,0.0,0.0,0.0,0.0,0.0,No,"DUF1759,Peptidase_A17,rve",,,,"DUF5641 domain-containing protein, partial [Nephila pilipes]"
,GFT87234.1,,Protein Digestion & Proteolysis,Aspartic Proteases,Cathepsin D/E & Pepsin (Peptidase A1),0.0,0.0,0.0,0.0,0.0,0.0,No,"DUF1759,Peptidase_A17,rve",,,,DUF1758 domain-containing protein [Nephila pilipes]
,GFT87236.1,,Protein Digestion & Proteolysis,Aspartic Proteases,Cathepsin D/E & Pepsin (Peptidase A1),0.0,0.0,0.0,0.0,0.0,0.0,No,"DUF1759,Peptidase_A17",,,,DUF1758 domain-containing protein [Nephila pilipes]
,GFT87240.1,,Protein Digestion & Proteolysis,Aspartic Proteases,Cathepsin D/E & Pepsin (Peptidase A1),0.0,0.0,0.0,0.0,0.0,0.0,No,"DUF1759,Peptidase_A17",,,,DUF5641 domain-containing protein [Nephila pilipes]
,GFT87657.1,gar1,Protein Digestion & Proteolysis,Aspartic Proteases,Cathepsin D/E & Pepsin (Peptidase A1),0.0,0.0,0.0,0.0,0.0,0.0,No,"Peptidase_A17,rve",,,,"DUF1758 domain-containing protein, partial [Nephila pilipes]"
,GFT87873.1,,Protein Digestion & Proteolysis,Aspartic Proteases,Cathepsin D/E & Pepsin (Peptidase A1),0.0,0.0,0.0,0.0,0.0,0.0,No,"DUF1759,Peptidase_A17,rve",,,,DUF5641 domain-containing protein [Nephila pilipes]
,GFT88174.1,103308916,Protein Digestion & Proteolysis,Aspartic Proteases,Cathepsin D/E & Pepsin (Peptidase A1),0.0,0.0,0.0,0.0,0.0,0.0,No,"Peptidase_A17,rve",,,,DUF1758 domain-containing protein [Nephila pilipes]
,GFT89622.1,,Protein Digestion & Proteolysis,Aspartic Proteases,Cathepsin D/E & Pepsin (Peptidase A1),0.0,0.0,0.0,0.0,0.0,0.0,No,"DUF1758,Peptidase_A17,rve",,,,DUF1758 domain-containing protein [Nephila pilipes]
,GFT90023.1,,Protein Digestion & Proteolysis,Aspartic Proteases,Cathepsin D/E & Pepsin (Peptidase A1),0.0,0.0,0.0,0.0,0.0,0.0,No,"DUF1758,DUF1759,Peptidase_A17",,,,DUF1758 domain-containing protein [Nephila pilipes]
,GFT90076.1,,Protein Digestion & Proteolysis,Aspartic Proteases,Cathepsin D/E & Pepsin (Peptidase A1),0.0,0.0,0.0,0.0,0.0,0.0,No,"DUF1759,Peptidase_A17",,,,"DUF5641 domain-containing protein, partial [Nephila pilipes]"
,GFT90677.1,,Protein Digestion & Proteolysis,Aspartic Proteases,Cathepsin D/E & Pepsin (Peptidase A1),0.0,0.0,0.0,0.0,0.0,0.0,No,Peptidase_A17,,,,DUF1758 domain-containing protein [Nephila pilipes]
,GFT91868.1,,Protein Digestion & Proteolysis,Aspartic Proteases,Cathepsin D/E & Pepsin (Peptidase A1),0.0,0.0,0.0,0.0,0.0,0.0,No,"DUF1758,DUF1759,Peptidase_A17,THAP,rve",,,,DUF1758 domain-containing protein [Nephila pilipes]
,GFT92665.1,,Protein Digestion & Proteolysis,Aspartic Proteases,Cathepsin D/E & Pepsin (Peptidase A1),0.0,0.0,0.0,0.0,0.0,0.0,No,"Peptidase_A17,rve",,,,transposable element Tc1 transposase [Nephila pilipes]
,GFT93667.1,,Protein Digestion & Proteolysis,Aspartic Proteases,Cathepsin D/E & Pepsin (Peptidase A1),0.0,0.0,0.0,0.0,0.0,0.0,No,"Peptidase_A17,rve",,,,DUF1758 domain-containing protein [Nephila pilipes]
,GFT94055.1,,Protein Digestion & Proteolysis,Aspartic Proteases,Cathepsin D/E & Pepsin (Peptidase A1),0.0,0.0,0.0,0.0,0.0,0.0,No,"Peptidase_A17,rve",,,,DUF5641 domain-containing protein [Nephila pilipes]
,GFT94429.1,,Protein Digestion & Proteolysis,Aspartic Proteases,Cathepsin D/E & Pepsin (Peptidase A1),0.0,0.0,0.0,0.0,0.0,0.0,No,"Peptidase_A17,rve",,,,transposable element Tc1 transposase [Nephila pilipes]
,GFT94789.1,,Protein Digestion & Proteolysis,Aspartic Proteases,Cathepsin D/E & Pepsin (Peptidase A1),0.0,0.0,0.0,0.0,0.0,0.0,No,"DUF1759,Peptidase_A17,rve",,,,DUF1758 domain-containing protein [Nephila pilipes]
,GFT95025.1,,Protein Digestion & Proteolysis,Aspartic Proteases,Cathepsin D/E & Pepsin (Peptidase A1),0.0,0.0,0.0,0.0,0.0,0.0,No,"DUF1759,Peptidase_A17,rve",,,,"DUF5641 domain-containing protein, partial [Nephila pilipes]"
,GFT95204.1,,Protein Digestion & Proteolysis,Aspartic Proteases,Cathepsin D/E & Pepsin (Peptidase A1),0.0,0.0,0.0,0.0,0.0,0.0,No,"DUF1759,Peptidase_A17",,,,DUF1758 domain-containing protein [Nephila pilipes]
,GFT95505.1,,Protein Digestion & Proteolysis,Aspartic Proteases,Cathepsin D/E & Pepsin (Peptidase A1),0.0,0.0,0.0,0.0,0.0,0.0,No,"DUF1759,Peptidase_A17,rve",,,,DUF5641 domain-containing protein [Nephila pilipes]
,GFT97003.1,,Protein Digestion & Proteolysis,Aspartic Proteases,Cathepsin D/E & Pepsin (Peptidase A1),0.0,0.0,0.0,0.0,0.0,0.0,No,"DUF1758,DUF1759,Peptidase_A17",,,,DUF1758 domain-containing protein [Nephila pilipes]
,GFT97120.1,,Protein Digestion & Proteolysis,Aspartic Proteases,Cathepsin D/E & Pepsin (Peptidase A1),0.0,0.0,0.0,0.0,0.0,0.0,No,"DUF1759,Peptidase_A17,rve",,,,"uncharacterized protein K02A2.6, partial [Nephila pilipes]"
,GFT98007.1,,Protein Digestion & Proteolysis,Aspartic Proteases,Cathepsin D/E & Pepsin (Peptidase A1),0.0,0.0,0.0,0.0,0.0,0.0,No,"DUF1758,Peptidase_A17,RVT_1,rve",,,,DUF1758 domain-containing protein [Nephila pilipes]
,GFT98602.1,,Protein Digestion & Proteolysis,Aspartic Proteases,Cathepsin D/E & Pepsin (Peptidase A1),0.0,0.0,0.0,0.0,0.0,0.0,No,"DUF1759,Peptidase_A17,rve",,,,DUF5641 domain-containing protein [Nephila pilipes]
,GFT98646.1,,Protein Digestion & Proteolysis,Aspartic Proteases,Cathepsin D/E & Pepsin (Peptidase A1),0.0,0.0,0.0,0.0,0.0,0.0,No,"Peptidase_A17,rve",,,,DUF5641 domain-containing protein [Nephila pilipes]
,GFU01914.1,,Protein Digestion & Proteolysis,Aspartic Proteases,Cathepsin D/E & Pepsin (Peptidase A1),0.0,0.0,0.0,0.0,0.0,0.0,No,"DUF1759,Peptidase_A17,rve",,,,DUF5641 domain-containing protein [Nephila pilipes]
,GFU02186.1,,Protein Digestion & Proteolysis,Aspartic Proteases,Cathepsin D/E & Pepsin (Peptidase A1),0.0,0.0,0.0,0.0,0.0,0.0,No,"DUF1759,Peptidase_A17,rve",,,,DUF5641 domain-containing protein [Nephila pilipes]
,GFU03088.1,,Protein Digestion & Proteolysis,Aspartic Proteases,Cathepsin D/E & Pepsin (Peptidase A1),0.0,0.0,0.0,0.0,0.0,0.0,No,"DUF1759,Peptidase_A17,rve",,,,DUF5641 domain-containing protein [Nephila pilipes]
,GFU03121.1,,Protein Digestion & Proteolysis,Aspartic Proteases,Cathepsin D/E & Pepsin (Peptidase A1),0.0,0.0,0.0,0.0,0.0,0.0,No,"DUF1759,Peptidase_A17,rve",,,,DUF1758 domain-containing protein [Nephila pilipes]
,GFU03179.1,,Protein Digestion & Proteolysis,Aspartic Proteases,Cathepsin D/E & Pepsin (Peptidase A1),0.0,0.0,0.0,0.0,0.0,0.0,No,"DUF1759,Peptidase_A17,rve",,,,DUF5641 domain-containing protein [Nephila pilipes]
,GFU03830.1,,Protein Digestion & Proteolysis,Aspartic Proteases,Cathepsin D/E & Pepsin (Peptidase A1),0.0,0.0,0.0,0.0,0.0,0.0,No,"DUF1759,Peptidase_A17",,,,DUF5641 domain-containing protein [Nephila pilipes]
,GFU04359.1,,Protein Digestion & Proteolysis,Aspartic Proteases,Cathepsin D/E & Pepsin (Peptidase A1),0.0,0.0,0.0,0.0,0.0,0.0,No,"DUF1759,Peptidase_A17,rve",,,,DUF5641 domain-containing protein [Nephila pilipes]
,GFU04846.1,,Protein Digestion & Proteolysis,Aspartic Proteases,Cathepsin D/E & Pepsin (Peptidase A1),0.0,0.0,0.0,0.0,0.0,0.0,No,"DUF1758,Peptidase_A17,rve",,,,DUF1758 domain-containing protein [Nephila pilipes]
,GFU05439.1,,Protein Digestion & Proteolysis,Aspartic Proteases,Cathepsin D/E & Pepsin (Peptidase A1),0.0,0.0,0.0,0.0,0.0,0.0,No,"DUF1759,Peptidase_A17,rve",,,,DUF5641 domain-containing protein [Nephila pilipes]
,GFU06110.1,,Protein Digestion & Proteolysis,Aspartic Proteases,Cathepsin D/E & Pepsin (Peptidase A1),0.0,0.0,0.0,0.0,0.0,0.0,No,"DUF1759,Peptidase_A17",,,,DUF1758 domain-containing protein [Nephila pilipes]
,GFU06498.1,,Protein Digestion & Proteolysis,Aspartic Proteases,Cathepsin D/E & Pepsin (Peptidase A1),0.0,0.0,0.0,0.0,0.0,0.0,No,"DUF1759,Peptidase_A17,rve",,,,DUF1758 domain-containing protein [Nephila pilipes]
,GFU06881.1,,Protein Digestion & Proteolysis,Aspartic Proteases,Cathepsin D/E & Pepsin (Peptidase A1),0.0,0.0,0.0,0.0,0.0,0.0,No,"Peptidase_A17,rve",,,,DUF5641 domain-containing protein [Nephila pilipes]
,GFU06998.1,,Protein Digestion & Proteolysis,Aspartic Proteases,Cathepsin D/E & Pepsin (Peptidase A1),0.0,0.0,0.0,0.0,0.0,0.0,No,"DUF1759,Peptidase_A17,rve",,,,DUF5641 domain-containing protein [Nephila pilipes]
,GFU07427.1,,Protein Digestion & Proteolysis,Aspartic Proteases,Cathepsin D/E & Pepsin (Peptidase A1),0.0,0.0,0.0,0.0,0.0,0.0,No,"DUF1759,Peptidase_A17,rve",,,,DUF5641 domain-containing protein [Nephila pilipes]
,GFU11737.1,,Protein Digestion & Proteolysis,Aspartic Proteases,Cathepsin D/E & Pepsin (Peptidase A1),0.0,0.0,0.0,0.0,0.0,0.0,No,"DUF1759,Peptidase_A17,rve",,,,DUF1758 domain-containing protein [Nephila pilipes]
,GFU12761.1,,Protein Digestion & Proteolysis,Aspartic Proteases,Cathepsin D/E & Pepsin (Peptidase A1),0.0,0.0,0.0,0.0,0.0,0.0,No,"DUF1759,Peptidase_A17,rve",,,,"DUF1758 domain-containing protein, partial [Nephila pilipes]"
,GFU13076.1,,Protein Digestion & Proteolysis,Aspartic Proteases,Cathepsin D/E & Pepsin (Peptidase A1),0.0,0.0,0.0,0.0,0.0,0.0,No,"DUF1758,Peptidase_A17,RVT_1,rve",,,,DUF1758 domain-containing protein [Nephila pilipes]
,GFU14804.1,,Protein Digestion & Proteolysis,Aspartic Proteases,Cathepsin D/E & Pepsin (Peptidase A1),0.0,0.0,0.0,0.0,0.0,0.0,No,"Peptidase_A17,rve",,,,"DNA-binding protein HEXBP, partial [Nephila pilipes]"
,GFU15273.1,,Protein Digestion & Proteolysis,Aspartic Proteases,Cathepsin D/E & Pepsin (Peptidase A1),0.0,0.0,0.0,0.0,0.0,0.0,No,"DUF1759,Peptidase_A17",,,,DUF5641 domain-containing protein [Nephila pilipes]
,GFU15459.1,,Protein Digestion & Proteolysis,Aspartic Proteases,Cathepsin D/E & Pepsin (Peptidase A1),0.0,0.0,0.0,0.0,0.0,0.0,No,"DUF1758,DUF1759,Peptidase_A17,RVT_1",,,,DUF1758 domain-containing protein [Nephila pilipes]
,GFU16678.1,,Protein Digestion & Proteolysis,Aspartic Proteases,Cathepsin D/E & Pepsin (Peptidase A1),0.0,0.0,0.0,0.0,0.0,0.0,No,"DUF1759,Peptidase_A17",,,,DUF5641 domain-containing protein [Nephila pilipes]
,GFU17354.1,,Protein Digestion & Proteolysis,Aspartic Proteases,Cathepsin D/E & Pepsin (Peptidase A1),0.0,0.0,0.0,0.0,0.0,0.0,No,"DUF1759,Peptidase_A17",,,,DUF5641 domain-containing protein [Nephila pilipes]
,GFU17357.1,,Protein Digestion & Proteolysis,Aspartic Proteases,Cathepsin D/E & Pepsin (Peptidase A1),0.0,0.0,0.0,0.0,0.0,0.0,No,"DUF1758,DUF1759,Peptidase_A17",,,,DUF1758 domain-containing protein [Nephila pilipes]
,GFU17383.1,,Protein Digestion & Proteolysis,Aspartic Proteases,Cathepsin D/E & Pepsin (Peptidase A1),0.0,0.0,0.0,0.0,0.0,0.0,No,"DUF1759,Peptidase_A17",,,,"DUF5641 domain-containing protein, partial [Nephila pilipes]"
,GFU17723.1,,Protein Digestion & Proteolysis,Aspartic Proteases,Cathepsin D/E & Pepsin (Peptidase A1),0.0,0.0,0.0,0.0,0.0,0.0,No,"DUF1759,Peptidase_A17,rve",,,,DUF1758 domain-containing protein [Nephila pilipes]
,GFU17750.1,EFV61778,Protein Digestion & Proteolysis,Aspartic Proteases,Cathepsin D/E & Pepsin (Peptidase A1),0.0,0.0,0.0,0.0,0.0,0.0,No,Peptidase_A17,,,,DUF5641 domain-containing protein [Nephila pilipes]
,GFU18038.1,,Protein Digestion & Proteolysis,Aspartic Proteases,Cathepsin D/E & Pepsin (Peptidase A1),0.0,0.0,0.0,0.0,0.0,0.0,No,"Peptidase_A17,rve",,,,DUF5641 domain-containing protein [Nephila pilipes]
,GFU18183.1,,Protein Digestion & Proteolysis,Aspartic Proteases,Cathepsin D/E & Pepsin (Peptidase A1),0.0,0.0,0.0,0.0,0.0,0.0,No,"DUF1759,Peptidase_A17,rve",,,,"DUF1758 domain-containing protein, partial [Nephila pilipes]"
,GFU18901.1,,Protein Digestion & Proteolysis,Aspartic Proteases,Cathepsin D/E & Pepsin (Peptidase A1),0.0,0.0,0.0,0.0,0.0,0.0,No,"DUF1759,Peptidase_A17",,,,DUF5641 domain-containing protein [Nephila pilipes]
,GFU19193.1,,Protein Digestion & Proteolysis,Aspartic Proteases,Cathepsin D/E & Pepsin (Peptidase A1),0.0,0.0,0.0,0.0,0.0,0.0,No,"DUF1758,DUF1759,Peptidase_A17,rve",,,,DUF1758 domain-containing protein [Nephila pilipes]
,GFU19399.1,,Protein Digestion & Proteolysis,Aspartic Proteases,Cathepsin D/E & Pepsin (Peptidase A1),0.0,0.0,0.0,0.0,0.0,0.0,No,"DUF1759,Peptidase_A17",,,,DUF5641 domain-containing protein [Nephila pilipes]
,GFU19903.1,T01_1738,Protein Digestion & Proteolysis,Aspartic Proteases,Cathepsin D/E & Pepsin (Peptidase A1),0.0,0.0,0.0,0.0,0.0,0.0,No,"DUF1758,Peptidase_A17",,,,DUF1758 domain-containing protein [Nephila pilipes]
,GFU20653.1,,Protein Digestion & Proteolysis,Aspartic Proteases,Cathepsin D/E & Pepsin (Peptidase A1),0.0,0.0,0.0,0.0,0.0,0.0,No,"DUF1759,Peptidase_A17,rve",,,,DUF5641 domain-containing protein [Nephila pilipes]
,GFU20850.1,,Protein Digestion & Proteolysis,Aspartic Proteases,Cathepsin D/E & Pepsin (Peptidase A1),0.0,0.0,0.0,0.0,0.0,0.0,No,"DUF1759,Peptidase_A17,rve",,,,DUF5641 domain-containing protein [Nephila pilipes]
,GFU21261.1,,Protein Digestion & Proteolysis,Aspartic Proteases,Cathepsin D/E & Pepsin (Peptidase A1),0.0,0.0,0.0,0.0,0.0,0.0,No,"Peptidase_A17,rve",,,,"dual 3',5'-cyclic-AMP and-GMP phosphodiesterase 11 [Nephila pilipes]"
,GFU23831.1,,Protein Digestion & Proteolysis,Aspartic Proteases,Cathepsin D/E & Pepsin (Peptidase A1),0.0,0.0,0.0,0.0,0.0,0.0,No,Peptidase_A17,,,,DUF1758 domain-containing protein [Nephila pilipes]
,GFU23926.1,,Protein Digestion & Proteolysis,Aspartic Proteases,Cathepsin D/E & Pepsin (Peptidase A1),0.0,0.0,0.0,0.0,0.0,0.0,No,"DUF1758,DUF1759,Peptidase_A17,rve",,,,DUF1758 domain-containing protein [Nephila pilipes]
,GFU23957.1,gar1,Protein Digestion & Proteolysis,Aspartic Proteases,Cathepsin D/E & Pepsin (Peptidase A1),0.0,0.0,0.0,0.0,0.0,0.0,No,"Peptidase_A17,rve",,,,DUF1758 domain-containing protein [Nephila pilipes]
,GFU24654.1,,Protein Digestion & Proteolysis,Aspartic Proteases,Cathepsin D/E & Pepsin (Peptidase A1),0.0,0.0,0.0,0.0,0.0,0.0,No,"DUF1759,Peptidase_A17,rve",,,,DUF5641 domain-containing protein [Nephila pilipes]
,GFU25235.1,,Protein Digestion & Proteolysis,Aspartic Proteases,Cathepsin D/E & Pepsin (Peptidase A1),0.0,0.0,0.0,0.0,0.0,0.0,No,"Peptidase_A17,rve",,,,DUF5641 domain-containing protein [Nephila pilipes]
,GFU25952.1,,Protein Digestion & Proteolysis,Aspartic Proteases,Cathepsin D/E & Pepsin (Peptidase A1),0.0,0.0,0.0,0.0,0.0,0.0,No,"DUF1758,Peptidase_A17,rve",,,,"DUF1758 domain-containing protein, partial [Nephila pilipes]"
,GFU26448.1,EFV49521,Protein Digestion & Proteolysis,Aspartic Proteases,Cathepsin D/E & Pepsin (Peptidase A1),0.0,0.0,0.0,0.0,0.0,0.0,No,"DUF1758,Peptidase_A17",,,,DUF1758 domain-containing protein [Nephila pilipes]
,GFU26475.1,,Protein Digestion & Proteolysis,Aspartic Proteases,Cathepsin D/E & Pepsin (Peptidase A1),0.0,0.0,0.0,0.0,0.0,0.0,No,"DUF1758,Peptidase_A17",,,,DUF1758 domain-containing protein [Nephila pilipes]
,GFU26853.1,,Protein Digestion & Proteolysis,Aspartic Proteases,Cathepsin D/E & Pepsin (Peptidase A1),0.0,0.0,0.0,0.0,0.0,0.0,No,"Peptidase_A17,rve",,,,DUF5641 domain-containing protein [Nephila pilipes]
,GFU27164.1,,Protein Digestion & Proteolysis,Aspartic Proteases,Cathepsin D/E & Pepsin (Peptidase A1),0.0,0.0,0.0,0.0,0.0,0.0,No,"Peptidase_A17,rve",,,,"dual 3',5'-cyclic-AMP and-GMP phosphodiesterase 11 [Nephila pilipes]"
,GFU27995.1,,Protein Digestion & Proteolysis,Aspartic Proteases,Cathepsin D/E & Pepsin (Peptidase A1),0.0,0.0,0.0,0.0,0.0,0.0,No,"DUF1759,Peptidase_A17",,,,DUF5641 domain-containing protein [Nephila pilipes]
,GFU28078.1,,Protein Digestion & Proteolysis,Aspartic Proteases,Cathepsin D/E & Pepsin (Peptidase A1),0.0,0.0,0.0,0.0,0.0,0.0,No,"DUF1759,Peptidase_A17,rve",,,,DUF5641 domain-containing protein [Nephila pilipes]
,GFU28080.1,T01_2962,Protein Digestion & Proteolysis,Aspartic Proteases,Cathepsin D/E & Pepsin (Peptidase A1),0.0,0.0,0.0,0.0,0.0,0.0,No,"DUF1759,Peptidase_A17",,,,DUF1758 domain-containing protein [Nephila pilipes]
,GFU28102.1,,Protein Digestion & Proteolysis,Aspartic Proteases,Cathepsin D/E & Pepsin (Peptidase A1),0.0,0.0,0.0,0.0,0.0,0.0,No,"DUF1759,Peptidase_A17",,,,DUF5641 domain-containing protein [Nephila pilipes]
,GFU28831.1,,Protein Digestion & Proteolysis,Aspartic Proteases,Cathepsin D/E & Pepsin (Peptidase A1),0.0,0.0,0.0,0.0,0.0,0.0,No,"Peptidase_A17,rve",,,,"dual 3',5'-cyclic-AMP and-GMP phosphodiesterase 11 [Nephila pilipes]"
,GFU29511.1,,Protein Digestion & Proteolysis,Aspartic Proteases,Cathepsin D/E & Pepsin (Peptidase A1),0.0,0.0,0.0,0.0,0.0,0.0,No,"Peptidase_A17,rve",,,,"DUF1758 domain-containing protein, partial [Nephila pilipes]"
,GFU29513.1,,Protein Digestion & Proteolysis,Aspartic Proteases,Cathepsin D/E & Pepsin (Peptidase A1),0.0,0.0,0.0,0.0,0.0,0.0,No,"Peptidase_A17,rve",,,,DUF5641 domain-containing protein [Nephila pilipes]
,GFU29517.1,gar1,Protein Digestion & Proteolysis,Aspartic Proteases,Cathepsin D/E & Pepsin (Peptidase A1),0.0,0.0,0.0,0.0,0.0,0.0,No,"Peptidase_A17,rve",,,,"DUF1758 domain-containing protein, partial [Nephila pilipes]"
,GFU31803.1,,Protein Digestion & Proteolysis,Aspartic Proteases,Cathepsin D/E & Pepsin (Peptidase A1),0.0,0.0,0.0,0.0,0.0,0.0,No,"Peptidase_A17,rve",,,,DUF5641 domain-containing protein [Nephila pilipes]
,GFU31913.1,,Protein Digestion & Proteolysis,Aspartic Proteases,Cathepsin D/E & Pepsin (Peptidase A1),0.0,0.0,0.0,0.0,0.0,0.0,No,"DUF1759,Peptidase_A17,rve",,,,"uncharacterized protein LOC103523973, partial [Nephila pilipes]"
,GFU32402.1,,Protein Digestion & Proteolysis,Aspartic Proteases,Cathepsin D/E & Pepsin (Peptidase A1),0.0,0.0,0.0,0.0,0.0,0.0,No,"Peptidase_A17,rve",,,,DUF5641 domain-containing protein [Nephila pilipes]
,GFU32411.1,,Protein Digestion & Proteolysis,Aspartic Proteases,Cathepsin D/E & Pepsin (Peptidase A1),0.0,0.0,0.0,0.0,0.0,0.0,No,"Peptidase_A17,RVT_1",,,,DUF1758 domain-containing protein [Nephila pilipes]
,GFU34811.1,EFV51156,Protein Digestion & Proteolysis,Aspartic Proteases,Cathepsin D/E & Pepsin (Peptidase A1),0.0,0.0,0.0,0.0,0.0,0.0,No,"DDE_Tnp_1_7,Peptidase_A17",,,,putative piggybac transposable element-derived [Nephila pilipes]
,GFU34994.1,,Protein Digestion & Proteolysis,Aspartic Proteases,Cathepsin D/E & Pepsin (Peptidase A1),0.0,0.0,0.0,0.0,0.0,0.0,No,"DUF1759,Peptidase_A17,rve",,,,"DUF1758 domain-containing protein, partial [Nephila pilipes]"
,GFU35069.1,,Protein Digestion & Proteolysis,Aspartic Proteases,Cathepsin D/E & Pepsin (Peptidase A1),0.0,0.0,0.0,0.0,0.0,0.0,No,"Peptidase_A17,rve",,,,DUF5641 domain-containing protein [Nephila pilipes]
,GFU36193.1,,Protein Digestion & Proteolysis,Aspartic Proteases,Cathepsin D/E & Pepsin (Peptidase A1),0.0,0.0,0.0,0.0,0.0,0.0,No,"DUF1758,DUF1759,Peptidase_A17",,,,suppression of tumorigenicity 5 protein [Nephila pilipes]
,GFU36195.1,,Protein Digestion & Proteolysis,Aspartic Proteases,Cathepsin D/E & Pepsin (Peptidase A1),0.0,0.0,0.0,0.0,0.0,0.0,No,"DUF1758,DUF1759,Peptidase_A17,rve",,,,CCHC-type domain-containing protein [Nephila pilipes]
,GFU36687.1,,Protein Digestion & Proteolysis,Aspartic Proteases,Cathepsin D/E & Pepsin (Peptidase A1),0.0,0.0,0.0,0.0,0.0,0.0,No,"DUF1759,Peptidase_A17,rve",,,,uncharacterized protein K02A2.6 [Nephila pilipes]
,GFU36842.1,,Protein Digestion & Proteolysis,Aspartic Proteases,Cathepsin D/E & Pepsin (Peptidase A1),0.0,0.0,0.0,0.0,0.0,0.0,No,"DUF1759,Peptidase_A17,rve",,,,DUF5641 domain-containing protein [Nephila pilipes]
,GFU37051.1,gar1,Protein Digestion & Proteolysis,Aspartic Proteases,Cathepsin D/E & Pepsin (Peptidase A1),0.0,0.0,0.0,0.0,0.0,0.0,No,"Peptidase_A17,rve",,,,"dynein beta chain, ciliary [Nephila pilipes]"
,GFU37068.1,,Protein Digestion & Proteolysis,Aspartic Proteases,Cathepsin D/E & Pepsin (Peptidase A1),0.0,0.0,0.0,0.0,0.0,0.0,No,"DUF1758,DUF1759,Peptidase_A17,RVT_1",,,,DUF1758 domain-containing protein [Nephila pilipes]
,GFU37892.1,,Protein Digestion & Proteolysis,Aspartic Proteases,Cathepsin D/E & Pepsin (Peptidase A1),0.0,0.0,0.0,0.0,0.0,0.0,No,"Peptidase_A17,rve",,,,DUF5641 domain-containing protein [Nephila pilipes]
,GFU38093.1,,Protein Digestion & Proteolysis,Aspartic Proteases,Cathepsin D/E & Pepsin (Peptidase A1),0.0,0.0,0.0,0.0,0.0,0.0,No,"DUF1758,Peptidase_A17,rve",,,,DUF1758 domain-containing protein [Nephila pilipes]
,GFU39043.1,,Protein Digestion & Proteolysis,Aspartic Proteases,Cathepsin D/E & Pepsin (Peptidase A1),0.0,0.0,0.0,0.0,0.0,0.0,No,"DUF1759,Peptidase_A17,rve",,,,DUF1758 domain-containing protein [Nephila pilipes]
,GFU39818.1,,Protein Digestion & Proteolysis,Aspartic Proteases,Cathepsin D/E & Pepsin (Peptidase A1),0.0,0.0,0.0,0.0,0.0,0.0,No,"DUF1759,Peptidase_A17,rve",,,,DUF5641 domain-containing protein [Nephila pilipes]
,GFU42056.1,,Protein Digestion & Proteolysis,Aspartic Proteases,Cathepsin D/E & Pepsin (Peptidase A1),0.0,0.0,0.0,0.0,0.0,0.0,No,"DUF1759,Peptidase_A17,rve",,,,DUF5641 domain-containing protein [Nephila pilipes]
,GFU42566.1,,Protein Digestion & Proteolysis,Aspartic Proteases,Cathepsin D/E & Pepsin (Peptidase A1),0.0,0.0,0.0,0.0,0.0,0.0,No,"Peptidase_A17,rve",,,,DUF5641 domain-containing protein [Nephila pilipes]
,GFU42631.1,,Protein Digestion & Proteolysis,Aspartic Proteases,Cathepsin D/E & Pepsin (Peptidase A1),0.0,0.0,0.0,0.0,0.0,0.0,No,"DUF1759,Peptidase_A17,rve",,,,DUF5641 domain-containing protein [Nephila pilipes]
,GFU44346.1,,Protein Digestion & Proteolysis,Aspartic Proteases,Cathepsin D/E & Pepsin (Peptidase A1),0.0,0.0,0.0,0.0,0.0,0.0,No,"DUF1758,DUF1759,Peptidase_A17,rve",,,,DUF1758 domain-containing protein [Nephila pilipes]
,GFU44621.1,,Protein Digestion & Proteolysis,Aspartic Proteases,Cathepsin D/E & Pepsin (Peptidase A1),0.0,0.0,0.0,0.0,0.0,0.0,No,"DUF1759,Peptidase_A17",,,,DUF5641 domain-containing protein [Nephila pilipes]
,GFU44623.1,,Protein Digestion & Proteolysis,Aspartic Proteases,Cathepsin D/E & Pepsin (Peptidase A1),0.0,0.0,0.0,0.0,0.0,0.0,No,"DUF1759,Peptidase_A17,rve",,,,DUF1758 domain-containing protein [Nephila pilipes]
,GFU44654.1,,Protein Digestion & Proteolysis,Aspartic Proteases,Cathepsin D/E & Pepsin (Peptidase A1),0.0,0.0,0.0,0.0,0.0,0.0,No,"DUF1759,Peptidase_A17,rve",,,,DUF1758 domain-containing protein [Nephila pilipes]
,GFU46192.1,,Protein Digestion & Proteolysis,Aspartic Proteases,Cathepsin D/E & Pepsin (Peptidase A1),0.0,0.0,0.0,0.0,0.0,0.0,No,"Peptidase_A17,rve",,,,transposable element Tc1 transposase [Nephila pilipes]
,GFU46522.1,,Protein Digestion & Proteolysis,Aspartic Proteases,Cathepsin D/E & Pepsin (Peptidase A1),0.0,0.0,0.0,0.0,0.0,0.0,No,"Peptidase_A17,rve",,,,transposable element Tc1 transposase [Nephila pilipes]
,GFU48201.1,,Protein Digestion & Proteolysis,Aspartic Proteases,Cathepsin D/E & Pepsin (Peptidase A1),0.0,0.0,0.0,0.0,0.0,0.0,No,"DUF1759,Peptidase_A17,rve",,,,DUF5641 domain-containing protein [Nephila pilipes]
,GFU48524.1,,Protein Digestion & Proteolysis,Aspartic Proteases,Cathepsin D/E & Pepsin (Peptidase A1),0.0,0.0,0.0,0.0,0.0,0.0,No,"DUF1759,Peptidase_A17,rve",,,,transposable element Tc1 transposase [Nephila pilipes]
,GFU48526.1,,Protein Digestion & Proteolysis,Aspartic Proteases,Cathepsin D/E & Pepsin (Peptidase A1),0.0,0.0,0.0,0.0,0.0,0.0,No,"DUF1759,Peptidase_A17,rve",,,,DUF5641 domain-containing protein [Nephila pilipes]
,GFU49696.1,,Protein Digestion & Proteolysis,Aspartic Proteases,Cathepsin D/E & Pepsin (Peptidase A1),0.0,0.0,0.0,0.0,0.0,0.0,No,"DUF1759,Peptidase_A17,rve",,,,uncharacterized protein K02A2.6 [Nephila pilipes]
,GFU50176.1,,Protein Digestion & Proteolysis,Aspartic Proteases,Cathepsin D/E & Pepsin (Peptidase A1),0.0,0.0,0.0,0.0,0.0,0.0,No,"DUF1759,Peptidase_A17,rve",,,,DUF5641 domain-containing protein [Nephila pilipes]
,GFU51911.1,gar1,Protein Digestion & Proteolysis,Aspartic Proteases,Cathepsin D/E & Pepsin (Peptidase A1),0.0,0.0,0.0,0.0,0.0,0.0,No,"Peptidase_A17,rve",,,,"DUF1758 domain-containing protein, partial [Nephila pilipes]"
,GFU54454.1,,Protein Digestion & Proteolysis,Aspartic Proteases,Cathepsin D/E & Pepsin (Peptidase A1),0.0,0.0,0.0,0.0,0.0,0.0,No,"Peptidase_A17,rve",,,,DUF5641 domain-containing protein [Nephila pilipes]
,GFU55936.1,,Protein Digestion & Proteolysis,Aspartic Proteases,Cathepsin D/E & Pepsin (Peptidase A1),0.0,0.0,0.0,0.0,0.0,0.0,No,"DUF1759,Peptidase_A17,rve",,,,DUF5641 domain-containing protein [Nephila pilipes]
,GFU61783.1,,Protein Digestion & Proteolysis,Aspartic Proteases,Cathepsin D/E & Pepsin (Peptidase A1),0.0,0.0,0.0,0.0,0.0,0.0,No,"DUF1759,Peptidase_A17,rve",,,,DUF1758 domain-containing protein [Nephila pilipes]
,GFU62536.1,,Protein Digestion & Proteolysis,Aspartic Proteases,Cathepsin D/E & Pepsin (Peptidase A1),0.0,0.0,0.0,0.0,0.0,0.0,No,"DUF1758,DUF1759,Peptidase_A17,rve",,,,DUF1758 domain-containing protein [Nephila pilipes]
NPIL_60361,GFT20050.1,,Protein Digestion & Proteolysis,Cysteine Proteases,Calpain (Peptidase C2),0.418934893978902,0.430273284908632,0.3897369396639,3.3091874560931,1.1370331436611334,1.0956092832081858,Yes,"Calpain_III,GCIP,MIT,Peptidase_C2,WBP-1",,,,uncharacterized protein NPIL_60361 [Nephila pilipes]
NPIL_569611,GFU38054.1,,Protein Digestion & Proteolysis,Cysteine Proteases,Cathepsin B/L / Papain (C1A),0.721417992056888,0.88186312442374,1.29041070449999,0.954513919896745,0.9620514352193408,0.9723628623335097,Yes,Peptidase_C14,ko:K04397,"ko05010,ko04668,map05200,map04932,ko05134,ko05133,map04668,map05134,map05010,ko05200,map05133,ko04932,ko04210,map04210,ko04214,ko04215,map04215,map04214",,hypothetical protein NPIL_569611 [Nephila pilipes]
"NPIL_207261,",GFT26265.1,,Protein Digestion & Proteolysis,Cysteine Proteases,Cathepsin B/L / Papain (C1A),0.0,0.0,0.0,0.0,0.0,0.0,No,Peptidase_C13,,,,"hypothetical protein NPIL_207261, partial [Nephila pilipes]"
"NPIL_358511,",GFU23363.1,,Protein Digestion & Proteolysis,Cysteine Proteases,Cathepsin B/L / Papain (C1A),0.0,0.0,0.0,0.0,0.0,0.0,No,Peptidase_C14,,,,"hypothetical protein NPIL_358511, partial [Nephila pilipes]"
,GFS28305.1,LOC575203,Protein Digestion & Proteolysis,Cysteine Proteases,Cathepsin B/L / Papain (C1A),0.0,0.0,0.0,0.0,0.0,0.0,No,"Inhibitor_I29,Peptidase_C1",ko:K01365,"map05205,ko05418,ko05323,ko04145,map05323,ko04140,ko04142,map04612,map05418,ko04210,ko05205,map04145,map04210,map04142,ko04612,map04140",,cathepsin L [Nephila pilipes]
,GFS28307.1,,Protein Digestion & Proteolysis,Cysteine Proteases,Cathepsin B/L / Papain (C1A),0.0,0.0,0.0,0.0,0.0,0.0,No,"Inhibitor_I29,Peptidase_C1",,,,cathepsin L [Nephila pilipes]
,GFS28309.1,LOC575203,Protein Digestion & Proteolysis,Cysteine Proteases,Cathepsin B/L / Papain (C1A),0.0,0.0,0.0,0.0,0.0,0.0,No,"Inhibitor_I29,Peptidase_C1",ko:K01365,"map05205,ko05418,ko05323,ko04145,map05323,ko04140,ko04142,map04612,map05418,ko04210,ko05205,map04145,map04210,map04142,ko04612,map04140",,cathepsin L [Nephila pilipes]
,GFS28311.1,,Protein Digestion & Proteolysis,Cysteine Proteases,Cathepsin B/L / Papain (C1A),0.0,0.0,0.0,0.0,0.0,0.0,No,"Inhibitor_I29,Peptidase_C1",,,,cathepsin L1 [Nephila pilipes]
,GFS28314.1,,Protein Digestion & Proteolysis,Cysteine Proteases,Cathepsin B/L / Papain (C1A),0.0,0.0,0.0,0.0,0.0,0.0,No,Peptidase_C1,,,,cathepsin L [Nephila pilipes]
,GFS28316.1,LOC575203,Protein Digestion & Proteolysis,Cysteine Proteases,Cathepsin B/L / Papain (C1A),0.0,0.0,0.0,0.0,0.0,0.0,No,"Inhibitor_I29,Peptidase_C1",ko:K01365,"map05205,ko05418,ko05323,ko04145,map05323,ko04140,ko04142,map04612,map05418,ko04210,ko05205,map04145,map04210,map04142,ko04612,map04140",,cathepsin L [Nephila pilipes]
,GFS28318.1,v1g181181,Protein Digestion & Proteolysis,Cysteine Proteases,Cathepsin B/L / Papain (C1A),0.0,0.0,0.0,0.0,0.0,0.0,No,"Inhibitor_I29,Peptidase_C1",ko:K01365,"map05205,ko05418,ko05323,ko04145,map05323,ko04140,ko04142,map04612,map05418,ko04210,ko05205,map04145,map04210,map04142,ko04612,map04140",,cathepsin L [Nephila pilipes]
,GFS28320.1,ctsla,Protein Digestion & Proteolysis,Cysteine Proteases,Cathepsin B/L / Papain (C1A),0.0,0.0,0.0,0.0,0.0,0.0,No,"Inhibitor_I29,Peptidase_C1",ko:K01365,"map05205,ko05418,ko05323,ko04145,map05323,ko04140,ko04142,map04612,map05418,ko04210,ko05205,map04145,map04210,map04142,ko04612,map04140",,cathepsin L [Nephila pilipes]
,GFS50792.1,LGMN,Protein Digestion & Proteolysis,Cysteine Proteases,Cathepsin B/L / Papain (C1A),0.0,0.0,0.0,0.0,0.0,0.0,No,Peptidase_C13,,,,"legumain, partial [Nephila pilipes]"
,GFS64423.1,,Protein Digestion & Proteolysis,Cysteine Proteases,Cathepsin B/L / Papain (C1A),0.0,0.0,0.0,0.0,0.0,0.0,No,Peptidase_C1,ko:K01365,"map05205,ko05418,ko05323,ko04145,map05323,ko04140,ko04142,map04612,map05418,ko04210,ko05205,map04145,map04210,map04142,ko04612,map04140",,cathepsin L [Nephila pilipes]
,GFS68751.1,,Protein Digestion & Proteolysis,Cysteine Proteases,Cathepsin B/L / Papain (C1A),0.0,0.0,0.0,0.0,0.0,0.0,No,"Inhibitor_I29,Peptidase_C1",,,,cathepsin L [Nephila pilipes]
,GFS80506.1,GF17600,Protein Digestion & Proteolysis,Cysteine Proteases,Cathepsin B/L / Papain (C1A),0.0,0.0,0.0,0.0,0.0,0.0,No,"Inhibitor_I29,Peptidase_C1",ko:K01365,"map05205,ko05418,ko05323,ko04145,map05323,ko04140,ko04142,map04612,map05418,ko04210,ko05205,map04145,map04210,map04142,ko04612,map04140",,"cathepsin L, partial [Nephila pilipes]"
,GFS84435.1,,Protein Digestion & Proteolysis,Cysteine Proteases,Cathepsin B/L / Papain (C1A),0.0,0.0,0.0,0.0,0.0,0.0,No,"Ank_2,Cystatin,HECT,Inhibitor_I29,MIB_HERC2,Peptidase_C1,Sad1_UNC",,,,e3 ubiquitin-protein ligase HECTD1 [Nephila pilipes]
,GFS93156.1,107367645,Protein Digestion & Proteolysis,Cysteine Proteases,Cathepsin B/L / Papain (C1A),0.0,0.0,0.0,0.0,0.0,0.0,No,"Inhibitor_I29,Peptidase_C1",ko:K01365,"map05205,ko05418,ko05323,ko04145,map05323,ko04140,ko04142,map04612,map05418,ko04210,ko05205,map04145,map04210,map04142,ko04612,map04140",,"cathepsin L, partial [Nephila pilipes]"
,GFS94032.1,,Protein Digestion & Proteolysis,Cysteine Proteases,Cathepsin B/L / Papain (C1A),0.0,0.0,0.0,0.0,0.0,0.0,No,"Inhibitor_I29,Peptidase_C1",,,,cathepsin L [Nephila pilipes]
,GFT02976.1,LOC552756,Protein Digestion & Proteolysis,Cysteine Proteases,Cathepsin B/L / Papain (C1A),0.0,0.0,0.0,0.0,0.0,0.0,No,"Inhibitor_I29,Peptidase_C1",ko:K01365,"map05205,ko05418,ko05323,ko04145,map05323,ko04140,ko04142,map04612,map05418,ko04210,ko05205,map04145,map04210,map04142,ko04612,map04140",,cathepsin L [Nephila pilipes]
,GFT07263.1,,Protein Digestion & Proteolysis,Cysteine Proteases,Calpain (Peptidase C2),0.0,0.0,0.0,0.0,0.0,0.0,No,"Calpain_III,GCIP,MIT,Peptidase_C2,WBP-1",,,,calpain-7 [Nephila pilipes]
,GFT07872.1,20195302,Protein Digestion & Proteolysis,Cysteine Proteases,Cathepsin B/L / Papain (C1A),0.0,0.0,0.0,0.0,0.0,0.0,No,Peptidase_C14,ko:K02187,"ko05120,map04650,map04657,map04115,map05146,map05152,map04010,ko05145,map05165,map05210,map04210,map05167,map04215,ko05014,ko04650,ko05165,ko05167,ko04657,map05161,ko01524,map05133,map05012,map05134,map05010,map05016,ko04933,ko04932,map04726,ko05152,ko05210,ko05010,map05205,ko05012,map05203,map05014,ko05016,ko04010,ko05134,ko05133,map04668,ko05146,map05168,ko04115,map05416,map05206,ko05206,ko05222,ko04668,ko05200,ko05168,ko05416,ko04215,map05145,map05120,ko05161,map05200,ko04210,ko05205,ko04726,map05222,map04932,map04933,map01524,ko05203",,caspase-3 [Nephila pilipes]
,GFT07970.1,LOC575203,Protein Digestion & Proteolysis,Cysteine Proteases,Cathepsin B/L / Papain (C1A),0.0,0.0,0.0,0.0,0.0,0.0,No,"Inhibitor_I29,Peptidase_C1",ko:K01365,"map05205,ko05418,ko05323,ko04145,map05323,ko04140,ko04142,map04612,map05418,ko04210,ko05205,map04145,map04210,map04142,ko04612,map04140",,cathepsin L-like proteinase [Nephila pilipes]
,GFT10090.1,,Protein Digestion & Proteolysis,Cysteine Proteases,Cathepsin B/L / Papain (C1A),0.0,0.0,0.0,0.0,0.0,0.0,No,"Inhibitor_I29,Peptidase_C1",,,,"cathepsin L, partial [Nephila pilipes]"
,GFT10885.1,L798_02235,Protein Digestion & Proteolysis,Cysteine Proteases,Cathepsin B/L / Papain (C1A),0.0,0.0,0.0,0.0,0.0,0.0,No,"Ig_3,Peptidase_C14",ko:K07369,"map05152,map04662,map04660,ko05152,ko04660,ko04662,ko04064,map04064",,mucosa-associated lymphoid tissue lymphoma translocation protein 1 [Nephila pilipes]
,GFT18972.1,,Protein Digestion & Proteolysis,Cysteine Proteases,Cathepsin B/L / Papain (C1A),0.0,0.0,0.0,0.0,0.0,0.0,No,Peptidase_C13,,,,legumain [Nephila pilipes]
,GFT20581.1,,Protein Digestion & Proteolysis,Cysteine Proteases,Cathepsin B/L / Papain (C1A),0.0,0.0,0.0,0.0,0.0,0.0,No,Peptidase_C13,,,,legumain [Nephila pilipes]
,GFT26288.1,,Protein Digestion & Proteolysis,Cysteine Proteases,Cathepsin B/L / Papain (C1A),0.0,0.0,0.0,0.0,0.0,0.0,No,Peptidase_C13,ko:K01369,"ko04612,map04142,ko04142,map04612",,"legumain, partial [Nephila pilipes]"
,GFT35565.1,,Protein Digestion & Proteolysis,Cysteine Proteases,Cathepsin B/L / Papain (C1A),0.0,0.0,0.0,0.0,0.0,0.0,No,"Inhibitor_I29,Peptidase_C1",ko:K01365,"map05205,ko05418,ko05323,ko04145,map05323,ko04140,ko04142,map04612,map05418,ko04210,ko05205,map04145,map04210,map04142,ko04612,map04140",,cathepsin L [Nephila pilipes]
,GFT36882.1,UCHL3,Protein Digestion & Proteolysis,Cysteine Proteases,Cathepsin B/L / Papain (C1A),0.0,0.0,0.0,0.0,0.0,0.0,No,Peptidase_C12,ko:K05609,,,ubiquitin carboxyl-terminal hydrolase isozyme L3 [Nephila pilipes]
,GFT41650.1,,Protein Digestion & Proteolysis,Cysteine Proteases,Calpain (Peptidase C2),0.0,0.0,0.0,0.0,0.0,0.0,No,"Calpain_III,Peptidase_C2",,,,calpain-B [Nephila pilipes]
,GFT41652.1,,Protein Digestion & Proteolysis,Cysteine Proteases,Calpain (Peptidase C2),0.0,0.0,0.0,0.0,0.0,0.0,No,"Calpain_III,Peptidase_C2",,,,calpain-B [Nephila pilipes]
,GFT57800.1,,Protein Digestion & Proteolysis,Cysteine Proteases,Cathepsin B/L / Papain (C1A),0.0,0.0,0.0,0.0,0.0,0.0,No,"Cystatin,Inhibitor_I29,Peptidase_C1",ko:K01373,"ko04210,map04210,map04142,ko04142",,putative cysteine proteinase CG12163 [Nephila pilipes]
,GFT59088.1,LOC575203,Protein Digestion & Proteolysis,Cysteine Proteases,Cathepsin B/L / Papain (C1A),0.0,0.0,0.0,0.0,0.0,0.0,No,"Inhibitor_I29,Peptidase_C1",ko:K01365,"map05205,ko05418,ko05323,ko04145,map05323,ko04140,ko04142,map04612,map05418,ko04210,ko05205,map04145,map04210,map04142,ko04612,map04140",,cathepsin L-like proteinase [Nephila pilipes]
,GFT62291.1,,Protein Digestion & Proteolysis,Cysteine Proteases,Cathepsin B/L / Papain (C1A),0.0,0.0,0.0,0.0,0.0,0.0,No,Peptidase_C13,,,,legumain [Nephila pilipes]
,GFT62293.1,,Protein Digestion & Proteolysis,Cysteine Proteases,Cathepsin B/L / Papain (C1A),0.0,0.0,0.0,0.0,0.0,0.0,No,Peptidase_C13,,,,legumain [Nephila pilipes]
,GFT62295.1,,Protein Digestion & Proteolysis,Cysteine Proteases,Cathepsin B/L / Papain (C1A),0.0,0.0,0.0,0.0,0.0,0.0,No,Peptidase_C13,,,,legumain [Nephila pilipes]
,GFT62299.1,,Protein Digestion & Proteolysis,Cysteine Proteases,Cathepsin B/L / Papain (C1A),0.0,0.0,0.0,0.0,0.0,0.0,No,Peptidase_C13,,,,legumain [Nephila pilipes]
,GFT62301.1,,Protein Digestion & Proteolysis,Cysteine Proteases,Cathepsin B/L / Papain (C1A),0.0,0.0,0.0,0.0,0.0,0.0,No,Peptidase_C13,,,,legumain [Nephila pilipes]
,GFT66671.1,,Protein Digestion & Proteolysis,Cysteine Proteases,Calpain (Peptidase C2),0.0,0.0,0.0,0.0,0.0,0.0,No,"Calpain_III,Peptidase_C2",,,,calpain-A [Nephila pilipes]
,GFT72031.1,,Protein Digestion & Proteolysis,Cysteine Proteases,Cathepsin B/L / Papain (C1A),0.0,0.0,0.0,0.0,0.0,0.0,No,"Peptidase_C1,Propeptide_C1",,,,cathepsin B [Nephila pilipes]
,GFT74651.1,8238947,Protein Digestion & Proteolysis,Cysteine Proteases,Calpain (Peptidase C2),0.0,0.0,0.0,0.0,0.0,0.0,No,"Calpain_III,Peptidase_C2",,,,calpain-9 [Nephila pilipes]
,GFT75542.1,,Protein Digestion & Proteolysis,Cysteine Proteases,Cathepsin B/L / Papain (C1A),0.0,0.0,0.0,0.0,0.0,0.0,No,Peptidase_C12,,,,ubiquitin carboxyl-terminal hydrolase isozyme L5 [Nephila pilipes]
,GFT78846.1,CTSC,Protein Digestion & Proteolysis,Cysteine Proteases,Cathepsin B/L / Papain (C1A),0.0,0.0,0.0,0.0,0.0,0.0,No,"CathepsinC_exc,Peptidase_C1",,,,dipeptidyl peptidase 1 [Nephila pilipes]
,GFT78850.1,,Protein Digestion & Proteolysis,Cysteine Proteases,Cathepsin B/L / Papain (C1A),0.0,0.0,0.0,0.0,0.0,0.0,No,"CathepsinC_exc,Peptidase_C1",,,,dipeptidyl peptidase 1 [Nephila pilipes]
,GFT78852.1,,Protein Digestion & Proteolysis,Cysteine Proteases,Cathepsin B/L / Papain (C1A),0.0,0.0,0.0,0.0,0.0,0.0,No,"CathepsinC_exc,Peptidase_C1",,,,dipeptidyl peptidase 1 [Nephila pilipes]
,GFT80527.1,CASP2,Protein Digestion & Proteolysis,Cysteine Proteases,Cathepsin B/L / Papain (C1A),0.0,0.0,0.0,0.0,0.0,0.0,No,"CARD,Peptidase_C14",,,,caspase-3 [Nephila pilipes]
,GFT83466.1,CASP9,Protein Digestion & Proteolysis,Cysteine Proteases,Cathepsin B/L / Papain (C1A),0.0,0.0,0.0,0.0,0.0,0.0,No,"CARD,Peptidase_C14",,,,CASPASE_P20 domain-containing protein [Nephila pilipes]
,GFT84879.1,,Protein Digestion & Proteolysis,Cysteine Proteases,Cathepsin B/L / Papain (C1A),0.0,0.0,0.0,0.0,0.0,0.0,No,Peptidase_C13,,,,legumain [Nephila pilipes]
,GFT84881.1,,Protein Digestion & Proteolysis,Cysteine Proteases,Cathepsin B/L / Papain (C1A),0.0,0.0,0.0,0.0,0.0,0.0,No,Peptidase_C13,,,,legumain [Nephila pilipes]
,GFT84885.1,,Protein Digestion & Proteolysis,Cysteine Proteases,Cathepsin B/L / Papain (C1A),0.0,0.0,0.0,0.0,0.0,0.0,No,Peptidase_C13,,,,legumain [Nephila pilipes]
,GFT84886.1,,Protein Digestion & Proteolysis,Cysteine Proteases,Cathepsin B/L / Papain (C1A),0.0,0.0,0.0,0.0,0.0,0.0,No,Peptidase_C13,,,,legumain [Nephila pilipes]
,GFT96743.1,Tinagl1,Protein Digestion & Proteolysis,Cysteine Proteases,Cathepsin B/L / Papain (C1A),0.0,0.0,0.0,0.0,0.0,0.0,No,Peptidase_C1,,,,tubulointerstitial nephritis antigen-like [Nephila pilipes]
,GFT96829.1,20195563,Protein Digestion & Proteolysis,Cysteine Proteases,Cathepsin B/L / Papain (C1A),0.0,0.0,0.0,0.0,0.0,0.0,No,Peptidase_C13,ko:K05290,"map01100,ko01100,ko00563,map00563",,GPI-anchor transamidase [Nephila pilipes]
,GFT96915.1,,Protein Digestion & Proteolysis,Cysteine Proteases,Cathepsin B/L / Papain (C1A),0.0,0.0,0.0,0.0,0.0,0.0,No,Peptidase_C12,,,,ubiquitin carboxyl-terminal hydrolase BAP1 [Nephila pilipes]
,GFT99211.1,v1g180651,Protein Digestion & Proteolysis,Cysteine Proteases,Cathepsin B/L / Papain (C1A),0.0,0.0,0.0,0.0,0.0,0.0,No,"Inhibitor_I29,Peptidase_C1",,,,cathepsin L1 [Nephila pilipes]
,GFU02570.1,,Protein Digestion & Proteolysis,Cysteine Proteases,Cathepsin B/L / Papain (C1A),0.0,0.0,0.0,0.0,0.0,0.0,No,Peptidase_C15,ko:K01304,,,pyroglutamyl-peptidase 1 [Nephila pilipes]
,GFU07286.1,Lgmn,Protein Digestion & Proteolysis,Cysteine Proteases,Cathepsin B/L / Papain (C1A),0.0,0.0,0.0,0.0,0.0,0.0,No,Peptidase_C13,ko:K01369,"ko04612,map04142,ko04142,map04612","P|GO:0003008|ISS,P|GO:0003014|ISS,P|GO:0006508|IMP,P|GO:0006508|IBA,P|GO:0006508|ISS,P|GO:0006508|ISS,P|GO:0006624|IBA,P|GO:0006807|IMP,P|GO:0006807|IBA,P|GO:0006807|ISS,P|GO:0008150|IMP,P|GO:0008150|IBA,P|GO:0008150|ISS,P|GO:0008152|IMP,P|GO:0008152|IBA,P|GO:0008152|ISS,P|GO:0009056|ISS,P|GO:0009057|ISS,P|GO:0009966|ISS,P|GO:0009968|ISS,P|GO:0009987|IBA,P|GO:0009987|ISS,P|GO:0010467|IBA,P|GO:0010646|ISS,P|GO:0010648|ISS,P|GO:0016485|IBA,P|GO:0019538|IMP,P|GO:0019538|IBA,P|GO:0019538|ISS,P|GO:0023051|ISS,P|GO:0023057|ISS,P|GO:0030163|ISS,P|GO:0032501|ISS,P|GO:0032801|ISS,P|GO:0043112|ISS,P|GO:0043170|IMP,P|GO:0043170|IBA,P|GO:0043170|ISS,P|GO:0044237|IBA,P|GO:0044237|ISS,P|GO:0044238|IMP,P|GO:0044238|IBA,P|GO:0044238|ISS,P|GO:0044248|ISS,P|GO:0044257|ISS,P|GO:0044260|IBA,P|GO:0044260|ISS,P|GO:0044265|ISS,P|GO:0044267|IBA,P|GO:0044267|ISS,P|GO:0048519|ISS,P|GO:0048523|ISS,P|GO:0048583|ISS,P|GO:0048585|ISS,P|GO:0050789|ISS,P|GO:0050794|ISS,P|GO:0051603|ISS,P|GO:0051604|IBA,P|GO:0065007|ISS,P|GO:0071704|IMP,P|GO:0071704|IBA,P|GO:0071704|ISS,P|GO:1901184|ISS,P|GO:1901185|ISS,P|GO:1901564|IMP,P|GO:1901564|IBA,P|GO:1901564|ISS,P|GO:1901565|ISS,P|GO:1901575|ISS,C|GO:0000323|IDA,C|GO:0005575|IDA,C|GO:0005622|IDA,C|GO:0005623|IDA,C|GO:0005737|IDA,C|GO:0005764|IDA,C|GO:0005773|IDA,C|GO:0043226|IDA,C|GO:0043227|IDA,C|GO:0043229|IDA,C|GO:0043231|IDA,C|GO:0044424|IDA,C|GO:0044444|IDA,C|GO:0044464|IDA,F|GO:0003674|IMP,F|GO:0003824|IMP,F|GO:0004175|IMP,F|GO:0004197|IMP,F|GO:0008233|IMP,F|GO:0008234|IMP,F|GO:0016787|IMP,F|GO:0070011|IMP,F|GO:0140096|IMP",legumain [Nephila pilipes]
,GFU07517.1,,Protein Digestion & Proteolysis,Cysteine Proteases,Calpain (Peptidase C2),0.0,0.0,0.0,0.0,0.0,0.0,No,"Calpain_III,Peptidase_C2",,,,"calpain catalytic domain-containing protein, partial [Nephila pilipes]"
,GFU12511.1,v1g180651,Protein Digestion & Proteolysis,Cysteine Proteases,Cathepsin B/L / Papain (C1A),0.0,0.0,0.0,0.0,0.0,0.0,No,"Inhibitor_I29,Peptidase_C1",,,,cathepsin L [Nephila pilipes]
,GFU16643.1,,Protein Digestion & Proteolysis,Cysteine Proteases,Calpain (Peptidase C2),0.0,0.0,0.0,0.0,0.0,0.0,No,"Peptidase_C2,zf-RanBP",,,,calpain-D [Nephila pilipes]
,GFU20196.1,26-29-p,Protein Digestion & Proteolysis,Cysteine Proteases,Cathepsin B/L / Papain (C1A),0.0,0.0,0.0,0.0,0.0,0.0,No,"Inhibitor_I29,Peptidase_C1",,,"P|GO:0006508|IBA,P|GO:0006807|IBA,P|GO:0008150|IBA,P|GO:0008152|IBA,P|GO:0009056|IBA,P|GO:0009057|IBA,P|GO:0009987|IBA,P|GO:0019538|IBA,P|GO:0030163|IBA,P|GO:0043170|IBA,P|GO:0044237|IBA,P|GO:0044238|IBA,P|GO:0044248|IBA,P|GO:0044257|IBA,P|GO:0044260|IBA,P|GO:0044265|IBA,P|GO:0044267|IBA,P|GO:0051603|IBA,P|GO:0071704|IBA,P|GO:1901564|IBA,P|GO:1901565|IBA,P|GO:1901575|IBA,C|GO:0000323|IBA,C|GO:0005575|IBA,C|GO:0005576|IBA,C|GO:0005615|IBA,C|GO:0005622|IBA,C|GO:0005623|IBA,C|GO:0005737|IBA,C|GO:0005764|IBA,C|GO:0005773|IBA,C|GO:0043226|IBA,C|GO:0043227|IBA,C|GO:0043229|IBA,C|GO:0043231|IBA,C|GO:0044421|IBA,C|GO:0044424|IBA,C|GO:0044444|IBA,C|GO:0044464|IBA,F|GO:0003674|IBA,F|GO:0003824|IBA,F|GO:0004175|IBA,F|GO:0004197|IBA,F|GO:0008233|IBA,F|GO:0008234|IBA,F|GO:0016787|IBA,F|GO:0070011|IBA,F|GO:0140096|IBA",counting factor associated protein D [Nephila pilipes]
,GFU25116.1,L798_00291,Protein Digestion & Proteolysis,Cysteine Proteases,Calpain (Peptidase C2),0.0,0.0,0.0,0.0,0.0,0.0,No,"Calpain_III,Peptidase_C2",,,,calpain-C [Nephila pilipes]
,GFU33617.1,,Protein Digestion & Proteolysis,Cysteine Proteases,Cathepsin B/L / Papain (C1A),0.0,0.0,0.0,0.0,0.0,0.0,No,Peptidase_C14,ko:K20009,"ko04214,ko04215,map04215,map04214",,caspase-3 [Nephila pilipes]
,GFU34259.1,,Protein Digestion & Proteolysis,Cysteine Proteases,Cathepsin B/L / Papain (C1A),0.0,0.0,0.0,0.0,0.0,0.0,No,Peptidase_C1_2,ko:K01372,,,bleomycin hydrolase [Nephila pilipes]
,GFU38049.1,CASP7,Protein Digestion & Proteolysis,Cysteine Proteases,Cathepsin B/L / Papain (C1A),0.0,0.0,0.0,0.0,0.0,0.0,No,Peptidase_C14,,,,caspase-3 [Nephila pilipes]
,GFU38053.1,CASP7,Protein Digestion & Proteolysis,Cysteine Proteases,Cathepsin B/L / Papain (C1A),0.0,0.0,0.0,0.0,0.0,0.0,No,Peptidase_C14,ko:K04397,"ko05010,ko04668,map05200,map04932,ko05134,ko05133,map04668,map05134,map05010,ko05200,map05133,ko04932,ko04210,map04210,ko04214,ko04215,map04215,map04214",,caspase-3 [Nephila pilipes]
,GFU39023.1,,Protein Digestion & Proteolysis,Cysteine Proteases,Calpain (Peptidase C2),0.0,0.0,0.0,0.0,0.0,0.0,No,Peptidase_C26,ko:K01307,"map01523,ko01523,ko00790,map00790",,gamma-glutamyl hydrolase [Nephila pilipes]
,GFU40814.1,,Protein Digestion & Proteolysis,Cysteine Proteases,Cathepsin B/L / Papain (C1A),0.0,0.0,0.0,0.0,0.0,0.0,No,Peptidase_C12,,,,ubiquitin carboxyl-terminal hydrolase isozyme L3 [Nephila pilipes]
,GFU40816.1,,Protein Digestion & Proteolysis,Cysteine Proteases,Cathepsin B/L / Papain (C1A),0.0,0.0,0.0,0.0,0.0,0.0,No,Peptidase_C12,,,,ubiquitin carboxyl-terminal hydrolase isozyme L3 [Nephila pilipes]
,GFU40828.1,,Protein Digestion & Proteolysis,Cysteine Proteases,Cathepsin B/L / Papain (C1A),0.0,0.0,0.0,0.0,0.0,0.0,No,Peptidase_C12,,,,ubiquitin carboxyl-terminal hydrolase isozyme L3 [Nephila pilipes]
,GFU41095.1,,Protein Digestion & Proteolysis,Cysteine Proteases,Cathepsin B/L / Papain (C1A),0.0,0.0,0.0,0.0,0.0,0.0,No,"Inhibitor_I29,Peptidase_C1",ko:K01365,"map05205,ko05418,ko05323,ko04145,map05323,ko04140,ko04142,map04612,map05418,ko04210,ko05205,map04145,map04210,map04142,ko04612,map04140",,"cathepsin L, partial [Nephila pilipes]"
,GFU44614.1,,Protein Digestion & Proteolysis,Cysteine Proteases,Calpain (Peptidase C2),0.0,0.0,0.0,0.0,0.0,0.0,No,"Calpain_III,Peptidase_C2",,,,calpain-C [Nephila pilipes]
,GFU48933.1,L798_09477,Protein Digestion & Proteolysis,Cysteine Proteases,Cathepsin B/L / Papain (C1A),0.0,0.0,0.0,0.0,0.0,0.0,No,"Inhibitor_I29,Peptidase_C1",ko:K01374,"ko04210,map04210,map04142,ko04142",,cathepsin O [Nephila pilipes]
,GFU49265.1,,Protein Digestion & Proteolysis,Cysteine Proteases,Cathepsin B/L / Papain (C1A),0.0,0.0,0.0,0.0,0.0,0.0,No,Peptidase_C1,,,,digestive cysteine proteinase 2 [Nephila pilipes]
,GFU50482.1,LOC575203,Protein Digestion & Proteolysis,Cysteine Proteases,Cathepsin B/L / Papain (C1A),0.0,0.0,0.0,0.0,0.0,0.0,No,"Inhibitor_I29,Peptidase_C1",ko:K01365,"map05205,ko05418,ko05323,ko04145,map05323,ko04140,ko04142,map04612,map05418,ko04210,ko05205,map04145,map04210,map04142,ko04612,map04140",,cathepsin L [Nephila pilipes]
,GFU52292.1,GH22826,Protein Digestion & Proteolysis,Cysteine Proteases,Cathepsin B/L / Papain (C1A),0.0,0.0,0.0,0.0,0.0,0.0,No,"Inhibitor_I29,Peptidase_C1",ko:K01365,"map05205,ko05418,ko05323,ko04145,map05323,ko04140,ko04142,map04612,map05418,ko04210,ko05205,map04145,map04210,map04142,ko04612,map04140",,cathepsin L [Nephila pilipes]
,GFU52293.1,v1g180651,Protein Digestion & Proteolysis,Cysteine Proteases,Cathepsin B/L / Papain (C1A),0.0,0.0,0.0,0.0,0.0,0.0,No,"Inhibitor_I29,Peptidase_C1",,,,cathepsin L [Nephila pilipes]
,GFU52294.1,,Protein Digestion & Proteolysis,Cysteine Proteases,Cathepsin B/L / Papain (C1A),0.0,0.0,0.0,0.0,0.0,0.0,No,"Inhibitor_I29,Peptidase_C1",,,,cathepsin L [Nephila pilipes]
,GFU56267.1,,Protein Digestion & Proteolysis,Cysteine Proteases,Calpain (Peptidase C2),0.0,0.0,0.0,0.0,0.0,0.0,No,"C2,Calpain_III,Peptidase_C2",ko:K08574,,,calpain-5 [Nephila pilipes]
,GFU61666.1,,Protein Digestion & Proteolysis,Cysteine Proteases,Calpain (Peptidase C2),0.0,0.0,0.0,0.0,0.0,0.0,No,"Calpain_III,EF-hand_6,EF-hand_8,Peptidase_C2",ko:K08585,,,calpain-B [Nephila pilipes]
,GFU61668.1,,Protein Digestion & Proteolysis,Cysteine Proteases,Calpain (Peptidase C2),0.0,0.0,0.0,0.0,0.0,0.0,No,"Calpain_III,EF-hand_6,EF-hand_8,Peptidase_C2",ko:K08585,,,calpain-B [Nephila pilipes]
,GFU61671.1,,Protein Digestion & Proteolysis,Cysteine Proteases,Calpain (Peptidase C2),0.0,0.0,0.0,0.0,0.0,0.0,No,"Calpain_III,Peptidase_C2",ko:K08585,,,calpain-B [Nephila pilipes]
,GFU61673.1,,Protein Digestion & Proteolysis,Cysteine Proteases,Calpain (Peptidase C2),0.0,0.0,0.0,0.0,0.0,0.0,No,"Calpain_III,Peptidase_C2",ko:K08585,,,calpain-B [Nephila pilipes]
NPIL_524881,GFT25655.1,,Protein Digestion & Proteolysis,Metalloproteases,Matrix Metalloproteinase (M10),1.21887220211514,0.563253475156498,0.44725915343888,0.170781905237439,0.6000416839869893,0.6781094904238655,Yes,"Glypican,Hemopexin,PG_binding_1,Patatin,Peptidase_M10",,,,uncharacterized protein NPIL_524881 [Nephila pilipes]
NPIL_62511,GFS80939.1,,Protein Digestion & Proteolysis,Metalloproteases,Carboxypeptidase A/B (Peptidase M14),0.171991603530623,0.140943363026001,0.273436314491261,0.245106095821693,0.20786934421739447,0.2724644061165227,Yes,Peptidase_M14,,,,hypothetical protein NPIL_62511 [Nephila pilipes]
NPIL_203261,GFU08896.1,AGTPBP1,Protein Digestion & Proteolysis,Metalloproteases,Carboxypeptidase A/B (Peptidase M14),0.104937189770052,0.102300239701731,0.419724380159888,0.0766409787547483,0.1759006970966048,0.23376623206602765,Yes,Peptidase_M14,,,"P|GO:0001654|ISS,P|GO:0001754|ISS,P|GO:0003008|ISS,P|GO:0006464|ISS,P|GO:0006508|ISS,P|GO:0006807|ISS,P|GO:0006996|ISS,P|GO:0007005|ISS,P|GO:0007275|ISS,P|GO:0007399|ISS,P|GO:0007417|ISS,P|GO:0007420|ISS,P|GO:0007423|ISS,P|GO:0008150|ISS,P|GO:0008152|ISS,P|GO:0009653|ISS,P|GO:0009887|ISS,P|GO:0009987|ISS,P|GO:0016043|ISS,P|GO:0018193|ISS,P|GO:0018200|ISS,P|GO:0018410|ISS,P|GO:0019538|ISS,P|GO:0021533|ISS,P|GO:0021537|ISS,P|GO:0021549|ISS,P|GO:0021575|ISS,P|GO:0021587|ISS,P|GO:0021680|ISS,P|GO:0021692|ISS,P|GO:0021694|ISS,P|GO:0021695|ISS,P|GO:0021696|ISS,P|GO:0021697|ISS,P|GO:0021702|ISS,P|GO:0021772|ISS,P|GO:0021953|ISS,P|GO:0021988|ISS,P|GO:0022008|ISS,P|GO:0022037|ISS,P|GO:0030154|ISS,P|GO:0030182|ISS,P|GO:0030900|ISS,P|GO:0030902|ISS,P|GO:0032501|ISS,P|GO:0032502|ISS,P|GO:0035608|ISS,P|GO:0035609|ISS,P|GO:0035610|ISS,P|GO:0036211|ISS,P|GO:0043170|ISS,P|GO:0043412|ISS,P|GO:0043687|ISS,P|GO:0044237|ISS,P|GO:0044238|ISS,P|GO:0044260|ISS,P|GO:0044267|ISS,P|GO:0046530|ISS,P|GO:0048513|ISS,P|GO:0048592|ISS,P|GO:0048646|ISS,P|GO:0048699|ISS,P|GO:0048731|ISS,P|GO:0048856|ISS,P|GO:0048869|ISS,P|GO:0050877|ISS,P|GO:0050905|ISS,P|GO:0060322|ISS,P|GO:0071704|ISS,P|GO:0071840|ISS,P|GO:0090596|ISS,P|GO:1901564|ISS,C|GO:0005575|ISS,C|GO:0005622|ISS,C|GO:0005623|ISS,C|GO:0005634|ISS,C|GO:0005737|ISS,C|GO:0005737|ISS,C|GO:0005739|ISS,C|GO:0005829|ISS,C|GO:0043226|ISS,C|GO:0043227|ISS,C|GO:0043229|ISS,C|GO:0043231|ISS,C|GO:0044424|ISS,C|GO:0044444|ISS,C|GO:0044464|ISS,F|GO:0003674|IEA,F|GO:0003674|ISS,F|GO:0003824|ISS,F|GO:0004180|ISS,F|GO:0004181|ISS,F|GO:0005488|IEA,F|GO:0005488|ISS,F|GO:0005515|ISS,F|GO:0008092|ISS,F|GO:0008233|ISS,F|GO:0008235|ISS,F|GO:0008237|ISS,F|GO:0008238|ISS,F|GO:0008270|IEA,F|GO:0015631|ISS,F|GO:0016787|ISS,F|GO:0043167|IEA,F|GO:0043169|IEA,F|GO:0046872|IEA,F|GO:0046914|IEA,F|GO:0070011|ISS,F|GO:0140096|ISS",hypothetical protein NPIL_203261 [Nephila pilipes]
NPIL_76031,GFS65423.1,Emr1,Protein Digestion & Proteolysis,Metalloproteases,Aminopeptidase N (Peptidase M1),0.0,0.235507382019707,0.359977614519881,0.0,0.148871249134897,0.20021712814733827,Yes,"7tm_2,EGF_CA,GAIN,GPS,Peptidase_M17,Peptidase_M17_N",,,,hypothetical protein NPIL_76031 [Nephila pilipes]
NPIL_451071,GFT10989.1,L798_07182,Protein Digestion & Proteolysis,Metalloproteases,Carboxypeptidase A/B (Peptidase M14),0.0,0.0,0.565021681881347,0.0,0.14125542047033676,0.19062171240411108,Yes,Peptidase_M14,,,,uncharacterized protein NPIL_451071 [Nephila pilipes]
"NPIL_149871,",GFS91204.1,Nep3,Protein Digestion & Proteolysis,Metalloproteases,Neprilysin (Peptidase M13),0.0,0.0,0.0,0.0,0.0,0.0,No,"Peptidase_M13,Peptidase_M13_N",ko:K01415,,,"hypothetical protein NPIL_149871, partial [Nephila pilipes]"
NPIL_363031,GFU05208.1,,Protein Digestion & Proteolysis,Metalloproteases,Aminopeptidase N (Peptidase M1),0.0,0.0,0.0,0.0,0.0,0.0,No,"ERAP1_C,Peptidase_M1",,,,hypothetical protein NPIL_363031 [Nephila pilipes]
NPIL_367861,GFU32362.1,,Protein Digestion & Proteolysis,Metalloproteases,Aminopeptidase N (Peptidase M1),0.0,0.0,0.0,0.0,0.0,0.0,No,"ERAP1_C,Peptidase_M1",,,,hypothetical protein NPIL_367861 [Nephila pilipes]
"NPIL_424381,",GFT33997.1,,Protein Digestion & Proteolysis,Metalloproteases,Neprilysin (Peptidase M13),0.0,0.0,0.0,0.0,0.0,0.0,No,"Peptidase_M13,Peptidase_M13_N",,,,"hypothetical protein NPIL_424381, partial [Nephila pilipes]"
"NPIL_444981,",GFS66254.1,L798_06574,Protein Digestion & Proteolysis,Metalloproteases,Aminopeptidase N (Peptidase M1),0.0,0.0,0.0,0.0,0.0,0.0,No,"ERAP1_C,Peptidase_M1",ko:K11141,"ko04614,map04614",,"hypothetical protein NPIL_444981, partial [Nephila pilipes]"
NPIL_451091,GFT10993.1,,Protein Digestion & Proteolysis,Metalloproteases,Carboxypeptidase A/B (Peptidase M14),0.0,0.0,0.0,0.0,0.0,0.0,No,Peptidase_M14,,,,hypothetical protein NPIL_451091 [Nephila pilipes]
"NPIL_486391,",GFS99819.1,Nep3,Protein Digestion & Proteolysis,Metalloproteases,Neprilysin (Peptidase M13),0.0,0.0,0.0,0.0,0.0,0.0,No,"Peptidase_M13,Peptidase_M13_N",ko:K01415,,,"hypothetical protein NPIL_486391, partial [Nephila pilipes]"
NPIL_603551,GFT65541.1,L798_06574,Protein Digestion & Proteolysis,Metalloproteases,Aminopeptidase N (Peptidase M1),0.0,0.0,0.0,0.0,0.0,0.0,No,"ERAP1_C,Peptidase_M1",ko:K11141,"ko04614,map04614",,hypothetical protein NPIL_603551 [Nephila pilipes]
NPIL_66241,GFU30894.1,L798_06574,Protein Digestion & Proteolysis,Metalloproteases,Aminopeptidase N (Peptidase M1),0.0,0.0,0.0,0.0,0.0,0.0,No,"ERAP1_C,Peptidase_M1",ko:K11141,"ko04614,map04614",,hypothetical protein NPIL_66241 [Nephila pilipes]
"NPIL_9151,",GFS39442.1,Nep3,Protein Digestion & Proteolysis,Metalloproteases,Neprilysin (Peptidase M13),0.0,0.0,0.0,0.0,0.0,0.0,No,"Peptidase_M13,Peptidase_M13_N",ko:K01415,,,"hypothetical protein NPIL_9151, partial [Nephila pilipes]"
,GFS31067.1,LOC657773,Protein Digestion & Proteolysis,Metalloproteases,Neprilysin (Peptidase M13),0.0,0.0,0.0,0.0,0.0,0.0,No,"Peptidase_M13,Peptidase_M13_N",,,,membrane metallo-endopeptidase-like 1 [Nephila pilipes]
,GFS31353.1,107369460,Protein Digestion & Proteolysis,Metalloproteases,Carboxypeptidase A/B (Peptidase M14),0.0,0.0,0.0,0.0,0.0,0.0,No,"CarboxypepD_reg,Peptidase_M14",ko:K01294,"ko04940,map04940",,carboxypeptidase E [Nephila pilipes]
,GFS33514.1,,Protein Digestion & Proteolysis,Metalloproteases,Matrix Metalloproteinase (M10),0.0,0.0,0.0,0.0,0.0,0.0,No,"PG_binding_1,Peptidase_M10",,,,"PG_binding_1 domain-containing protein, partial [Nephila pilipes]"
,GFS34726.1,,Protein Digestion & Proteolysis,Metalloproteases,Matrix Metalloproteinase (M10),0.0,0.0,0.0,0.0,0.0,0.0,No,"Hemopexin,PG_binding_1,Peptidase_M10",,,,matrix metalloproteinase-16 [Nephila pilipes]
,GFS41643.1,,Protein Digestion & Proteolysis,Metalloproteases,Neprilysin (Peptidase M13),0.0,0.0,0.0,0.0,0.0,0.0,No,"Peptidase_M13,Peptidase_M13_N",,,,"endothelin-converting enzyme homolog, partial [Nephila pilipes]"
,GFS49299.1,,Protein Digestion & Proteolysis,Metalloproteases,Aminopeptidase N (Peptidase M1),0.0,0.0,0.0,0.0,0.0,0.0,No,"ERAP1_C,Peptidase_M1",ko:K11141,"ko04614,map04614",,"endoplasmic reticulum aminopeptidase 2, partial [Nephila pilipes]"
,GFS49786.1,,Protein Digestion & Proteolysis,Metalloproteases,Astacin Metalloprotease (M12A),0.0,0.0,0.0,0.0,0.0,0.0,No,Astacin,,,,metalloendopeptidase [Nephila pilipes]
,GFS53387.1,,Protein Digestion & Proteolysis,Metalloproteases,Astacin Metalloprotease (M12A),0.0,0.0,0.0,0.0,0.0,0.0,No,Astacin,,,,metalloendopeptidase [Nephila pilipes]
,GFS53390.1,107359849,Protein Digestion & Proteolysis,Metalloproteases,Astacin Metalloprotease (M12A),0.0,0.0,0.0,0.0,0.0,0.0,No,Astacin,,,,astacin-like metalloprotease toxin 1 [Nephila pilipes]
,GFS53392.1,107359849,Protein Digestion & Proteolysis,Metalloproteases,Astacin Metalloprotease (M12A),0.0,0.0,0.0,0.0,0.0,0.0,No,Astacin,,,,astacin-like metalloprotease toxin 5 [Nephila pilipes]
,GFS53397.1,107359849,Protein Digestion & Proteolysis,Metalloproteases,Astacin Metalloprotease (M12A),0.0,0.0,0.0,0.0,0.0,0.0,No,Astacin,,,,astacin-like metalloprotease toxin 1 [Nephila pilipes]
,GFS53399.1,107371393,Protein Digestion & Proteolysis,Metalloproteases,Astacin Metalloprotease (M12A),0.0,0.0,0.0,0.0,0.0,0.0,No,Astacin,,,,astacin-like metalloprotease toxin 1 [Nephila pilipes]
,GFS53401.1,107371393,Protein Digestion & Proteolysis,Metalloproteases,Astacin Metalloprotease (M12A),0.0,0.0,0.0,0.0,0.0,0.0,No,Astacin,,,,zinc metalloproteinase nas-4 [Nephila pilipes]
,GFS53408.1,107371393,Protein Digestion & Proteolysis,Metalloproteases,Astacin Metalloprotease (M12A),0.0,0.0,0.0,0.0,0.0,0.0,No,Astacin,,,,astacin-like metalloprotease toxin 1 [Nephila pilipes]
,GFS53410.1,107371393,Protein Digestion & Proteolysis,Metalloproteases,Astacin Metalloprotease (M12A),0.0,0.0,0.0,0.0,0.0,0.0,No,Astacin,,,,astacin-like metalloprotease toxin 1 [Nephila pilipes]
,GFS53412.1,107371393,Protein Digestion & Proteolysis,Metalloproteases,Astacin Metalloprotease (M12A),0.0,0.0,0.0,0.0,0.0,0.0,No,Astacin,,,,astacin domain-containing protein [Nephila pilipes]
,GFS53415.1,,Protein Digestion & Proteolysis,Metalloproteases,Astacin Metalloprotease (M12A),0.0,0.0,0.0,0.0,0.0,0.0,No,Astacin,,,,metalloendopeptidase [Nephila pilipes]
,GFS53424.1,,Protein Digestion & Proteolysis,Metalloproteases,Astacin Metalloprotease (M12A),0.0,0.0,0.0,0.0,0.0,0.0,No,"Astacin,MAM",,,,metalloendopeptidase [Nephila pilipes]
,GFS53425.1,107359849,Protein Digestion & Proteolysis,Metalloproteases,Astacin Metalloprotease (M12A),0.0,0.0,0.0,0.0,0.0,0.0,No,Astacin,,,,zinc metalloproteinase nas-13 [Nephila pilipes]
,GFS53427.1,107371393,Protein Digestion & Proteolysis,Metalloproteases,Astacin Metalloprotease (M12A),0.0,0.0,0.0,0.0,0.0,0.0,No,Astacin,,,,astacin-like metalloprotease toxin 1 [Nephila pilipes]
,GFS55864.1,,Protein Digestion & Proteolysis,Metalloproteases,Aminopeptidase N (Peptidase M1),0.0,0.0,0.0,0.0,0.0,0.0,No,"ERAP1_C,Peptidase_M1",ko:K11141,"ko04614,map04614",,glutamyl aminopeptidase [Nephila pilipes]
,GFS56611.1,107359849,Protein Digestion & Proteolysis,Metalloproteases,Astacin Metalloprotease (M12A),0.0,0.0,0.0,0.0,0.0,0.0,No,Astacin,,,,protein SpAN [Nephila pilipes]
,GFS63709.1,EFV56198,Protein Digestion & Proteolysis,Metalloproteases,Astacin Metalloprotease (M12A),0.0,0.0,0.0,0.0,0.0,0.0,No,"Astacin,ShK",,,,"metalloendopeptidase, partial [Nephila pilipes]"
,GFS67381.1,8235541,Protein Digestion & Proteolysis,Metalloproteases,Astacin Metalloprotease (M12A),0.0,0.0,0.0,0.0,0.0,0.0,No,"Astacin,ShK",,,,zinc metalloproteinase nas-4 [Nephila pilipes]
,GFS69795.1,,Protein Digestion & Proteolysis,Metalloproteases,Aminopeptidase N (Peptidase M1),0.0,0.0,0.0,0.0,0.0,0.0,No,Peptidase_M17,,,,cytosol aminopeptidase [Nephila pilipes]
,GFS72170.1,,Protein Digestion & Proteolysis,Metalloproteases,Aminopeptidase N (Peptidase M1),0.0,0.0,0.0,0.0,0.0,0.0,No,"M16C_assoc,Peptidase_M16,Peptidase_M16_C",,,,uncharacterized protein C05D11.1 [Nephila pilipes]
,GFS72779.1,107359849,Protein Digestion & Proteolysis,Metalloproteases,Astacin Metalloprotease (M12A),0.0,0.0,0.0,0.0,0.0,0.0,No,Astacin,,,,astacin-like metalloprotease toxin 1 [Nephila pilipes]
,GFS72977.1,107359849,Protein Digestion & Proteolysis,Metalloproteases,Astacin Metalloprotease (M12A),0.0,0.0,0.0,0.0,0.0,0.0,No,Astacin,,,,metalloendopeptidase [Nephila pilipes]
,GFS72979.1,107359849,Protein Digestion & Proteolysis,Metalloproteases,Astacin Metalloprotease (M12A),0.0,0.0,0.0,0.0,0.0,0.0,No,Astacin,,,,blastula protease 10 [Nephila pilipes]
,GFS72981.1,107359849,Protein Digestion & Proteolysis,Metalloproteases,Astacin Metalloprotease (M12A),0.0,0.0,0.0,0.0,0.0,0.0,No,Astacin,,,,astacin-like metalloprotease toxin 1 [Nephila pilipes]
,GFS72985.1,107359849,Protein Digestion & Proteolysis,Metalloproteases,Astacin Metalloprotease (M12A),0.0,0.0,0.0,0.0,0.0,0.0,No,Astacin,,,,astacin [Nephila pilipes]
,GFS72987.1,107359849,Protein Digestion & Proteolysis,Metalloproteases,Astacin Metalloprotease (M12A),0.0,0.0,0.0,0.0,0.0,0.0,No,Astacin,,,,astacin [Nephila pilipes]
,GFS73555.1,mme,Protein Digestion & Proteolysis,Metalloproteases,Neprilysin (Peptidase M13),0.0,0.0,0.0,0.0,0.0,0.0,No,"Peptidase_M13,Peptidase_M13_N",ko:K01389,"map04640,ko05010,ko04640,ko04974,map04974,map05010,ko04614,map04614",,"membrane metallo-endopeptidase-like 1, partial [Nephila pilipes]"
,GFS74663.1,GI23832,Protein Digestion & Proteolysis,Metalloproteases,Neprilysin (Peptidase M13),0.0,0.0,0.0,0.0,0.0,0.0,No,"Peptidase_M13,Peptidase_M13_N",,,,neprilysin-2 [Nephila pilipes]
,GFS75637.1,Nep4,Protein Digestion & Proteolysis,Metalloproteases,Neprilysin (Peptidase M13),0.0,0.0,0.0,0.0,0.0,0.0,No,"Peptidase_M13,Peptidase_M13_N",,,,neprilysin-1 [Nephila pilipes]
,GFS75640.1,Nep4,Protein Digestion & Proteolysis,Metalloproteases,Neprilysin (Peptidase M13),0.0,0.0,0.0,0.0,0.0,0.0,No,"Peptidase_M13,Peptidase_M13_N",,,,neprilysin-1 [Nephila pilipes]
,GFS76025.1,,Protein Digestion & Proteolysis,Metalloproteases,Astacin Metalloprotease (M12A),0.0,0.0,0.0,0.0,0.0,0.0,No,Astacin,,,,zinc metalloproteinase nas-15 [Nephila pilipes]
,GFS76031.1,8235541,Protein Digestion & Proteolysis,Metalloproteases,Astacin Metalloprotease (M12A),0.0,0.0,0.0,0.0,0.0,0.0,No,"Astacin,ShK",,,,zinc metalloproteinase nas-15 [Nephila pilipes]
,GFS77010.1,G5I_07890,Protein Digestion & Proteolysis,Metalloproteases,Astacin Metalloprotease (M12A),0.0,0.0,0.0,0.0,0.0,0.0,No,Astacin,,,,"metalloendopeptidase, partial [Nephila pilipes]"
,GFS77284.1,107359849,Protein Digestion & Proteolysis,Metalloproteases,Astacin Metalloprotease (M12A),0.0,0.0,0.0,0.0,0.0,0.0,No,Astacin,,,,protein SpAN [Nephila pilipes]
,GFS88470.1,,Protein Digestion & Proteolysis,Metalloproteases,Neprilysin (Peptidase M13),0.0,0.0,0.0,0.0,0.0,0.0,No,"Peptidase_M13,Peptidase_M13_N",ko:K08635,,,"EEF1AKMT4-ECE2 readthrough transcript protein, partial [Nephila pilipes]"
,GFS88474.1,8239145,Protein Digestion & Proteolysis,Metalloproteases,Neprilysin (Peptidase M13),0.0,0.0,0.0,0.0,0.0,0.0,No,"BTB,Peptidase_M13,Peptidase_M13_N",,,,membrane metallo-endopeptidase-like 1 [Nephila pilipes]
,GFS88721.1,1270173,Protein Digestion & Proteolysis,Metalloproteases,Matrix Metalloproteinase (M10),0.0,0.0,0.0,0.0,0.0,0.0,No,"Hemopexin,PG_binding_1,Peptidase_M10",ko:K07763,"ko04912,map04912,ko04668,map04668",,matrix metalloproteinase-24 [Nephila pilipes]
,GFS89111.1,,Protein Digestion & Proteolysis,Metalloproteases,Aminopeptidase N (Peptidase M1),0.0,0.0,0.0,0.0,0.0,0.0,No,Peptidase_M1,,,,"glutamyl aminopeptidase, partial [Nephila pilipes]"
,GFS89724.1,Nep2,Protein Digestion & Proteolysis,Metalloproteases,Neprilysin (Peptidase M13),0.0,0.0,0.0,0.0,0.0,0.0,No,"Peptidase_M13,Peptidase_M13_N",,,,endothelin-converting enzyme homolog [Nephila pilipes]
,GFS91400.1,107371393,Protein Digestion & Proteolysis,Metalloproteases,Astacin Metalloprotease (M12A),0.0,0.0,0.0,0.0,0.0,0.0,No,Astacin,,,,astacin-like metalloprotease toxin 1 [Nephila pilipes]
,GFS91402.1,Rnasek,Protein Digestion & Proteolysis,Metalloproteases,Astacin Metalloprotease (M12A),0.0,0.0,0.0,0.0,0.0,0.0,No,"Astacin,Atx10homo_assoc,ShK",ko:K19323,,,zinc metalloproteinase nas-7 [Nephila pilipes]
,GFS91403.1,EFV60861,Protein Digestion & Proteolysis,Metalloproteases,Astacin Metalloprotease (M12A),0.0,0.0,0.0,0.0,0.0,0.0,No,"Astacin,ShK",,,,zinc metalloproteinase nas-7 [Nephila pilipes]
,GFS91404.1,,Protein Digestion & Proteolysis,Metalloproteases,Astacin Metalloprotease (M12A),0.0,0.0,0.0,0.0,0.0,0.0,No,"Astacin,ShK",,,,astacin-like metalloprotease toxin 1 [Nephila pilipes]
,GFS91405.1,v1g140744,Protein Digestion & Proteolysis,Metalloproteases,Astacin Metalloprotease (M12A),0.0,0.0,0.0,0.0,0.0,0.0,No,"Astacin,ShK",,,,zinc metalloproteinase nas-15 [Nephila pilipes]
,GFS91408.1,,Protein Digestion & Proteolysis,Metalloproteases,Astacin Metalloprotease (M12A),0.0,0.0,0.0,0.0,0.0,0.0,No,Astacin,,,,zinc metalloproteinase nas-7 [Nephila pilipes]
,GFS91409.1,107359849,Protein Digestion & Proteolysis,Metalloproteases,Astacin Metalloprotease (M12A),0.0,0.0,0.0,0.0,0.0,0.0,No,Astacin,,,,astacin-like metalloprotease toxin 1 [Nephila pilipes]
,GFS91410.1,107371393,Protein Digestion & Proteolysis,Metalloproteases,Astacin Metalloprotease (M12A),0.0,0.0,0.0,0.0,0.0,0.0,No,Astacin,,,,astacin-like metalloprotease toxin 1 [Nephila pilipes]
,GFS91411.1,107371393,Protein Digestion & Proteolysis,Metalloproteases,Astacin Metalloprotease (M12A),0.0,0.0,0.0,0.0,0.0,0.0,No,Astacin,,,,astacin-like metalloprotease toxin 1 [Nephila pilipes]
,GFS91413.1,107359849,Protein Digestion & Proteolysis,Metalloproteases,Astacin Metalloprotease (M12A),0.0,0.0,0.0,0.0,0.0,0.0,No,Astacin,,,,astacin-like metalloprotease toxin 1 [Nephila pilipes]
,GFS91762.1,,Protein Digestion & Proteolysis,Metalloproteases,Neprilysin (Peptidase M13),0.0,0.0,0.0,0.0,0.0,0.0,No,"Peptidase_M13,Peptidase_M13_N",,,,endothelin-converting enzyme homolog [Nephila pilipes]
,GFS92147.1,LOC577597,Protein Digestion & Proteolysis,Metalloproteases,Astacin Metalloprotease (M12A),0.0,0.0,0.0,0.0,0.0,0.0,No,"Astacin,ShK",,,,zinc metalloproteinase nas-15 [Nephila pilipes]
,GFS94910.1,,Protein Digestion & Proteolysis,Metalloproteases,Aminopeptidase N (Peptidase M1),0.0,0.0,0.0,0.0,0.0,0.0,No,"Leuk-A4-hydro_C,Peptidase_M1",ko:K09606,,,aminopeptidase O [Nephila pilipes]
,GFS94923.1,pitrm1,Protein Digestion & Proteolysis,Metalloproteases,Aminopeptidase N (Peptidase M1),0.0,0.0,0.0,0.0,0.0,0.0,No,"M16C_assoc,Peptidase_M16,Peptidase_M16_C",ko:K06972,,"P|GO:0006508|ISS,P|GO:0006508|ISS,P|GO:0006807|ISS,P|GO:0008150|ISS,P|GO:0008152|ISS,P|GO:0019538|ISS,P|GO:0043170|ISS,P|GO:0044238|ISS,P|GO:0071704|ISS,P|GO:1901564|ISS,C|GO:0005575|ISS,C|GO:0005622|ISS,C|GO:0005623|ISS,C|GO:0005737|ISS,C|GO:0005739|ISS,C|GO:0005759|ISS,C|GO:0031974|ISS,C|GO:0043226|ISS,C|GO:0043227|ISS,C|GO:0043229|ISS,C|GO:0043231|ISS,C|GO:0043233|ISS,C|GO:0044422|ISS,C|GO:0044424|ISS,C|GO:0044429|ISS,C|GO:0044444|ISS,C|GO:0044446|ISS,C|GO:0044464|ISS,C|GO:0070013|ISS,F|GO:0003674|ISS,F|GO:0003674|IEA,F|GO:0003824|ISS,F|GO:0004175|ISS,F|GO:0004222|ISS,F|GO:0005488|IEA,F|GO:0008233|ISS,F|GO:0008237|ISS,F|GO:0016787|ISS,F|GO:0043167|IEA,F|GO:0043169|IEA,F|GO:0046872|IEA,F|GO:0070011|ISS,F|GO:0140096|ISS","presequence protease, mitochondrial [Nephila pilipes]"
,GFS95794.1,,Protein Digestion & Proteolysis,Metalloproteases,Astacin Metalloprotease (M12A),0.0,0.0,0.0,0.0,0.0,0.0,No,Astacin,,,,zinc metalloproteinase nas-6 [Nephila pilipes]
,GFS95795.1,he1b,Protein Digestion & Proteolysis,Metalloproteases,Astacin Metalloprotease (M12A),0.0,0.0,0.0,0.0,0.0,0.0,No,Astacin,ko:K18543,,,zinc metalloproteinase nas-7 [Nephila pilipes]
,GFS96419.1,CPB1,Protein Digestion & Proteolysis,Metalloproteases,Carboxypeptidase A/B (Peptidase M14),0.0,0.0,0.0,0.0,0.0,0.0,No,"Peptidase_M14,Propep_M14",ko:K01291,"map04972,ko04972,ko04974,map04974",,carboxypeptidase B [Nephila pilipes]
,GFS98500.1,L798_05457,Protein Digestion & Proteolysis,Metalloproteases,Matrix Metalloproteinase (M10),0.0,0.0,0.0,0.0,0.0,0.0,No,"Hemopexin,PG_binding_1,Peptidase_M10",,,,matrilysin [Nephila pilipes]
,GFS98720.1,,Protein Digestion & Proteolysis,Metalloproteases,Neprilysin (Peptidase M13),0.0,0.0,0.0,0.0,0.0,0.0,No,Peptidase_M13_N,,,,"endothelin-converting enzyme homolog, partial [Nephila pilipes]"
,GFT01325.1,L798_03553,Protein Digestion & Proteolysis,Metalloproteases,Neprilysin (Peptidase M13),0.0,0.0,0.0,0.0,0.0,0.0,No,"Peptidase_M13,Peptidase_M13_N",,,,"endothelin-converting enzyme homolog, partial [Nephila pilipes]"
,GFT03653.1,,Protein Digestion & Proteolysis,Metalloproteases,Neprilysin (Peptidase M13),0.0,0.0,0.0,0.0,0.0,0.0,No,"Peptidase_M13,Peptidase_M13_N",,,,endothelin-converting enzyme 1 [Nephila pilipes]
,GFT04722.1,,Protein Digestion & Proteolysis,Metalloproteases,Neprilysin (Peptidase M13),0.0,0.0,0.0,0.0,0.0,0.0,No,Peptidase_M13,,,,"neprilysin, partial [Nephila pilipes]"
,GFT04815.1,,Protein Digestion & Proteolysis,Metalloproteases,Neprilysin (Peptidase M13),0.0,0.0,0.0,0.0,0.0,0.0,No,"Peptidase_M13,Peptidase_M13_N",,,,"endothelin-converting enzyme homolog, partial [Nephila pilipes]"
,GFT08412.1,,Protein Digestion & Proteolysis,Metalloproteases,Neprilysin (Peptidase M13),0.0,0.0,0.0,0.0,0.0,0.0,No,"Peptidase_M13,Peptidase_M13_N",ko:K01415,,,"endothelin-converting enzyme-like protein, partial [Nephila pilipes]"
,GFT08415.1,,Protein Digestion & Proteolysis,Metalloproteases,Neprilysin (Peptidase M13),0.0,0.0,0.0,0.0,0.0,0.0,No,"Peptidase_M13,Peptidase_M13_N",ko:K01415,,,endothelin-converting enzyme-like protein [Nephila pilipes]
,GFT08949.1,,Protein Digestion & Proteolysis,Metalloproteases,Aminopeptidase N (Peptidase M1),0.0,0.0,0.0,0.0,0.0,0.0,No,Peptidase_M17,ko:K01255,"map01100,ko00480,map00480,ko01100",,putative aminopeptidase W07G4.4 [Nephila pilipes]
,GFT09650.1,pepA,Protein Digestion & Proteolysis,Metalloproteases,Aminopeptidase N (Peptidase M1),0.0,0.0,0.0,0.0,0.0,0.0,No,"Peptidase_M17,Peptidase_M17_N",ko:K01255,"map01100,ko00480,map00480,ko01100","P|GO:0006508|IEA,P|GO:0006508|IEA,P|GO:0006807|IEA,P|GO:0006807|IEA,P|GO:0008150|IEA,P|GO:0008150|IEA,P|GO:0008152|IEA,P|GO:0008152|IEA,P|GO:0019538|IEA,P|GO:0019538|IEA,P|GO:0043170|IEA,P|GO:0043170|IEA,P|GO:0044238|IEA,P|GO:0044238|IEA,P|GO:0071704|IEA,P|GO:0071704|IEA,P|GO:1901564|IEA,P|GO:1901564|IEA,C|GO:0005575|IEA,C|GO:0005622|IEA,C|GO:0005623|IEA,C|GO:0005737|IEA,C|GO:0044424|IEA,C|GO:0044464|IEA,F|GO:0003674|IEA,F|GO:0003674|IEA,F|GO:0003824|IEA,F|GO:0003824|IEA,F|GO:0004177|IEA,F|GO:0005488|IEA,F|GO:0008233|IEA,F|GO:0008233|IEA,F|GO:0008235|IEA,F|GO:0008237|IEA,F|GO:0008238|IEA,F|GO:0008238|IEA,F|GO:0016787|IEA,F|GO:0016787|IEA,F|GO:0030145|IEA,F|GO:0043167|IEA,F|GO:0043169|IEA,F|GO:0046872|IEA,F|GO:0046914|IEA,F|GO:0070011|IEA,F|GO:0070011|IEA,F|GO:0140096|IEA,F|GO:0140096|IEA",probable cytosol aminopeptidase [Nephila pilipes]
,GFT09957.1,,Protein Digestion & Proteolysis,Metalloproteases,Astacin Metalloprotease (M12A),0.0,0.0,0.0,0.0,0.0,0.0,No,Astacin,,,,zinc metalloproteinase nas-15 [Nephila pilipes]
,GFT10297.1,8235541,Protein Digestion & Proteolysis,Metalloproteases,Astacin Metalloprotease (M12A),0.0,0.0,0.0,0.0,0.0,0.0,No,"Astacin,ShK",,,,zinc metalloproteinase nas-4 [Nephila pilipes]
,GFT10954.1,,Protein Digestion & Proteolysis,Metalloproteases,Carboxypeptidase A/B (Peptidase M14),0.0,0.0,0.0,0.0,0.0,0.0,No,"CarboxypepD_reg,Peptidase_M14",,,,carboxypeptidase D [Nephila pilipes]
,GFT10988.1,Agbl4,Protein Digestion & Proteolysis,Metalloproteases,Carboxypeptidase A/B (Peptidase M14),0.0,0.0,0.0,0.0,0.0,0.0,No,Peptidase_M14,,,,RNase H domain-containing protein [Nephila pilipes]
,GFT11658.1,,Protein Digestion & Proteolysis,Metalloproteases,Neprilysin (Peptidase M13),0.0,0.0,0.0,0.0,0.0,0.0,No,"Peptidase_M13,Peptidase_M13_N",,,,"neprilysin-1, partial [Nephila pilipes]"
,GFT11708.1,107359849,Protein Digestion & Proteolysis,Metalloproteases,Astacin Metalloprotease (M12A),0.0,0.0,0.0,0.0,0.0,0.0,No,Astacin,,,,"astacin, partial [Nephila pilipes]"
,GFT12160.1,,Protein Digestion & Proteolysis,Metalloproteases,Astacin Metalloprotease (M12A),0.0,0.0,0.0,0.0,0.0,0.0,No,Astacin,,,,"metalloendopeptidase, partial [Nephila pilipes]"
,GFT12414.1,,Protein Digestion & Proteolysis,Metalloproteases,Aminopeptidase N (Peptidase M1),0.0,0.0,0.0,0.0,0.0,0.0,No,"ERAP1_C,Peptidase_M1",ko:K11140,"map01100,ko00480,map00480,ko04640,ko01100,map04640,ko04614,map04614",,aminopeptidase N [Nephila pilipes]
,GFT12416.1,,Protein Digestion & Proteolysis,Metalloproteases,Aminopeptidase N (Peptidase M1),0.0,0.0,0.0,0.0,0.0,0.0,No,"ERAP1_C,Peptidase_M1",ko:K11140,"map01100,ko00480,map00480,ko04640,ko01100,map04640,ko04614,map04614",,aminopeptidase N [Nephila pilipes]
,GFT12418.1,,Protein Digestion & Proteolysis,Metalloproteases,Aminopeptidase N (Peptidase M1),0.0,0.0,0.0,0.0,0.0,0.0,No,"ERAP1_C,Peptidase_M1",ko:K11140,"map01100,ko00480,map00480,ko04640,ko01100,map04640,ko04614,map04614",,aminopeptidase N [Nephila pilipes]
,GFT14502.1,107360791,Protein Digestion & Proteolysis,Metalloproteases,Carboxypeptidase A/B (Peptidase M14),0.0,0.0,0.0,0.0,0.0,0.0,No,"CarboxypepD_reg,Peptidase_M14",ko:K01296,,,carboxypeptidase D [Nephila pilipes]
,GFT14504.1,107360791,Protein Digestion & Proteolysis,Metalloproteases,Carboxypeptidase A/B (Peptidase M14),0.0,0.0,0.0,0.0,0.0,0.0,No,"CarboxypepD_reg,Peptidase_M14",ko:K01296,,,carboxypeptidase D [Nephila pilipes]
,GFT15985.1,107359849,Protein Digestion & Proteolysis,Metalloproteases,Astacin Metalloprotease (M12A),0.0,0.0,0.0,0.0,0.0,0.0,No,Astacin,,,,astacin-like metalloprotease toxin 1 [Nephila pilipes]
,GFT15987.1,107371393,Protein Digestion & Proteolysis,Metalloproteases,Astacin Metalloprotease (M12A),0.0,0.0,0.0,0.0,0.0,0.0,No,Astacin,,,,astacin-like metalloprotease toxin 1 [Nephila pilipes]
,GFT16627.1,LOC577597,Protein Digestion & Proteolysis,Metalloproteases,Astacin Metalloprotease (M12A),0.0,0.0,0.0,0.0,0.0,0.0,No,"Astacin,ShK",,,,zinc metalloproteinase nas-15 [Nephila pilipes]
,GFT17113.1,HMP1,Protein Digestion & Proteolysis,Metalloproteases,Astacin Metalloprotease (M12A),0.0,0.0,0.0,0.0,0.0,0.0,No,"Astacin,ShK",,,,"metalloendopeptidase, partial [Nephila pilipes]"
,GFT17562.1,,Protein Digestion & Proteolysis,Metalloproteases,Astacin Metalloprotease (M12A),0.0,0.0,0.0,0.0,0.0,0.0,No,Astacin,,,,zinc metalloproteinase nas-15 [Nephila pilipes]
,GFT19375.1,,Protein Digestion & Proteolysis,Metalloproteases,Neprilysin (Peptidase M13),0.0,0.0,0.0,0.0,0.0,0.0,No,"Peptidase_M13,Peptidase_M13_N",,,,neprilysin-2 [Nephila pilipes]
,GFT19377.1,,Protein Digestion & Proteolysis,Metalloproteases,Neprilysin (Peptidase M13),0.0,0.0,0.0,0.0,0.0,0.0,No,"Peptidase_M13,Peptidase_M13_N",,,,neprilysin-2 [Nephila pilipes]
,GFT19841.1,LOC594281,Protein Digestion & Proteolysis,Metalloproteases,Neprilysin (Peptidase M13),0.0,0.0,0.0,0.0,0.0,0.0,No,"Peptidase_M13,Peptidase_M13_N",,,,endothelin-converting enzyme 2 [Nephila pilipes]
,GFT19843.1,MMEL1,Protein Digestion & Proteolysis,Metalloproteases,Neprilysin (Peptidase M13),0.0,0.0,0.0,0.0,0.0,0.0,No,"Peptidase_M13,Peptidase_M13_N",ko:K08635,,,endothelin-converting enzyme 1 [Nephila pilipes]
,GFT20061.1,,Protein Digestion & Proteolysis,Metalloproteases,Carboxypeptidase A/B (Peptidase M14),0.0,0.0,0.0,0.0,0.0,0.0,No,"Peptidase_M14,Propep_M14",ko:K01298,"map04972,ko04972,ko04974,map04974",,carboxypeptidase A2 [Nephila pilipes]
,GFT20288.1,,Protein Digestion & Proteolysis,Metalloproteases,Neprilysin (Peptidase M13),0.0,0.0,0.0,0.0,0.0,0.0,No,Peptidase_M13,,,,"endothelin-converting enzyme homolog, partial [Nephila pilipes]"
,GFT20291.1,L798_03553,Protein Digestion & Proteolysis,Metalloproteases,Neprilysin (Peptidase M13),0.0,0.0,0.0,0.0,0.0,0.0,No,"Peptidase_M13,Peptidase_M13_N",,,,endothelin-converting enzyme homolog [Nephila pilipes]
,GFT20294.1,,Protein Digestion & Proteolysis,Metalloproteases,Neprilysin (Peptidase M13),0.0,0.0,0.0,0.0,0.0,0.0,No,"Peptidase_M13,Peptidase_M13_N",,,,"endothelin-converting enzyme 2, partial [Nephila pilipes]"
,GFT22017.1,,Protein Digestion & Proteolysis,Metalloproteases,Matrix Metalloproteinase (M10),0.0,0.0,0.0,0.0,0.0,0.0,No,"Hemopexin,PG_binding_1,Peptidase_M10",,,,matrix metalloproteinase-17 [Nephila pilipes]
,GFT22018.1,,Protein Digestion & Proteolysis,Metalloproteases,Matrix Metalloproteinase (M10),0.0,0.0,0.0,0.0,0.0,0.0,No,"Hemopexin,PG_binding_1,Peptidase_M10",,,,matrix metalloproteinase-17 [Nephila pilipes]
,GFT22019.1,,Protein Digestion & Proteolysis,Metalloproteases,Matrix Metalloproteinase (M10),0.0,0.0,0.0,0.0,0.0,0.0,No,"Hemopexin,PG_binding_1,Peptidase_M10",,,,matrix metalloproteinase-17 [Nephila pilipes]
,GFT22675.1,107359849,Protein Digestion & Proteolysis,Metalloproteases,Astacin Metalloprotease (M12A),0.0,0.0,0.0,0.0,0.0,0.0,No,Astacin,,,,"astacin-like metalloprotease toxin 2, partial [Nephila pilipes]"
,GFT23946.1,,Protein Digestion & Proteolysis,Metalloproteases,Aminopeptidase N (Peptidase M1),0.0,0.0,0.0,0.0,0.0,0.0,No,Peptidase_M17,,,,probable aminopeptidase NPEPL1 [Nephila pilipes]
,GFT25836.1,107359849,Protein Digestion & Proteolysis,Metalloproteases,Astacin Metalloprotease (M12A),0.0,0.0,0.0,0.0,0.0,0.0,No,Astacin,,,,astacin [Nephila pilipes]
,GFT26211.1,107359849,Protein Digestion & Proteolysis,Metalloproteases,Astacin Metalloprotease (M12A),0.0,0.0,0.0,0.0,0.0,0.0,No,Astacin,,,,zinc metalloproteinase nas-13 [Nephila pilipes]
,GFT26213.1,101894149,Protein Digestion & Proteolysis,Metalloproteases,Astacin Metalloprotease (M12A),0.0,0.0,0.0,0.0,0.0,0.0,No,Astacin,,,,metalloendopeptidase [Nephila pilipes]
,GFT27447.1,,Protein Digestion & Proteolysis,Metalloproteases,Aminopeptidase N (Peptidase M1),0.0,0.0,0.0,0.0,0.0,0.0,No,"Peptidase_M16,Peptidase_M16_C",ko:K01412,,,mitochondrial-processing peptidase subunit alpha [Nephila pilipes]
,GFT28401.1,,Protein Digestion & Proteolysis,Metalloproteases,Neprilysin (Peptidase M13),0.0,0.0,0.0,0.0,0.0,0.0,No,"Peptidase_M13,Peptidase_M13_N",,,,"neprilysin-1, partial [Nephila pilipes]"
,GFT28475.1,LOC594281,Protein Digestion & Proteolysis,Metalloproteases,Neprilysin (Peptidase M13),0.0,0.0,0.0,0.0,0.0,0.0,No,"Peptidase_M13,Peptidase_M13_N",,,,"endothelin-converting enzyme homolog, partial [Nephila pilipes]"
,GFT29150.1,8239145,Protein Digestion & Proteolysis,Metalloproteases,Neprilysin (Peptidase M13),0.0,0.0,0.0,0.0,0.0,0.0,No,"BTB,Peptidase_M13,Peptidase_M13_N",,,,membrane metallo-endopeptidase-like 1 [Nephila pilipes]
,GFT31858.1,Nep1,Protein Digestion & Proteolysis,Metalloproteases,Neprilysin (Peptidase M13),0.0,0.0,0.0,0.0,0.0,0.0,No,"Peptidase_M13,Peptidase_M13_N",ko:K08635,,,"neprilysin-4, partial [Nephila pilipes]"
,GFT33688.1,,Protein Digestion & Proteolysis,Metalloproteases,Aminopeptidase N (Peptidase M1),0.0,0.0,0.0,0.0,0.0,0.0,No,"Peptidase_M16,Peptidase_M16_C",ko:K17732,,,"cytochrome b-c1 complex subunit 1, mitochondrial [Nephila pilipes]"
,GFT39592.1,,Protein Digestion & Proteolysis,Metalloproteases,Carboxypeptidase A/B (Peptidase M14),0.0,0.0,0.0,0.0,0.0,0.0,No,"Peptidase_M14,Propep_M14",,,,carboxypeptidase A2 [Nephila pilipes]
,GFT41141.1,,Protein Digestion & Proteolysis,Metalloproteases,Astacin Metalloprotease (M12A),0.0,0.0,0.0,0.0,0.0,0.0,No,"Astacin,CUB,EGF_CA,FXa_inhibition,IRS",,,,tolloid-like protein 1 [Nephila pilipes]
,GFT41757.1,,Protein Digestion & Proteolysis,Metalloproteases,Dipeptidyl Peptidase,0.0,0.0,0.0,0.0,0.0,0.0,No,"DNA_pol_E_B,Peptidase_M49",,,,dipeptidyl peptidase 3 [Nephila pilipes]
,GFT42167.1,,Protein Digestion & Proteolysis,Metalloproteases,Neprilysin (Peptidase M13),0.0,0.0,0.0,0.0,0.0,0.0,No,Peptidase_M13_N,,,,"endothelin-converting enzyme homolog, partial [Nephila pilipes]"
,GFT42254.1,107359849,Protein Digestion & Proteolysis,Metalloproteases,Astacin Metalloprotease (M12A),0.0,0.0,0.0,0.0,0.0,0.0,No,Astacin,,,,astacin-like metalloprotease toxin 1 [Nephila pilipes]
,GFT42351.1,LOC657773,Protein Digestion & Proteolysis,Metalloproteases,Neprilysin (Peptidase M13),0.0,0.0,0.0,0.0,0.0,0.0,No,"Peptidase_M13,Peptidase_M13_N",,,,"neprilysin-1, partial [Nephila pilipes]"
,GFT43538.1,,Protein Digestion & Proteolysis,Metalloproteases,Neprilysin (Peptidase M13),0.0,0.0,0.0,0.0,0.0,0.0,No,"Peptidase_M13,Peptidase_M13_N",,,,"endothelin-converting enzyme homolog, partial [Nephila pilipes]"
,GFT46089.1,L798_09262,Protein Digestion & Proteolysis,Metalloproteases,Astacin Metalloprotease (M12A),0.0,0.0,0.0,0.0,0.0,0.0,No,Astacin,,,,metalloendopeptidase [Nephila pilipes]
,GFT49585.1,GI22691,Protein Digestion & Proteolysis,Metalloproteases,Astacin Metalloprotease (M12A),0.0,0.0,0.0,0.0,0.0,0.0,No,Astacin,,,,zinc metalloproteinase nas-8 [Nephila pilipes]
,GFT52795.1,IDE,Protein Digestion & Proteolysis,Metalloproteases,Aminopeptidase N (Peptidase M1),0.0,0.0,0.0,0.0,0.0,0.0,No,"Peptidase_M16,Peptidase_M16_C,Peptidase_M16_M",ko:K01408,"ko05010,map05010",,insulin-degrading enzyme [Nephila pilipes]
,GFT54244.1,,Protein Digestion & Proteolysis,Metalloproteases,Aminopeptidase N (Peptidase M1),0.0,0.0,0.0,0.0,0.0,0.0,No,Peptidase_M1,,,,glutamyl aminopeptidase [Nephila pilipes]
,GFT54880.1,EH28_03781,Protein Digestion & Proteolysis,Metalloproteases,Astacin Metalloprotease (M12A),0.0,0.0,0.0,0.0,0.0,0.0,No,Astacin,,,,"zinc metalloproteinase nas-13, partial [Nephila pilipes]"
,GFT55008.1,,Protein Digestion & Proteolysis,Metalloproteases,Aminopeptidase N (Peptidase M1),0.0,0.0,0.0,0.0,0.0,0.0,No,"ERAP1_C,Peptidase_M1",ko:K11140,"map01100,ko00480,map00480,ko04640,ko01100,map04640,ko04614,map04614",,"thyrotropin-releasing hormone-degrading ectoenzyme, partial [Nephila pilipes]"
,GFT55332.1,,Protein Digestion & Proteolysis,Metalloproteases,Neprilysin (Peptidase M13),0.0,0.0,0.0,0.0,0.0,0.0,No,"Peptidase_M13,Peptidase_M13_N",,,,"endothelin-converting enzyme homolog, partial [Nephila pilipes]"
,GFT55336.1,,Protein Digestion & Proteolysis,Metalloproteases,Neprilysin (Peptidase M13),0.0,0.0,0.0,0.0,0.0,0.0,No,"Peptidase_M13,Peptidase_M13_N",,,,endothelin-converting enzyme homolog [Nephila pilipes]
,GFT55991.1,PMPCB,Protein Digestion & Proteolysis,Metalloproteases,Aminopeptidase N (Peptidase M1),0.0,0.0,0.0,0.0,0.0,0.0,No,"Peptidase_M16,Peptidase_M16_C",ko:K17732,,,mitochondrial-processing peptidase subunit beta [Nephila pilipes]
,GFT57145.1,,Protein Digestion & Proteolysis,Metalloproteases,Aminopeptidase N (Peptidase M1),0.0,0.0,0.0,0.0,0.0,0.0,No,"ERAP1_C,Peptidase_M1",ko:K11140,"map01100,ko00480,map00480,ko04640,ko01100,map04640,ko04614,map04614",,aminopeptidase N [Nephila pilipes]
,GFT57517.1,EH28_03781,Protein Digestion & Proteolysis,Metalloproteases,Astacin Metalloprotease (M12A),0.0,0.0,0.0,0.0,0.0,0.0,No,Astacin,,,,zinc metalloproteinase nas-13 [Nephila pilipes]
,GFT57617.1,Nep2,Protein Digestion & Proteolysis,Metalloproteases,Neprilysin (Peptidase M13),0.0,0.0,0.0,0.0,0.0,0.0,No,"Peptidase_M13,Peptidase_M13_N",,,,endothelin-converting enzyme homolog [Nephila pilipes]
,GFT58454.1,,Protein Digestion & Proteolysis,Metalloproteases,Neprilysin (Peptidase M13),0.0,0.0,0.0,0.0,0.0,0.0,No,"Peptidase_M13,Peptidase_M13_N",,,,neprilysin-2 [Nephila pilipes]
,GFT59241.1,,Protein Digestion & Proteolysis,Metalloproteases,Astacin Metalloprotease (M12A),0.0,0.0,0.0,0.0,0.0,0.0,No,Astacin,,,,"metalloendopeptidase, partial [Nephila pilipes]"
,GFT62087.1,,Protein Digestion & Proteolysis,Metalloproteases,Aminopeptidase N (Peptidase M1),0.0,0.0,0.0,0.0,0.0,0.0,No,Peptidase_M1,,,,"glutamyl aminopeptidase, partial [Nephila pilipes]"
,GFT62317.1,6043938,Protein Digestion & Proteolysis,Metalloproteases,Astacin Metalloprotease (M12A),0.0,0.0,0.0,0.0,0.0,0.0,No,"Astacin,CUB,EGF_CA,FXa_inhibition",ko:K13046,,,"plasma kallikrein, partial [Nephila pilipes]"
,GFT63474.1,8239145,Protein Digestion & Proteolysis,Metalloproteases,Neprilysin (Peptidase M13),0.0,0.0,0.0,0.0,0.0,0.0,No,"BTB,Peptidase_M13,Peptidase_M13_N",,,,membrane metallo-endopeptidase-like 1 [Nephila pilipes]
,GFT63992.1,107371557,Protein Digestion & Proteolysis,Metalloproteases,Aminopeptidase N (Peptidase M1),0.0,0.0,0.0,0.0,0.0,0.0,No,"ERAP1_C,Peptidase_M1",ko:K11141,"ko04614,map04614",,glutamyl aminopeptidase [Nephila pilipes]
,GFT65127.1,L798_03553,Protein Digestion & Proteolysis,Metalloproteases,Neprilysin (Peptidase M13),0.0,0.0,0.0,0.0,0.0,0.0,No,"Peptidase_M13,Peptidase_M13_N",,,,endothelin-converting enzyme homolog [Nephila pilipes]
,GFT67979.1,,Protein Digestion & Proteolysis,Metalloproteases,Neprilysin (Peptidase M13),0.0,0.0,0.0,0.0,0.0,0.0,No,"Peptidase_M13,Peptidase_M13_N",ko:K08635,,,"EEF1AKMT4-ECE2 readthrough transcript protein, partial [Nephila pilipes]"
,GFT67985.1,8239145,Protein Digestion & Proteolysis,Metalloproteases,Neprilysin (Peptidase M13),0.0,0.0,0.0,0.0,0.0,0.0,No,"BTB,Peptidase_M13,Peptidase_M13_N",,,,membrane metallo-endopeptidase-like 1 [Nephila pilipes]
,GFT68123.1,107359849,Protein Digestion & Proteolysis,Metalloproteases,Astacin Metalloprotease (M12A),0.0,0.0,0.0,0.0,0.0,0.0,No,Astacin,,,,zinc metalloproteinase nas-15 [Nephila pilipes]
,GFT69195.1,,Protein Digestion & Proteolysis,Metalloproteases,Neprilysin (Peptidase M13),0.0,0.0,0.0,0.0,0.0,0.0,No,Peptidase_M13,,,,endothelin-converting enzyme 1 [Nephila pilipes]
,GFT69420.1,107359849,Protein Digestion & Proteolysis,Metalloproteases,Astacin Metalloprotease (M12A),0.0,0.0,0.0,0.0,0.0,0.0,No,Astacin,,,,zinc metalloproteinase nas-15 [Nephila pilipes]
,GFT73180.1,1270173,Protein Digestion & Proteolysis,Metalloproteases,Matrix Metalloproteinase (M10),0.0,0.0,0.0,0.0,0.0,0.0,No,"Hemopexin,PG_binding_1,Peptidase_M10",ko:K07763,"ko04912,map04912,ko04668,map04668",,matrix metalloproteinase-14 [Nephila pilipes]
,GFT73753.1,L798_03553,Protein Digestion & Proteolysis,Metalloproteases,Neprilysin (Peptidase M13),0.0,0.0,0.0,0.0,0.0,0.0,No,"Peptidase_M13,Peptidase_M13_N",,,,endothelin-converting enzyme homolog [Nephila pilipes]
,GFT75583.1,,Protein Digestion & Proteolysis,Metalloproteases,Neprilysin (Peptidase M13),0.0,0.0,0.0,0.0,0.0,0.0,No,"Peptidase_M13,Peptidase_M13_N",ko:K08635,,,"neprilysin-1, partial [Nephila pilipes]"
,GFT77360.1,,Protein Digestion & Proteolysis,Metalloproteases,Astacin Metalloprotease (M12A),0.0,0.0,0.0,0.0,0.0,0.0,No,Astacin,,,,"zinc metalloproteinase nas-7, partial [Nephila pilipes]"
,GFT77826.1,,Protein Digestion & Proteolysis,Metalloproteases,Astacin Metalloprotease (M12A),0.0,0.0,0.0,0.0,0.0,0.0,No,Astacin,ko:K13046,,,tolloid-like protein 1 [Nephila pilipes]
,GFT77829.1,L798_15759,Protein Digestion & Proteolysis,Metalloproteases,Astacin Metalloprotease (M12A),0.0,0.0,0.0,0.0,0.0,0.0,No,"Astacin,CUB,FXa_inhibition",ko:K13046,,,tolloid-like protein 1 [Nephila pilipes]
,GFT77830.1,,Protein Digestion & Proteolysis,Metalloproteases,Astacin Metalloprotease (M12A),0.0,0.0,0.0,0.0,0.0,0.0,No,"Astacin,CUB,EGF_CA,FXa_inhibition,IRS",,,,tolloid-like protein 1 [Nephila pilipes]
,GFT78383.1,,Protein Digestion & Proteolysis,Metalloproteases,Astacin Metalloprotease (M12A),0.0,0.0,0.0,0.0,0.0,0.0,No,"Astacin,CUB,EGF_CA,FXa_inhibition",ko:K13046,,,tolloid-like protein 1 [Nephila pilipes]
,GFT78384.1,,Protein Digestion & Proteolysis,Metalloproteases,Astacin Metalloprotease (M12A),0.0,0.0,0.0,0.0,0.0,0.0,No,"Astacin,CUB,EGF_CA,FXa_inhibition",ko:K13046,,,tolloid-like protein 1 [Nephila pilipes]
,GFT78385.1,,Protein Digestion & Proteolysis,Metalloproteases,Neprilysin (Peptidase M13),0.0,0.0,0.0,0.0,0.0,0.0,No,"Peptidase_M13,Peptidase_M13_N",,,,metalloendopeptidase PEX [Nephila pilipes]
,GFT78651.1,107371393,Protein Digestion & Proteolysis,Metalloproteases,Astacin Metalloprotease (M12A),0.0,0.0,0.0,0.0,0.0,0.0,No,Astacin,,,,astacin-like metalloprotease toxin 1 [Nephila pilipes]
,GFT78653.1,107371393,Protein Digestion & Proteolysis,Metalloproteases,Astacin Metalloprotease (M12A),0.0,0.0,0.0,0.0,0.0,0.0,No,Astacin,,,,astacin-like metalloprotease toxin 1 [Nephila pilipes]
,GFT79510.1,Cre-nas-4,Protein Digestion & Proteolysis,Metalloproteases,Astacin Metalloprotease (M12A),0.0,0.0,0.0,0.0,0.0,0.0,No,Astacin,,,,zinc metalloproteinase nas-4 [Nephila pilipes]
,GFT80322.1,,Protein Digestion & Proteolysis,Metalloproteases,Neprilysin (Peptidase M13),0.0,0.0,0.0,0.0,0.0,0.0,No,"Peptidase_M13,Peptidase_M13_N",,,,"endothelin-converting enzyme homolog, partial [Nephila pilipes]"
,GFT80673.1,107359849,Protein Digestion & Proteolysis,Metalloproteases,Astacin Metalloprotease (M12A),0.0,0.0,0.0,0.0,0.0,0.0,No,Astacin,,,,astacin-like metalloprotease toxin 1 [Nephila pilipes]
,GFT81582.1,,Protein Digestion & Proteolysis,Metalloproteases,Neprilysin (Peptidase M13),0.0,0.0,0.0,0.0,0.0,0.0,No,Peptidase_M13,,,,peptidase_M13 domain-containing protein [Nephila pilipes]
,GFT81643.1,107371393,Protein Digestion & Proteolysis,Metalloproteases,Astacin Metalloprotease (M12A),0.0,0.0,0.0,0.0,0.0,0.0,No,Astacin,,,,astacin-like metalloprotease toxin 1 [Nephila pilipes]
,GFT81645.1,107359849,Protein Digestion & Proteolysis,Metalloproteases,Astacin Metalloprotease (M12A),0.0,0.0,0.0,0.0,0.0,0.0,No,Astacin,,,,astacin-like metalloprotease toxin 1 [Nephila pilipes]
,GFT81647.1,107371393,Protein Digestion & Proteolysis,Metalloproteases,Astacin Metalloprotease (M12A),0.0,0.0,0.0,0.0,0.0,0.0,No,Astacin,,,,astacin-like metalloprotease toxin 1 [Nephila pilipes]
,GFT81743.1,lap3,Protein Digestion & Proteolysis,Metalloproteases,Aminopeptidase N (Peptidase M1),0.0,0.0,0.0,0.0,0.0,0.0,No,"Peptidase_M17,Peptidase_M17_N",ko:K11142,"map01100,ko00480,map00480,ko01100,map00330,ko00330",,cytosol aminopeptidase [Nephila pilipes]
,GFT81745.1,lap3,Protein Digestion & Proteolysis,Metalloproteases,Aminopeptidase N (Peptidase M1),0.0,0.0,0.0,0.0,0.0,0.0,No,"Peptidase_M17,Peptidase_M17_N",ko:K11142,"map01100,ko00480,map00480,ko01100,map00330,ko00330",,cytosol aminopeptidase [Nephila pilipes]
,GFT82829.1,,Protein Digestion & Proteolysis,Metalloproteases,Neprilysin (Peptidase M13),0.0,0.0,0.0,0.0,0.0,0.0,No,"Peptidase_M13,Peptidase_M13_N",ko:K08635,,,neprilysin-1 [Nephila pilipes]
,GFT82831.1,,Protein Digestion & Proteolysis,Metalloproteases,Neprilysin (Peptidase M13),0.0,0.0,0.0,0.0,0.0,0.0,No,"Peptidase_M13,Peptidase_M13_N",ko:K08635,,,neprilysin-1 [Nephila pilipes]
,GFT82833.1,,Protein Digestion & Proteolysis,Metalloproteases,Neprilysin (Peptidase M13),0.0,0.0,0.0,0.0,0.0,0.0,No,"Peptidase_M13,Peptidase_M13_N",ko:K08635,,,neprilysin-1 [Nephila pilipes]
,GFT83189.1,,Protein Digestion & Proteolysis,Metalloproteases,Neprilysin (Peptidase M13),0.0,0.0,0.0,0.0,0.0,0.0,No,"Peptidase_M13,Peptidase_M13_N",,,,endothelin-converting enzyme 1 [Nephila pilipes]
,GFT83781.1,,Protein Digestion & Proteolysis,Metalloproteases,Neprilysin (Peptidase M13),0.0,0.0,0.0,0.0,0.0,0.0,No,"Peptidase_M13,Peptidase_M13_N",,,,"neprilysin-2, partial [Nephila pilipes]"
,GFT84929.1,WD_0737,Protein Digestion & Proteolysis,Metalloproteases,Aminopeptidase N (Peptidase M1),0.0,0.0,0.0,0.0,0.0,0.0,No,"Peptidase_M16,Peptidase_M16_C",,,,uncharacterized zinc protease RF_0338 [Nephila pilipes]
,GFT85498.1,,Protein Digestion & Proteolysis,Metalloproteases,Aminopeptidase N (Peptidase M1),0.0,0.0,0.0,0.0,0.0,0.0,No,"Peptidase_M16,Peptidase_M16_C",,,,"cytochrome b-c1 complex subunit 2, mitochondrial [Nephila pilipes]"
,GFT86919.1,Nep1,Protein Digestion & Proteolysis,Metalloproteases,Neprilysin (Peptidase M13),0.0,0.0,0.0,0.0,0.0,0.0,No,"Peptidase_M13,Peptidase_M13_N",ko:K08635,,,"neprilysin-4, partial [Nephila pilipes]"
,GFT93290.1,8234218,Protein Digestion & Proteolysis,Metalloproteases,Neprilysin (Peptidase M13),0.0,0.0,0.0,0.0,0.0,0.0,No,"Peptidase_M13,Peptidase_M13_N",ko:K01415,,,"endothelin-converting enzyme homolog, partial [Nephila pilipes]"
,GFT96436.1,,Protein Digestion & Proteolysis,Metalloproteases,Neprilysin (Peptidase M13),0.0,0.0,0.0,0.0,0.0,0.0,No,Peptidase_M13_N,,,,"endothelin-converting enzyme homolog, partial [Nephila pilipes]"
,GFU01684.1,,Protein Digestion & Proteolysis,Metalloproteases,Carboxypeptidase A/B (Peptidase M14),0.0,0.0,0.0,0.0,0.0,0.0,No,"CarboxypepD_reg,Peptidase_M14",,,,carboxypeptidase M [Nephila pilipes]
,GFU03940.1,,Protein Digestion & Proteolysis,Metalloproteases,Dipeptidyl Peptidase,0.0,0.0,0.0,0.0,0.0,0.0,No,"DNA_pol_E_B,Peptidase_M49",,,,dipeptidyl peptidase 3 [Nephila pilipes]
,GFU09355.1,L798_03553,Protein Digestion & Proteolysis,Metalloproteases,Neprilysin (Peptidase M13),0.0,0.0,0.0,0.0,0.0,0.0,No,"Peptidase_M13,Peptidase_M13_N",,,,endothelin-converting enzyme homolog [Nephila pilipes]
,GFU09652.1,,Protein Digestion & Proteolysis,Metalloproteases,Neprilysin (Peptidase M13),0.0,0.0,0.0,0.0,0.0,0.0,No,"Peptidase_M13,Peptidase_M13_N",,,,"endothelin-converting enzyme homolog, partial [Nephila pilipes]"
,GFU09997.1,,Protein Digestion & Proteolysis,Metalloproteases,Astacin Metalloprotease (M12A),0.0,0.0,0.0,0.0,0.0,0.0,No,"Astacin,ShK",,,,"metalloendopeptidase, partial [Nephila pilipes]"
,GFU12059.1,,Protein Digestion & Proteolysis,Metalloproteases,Astacin Metalloprotease (M12A),0.0,0.0,0.0,0.0,0.0,0.0,No,Astacin,,,,metalloendopeptidase [Nephila pilipes]
,GFU12515.1,Nep1,Protein Digestion & Proteolysis,Metalloproteases,Neprilysin (Peptidase M13),0.0,0.0,0.0,0.0,0.0,0.0,No,"Peptidase_M13,Peptidase_M13_N",ko:K08635,,"P|GO:0006508|ISM,P|GO:0006508|ISM,P|GO:0006508|ISS,P|GO:0006508|IEA,P|GO:0006807|ISM,P|GO:0006807|ISS,P|GO:0006807|IEA,P|GO:0008150|ISM,P|GO:0008150|ISS,P|GO:0008150|IEA,P|GO:0008152|ISM,P|GO:0008152|ISS,P|GO:0008152|IEA,P|GO:0019538|ISM,P|GO:0019538|ISS,P|GO:0019538|IEA,P|GO:0043170|ISM,P|GO:0043170|ISS,P|GO:0043170|IEA,P|GO:0044238|ISM,P|GO:0044238|ISS,P|GO:0044238|IEA,P|GO:0071704|ISM,P|GO:0071704|ISS,P|GO:0071704|IEA,P|GO:1901564|ISM,P|GO:1901564|ISS,P|GO:1901564|IEA,C|GO:0005575|ISM,C|GO:0016020|ISM,C|GO:0016021|ISM,C|GO:0031224|ISM,C|GO:0044425|ISM,F|GO:0003674|ISM,F|GO:0003674|IEA,F|GO:0003824|ISM,F|GO:0003824|IEA,F|GO:0004175|IEA,F|GO:0004222|IEA,F|GO:0008233|ISM,F|GO:0008233|IEA,F|GO:0008237|ISM,F|GO:0008237|IEA,F|GO:0016787|ISM,F|GO:0016787|IEA,F|GO:0070011|ISM,F|GO:0070011|IEA,F|GO:0140096|ISM,F|GO:0140096|IEA",neprilysin-1 [Nephila pilipes]
,GFU12537.1,GL23621,Protein Digestion & Proteolysis,Metalloproteases,Neprilysin (Peptidase M13),0.0,0.0,0.0,0.0,0.0,0.0,No,Peptidase_M13,,,,endothelin-converting enzyme homolog [Nephila pilipes]
,GFU14387.1,,Protein Digestion & Proteolysis,Metalloproteases,Neprilysin (Peptidase M13),0.0,0.0,0.0,0.0,0.0,0.0,No,Peptidase_M13_N,,,,"endothelin-converting enzyme homolog, partial [Nephila pilipes]"
,GFU16579.1,107371393,Protein Digestion & Proteolysis,Metalloproteases,Astacin Metalloprotease (M12A),0.0,0.0,0.0,0.0,0.0,0.0,No,Astacin,,,,astacin-like metalloprotease toxin 1 [Nephila pilipes]
,GFU16654.1,,Protein Digestion & Proteolysis,Metalloproteases,Carboxypeptidase A/B (Peptidase M14),0.0,0.0,0.0,0.0,0.0,0.0,No,"Peptidase_M14,Propep_M14",,,,mast cell carboxypeptidase A [Nephila pilipes]
,GFU18704.1,,Protein Digestion & Proteolysis,Metalloproteases,Dipeptidyl Peptidase,0.0,0.0,0.0,0.0,0.0,0.0,No,"DNA_pol_E_B,Peptidase_M49",,,,dipeptidyl peptidase 3 [Nephila pilipes]
,GFU20198.1,107359849,Protein Digestion & Proteolysis,Metalloproteases,Astacin Metalloprotease (M12A),0.0,0.0,0.0,0.0,0.0,0.0,No,Astacin,,,,zinc metalloproteinase nas-14 [Nephila pilipes]
,GFU20199.1,8235541,Protein Digestion & Proteolysis,Metalloproteases,Astacin Metalloprotease (M12A),0.0,0.0,0.0,0.0,0.0,0.0,No,"Astacin,ShK",,,,astacin-like metalloprotease toxin 1 [Nephila pilipes]
,GFU20356.1,8234218,Protein Digestion & Proteolysis,Metalloproteases,Neprilysin (Peptidase M13),0.0,0.0,0.0,0.0,0.0,0.0,No,"Peptidase_M13,Peptidase_M13_N",ko:K01415,,,"endothelin-converting enzyme homolog, partial [Nephila pilipes]"
,GFU22127.1,107359849,Protein Digestion & Proteolysis,Metalloproteases,Astacin Metalloprotease (M12A),0.0,0.0,0.0,0.0,0.0,0.0,No,Astacin,,,,astacin-like metalloprotease toxin 1 [Nephila pilipes]
,GFU22472.1,PHEX,Protein Digestion & Proteolysis,Metalloproteases,Neprilysin (Peptidase M13),0.0,0.0,0.0,0.0,0.0,0.0,No,"Peptidase_M13,Peptidase_M13_N",ko:K08636,,,endothelin-converting enzyme 1 [Nephila pilipes]
,GFU22474.1,PHEX,Protein Digestion & Proteolysis,Metalloproteases,Neprilysin (Peptidase M13),0.0,0.0,0.0,0.0,0.0,0.0,No,"Peptidase_M13,Peptidase_M13_N",ko:K08636,,,endothelin-converting enzyme 1 [Nephila pilipes]
,GFU22477.1,PHEX,Protein Digestion & Proteolysis,Metalloproteases,Neprilysin (Peptidase M13),0.0,0.0,0.0,0.0,0.0,0.0,No,"Peptidase_M13,Peptidase_M13_N",ko:K08636,,,endothelin-converting enzyme 1 [Nephila pilipes]
,GFU22478.1,,Protein Digestion & Proteolysis,Metalloproteases,Neprilysin (Peptidase M13),0.0,0.0,0.0,0.0,0.0,0.0,No,"Peptidase_M13,Peptidase_M13_N",,,,membrane metallo-endopeptidase-like 1 [Nephila pilipes]
,GFU23995.1,ECE2,Protein Digestion & Proteolysis,Metalloproteases,Neprilysin (Peptidase M13),0.0,0.0,0.0,0.0,0.0,0.0,No,"Peptidase_M13,Peptidase_M13_N",ko:K01415,,,endothelin-converting enzyme 2 [Nephila pilipes]
,GFU24191.1,,Protein Digestion & Proteolysis,Metalloproteases,Carboxypeptidase A/B (Peptidase M14),0.0,0.0,0.0,0.0,0.0,0.0,No,"Peptidase_M14,Propep_M14",ko:K08781,,,carboxypeptidase A4 [Nephila pilipes]
,GFU25560.1,,Protein Digestion & Proteolysis,Metalloproteases,Astacin Metalloprotease (M12A),0.0,0.0,0.0,0.0,0.0,0.0,No,"Astacin,ShK",,,,zinc metalloproteinase nas-6 [Nephila pilipes]
,GFU27915.1,MMEL1,Protein Digestion & Proteolysis,Metalloproteases,Neprilysin (Peptidase M13),0.0,0.0,0.0,0.0,0.0,0.0,No,"Peptidase_M13,Peptidase_M13_N",ko:K08635,,,"endothelin-converting enzyme 1, partial [Nephila pilipes]"
,GFU27919.1,,Protein Digestion & Proteolysis,Metalloproteases,Neprilysin (Peptidase M13),0.0,0.0,0.0,0.0,0.0,0.0,No,"Peptidase_M13,Peptidase_M13_N",ko:K08635,,,"EEF1AKMT4-ECE2 readthrough transcript protein, partial [Nephila pilipes]"
,GFU31036.1,107359849,Protein Digestion & Proteolysis,Metalloproteases,Astacin Metalloprotease (M12A),0.0,0.0,0.0,0.0,0.0,0.0,No,Astacin,,,,"astacin-like metalloprotease toxin 1, partial [Nephila pilipes]"
,GFU31093.1,L798_07724,Protein Digestion & Proteolysis,Metalloproteases,Aminopeptidase N (Peptidase M1),0.0,0.0,0.0,0.0,0.0,0.0,No,Peptidase_M1,ko:K03128,"ko03022,map03022",,transcription initiation factor TFIID subunit 2 [Nephila pilipes]
,GFU32730.1,LTA4H,Protein Digestion & Proteolysis,Metalloproteases,Aminopeptidase N (Peptidase M1),0.0,0.0,0.0,0.0,0.0,0.0,No,"Leuk-A4-hydro_C,Peptidase_M1",,,,leukotriene A-4 hydrolase [Nephila pilipes]
,GFU33426.1,107359849,Protein Digestion & Proteolysis,Metalloproteases,Astacin Metalloprotease (M12A),0.0,0.0,0.0,0.0,0.0,0.0,No,Astacin,,,,zinc metalloproteinase nas-15 [Nephila pilipes]
,GFU35800.1,L798_03553,Protein Digestion & Proteolysis,Metalloproteases,Neprilysin (Peptidase M13),0.0,0.0,0.0,0.0,0.0,0.0,No,"Peptidase_M13,Peptidase_M13_N",,,,endothelin-converting enzyme homolog [Nephila pilipes]
,GFU36905.1,,Protein Digestion & Proteolysis,Metalloproteases,Aminopeptidase N (Peptidase M1),0.0,0.0,0.0,0.0,0.0,0.0,No,Peptidase_M1,,,,glutamyl aminopeptidase [Nephila pilipes]
,GFU40026.1,107359460,Protein Digestion & Proteolysis,Metalloproteases,Astacin Metalloprotease (M12A),0.0,0.0,0.0,0.0,0.0,0.0,No,Astacin,,,,"metalloendopeptidase, partial [Nephila pilipes]"
,GFU41067.1,,Protein Digestion & Proteolysis,Metalloproteases,Astacin Metalloprotease (M12A),0.0,0.0,0.0,0.0,0.0,0.0,No,Astacin,,,,zinc metalloproteinase nas-13 [Nephila pilipes]
,GFU41220.1,,Protein Digestion & Proteolysis,Metalloproteases,Neprilysin (Peptidase M13),0.0,0.0,0.0,0.0,0.0,0.0,No,"Peptidase_M13,Peptidase_M13_N",ko:K08635,,,"EEF1AKMT4-ECE2 readthrough transcript protein, partial [Nephila pilipes]"
,GFU42520.1,LOC577597,Protein Digestion & Proteolysis,Metalloproteases,Astacin Metalloprotease (M12A),0.0,0.0,0.0,0.0,0.0,0.0,No,"Astacin,ShK",,,,"metalloendopeptidase, partial [Nephila pilipes]"
,GFU44553.1,,Protein Digestion & Proteolysis,Metalloproteases,Neprilysin (Peptidase M13),0.0,0.0,0.0,0.0,0.0,0.0,No,"Peptidase_M13,Peptidase_M13_N",,,,"endothelin-converting enzyme homolog, partial [Nephila pilipes]"
,GFU45294.1,g3355,Protein Digestion & Proteolysis,Metalloproteases,Astacin Metalloprotease (M12A),0.0,0.0,0.0,0.0,0.0,0.0,No,"Astacin,ShK",,,,zinc metalloproteinase nas-13 [Nephila pilipes]
,GFU45318.1,MMP21,Protein Digestion & Proteolysis,Metalloproteases,Matrix Metalloproteinase (M10),0.0,0.0,0.0,0.0,0.0,0.0,No,"Hemopexin,PG_binding_1,Peptidase_M10",ko:K08000,,,matrix metalloproteinase-21 [Nephila pilipes]
,GFU46857.1,,Protein Digestion & Proteolysis,Metalloproteases,Neprilysin (Peptidase M13),0.0,0.0,0.0,0.0,0.0,0.0,No,"Peptidase_M13,Peptidase_M13_N",,,,"endothelin-converting enzyme homolog, partial [Nephila pilipes]"
,GFU47383.1,Cpa4,Protein Digestion & Proteolysis,Metalloproteases,Carboxypeptidase A/B (Peptidase M14),0.0,0.0,0.0,0.0,0.0,0.0,No,"Peptidase_M14,Propep_M14",,,,carboxypeptidase A2 [Nephila pilipes]
,GFU49725.1,Nep2,Protein Digestion & Proteolysis,Metalloproteases,Neprilysin (Peptidase M13),0.0,0.0,0.0,0.0,0.0,0.0,No,"Peptidase_M13,Peptidase_M13_N",,,,"neprilysin-1, partial [Nephila pilipes]"
,GFU55616.1,107359882,Protein Digestion & Proteolysis,Metalloproteases,Astacin Metalloprotease (M12A),0.0,0.0,0.0,0.0,0.0,0.0,No,"Astacin,CUB",,,,protein SpAN [Nephila pilipes]
,GFU55619.1,107359882,Protein Digestion & Proteolysis,Metalloproteases,Astacin Metalloprotease (M12A),0.0,0.0,0.0,0.0,0.0,0.0,No,"Astacin,CUB",,,,zinc metalloproteinase nas-36 [Nephila pilipes]
,GFU55621.1,107359882,Protein Digestion & Proteolysis,Metalloproteases,Astacin Metalloprotease (M12A),0.0,0.0,0.0,0.0,0.0,0.0,No,"Astacin,CUB",,,,zinc metalloproteinase nas-36 [Nephila pilipes]
,GFU55623.1,,Protein Digestion & Proteolysis,Metalloproteases,Astacin Metalloprotease (M12A),0.0,0.0,0.0,0.0,0.0,0.0,No,"Astacin,CUB,Cyclase,Oxysterol_BP,PCI,PH_8,RPN7",,,,blastula protease 10 [Nephila pilipes]
,GFU60737.1,WD_0761,Protein Digestion & Proteolysis,Metalloproteases,Aminopeptidase N (Peptidase M1),0.0,0.0,0.0,0.0,0.0,0.0,No,"Peptidase_M16,Peptidase_M16_C",,,,"uncharacterized zinc protease y4wA, partial [Nephila pilipes]"
,GFU61532.1,v1g990,Protein Digestion & Proteolysis,Metalloproteases,Dipeptidyl Peptidase,0.0,0.0,0.0,0.0,0.0,0.0,No,Peptidase_S28,ko:K01276,,,dipeptidyl peptidase 2 [Nephila pilipes]
NPIL_414801,GFS29629.1,v1g95672,Protein Digestion & Proteolysis,Serine Proteases,Trypsin / Peptidase S1,7.35545052086581,8.36862062570689,0.606399614403636,8.9375950399385,6.317016450228709,2.871255502348037,Yes,Trypsin,,,,uncharacterized protein NPIL_414801 [Nephila pilipes]
NPIL_629851,GFU50103.1,,Protein Digestion & Proteolysis,Serine Proteases,Trypsin / Peptidase S1,2.99533417932078,2.51942692819069,0.221856641884498,4.22511143048397,2.4904322949699846,1.8034057273193431,Yes,"CUB,Ldl_recept_a,SEA,Trypsin",ko:K08670,"map05206,ko05206",,uncharacterized protein NPIL_629851 [Nephila pilipes]
NPIL_273481,GFT82608.1,st14,Protein Digestion & Proteolysis,Serine Proteases,Trypsin / Peptidase S1,0.549749650601611,1.01075475323062,1.4762934881678,0.225685467825464,0.8156208399563738,0.8604629529440525,Yes,"CUB,Ldl_recept_a,SEA,Trypsin",ko:K08670,"map05206,ko05206",,uncharacterized protein NPIL_273481 [Nephila pilipes]
NPIL_476731,GFU37953.1,,Protein Digestion & Proteolysis,Serine Proteases,Trypsin / Peptidase S1,0.368572081798575,1.58762918568601,0.377325691285393,0.0,0.5833817396924945,0.6630091187519926,Yes,"CUB,Ldl_recept_a,MAM,SEA,SRCR,Trypsin",,,,hypothetical protein NPIL_476731 [Nephila pilipes]
NPIL_629891,GFU50110.1,TMPRSS15,Protein Digestion & Proteolysis,Serine Proteases,Trypsin / Peptidase S1,0.184203813172256,0.541875392257733,0.491783577358466,0.141787688173793,0.339912617740562,0.42213891854651614,Yes,"CUB,Ldl_recept_a,MAM,SEA,SRCR_2,Trypsin",ko:K01316,,,uncharacterized protein NPIL_629891 [Nephila pilipes]
NPIL_54801,GFT44207.1,,Protein Digestion & Proteolysis,Serine Proteases,Subtilisin-like (Peptidase S8),0.133747933893948,0.289998679501686,0.474375192702103,0.28968042433261,0.2969505576075867,0.3751234821694465,Yes,"P_proprotein,Peptidase_S8,S8_pro-domain",ko:K01349,"ko05164,map05164",,hypothetical protein NPIL_54801 [Nephila pilipes]
NPIL_18561,GFU25598.1,,Protein Digestion & Proteolysis,Serine Proteases,Subtilisin-like (Peptidase S8),0.0431583760341387,0.302662870272438,0.605572346730183,0.108203624079353,0.26489930427902814,0.3390225398606412,Yes,Peptidase_S8,,,,hypothetical protein NPIL_18561 [Nephila pilipes]
NPIL_235291,GFS29913.1,,Protein Digestion & Proteolysis,Serine Proteases,Subtilisin-like (Peptidase S8),0.163303088927983,0.256572672803035,0.335853126172932,0.0685634827837108,0.2060730926719152,0.27031734276028774,Yes,"P_proprotein,Peptidase_S8,S8_pro-domain",,,,hypothetical protein NPIL_235291 [Nephila pilipes]
NPIL_107301,GFS98942.1,AAEL007519,Protein Digestion & Proteolysis,Serine Proteases,Trypsin / Peptidase S1,0.0,0.236914982347643,0.385746278067189,0.0,0.15566531510370799,0.2087236485732808,Yes,Trypsin,,,,hypothetical protein NPIL_107301 [Nephila pilipes]
NPIL_87331,GFU09710.1,,Protein Digestion & Proteolysis,Serine Proteases,Subtilisin-like (Peptidase S8),0.0787375255907425,0.0601330178999714,0.262977561661277,0.0,0.10046202628799772,0.1381093629203338,Yes,"Ank_4,Death,P_proprotein,Peptidase_S8,S8_pro-domain",,,,hypothetical protein NPIL_87331 [Nephila pilipes]
NPIL_18241,GFT86262.1,,Protein Digestion & Proteolysis,Serine Proteases,Trypsin / Peptidase S1,0.0,0.0945417631082526,0.158959816336887,0.0,0.0633753948612849,0.08865098981222637,No,Trypsin,,,,hypothetical protein NPIL_18241 [Nephila pilipes]
NPIL_611691,GFU41455.1,6035565,Protein Digestion & Proteolysis,Serine Proteases,Trypsin / Peptidase S1,0.0,0.065729353690588,0.17582004245247,0.0,0.060387349035764495,0.08459136332965465,No,Trypsin,,,,hypothetical protein NPIL_611691 [Nephila pilipes]
NPIL_534621,GFU43659.1,AAEL007519,Protein Digestion & Proteolysis,Serine Proteases,Trypsin / Peptidase S1,0.0,0.0495058320478966,0.176564796975985,0.0,0.056517657255970404,0.07931687879462661,No,Trypsin,,,,hypothetical protein NPIL_534621 [Nephila pilipes]
NPIL_556011,GFT66931.1,1276376,Protein Digestion & Proteolysis,Serine Proteases,Trypsin / Peptidase S1,0.0,0.038416837486238,0.0880813250762773,0.0160835045162006,0.03564541676967898,0.050530139095030735,No,Trypsin,,,,hypothetical protein NPIL_556011 [Nephila pilipes]
NPIL_517621,GFU05983.1,PCSK1,Protein Digestion & Proteolysis,Serine Proteases,Subtilisin-like (Peptidase S8),0.0,0.119456349383418,0.0228239192130175,0.0,0.035570067149108875,0.05042517027375519,No,"P_proprotein,Peptidase_S8,Proho_convert,S8_pro-domain",ko:K01359,,,hypothetical protein NPIL_517621 [Nephila pilipes]
NPIL_584511,GFU16623.1,HABP2,Protein Digestion & Proteolysis,Serine Proteases,Trypsin / Peptidase S1,0.0,0.0,0.0767313395147508,0.0,0.0191828348786877,0.02741288497928945,No,"EGF,Kringle,Trypsin",ko:K08648,,,hypothetical protein NPIL_584511 [Nephila pilipes]
NPIL_18221,GFT86256.1,,Protein Digestion & Proteolysis,Serine Proteases,Trypsin / Peptidase S1,0.0724519912170154,0.0,0.0,0.0,0.01811299780425385,0.02589769139870383,No,Trypsin,,,,hypothetical protein NPIL_18221 [Nephila pilipes]
"NPIL_11771,",GFS39375.1,HABP2,Protein Digestion & Proteolysis,Serine Proteases,Trypsin / Peptidase S1,0.0,0.0,0.0,0.0,0.0,0.0,No,"EGF,Kringle,Trypsin",ko:K08648,,,"hypothetical protein NPIL_11771, partial [Nephila pilipes]"
"NPIL_135731,",GFU47449.1,HABP2,Protein Digestion & Proteolysis,Serine Proteases,Trypsin / Peptidase S1,0.0,0.0,0.0,0.0,0.0,0.0,No,"EGF,Kringle,Trypsin",,,,"hypothetical protein NPIL_135731, partial [Nephila pilipes]"
"NPIL_135732,",GFU47450.1,HABP2,Protein Digestion & Proteolysis,Serine Proteases,Trypsin / Peptidase S1,0.0,0.0,0.0,0.0,0.0,0.0,No,"EGF,Kringle,Trypsin",ko:K08648,,,"hypothetical protein NPIL_135732, partial [Nephila pilipes]"
"NPIL_157511,",GFT08361.1,TMPRSS2,Protein Digestion & Proteolysis,Serine Proteases,Trypsin / Peptidase S1,0.0,0.0,0.0,0.0,0.0,0.0,No,"SRCR_2,Trypsin",,,,"hypothetical protein NPIL_157511, partial [Nephila pilipes]"
"NPIL_162911,",GFT21004.1,plat,Protein Digestion & Proteolysis,Serine Proteases,Trypsin / Peptidase S1,0.0,0.0,0.0,0.0,0.0,0.0,No,"EGF,Kringle,Trypsin",ko:K01343,"map05418,map05215,map05202,map04371,ko04371,ko05418,ko05215,ko04610,ko05202,map04610",,"hypothetical protein NPIL_162911, partial [Nephila pilipes]"
"NPIL_207881,",GFU39577.1,,Protein Digestion & Proteolysis,Serine Proteases,Subtilisin-like (Peptidase S8),0.0,0.0,0.0,0.0,0.0,0.0,No,"IBR,P_proprotein,Peptidase_S8,S8_pro-domain",,,,"hypothetical protein NPIL_207881, partial [Nephila pilipes]"
"NPIL_217531,",GFU22308.1,,Protein Digestion & Proteolysis,Serine Proteases,Trypsin / Peptidase S1,0.0,0.0,0.0,0.0,0.0,0.0,No,"TSP_1,Trypsin",,,,"uncharacterized protein NPIL_217531, partial [Nephila pilipes]"
"NPIL_233321,",GFU19301.1,Habp2,Protein Digestion & Proteolysis,Serine Proteases,Trypsin / Peptidase S1,0.0,0.0,0.0,0.0,0.0,0.0,No,"EGF,Kringle,Trypsin",,,,"hypothetical protein NPIL_233321, partial [Nephila pilipes]"
NPIL_235292,GFS29915.1,,Protein Digestion & Proteolysis,Serine Proteases,Subtilisin-like (Peptidase S8),0.0,0.0,0.0,0.0,0.0,0.0,No,"P_proprotein,Peptidase_S8,S8_pro-domain",,,,hypothetical protein NPIL_235292 [Nephila pilipes]
"NPIL_237471,",GFS45644.1,,Protein Digestion & Proteolysis,Serine Proteases,Trypsin / Peptidase S1,0.0,0.0,0.0,0.0,0.0,0.0,No,Trypsin,,,,"hypothetical protein NPIL_237471, partial [Nephila pilipes]"
"NPIL_237971,",GFU27254.1,EZH73722.1,Protein Digestion & Proteolysis,Serine Proteases,Subtilisin-like (Peptidase S8),0.0,0.0,0.0,0.0,0.0,0.0,No,"MAM,Peptidase_S8,Pur_ac_phosph_N,fn3",,,,"hypothetical protein NPIL_237971, partial [Nephila pilipes]"
NPIL_24231,GFS88799.1,,Protein Digestion & Proteolysis,Serine Proteases,Trypsin / Peptidase S1,0.0,0.0,0.0,0.0,0.0,0.0,No,"GIY-YIG,Trypsin",,,,hypothetical protein NPIL_24231 [Nephila pilipes]
"NPIL_250801,",GFS57538.1,HABP2,Protein Digestion & Proteolysis,Serine Proteases,Trypsin / Peptidase S1,0.0,0.0,0.0,0.0,0.0,0.0,No,"EGF,Kringle,Trypsin",ko:K08648,,,"hypothetical protein NPIL_250801, partial [Nephila pilipes]"
"NPIL_354441,",GFS66754.1,,Protein Digestion & Proteolysis,Serine Proteases,Trypsin / Peptidase S1,0.0,0.0,0.0,0.0,0.0,0.0,No,"CUB,Ldl_recept_a,SEA,Trypsin",ko:K08670,"map05206,ko05206",,"hypothetical protein NPIL_354441, partial [Nephila pilipes]"
"NPIL_369121,",GFU09410.1,,Protein Digestion & Proteolysis,Serine Proteases,Subtilisin-like (Peptidase S8),0.0,0.0,0.0,0.0,0.0,0.0,No,"P_proprotein,Peptidase_S8,S8_pro-domain",ko:K01349,"ko05164,map05164",,"hypothetical protein NPIL_369121, partial [Nephila pilipes]"
"NPIL_388291,",GFU08823.1,,Protein Digestion & Proteolysis,Serine Proteases,Trypsin / Peptidase S1,0.0,0.0,0.0,0.0,0.0,0.0,No,"EGF,Sushi,Trypsin,VWA",ko:K01332,"map05150,ko05150,ko05322,map05322,ko05133,map05133,ko04610,map04610",,"uncharacterized protein NPIL_388291, partial [Nephila pilipes]"
NPIL_398301,GFU03916.1,,Protein Digestion & Proteolysis,Serine Proteases,Subtilisin-like (Peptidase S8),0.0,0.0,0.0,0.0,0.0,0.0,No,"Anoctamin,FAST_2,P_proprotein,Peptidase_S8,RAP,Rgp1,S8_pro-domain",,,,hypothetical protein NPIL_398301 [Nephila pilipes]
"NPIL_400231,",GFU01816.1,,Protein Digestion & Proteolysis,Serine Proteases,Trypsin / Peptidase S1,0.0,0.0,0.0,0.0,0.0,0.0,No,"CUB,Ldl_recept_a,SEA,Trypsin",,,,"uncharacterized protein NPIL_400231, partial [Nephila pilipes]"
"NPIL_402051,",GFT92117.1,,Protein Digestion & Proteolysis,Serine Proteases,Trypsin / Peptidase S1,0.0,0.0,0.0,0.0,0.0,0.0,No,Trypsin,,,,"hypothetical protein NPIL_402051, partial [Nephila pilipes]"
"NPIL_427541,",GFS76546.1,,Protein Digestion & Proteolysis,Serine Proteases,Trypsin / Peptidase S1,0.0,0.0,0.0,0.0,0.0,0.0,No,"CUB,Trypsin",,,,"hypothetical protein NPIL_427541, partial [Nephila pilipes]"
"NPIL_438961,",GFT85659.1,TMPRSS12,Protein Digestion & Proteolysis,Serine Proteases,Trypsin / Peptidase S1,0.0,0.0,0.0,0.0,0.0,0.0,No,Trypsin,,,,"hypothetical protein NPIL_438961, partial [Nephila pilipes]"
"NPIL_466891,",GFU23837.1,,Protein Digestion & Proteolysis,Serine Proteases,Trypsin / Peptidase S1,0.0,0.0,0.0,0.0,0.0,0.0,No,Trypsin,ko:K01317,,,"uncharacterized protein NPIL_466891, partial [Nephila pilipes]"
NPIL_518021,GFT95895.1,v1g140545,Protein Digestion & Proteolysis,Serine Proteases,Trypsin / Peptidase S1,0.0,0.0,0.0,0.0,0.0,0.0,No,Trypsin,ko:K01310,,,hypothetical protein NPIL_518021 [Nephila pilipes]
"NPIL_52131,",GFT21894.1,PRSS27L,Protein Digestion & Proteolysis,Serine Proteases,Trypsin / Peptidase S1,0.0,0.0,0.0,0.0,0.0,0.0,No,Trypsin,ko:K09628,,,"hypothetical protein NPIL_52131, partial [Nephila pilipes]"
"NPIL_566181,",GFT92750.1,,Protein Digestion & Proteolysis,Serine Proteases,Subtilisin-like (Peptidase S8),0.0,0.0,0.0,0.0,0.0,0.0,No,"IBR,P_proprotein,Peptidase_S8,S8_pro-domain",,,,"hypothetical protein NPIL_566181, partial [Nephila pilipes]"
"NPIL_57511,",GFS73228.1,PRSS8,Protein Digestion & Proteolysis,Serine Proteases,Trypsin / Peptidase S1,0.0,0.0,0.0,0.0,0.0,0.0,No,Trypsin,ko:K08664,,,"hypothetical protein NPIL_57511, partial [Nephila pilipes]"
NPIL_584512,GFU16624.1,HABP2,Protein Digestion & Proteolysis,Serine Proteases,Trypsin / Peptidase S1,0.0,0.0,0.0,0.0,0.0,0.0,No,"EGF,Kringle,Trypsin",ko:K08648,,,hypothetical protein NPIL_584512 [Nephila pilipes]
"NPIL_601071,",GFU23835.1,HABP2,Protein Digestion & Proteolysis,Serine Proteases,Trypsin / Peptidase S1,0.0,0.0,0.0,0.0,0.0,0.0,No,"EGF,Kringle,Trypsin",ko:K08648,,,"hypothetical protein NPIL_601071, partial [Nephila pilipes]"
"NPIL_612961,",GFU48833.1,habp2,Protein Digestion & Proteolysis,Serine Proteases,Trypsin / Peptidase S1,0.0,0.0,0.0,0.0,0.0,0.0,No,"EGF,Kringle,Trypsin",ko:K08648,,,"hypothetical protein NPIL_612961, partial [Nephila pilipes]"
"NPIL_612962,",GFU48834.1,habp2,Protein Digestion & Proteolysis,Serine Proteases,Trypsin / Peptidase S1,0.0,0.0,0.0,0.0,0.0,0.0,No,"EGF,Kringle,Trypsin",ko:K08648,,,"hypothetical protein NPIL_612962, partial [Nephila pilipes]"
"NPIL_612963,",GFU48831.1,habp2,Protein Digestion & Proteolysis,Serine Proteases,Trypsin / Peptidase S1,0.0,0.0,0.0,0.0,0.0,0.0,No,"EGF,Kringle,Trypsin",ko:K08648,,,"hypothetical protein NPIL_612963, partial [Nephila pilipes]"
"NPIL_619161,",GFU08433.1,PRSS27L,Protein Digestion & Proteolysis,Serine Proteases,Trypsin / Peptidase S1,0.0,0.0,0.0,0.0,0.0,0.0,No,Trypsin,ko:K09628,,,"hypothetical protein NPIL_619161, partial [Nephila pilipes]"
"NPIL_626801,",GFU53019.1,HABP2,Protein Digestion & Proteolysis,Serine Proteases,Trypsin / Peptidase S1,0.0,0.0,0.0,0.0,0.0,0.0,No,"EGF,Kringle,Trypsin",ko:K08648,,,"hypothetical protein NPIL_626801, partial [Nephila pilipes]"
"NPIL_639331,",GFS68415.1,Habp2,Protein Digestion & Proteolysis,Serine Proteases,Trypsin / Peptidase S1,0.0,0.0,0.0,0.0,0.0,0.0,No,"EGF,Kringle,Trypsin",,,,"hypothetical protein NPIL_639331, partial [Nephila pilipes]"
"NPIL_642631,",GFT80770.1,HABP2,Protein Digestion & Proteolysis,Serine Proteases,Trypsin / Peptidase S1,0.0,0.0,0.0,0.0,0.0,0.0,No,"EGF,Kringle,Trypsin",ko:K08648,,,"hypothetical protein NPIL_642631, partial [Nephila pilipes]"
NPIL_65431,GFT87783.1,F9,Protein Digestion & Proteolysis,Serine Proteases,Trypsin / Peptidase S1,0.0,0.0,0.0,0.0,0.0,0.0,No,"EGF,FXa_inhibition,Gla,Trypsin",ko:K01321,"ko04610,map04610",,uncharacterized protein NPIL_65431 [Nephila pilipes]
"NPIL_656941,",GFS50049.1,HABP2,Protein Digestion & Proteolysis,Serine Proteases,Trypsin / Peptidase S1,0.0,0.0,0.0,0.0,0.0,0.0,No,"EGF,Kringle,Trypsin",ko:K08648,,,"hypothetical protein NPIL_656941, partial [Nephila pilipes]"
"NPIL_673231,",GFU47688.1,,Protein Digestion & Proteolysis,Serine Proteases,Trypsin / Peptidase S1,0.0,0.0,0.0,0.0,0.0,0.0,No,Trypsin,,,,"hypothetical protein NPIL_673231, partial [Nephila pilipes]"
"NPIL_692331,",GFS62001.1,v1g140545,Protein Digestion & Proteolysis,Serine Proteases,Trypsin / Peptidase S1,0.0,0.0,0.0,0.0,0.0,0.0,No,Trypsin,ko:K01310,,,"hypothetical protein NPIL_692331, partial [Nephila pilipes]"
,GFS31873.1,105623753,Protein Digestion & Proteolysis,Serine Proteases,Trypsin / Peptidase S1,0.0,0.0,0.0,0.0,0.0,0.0,No,Trypsin,,,,clotting factor B [Nephila pilipes]
,GFS35163.1,107365166,Protein Digestion & Proteolysis,Serine Proteases,Trypsin / Peptidase S1,0.0,0.0,0.0,0.0,0.0,0.0,No,Trypsin,,,,phenoloxidase-activating factor 2 [Nephila pilipes]
,GFS37132.1,,Protein Digestion & Proteolysis,Serine Proteases,Trypsin / Peptidase S1,0.0,0.0,0.0,0.0,0.0,0.0,No,Trypsin,,,,enteropeptidase [Nephila pilipes]
,GFS38724.1,107365753,Protein Digestion & Proteolysis,Serine Proteases,Trypsin / Peptidase S1,0.0,0.0,0.0,0.0,0.0,0.0,No,"CUB,Ldl_recept_a,Trypsin",,,,plasma kallikrein [Nephila pilipes]
,GFS39394.1,,Protein Digestion & Proteolysis,Serine Proteases,Prolyl Oligopeptidase (Peptidase S9),0.0,0.0,0.0,0.0,0.0,0.0,No,"Peptidase_S9,Peptidase_S9_N",,,,prolyl endopeptidase [Nephila pilipes]
,GFS39960.1,107360402,Protein Digestion & Proteolysis,Serine Proteases,Trypsin / Peptidase S1,0.0,0.0,0.0,0.0,0.0,0.0,No,Trypsin,,,,phenoloxidase-activating factor 2 [Nephila pilipes]
,GFS39964.1,L798_13309,Protein Digestion & Proteolysis,Serine Proteases,Trypsin / Peptidase S1,0.0,0.0,0.0,0.0,0.0,0.0,No,Trypsin,,,,protein masquerade [Nephila pilipes]
,GFS40422.1,,Protein Digestion & Proteolysis,Serine Proteases,Trypsin / Peptidase S1,0.0,0.0,0.0,0.0,0.0,0.0,No,"CLIP,Trypsin",,,,proclotting enzyme [Nephila pilipes]
,GFS40431.1,,Protein Digestion & Proteolysis,Serine Proteases,Trypsin / Peptidase S1,0.0,0.0,0.0,0.0,0.0,0.0,No,Trypsin,ko:K09628,,,transmembrane protease serine 11C [Nephila pilipes]
,GFS40434.1,107366653,Protein Digestion & Proteolysis,Serine Proteases,Trypsin / Peptidase S1,0.0,0.0,0.0,0.0,0.0,0.0,No,Trypsin,,,,u21-ctenitoxin-Pn1a [Nephila pilipes]
,GFS40436.1,,Protein Digestion & Proteolysis,Serine Proteases,Trypsin / Peptidase S1,0.0,0.0,0.0,0.0,0.0,0.0,No,Trypsin,,,,serine proteinase stubble [Nephila pilipes]
,GFS40438.1,107366653,Protein Digestion & Proteolysis,Serine Proteases,Trypsin / Peptidase S1,0.0,0.0,0.0,0.0,0.0,0.0,No,Trypsin,,,,plasma kallikrein [Nephila pilipes]
,GFS40553.1,GI17775,Protein Digestion & Proteolysis,Serine Proteases,Trypsin / Peptidase S1,0.0,0.0,0.0,0.0,0.0,0.0,No,Trypsin,ko:K01312,"map05164,ko04972,ko04974,ko05164,map04972,map04974,ko04080,map04080",,"tryptase beta-2, partial [Nephila pilipes]"
,GFS44826.1,CPVL,Protein Digestion & Proteolysis,Serine Proteases,Trypsin / Peptidase S1,0.0,0.0,0.0,0.0,0.0,0.0,No,Peptidase_S10,ko:K09645,,,probable serine carboxypeptidase CPVL [Nephila pilipes]
,GFS47149.1,Tmprss2,Protein Digestion & Proteolysis,Serine Proteases,Trypsin / Peptidase S1,0.0,0.0,0.0,0.0,0.0,0.0,No,"Ldl_recept_a,SRCR_2,Trypsin",ko:K09633,"map05215,map05164,map05202,ko05164,ko05215,ko05202",,peptidase S1 domain-containing protein [Nephila pilipes]
,GFS47151.1,GL16806,Protein Digestion & Proteolysis,Serine Proteases,Trypsin / Peptidase S1,0.0,0.0,0.0,0.0,0.0,0.0,No,Trypsin,,,,tryptase beta-2 [Nephila pilipes]
,GFS47153.1,GL16806,Protein Digestion & Proteolysis,Serine Proteases,Trypsin / Peptidase S1,0.0,0.0,0.0,0.0,0.0,0.0,No,Trypsin,,,,enteropeptidase [Nephila pilipes]
,GFS47436.1,GL16806,Protein Digestion & Proteolysis,Serine Proteases,Trypsin / Peptidase S1,0.0,0.0,0.0,0.0,0.0,0.0,No,Trypsin,,,,tryptase beta-2 [Nephila pilipes]
,GFS48406.1,PRSS55,Protein Digestion & Proteolysis,Serine Proteases,Trypsin / Peptidase S1,0.0,0.0,0.0,0.0,0.0,0.0,No,Trypsin,,,,"clotting factor B, partial [Nephila pilipes]"
,GFS49939.1,,Protein Digestion & Proteolysis,Serine Proteases,Trypsin / Peptidase S1,0.0,0.0,0.0,0.0,0.0,0.0,No,Trypsin,,,,tryptase beta-2 [Nephila pilipes]
,GFS55505.1,,Protein Digestion & Proteolysis,Serine Proteases,Trypsin / Peptidase S1,0.0,0.0,0.0,0.0,0.0,0.0,No,Trypsin,,,,serine protease filzig [Nephila pilipes]
,GFS56260.1,,Protein Digestion & Proteolysis,Serine Proteases,Subtilisin-like (Peptidase S8),0.0,0.0,0.0,0.0,0.0,0.0,No,"Ank_4,Death,P_proprotein,Peptidase_S8,S8_pro-domain",,,,neuroendocrine convertase 1 [Nephila pilipes]
,GFS60824.1,,Protein Digestion & Proteolysis,Serine Proteases,Trypsin / Peptidase S1,0.0,0.0,0.0,0.0,0.0,0.0,No,Trypsin,,,,clotting factor B [Nephila pilipes]
,GFS62008.1,107371020,Protein Digestion & Proteolysis,Serine Proteases,Trypsin / Peptidase S1,0.0,0.0,0.0,0.0,0.0,0.0,No,Trypsin,ko:K01346,"map04972,ko04972,ko04974,map04974",,"tryptase beta-2, partial [Nephila pilipes]"
,GFS64109.1,LOC664602,Protein Digestion & Proteolysis,Serine Proteases,Prolyl Oligopeptidase (Peptidase S9),0.0,0.0,0.0,0.0,0.0,0.0,No,"DPPIV_N,Peptidase_S9",,,,inactive dipeptidyl peptidase 10 [Nephila pilipes]
,GFS64113.1,LOC664602,Protein Digestion & Proteolysis,Serine Proteases,Prolyl Oligopeptidase (Peptidase S9),0.0,0.0,0.0,0.0,0.0,0.0,No,"DPPIV_N,Peptidase_S9",,,,inactive dipeptidyl peptidase 10 [Nephila pilipes]
,GFS67372.1,,Protein Digestion & Proteolysis,Serine Proteases,Trypsin / Peptidase S1,0.0,0.0,0.0,0.0,0.0,0.0,No,"TSP_1,Trypsin",,,,chymotrypsinogen B [Nephila pilipes]
,GFS67447.1,OVCH2,Protein Digestion & Proteolysis,Serine Proteases,Trypsin / Peptidase S1,0.0,0.0,0.0,0.0,0.0,0.0,No,"CUB,Trypsin",ko:K20111,,,peptidase S1 domain-containing protein [Nephila pilipes]
,GFS67770.1,zgc:123295,Protein Digestion & Proteolysis,Serine Proteases,Trypsin / Peptidase S1,0.0,0.0,0.0,0.0,0.0,0.0,No,Trypsin,,,,"clotting factor B, partial [Nephila pilipes]"
,GFS67985.1,PRSS38,Protein Digestion & Proteolysis,Serine Proteases,Trypsin / Peptidase S1,0.0,0.0,0.0,0.0,0.0,0.0,No,Trypsin,,,,"kallikrein 1-related peptidase b16, partial [Nephila pilipes]"
,GFS67987.1,GL16806,Protein Digestion & Proteolysis,Serine Proteases,Trypsin / Peptidase S1,0.0,0.0,0.0,0.0,0.0,0.0,No,Trypsin,,,,plasma kallikrein [Nephila pilipes]
,GFS68878.1,KLKB1,Protein Digestion & Proteolysis,Serine Proteases,Trypsin / Peptidase S1,0.0,0.0,0.0,0.0,0.0,0.0,No,"PAN_1,PAN_4,Trypsin",ko:K01324,"ko04610,map04610",,transmembrane protease serine 2 [Nephila pilipes]
,GFS70836.1,107365166,Protein Digestion & Proteolysis,Serine Proteases,Trypsin / Peptidase S1,0.0,0.0,0.0,0.0,0.0,0.0,No,Trypsin,,,,phenoloxidase-activating enzyme [Nephila pilipes]
,GFS70838.1,L798_13309,Protein Digestion & Proteolysis,Serine Proteases,Trypsin / Peptidase S1,0.0,0.0,0.0,0.0,0.0,0.0,No,Trypsin,,,,serine protease 52 [Nephila pilipes]
,GFS73380.1,v1g15207,Protein Digestion & Proteolysis,Serine Proteases,Trypsin / Peptidase S1,0.0,0.0,0.0,0.0,0.0,0.0,No,Trypsin,,,,"transmembrane protease serine 5, partial [Nephila pilipes]"
,GFS73623.1,,Protein Digestion & Proteolysis,Serine Proteases,Trypsin / Peptidase S1,0.0,0.0,0.0,0.0,0.0,0.0,No,"Fz,Ldl_recept_a,SEA,Trypsin",,,,enteropeptidase [Nephila pilipes]
,GFS75742.1,OVCH2,Protein Digestion & Proteolysis,Serine Proteases,Trypsin / Peptidase S1,0.0,0.0,0.0,0.0,0.0,0.0,No,"CUB,Trypsin",ko:K20111,,,"peptidase S1 domain-containing protein, partial [Nephila pilipes]"
,GFS76777.1,,Protein Digestion & Proteolysis,Serine Proteases,Trypsin / Peptidase S1,0.0,0.0,0.0,0.0,0.0,0.0,No,"CUB,Ldl_recept_a,Trypsin",ko:K20111,,,ovochymase-1 [Nephila pilipes]
,GFS77973.1,,Protein Digestion & Proteolysis,Serine Proteases,Trypsin / Peptidase S1,0.0,0.0,0.0,0.0,0.0,0.0,No,"SRCR_2,Trypsin",ko:K09636,,,enteropeptidase [Nephila pilipes]
,GFS78184.1,107370069,Protein Digestion & Proteolysis,Serine Proteases,Subtilisin-like (Peptidase S8),0.0,0.0,0.0,0.0,0.0,0.0,No,"P_proprotein,Peptidase_S8,S8_pro-domain",ko:K01360,,,neuroendocrine convertase 2 [Nephila pilipes]
,GFS78191.1,107370069,Protein Digestion & Proteolysis,Serine Proteases,Subtilisin-like (Peptidase S8),0.0,0.0,0.0,0.0,0.0,0.0,No,"P_proprotein,Peptidase_S8,S8_pro-domain",ko:K01360,,,neuroendocrine convertase 2 [Nephila pilipes]
,GFS78582.1,,Protein Digestion & Proteolysis,Serine Proteases,Subtilisin-like (Peptidase S8),0.0,0.0,0.0,0.0,0.0,0.0,No,"GF_recep_IV,P_proprotein,Peptidase_S8,S8_pro-domain",,,,furin-like protease 2 [Nephila pilipes]
,GFS78652.1,htrA,Protein Digestion & Proteolysis,Serine Proteases,Trypsin / Peptidase S1,0.0,0.0,0.0,0.0,0.0,0.0,No,"PDZ_2,Trypsin_2",ko:K04771,"ko01503,ko02020,map02020,map01503",,probable periplasmic serine endoprotease DegP-like [Nephila pilipes]
,GFS78654.1,htrA,Protein Digestion & Proteolysis,Serine Proteases,Trypsin / Peptidase S1,0.0,0.0,0.0,0.0,0.0,0.0,No,"PDZ_2,Trypsin_2",ko:K04771,"ko01503,ko02020,map02020,map01503",,probable periplasmic serine endoprotease DegP-like [Nephila pilipes]
,GFS78870.1,GL16806,Protein Digestion & Proteolysis,Serine Proteases,Trypsin / Peptidase S1,0.0,0.0,0.0,0.0,0.0,0.0,No,Trypsin,,,,enteropeptidase [Nephila pilipes]
,GFS78871.1,GL16806,Protein Digestion & Proteolysis,Serine Proteases,Trypsin / Peptidase S1,0.0,0.0,0.0,0.0,0.0,0.0,No,Trypsin,,,,tryptase beta-2 [Nephila pilipes]
,GFS78873.1,Tmprss2,Protein Digestion & Proteolysis,Serine Proteases,Trypsin / Peptidase S1,0.0,0.0,0.0,0.0,0.0,0.0,No,"Ldl_recept_a,SRCR_2,Trypsin",ko:K09633,"map05215,map05164,map05202,ko05164,ko05215,ko05202",,peptidase S1 domain-containing protein [Nephila pilipes]
,GFS81873.1,107365166,Protein Digestion & Proteolysis,Serine Proteases,Trypsin / Peptidase S1,0.0,0.0,0.0,0.0,0.0,0.0,No,Trypsin,,,,"proclotting enzyme, partial [Nephila pilipes]"
,GFS82769.1,,Protein Digestion & Proteolysis,Serine Proteases,Trypsin / Peptidase S1,0.0,0.0,0.0,0.0,0.0,0.0,No,Trypsin,,,,serine protease filzig [Nephila pilipes]
,GFS82774.1,107368687,Protein Digestion & Proteolysis,Serine Proteases,Trypsin / Peptidase S1,0.0,0.0,0.0,0.0,0.0,0.0,No,"CUB,Ig_3,Trypsin",,,,prothrombin [Nephila pilipes]
,GFS82775.1,107368687,Protein Digestion & Proteolysis,Serine Proteases,Trypsin / Peptidase S1,0.0,0.0,0.0,0.0,0.0,0.0,No,"CUB,Ig_3,Trypsin",,,,prothrombin [Nephila pilipes]
,GFS82969.1,,Protein Digestion & Proteolysis,Serine Proteases,Trypsin / Peptidase S1,0.0,0.0,0.0,0.0,0.0,0.0,No,Trypsin,,,,plasma kallikrein [Nephila pilipes]
,GFS83439.1,H51,Protein Digestion & Proteolysis,Serine Proteases,Trypsin / Peptidase S1,0.0,0.0,0.0,0.0,0.0,0.0,No,Trypsin,,,,protein masquerade [Nephila pilipes]
,GFS83442.1,107361864,Protein Digestion & Proteolysis,Serine Proteases,Trypsin / Peptidase S1,0.0,0.0,0.0,0.0,0.0,0.0,No,Trypsin,,,,protein masquerade [Nephila pilipes]
,GFS84046.1,107370069,Protein Digestion & Proteolysis,Serine Proteases,Subtilisin-like (Peptidase S8),0.0,0.0,0.0,0.0,0.0,0.0,No,"P_proprotein,Peptidase_S8,S8_pro-domain",ko:K01360,,,"neuroendocrine convertase 2, partial [Nephila pilipes]"
,GFS85235.1,GL16806,Protein Digestion & Proteolysis,Serine Proteases,Trypsin / Peptidase S1,0.0,0.0,0.0,0.0,0.0,0.0,No,Trypsin,,,,tryptase beta-2 [Nephila pilipes]
,GFS86957.1,v1g124644,Protein Digestion & Proteolysis,Serine Proteases,Trypsin / Peptidase S1,0.0,0.0,0.0,0.0,0.0,0.0,No,Trypsin,,,,enteropeptidase [Nephila pilipes]
,GFS89162.1,,Protein Digestion & Proteolysis,Serine Proteases,Trypsin / Peptidase S1,0.0,0.0,0.0,0.0,0.0,0.0,No,"DNA_gyraseB,DNA_topoisoIV,HATPase_c,PDZ,SAM_2,TOPRIM_C,Toprim,Trypsin",,,,transmembrane protease serine 9 [Nephila pilipes]
,GFS89165.1,OVCH2,Protein Digestion & Proteolysis,Serine Proteases,Trypsin / Peptidase S1,0.0,0.0,0.0,0.0,0.0,0.0,No,"CUB,Trypsin",ko:K20111,,,chymotrypsin-like elastase family member 2A [Nephila pilipes]
,GFS93124.1,,Protein Digestion & Proteolysis,Serine Proteases,Prolyl Oligopeptidase (Peptidase S9),0.0,0.0,0.0,0.0,0.0,0.0,No,"DPPIV_N,Peptidase_S9",,,,"dipeptidyl peptidase 4, partial [Nephila pilipes]"
,GFS93690.1,,Protein Digestion & Proteolysis,Serine Proteases,Prolyl Oligopeptidase (Peptidase S9),0.0,0.0,0.0,0.0,0.0,0.0,No,"DPPIV_N,Peptidase_S9",,,,"venom dipeptidyl peptidase 4, partial [Nephila pilipes]"
,GFS94158.1,TMPRSS9,Protein Digestion & Proteolysis,Serine Proteases,Trypsin / Peptidase S1,0.0,0.0,0.0,0.0,0.0,0.0,No,"Ldl_recept_a,SEA,Trypsin",,,,tryptase beta-2 [Nephila pilipes]
,GFS94160.1,,Protein Digestion & Proteolysis,Serine Proteases,Trypsin / Peptidase S1,0.0,0.0,0.0,0.0,0.0,0.0,No,Trypsin,ko:K01340,,,tryptase beta-2 [Nephila pilipes]
,GFS94162.1,OVCH2,Protein Digestion & Proteolysis,Serine Proteases,Trypsin / Peptidase S1,0.0,0.0,0.0,0.0,0.0,0.0,No,"CUB,Trypsin",ko:K20111,,,"trypsin, partial [Nephila pilipes]"
,GFS94615.1,,Protein Digestion & Proteolysis,Serine Proteases,Elastase,0.0,0.0,0.0,0.0,0.0,0.0,No,Serpin,,,,leukocyte elastase inhibitor [Nephila pilipes]
,GFS94724.1,,Protein Digestion & Proteolysis,Serine Proteases,Trypsin / Peptidase S1,0.0,0.0,0.0,0.0,0.0,0.0,No,Peptidase_S10,,,,lysosomal protective protein [Nephila pilipes]
,GFS94726.1,,Protein Digestion & Proteolysis,Serine Proteases,Trypsin / Peptidase S1,0.0,0.0,0.0,0.0,0.0,0.0,No,Peptidase_S10,,,,lysosomal protective protein [Nephila pilipes]
,GFS95072.1,,Protein Digestion & Proteolysis,Serine Proteases,Trypsin / Peptidase S1,0.0,0.0,0.0,0.0,0.0,0.0,No,Peptidase_S10,,,,retinoid-inducible serine carboxypeptidase [Nephila pilipes]
,GFS98941.1,,Protein Digestion & Proteolysis,Serine Proteases,Trypsin / Peptidase S1,0.0,0.0,0.0,0.0,0.0,0.0,No,Trypsin,,,,serine protease 38 [Nephila pilipes]
,GFS98943.1,OVCH2,Protein Digestion & Proteolysis,Serine Proteases,Trypsin / Peptidase S1,0.0,0.0,0.0,0.0,0.0,0.0,No,"CUB,Trypsin",ko:K20111,,,suppressor of tumorigenicity 14 protein [Nephila pilipes]
,GFS98944.1,107371020,Protein Digestion & Proteolysis,Serine Proteases,Trypsin / Peptidase S1,0.0,0.0,0.0,0.0,0.0,0.0,No,Trypsin,ko:K01346,"map04972,ko04972,ko04974,map04974",,suppressor of tumorigenicity 14 protein [Nephila pilipes]
,GFT01803.1,107360692,Protein Digestion & Proteolysis,Serine Proteases,Trypsin / Peptidase S1,0.0,0.0,0.0,0.0,0.0,0.0,No,Trypsin,,,,"serine protease filzig, partial [Nephila pilipes]"
,GFT01806.1,107371275,Protein Digestion & Proteolysis,Serine Proteases,Trypsin / Peptidase S1,0.0,0.0,0.0,0.0,0.0,0.0,No,Trypsin,ko:K01324,"ko04610,map04610",,transmembrane protease serine 3 [Nephila pilipes]
,GFT03726.1,107367685,Protein Digestion & Proteolysis,Serine Proteases,Trypsin / Peptidase S1,0.0,0.0,0.0,0.0,0.0,0.0,No,Trypsin,ko:K09640,,,chymotrypsin B [Nephila pilipes]
,GFT03777.1,107367685,Protein Digestion & Proteolysis,Serine Proteases,Trypsin / Peptidase S1,0.0,0.0,0.0,0.0,0.0,0.0,No,Trypsin,ko:K09640,,,serine proteinase stubble [Nephila pilipes]
,GFT04156.1,,Protein Digestion & Proteolysis,Serine Proteases,Trypsin / Peptidase S1,0.0,0.0,0.0,0.0,0.0,0.0,No,Trypsin,ko:K01317,,,"tryptase beta-2, partial [Nephila pilipes]"
,GFT05423.1,,Protein Digestion & Proteolysis,Serine Proteases,Trypsin / Peptidase S1,0.0,0.0,0.0,0.0,0.0,0.0,No,"PDZ_2,Trypsin_2",,,,"serine protease HTRA2, mitochondrial [Nephila pilipes]"
,GFT06558.1,107370069,Protein Digestion & Proteolysis,Serine Proteases,Subtilisin-like (Peptidase S8),0.0,0.0,0.0,0.0,0.0,0.0,No,"P_proprotein,Peptidase_S8,S8_pro-domain",ko:K01360,,,"neuroendocrine convertase 2, partial [Nephila pilipes]"
,GFT06856.1,Tmprss2,Protein Digestion & Proteolysis,Serine Proteases,Trypsin / Peptidase S1,0.0,0.0,0.0,0.0,0.0,0.0,No,"Ldl_recept_a,SRCR_2,Trypsin",ko:K09633,"map05215,map05164,map05202,ko05164,ko05215,ko05202",,peptidase S1 domain-containing protein [Nephila pilipes]
,GFT06857.1,GL16806,Protein Digestion & Proteolysis,Serine Proteases,Trypsin / Peptidase S1,0.0,0.0,0.0,0.0,0.0,0.0,No,Trypsin,,,,tryptase beta-2 [Nephila pilipes]
,GFT06858.1,GL16806,Protein Digestion & Proteolysis,Serine Proteases,Trypsin / Peptidase S1,0.0,0.0,0.0,0.0,0.0,0.0,No,Trypsin,,,,enteropeptidase [Nephila pilipes]
,GFT08051.1,107362950,Protein Digestion & Proteolysis,Serine Proteases,Trypsin / Peptidase S1,0.0,0.0,0.0,0.0,0.0,0.0,No,"CLIP,Trypsin",,,,proclotting enzyme [Nephila pilipes]
,GFT08052.1,107362950,Protein Digestion & Proteolysis,Serine Proteases,Trypsin / Peptidase S1,0.0,0.0,0.0,0.0,0.0,0.0,No,"CLIP,Trypsin",,,,proclotting enzyme [Nephila pilipes]
,GFT08056.1,107362950,Protein Digestion & Proteolysis,Serine Proteases,Trypsin / Peptidase S1,0.0,0.0,0.0,0.0,0.0,0.0,No,"CLIP,Trypsin",,,,proclotting enzyme [Nephila pilipes]
,GFT10291.1,,Protein Digestion & Proteolysis,Serine Proteases,Trypsin / Peptidase S1,0.0,0.0,0.0,0.0,0.0,0.0,No,"TSP_1,Trypsin",,,,chymotrypsinogen B [Nephila pilipes]
,GFT11777.1,107369064,Protein Digestion & Proteolysis,Serine Proteases,Elastase,0.0,0.0,0.0,0.0,0.0,0.0,No,Serpin,ko:K13963,"ko05146,map05146",,leukocyte elastase inhibitor A [Nephila pilipes]
,GFT12749.1,F2,Protein Digestion & Proteolysis,Serine Proteases,Trypsin / Peptidase S1,0.0,0.0,0.0,0.0,0.0,0.0,No,"Gla,Kringle,Thrombin_light,Trypsin",ko:K01313,"map04810,ko04810,ko04080,map04080,ko04610,map04610",,coagulation factor X [Nephila pilipes]
,GFT12767.1,HABP2,Protein Digestion & Proteolysis,Serine Proteases,Trypsin / Peptidase S1,0.0,0.0,0.0,0.0,0.0,0.0,No,"EGF,Kringle,Trypsin",ko:K08648,,,"protocadherin Fat 1, partial [Nephila pilipes]"
,GFT14165.1,,Protein Digestion & Proteolysis,Serine Proteases,Trypsin / Peptidase S1,0.0,0.0,0.0,0.0,0.0,0.0,No,Trypsin,ko:K01310,,,"chymotrypsin B, partial [Nephila pilipes]"
,GFT14760.1,,Protein Digestion & Proteolysis,Serine Proteases,Prolyl Oligopeptidase (Peptidase S9),0.0,0.0,0.0,0.0,0.0,0.0,No,Peptidase_S9,,,,acylamino-acid-releasing enzyme [Nephila pilipes]
,GFT16636.1,GL16806,Protein Digestion & Proteolysis,Serine Proteases,Trypsin / Peptidase S1,0.0,0.0,0.0,0.0,0.0,0.0,No,Trypsin,,,,"tryptase beta-2, partial [Nephila pilipes]"
,GFT17122.1,LOC664602,Protein Digestion & Proteolysis,Serine Proteases,Prolyl Oligopeptidase (Peptidase S9),0.0,0.0,0.0,0.0,0.0,0.0,No,"DPPIV_N,Peptidase_S9",,,,venom dipeptidyl peptidase 4 [Nephila pilipes]
,GFT17124.1,L798_13946,Protein Digestion & Proteolysis,Serine Proteases,Prolyl Oligopeptidase (Peptidase S9),0.0,0.0,0.0,0.0,0.0,0.0,No,"DPPIV_N,Peptidase_S9",,,,inactive dipeptidyl peptidase 10 [Nephila pilipes]
,GFT17185.1,,Protein Digestion & Proteolysis,Serine Proteases,Trypsin / Peptidase S1,0.0,0.0,0.0,0.0,0.0,0.0,No,Trypsin,,,,"limulus clotting factor C, partial [Nephila pilipes]"
,GFT17362.1,,Protein Digestion & Proteolysis,Serine Proteases,Trypsin / Peptidase S1,0.0,0.0,0.0,0.0,0.0,0.0,No,Trypsin,,,,phenoloxidase-activating factor 3 [Nephila pilipes]
,GFT19777.1,,Protein Digestion & Proteolysis,Serine Proteases,Subtilisin-like (Peptidase S8),0.0,0.0,0.0,0.0,0.0,0.0,No,"Ank_4,Death,P_proprotein,Peptidase_S8,S8_pro-domain",,,,neuroendocrine convertase 1 [Nephila pilipes]
,GFT23215.1,,Protein Digestion & Proteolysis,Serine Proteases,Trypsin / Peptidase S1,0.0,0.0,0.0,0.0,0.0,0.0,No,"DNA_gyraseB,DNA_topoisoIV,HATPase_c,PDZ,SAM_2,TOPRIM_C,Toprim,Trypsin",,,,neurabin-2 [Nephila pilipes]
,GFT23218.1,,Protein Digestion & Proteolysis,Serine Proteases,Trypsin / Peptidase S1,0.0,0.0,0.0,0.0,0.0,0.0,No,"DNA_gyraseB,DNA_topoisoIV,HATPase_c,PDZ,SAM_2,TOPRIM_C,Toprim,Trypsin",,,,neurabin-2 [Nephila pilipes]
,GFT23225.1,,Protein Digestion & Proteolysis,Serine Proteases,Trypsin / Peptidase S1,0.0,0.0,0.0,0.0,0.0,0.0,No,"DNA_gyraseB,DNA_topoisoIV,HATPase_c,PDZ,SAM_2,TOPRIM_C,Toprim,Trypsin",,,,neurabin-2 [Nephila pilipes]
,GFT26137.1,,Protein Digestion & Proteolysis,Serine Proteases,Trypsin / Peptidase S1,0.0,0.0,0.0,0.0,0.0,0.0,No,"Ldl_recept_a,Trypsin",,,,serine protease nudel [Nephila pilipes]
,GFT28659.1,,Protein Digestion & Proteolysis,Serine Proteases,Trypsin / Peptidase S1,0.0,0.0,0.0,0.0,0.0,0.0,No,"Fz,Ldl_recept_a,SRCR_2,Trypsin",ko:K09614,,,enteropeptidase [Nephila pilipes]
,GFT29136.1,6049998,Protein Digestion & Proteolysis,Serine Proteases,Trypsin / Peptidase S1,0.0,0.0,0.0,0.0,0.0,0.0,No,"CLIP,Trypsin",,,,limulus clotting factor C [Nephila pilipes]
,GFT29678.1,AND_002728,Protein Digestion & Proteolysis,Serine Proteases,Trypsin / Peptidase S1,0.0,0.0,0.0,0.0,0.0,0.0,No,Trypsin,,,,"melanization protease 1, partial [Nephila pilipes]"
,GFT31301.1,,Protein Digestion & Proteolysis,Serine Proteases,Trypsin / Peptidase S1,0.0,0.0,0.0,0.0,0.0,0.0,No,"HLH,Sushi,Trypsin",,,,"sushi, von Willebrand factor type A, EGF and pentraxin domain-containing protein 1 [Nephila pilipes]"
,GFT31302.1,,Protein Digestion & Proteolysis,Serine Proteases,Trypsin / Peptidase S1,0.0,0.0,0.0,0.0,0.0,0.0,No,"HLH,Sushi,Trypsin",,,,"sushi, von Willebrand factor type A, EGF and pentraxin domain-containing protein 1 [Nephila pilipes]"
,GFT38533.1,,Protein Digestion & Proteolysis,Serine Proteases,Trypsin / Peptidase S1,0.0,0.0,0.0,0.0,0.0,0.0,No,Trypsin,,,,limulus clotting factor C [Nephila pilipes]
,GFT38792.1,,Protein Digestion & Proteolysis,Serine Proteases,Trypsin / Peptidase S1,0.0,0.0,0.0,0.0,0.0,0.0,No,Trypsin,,,,clotting factor B [Nephila pilipes]
,GFT38801.1,L798_07336,Protein Digestion & Proteolysis,Serine Proteases,Trypsin / Peptidase S1,0.0,0.0,0.0,0.0,0.0,0.0,No,"CLIP,Trypsin",,,,clotting factor B [Nephila pilipes]
,GFT38805.1,,Protein Digestion & Proteolysis,Serine Proteases,Trypsin / Peptidase S1,0.0,0.0,0.0,0.0,0.0,0.0,No,Trypsin,,,,proclotting enzyme [Nephila pilipes]
,GFT38821.1,,Protein Digestion & Proteolysis,Serine Proteases,Trypsin / Peptidase S1,0.0,0.0,0.0,0.0,0.0,0.0,No,"Sushi,Trypsin",,,,limulus clotting factor C [Nephila pilipes]
,GFT38823.1,,Protein Digestion & Proteolysis,Serine Proteases,Trypsin / Peptidase S1,0.0,0.0,0.0,0.0,0.0,0.0,No,"Sushi,Trypsin",,,,limulus clotting factor C [Nephila pilipes]
,GFT44646.1,U27_05483,Protein Digestion & Proteolysis,Serine Proteases,Elastase,0.0,0.0,0.0,0.0,0.0,0.0,No,Serpin,,,,leukocyte elastase inhibitor [Nephila pilipes]
,GFT47501.1,107367299,Protein Digestion & Proteolysis,Serine Proteases,Trypsin / Peptidase S1,0.0,0.0,0.0,0.0,0.0,0.0,No,Trypsin,,,,"proclotting enzyme, partial [Nephila pilipes]"
,GFT48082.1,107360402,Protein Digestion & Proteolysis,Serine Proteases,Trypsin / Peptidase S1,0.0,0.0,0.0,0.0,0.0,0.0,No,Trypsin,,,,phenoloxidase-activating factor 2 [Nephila pilipes]
,GFT48678.1,Pcsk1,Protein Digestion & Proteolysis,Serine Proteases,Subtilisin-like (Peptidase S8),0.0,0.0,0.0,0.0,0.0,0.0,No,"Peptidase_S8,S8_pro-domain",,,,"neuroendocrine convertase 1, partial [Nephila pilipes]"
,GFT49456.1,GL16806,Protein Digestion & Proteolysis,Serine Proteases,Trypsin / Peptidase S1,0.0,0.0,0.0,0.0,0.0,0.0,No,Trypsin,,,,enteropeptidase [Nephila pilipes]
,GFT49458.1,GL16806,Protein Digestion & Proteolysis,Serine Proteases,Trypsin / Peptidase S1,0.0,0.0,0.0,0.0,0.0,0.0,No,Trypsin,,,,tryptase beta-2 [Nephila pilipes]
,GFT49462.1,Tmprss2,Protein Digestion & Proteolysis,Serine Proteases,Trypsin / Peptidase S1,0.0,0.0,0.0,0.0,0.0,0.0,No,"Ldl_recept_a,SRCR_2,Trypsin",ko:K09633,"map05215,map05164,map05202,ko05164,ko05215,ko05202",,peptidase S1 domain-containing protein [Nephila pilipes]
,GFT49669.1,,Protein Digestion & Proteolysis,Serine Proteases,Trypsin / Peptidase S1,0.0,0.0,0.0,0.0,0.0,0.0,No,Trypsin,,,,"serine protease filzig, partial [Nephila pilipes]"
,GFT49983.1,107361282,Protein Digestion & Proteolysis,Serine Proteases,Trypsin / Peptidase S1,0.0,0.0,0.0,0.0,0.0,0.0,No,Trypsin,,,,serine proteinase stubble [Nephila pilipes]
,GFT50734.1,107360692,Protein Digestion & Proteolysis,Serine Proteases,Trypsin / Peptidase S1,0.0,0.0,0.0,0.0,0.0,0.0,No,Trypsin,,,,serine protease filzig [Nephila pilipes]
,GFT50742.1,107359212,Protein Digestion & Proteolysis,Serine Proteases,Trypsin / Peptidase S1,0.0,0.0,0.0,0.0,0.0,0.0,No,Trypsin,,,,plasma kallikrein [Nephila pilipes]
,GFT51212.1,,Protein Digestion & Proteolysis,Serine Proteases,Trypsin / Peptidase S1,0.0,0.0,0.0,0.0,0.0,0.0,No,Trypsin,,,,"chymotrypsin B, partial [Nephila pilipes]"
,GFT52149.1,,Protein Digestion & Proteolysis,Serine Proteases,Trypsin / Peptidase S1,0.0,0.0,0.0,0.0,0.0,0.0,No,Trypsin,,,,"chymotrypsin-like elastase family member 2A, partial [Nephila pilipes]"
,GFT54132.1,L798_06458,Protein Digestion & Proteolysis,Serine Proteases,Prolyl Oligopeptidase (Peptidase S9),0.0,0.0,0.0,0.0,0.0,0.0,No,"DPPIV_N,Peptidase_S9",ko:K08656,,,"dipeptidyl peptidase 9, partial [Nephila pilipes]"
,GFT54133.1,L798_06458,Protein Digestion & Proteolysis,Serine Proteases,Prolyl Oligopeptidase (Peptidase S9),0.0,0.0,0.0,0.0,0.0,0.0,No,"DPPIV_N,Peptidase_S9",ko:K08656,,,"dipeptidyl peptidase 9, partial [Nephila pilipes]"
,GFT54134.1,L798_06458,Protein Digestion & Proteolysis,Serine Proteases,Prolyl Oligopeptidase (Peptidase S9),0.0,0.0,0.0,0.0,0.0,0.0,No,"DPPIV_N,Peptidase_S9",ko:K08656,,,"dipeptidyl peptidase 9, partial [Nephila pilipes]"
,GFT55225.1,,Protein Digestion & Proteolysis,Serine Proteases,Subtilisin-like (Peptidase S8),0.0,0.0,0.0,0.0,0.0,0.0,No,"Ank_4,Death,P_proprotein,Peptidase_S8,S8_pro-domain",,,,neuroendocrine convertase 1 [Nephila pilipes]
,GFT55228.1,,Protein Digestion & Proteolysis,Serine Proteases,Subtilisin-like (Peptidase S8),0.0,0.0,0.0,0.0,0.0,0.0,No,"Ank_4,Death,P_proprotein,Peptidase_S8,S8_pro-domain",,,,neuroendocrine convertase 1 [Nephila pilipes]
,GFT56045.1,,Protein Digestion & Proteolysis,Serine Proteases,Trypsin / Peptidase S1,0.0,0.0,0.0,0.0,0.0,0.0,No,Trypsin,,,,clotting factor B [Nephila pilipes]
,GFT56660.1,CPVL,Protein Digestion & Proteolysis,Serine Proteases,Trypsin / Peptidase S1,0.0,0.0,0.0,0.0,0.0,0.0,No,Peptidase_S10,ko:K09645,,,probable serine carboxypeptidase CPVL [Nephila pilipes]
,GFT56663.1,CPVL,Protein Digestion & Proteolysis,Serine Proteases,Trypsin / Peptidase S1,0.0,0.0,0.0,0.0,0.0,0.0,No,Peptidase_S10,ko:K09645,,,probable serine carboxypeptidase CPVL [Nephila pilipes]
,GFT56664.1,CPVL,Protein Digestion & Proteolysis,Serine Proteases,Trypsin / Peptidase S1,0.0,0.0,0.0,0.0,0.0,0.0,No,Peptidase_S10,ko:K09645,,,probable serine carboxypeptidase CPVL [Nephila pilipes]
,GFT56666.1,,Protein Digestion & Proteolysis,Serine Proteases,Trypsin / Peptidase S1,0.0,0.0,0.0,0.0,0.0,0.0,No,Peptidase_S10,,,,probable serine carboxypeptidase CPVL [Nephila pilipes]
,GFT56669.1,,Protein Digestion & Proteolysis,Serine Proteases,Trypsin / Peptidase S1,0.0,0.0,0.0,0.0,0.0,0.0,No,Peptidase_S10,,,,carboxypeptidase [Nephila pilipes]
,GFT60068.1,U27_05483,Protein Digestion & Proteolysis,Serine Proteases,Elastase,0.0,0.0,0.0,0.0,0.0,0.0,No,Serpin,,,,leukocyte elastase inhibitor [Nephila pilipes]
,GFT61408.1,GK20989,Protein Digestion & Proteolysis,Serine Proteases,Trypsin / Peptidase S1,0.0,0.0,0.0,0.0,0.0,0.0,No,Trypsin,,,,tryptase beta-2 [Nephila pilipes]
,GFT61685.1,107365760,Protein Digestion & Proteolysis,Serine Proteases,Trypsin / Peptidase S1,0.0,0.0,0.0,0.0,0.0,0.0,No,"CUB,Ldl_recept_a,Trypsin",,,,apolipoprotein(a) [Nephila pilipes]
,GFT61695.1,107365760,Protein Digestion & Proteolysis,Serine Proteases,Trypsin / Peptidase S1,0.0,0.0,0.0,0.0,0.0,0.0,No,"CUB,Ldl_recept_a,Trypsin",,,,plasminogen [Nephila pilipes]
,GFT61699.1,107365760,Protein Digestion & Proteolysis,Serine Proteases,Trypsin / Peptidase S1,0.0,0.0,0.0,0.0,0.0,0.0,No,"CUB,Ldl_recept_a,Trypsin",,,,apolipoprotein(a) [Nephila pilipes]
,GFT61702.1,107365760,Protein Digestion & Proteolysis,Serine Proteases,Trypsin / Peptidase S1,0.0,0.0,0.0,0.0,0.0,0.0,No,"CUB,Ldl_recept_a,Trypsin",,,,chymotrypsin-like elastase family member 2A [Nephila pilipes]
,GFT61705.1,107365760,Protein Digestion & Proteolysis,Serine Proteases,Trypsin / Peptidase S1,0.0,0.0,0.0,0.0,0.0,0.0,No,"CUB,Ldl_recept_a,Trypsin",,,,plasminogen [Nephila pilipes]
,GFT61941.1,,Protein Digestion & Proteolysis,Serine Proteases,Trypsin / Peptidase S1,0.0,0.0,0.0,0.0,0.0,0.0,No,Trypsin,,,,transmembrane protease serine 11G [Nephila pilipes]
,GFT62751.1,107371275,Protein Digestion & Proteolysis,Serine Proteases,Trypsin / Peptidase S1,0.0,0.0,0.0,0.0,0.0,0.0,No,Trypsin,ko:K01324,"ko04610,map04610",,chymotrypsin-like elastase family member 1 [Nephila pilipes]
,GFT65234.1,,Protein Digestion & Proteolysis,Serine Proteases,Trypsin / Peptidase S1,0.0,0.0,0.0,0.0,0.0,0.0,No,"TSP_1,Trypsin",,,,coagulation factor X [Nephila pilipes]
,GFT67268.1,GF12662,Protein Digestion & Proteolysis,Serine Proteases,Trypsin / Peptidase S1,0.0,0.0,0.0,0.0,0.0,0.0,No,Trypsin,,,,enteropeptidase [Nephila pilipes]
,GFT69639.1,107365753,Protein Digestion & Proteolysis,Serine Proteases,Trypsin / Peptidase S1,0.0,0.0,0.0,0.0,0.0,0.0,No,"CUB,Ldl_recept_a,Trypsin",,,,plasma kallikrein [Nephila pilipes]
,GFT70862.1,,Protein Digestion & Proteolysis,Serine Proteases,Trypsin / Peptidase S1,0.0,0.0,0.0,0.0,0.0,0.0,No,Peptidase_S10,,,,"probable serine carboxypeptidase CPVL, partial [Nephila pilipes]"
,GFT71812.1,,Protein Digestion & Proteolysis,Serine Proteases,Trypsin / Peptidase S1,0.0,0.0,0.0,0.0,0.0,0.0,No,"Fz,Ldl_recept_a,SRCR_2,Trypsin",ko:K09614,,,uncharacterized protein CG3556 [Nephila pilipes]
,GFT73147.1,Pcsk1,Protein Digestion & Proteolysis,Serine Proteases,Subtilisin-like (Peptidase S8),0.0,0.0,0.0,0.0,0.0,0.0,No,"Peptidase_S8,S8_pro-domain",,,,"neuroendocrine convertase 1, partial [Nephila pilipes]"
,GFT73387.1,107371275,Protein Digestion & Proteolysis,Serine Proteases,Trypsin / Peptidase S1,0.0,0.0,0.0,0.0,0.0,0.0,No,Trypsin,ko:K01324,"ko04610,map04610",,clotting factor B [Nephila pilipes]
,GFT73732.1,,Protein Digestion & Proteolysis,Serine Proteases,Trypsin / Peptidase S1,0.0,0.0,0.0,0.0,0.0,0.0,No,Trypsin,,,,"clotting factor B, partial [Nephila pilipes]"
,GFT75439.1,L798_06458,Protein Digestion & Proteolysis,Serine Proteases,Prolyl Oligopeptidase (Peptidase S9),0.0,0.0,0.0,0.0,0.0,0.0,No,"DPPIV_N,Peptidase_S9",ko:K08656,,,"dipeptidyl peptidase 9, partial [Nephila pilipes]"
,GFT75441.1,L798_06458,Protein Digestion & Proteolysis,Serine Proteases,Prolyl Oligopeptidase (Peptidase S9),0.0,0.0,0.0,0.0,0.0,0.0,No,"DPPIV_N,Peptidase_S9",ko:K08656,,,"dipeptidyl peptidase 9, partial [Nephila pilipes]"
,GFT75443.1,L798_06458,Protein Digestion & Proteolysis,Serine Proteases,Prolyl Oligopeptidase (Peptidase S9),0.0,0.0,0.0,0.0,0.0,0.0,No,"DPPIV_N,Peptidase_S9",ko:K08656,,,"dipeptidyl peptidase 9, partial [Nephila pilipes]"
,GFT76122.1,SP108,Protein Digestion & Proteolysis,Serine Proteases,Trypsin / Peptidase S1,0.0,0.0,0.0,0.0,0.0,0.0,No,Trypsin,,,,chymotrypsin-like elastase family member 2A [Nephila pilipes]
,GFT77183.1,105623753,Protein Digestion & Proteolysis,Serine Proteases,Trypsin / Peptidase S1,0.0,0.0,0.0,0.0,0.0,0.0,No,Trypsin,,,,clotting factor B [Nephila pilipes]
,GFT77748.1,,Protein Digestion & Proteolysis,Serine Proteases,Trypsin / Peptidase S1,0.0,0.0,0.0,0.0,0.0,0.0,No,Trypsin,,,,limulus clotting factor C [Nephila pilipes]
,GFT78270.1,WD_0098,Protein Digestion & Proteolysis,Serine Proteases,Trypsin / Peptidase S1,0.0,0.0,0.0,0.0,0.0,0.0,No,"PBP5_C,Peptidase_S11",ko:K07258,"map01100,ko01100,map00550,ko00550",,d-alanyl-D-alanine carboxypeptidase DacF [Nephila pilipes]
,GFT78505.1,,Protein Digestion & Proteolysis,Serine Proteases,Trypsin / Peptidase S1,0.0,0.0,0.0,0.0,0.0,0.0,No,Trypsin,,,,clotting factor B [Nephila pilipes]
,GFT78800.1,107370409,Protein Digestion & Proteolysis,Serine Proteases,Prolyl Oligopeptidase (Peptidase S9),0.0,0.0,0.0,0.0,0.0,0.0,No,"DPPIV_N,Peptidase_S9",,,,inactive dipeptidyl peptidase 10 [Nephila pilipes]
,GFT78803.1,107370409,Protein Digestion & Proteolysis,Serine Proteases,Prolyl Oligopeptidase (Peptidase S9),0.0,0.0,0.0,0.0,0.0,0.0,No,"DPPIV_N,Peptidase_S9",,,,inactive dipeptidyl peptidase 10 [Nephila pilipes]
,GFT80300.1,,Protein Digestion & Proteolysis,Serine Proteases,Trypsin / Peptidase S1,0.0,0.0,0.0,0.0,0.0,0.0,No,Trypsin,,,,clotting factor B [Nephila pilipes]
,GFT80303.1,,Protein Digestion & Proteolysis,Serine Proteases,Trypsin / Peptidase S1,0.0,0.0,0.0,0.0,0.0,0.0,No,Trypsin,,,,clotting factor B [Nephila pilipes]
,GFT82599.1,,Protein Digestion & Proteolysis,Serine Proteases,Subtilisin-like (Peptidase S8),0.0,0.0,0.0,0.0,0.0,0.0,No,"Peptidase_S8,TPPII,TPPII_N",,,,tripeptidyl-peptidase 2 [Nephila pilipes]
,GFT83453.1,107365212,Protein Digestion & Proteolysis,Serine Proteases,Trypsin / Peptidase S1,0.0,0.0,0.0,0.0,0.0,0.0,No,Trypsin,,,,proclotting enzyme [Nephila pilipes]
,GFT83455.1,KGM_208169,Protein Digestion & Proteolysis,Serine Proteases,Trypsin / Peptidase S1,0.0,0.0,0.0,0.0,0.0,0.0,No,Trypsin,,,,proclotting enzyme [Nephila pilipes]
,GFT83457.1,CLIPD1,Protein Digestion & Proteolysis,Serine Proteases,Trypsin / Peptidase S1,0.0,0.0,0.0,0.0,0.0,0.0,No,Trypsin,,,,chymotrypsin-like protease CTRL-1 [Nephila pilipes]
,GFT83460.1,CLIPD1,Protein Digestion & Proteolysis,Serine Proteases,Trypsin / Peptidase S1,0.0,0.0,0.0,0.0,0.0,0.0,No,Trypsin,,,,proclotting enzyme [Nephila pilipes]
,GFT83462.1,107368087,Protein Digestion & Proteolysis,Serine Proteases,Trypsin / Peptidase S1,0.0,0.0,0.0,0.0,0.0,0.0,No,Trypsin,,,,serine proteinase stubble [Nephila pilipes]
,GFT83654.1,L798_06458,Protein Digestion & Proteolysis,Serine Proteases,Prolyl Oligopeptidase (Peptidase S9),0.0,0.0,0.0,0.0,0.0,0.0,No,"DPPIV_N,Peptidase_S9",ko:K08656,,,"dipeptidyl peptidase 9, partial [Nephila pilipes]"
,GFT83657.1,L798_06458,Protein Digestion & Proteolysis,Serine Proteases,Prolyl Oligopeptidase (Peptidase S9),0.0,0.0,0.0,0.0,0.0,0.0,No,"DPPIV_N,Peptidase_S9",ko:K08656,,,"dipeptidyl peptidase 9, partial [Nephila pilipes]"
,GFT83659.1,L798_06458,Protein Digestion & Proteolysis,Serine Proteases,Prolyl Oligopeptidase (Peptidase S9),0.0,0.0,0.0,0.0,0.0,0.0,No,"DPPIV_N,Peptidase_S9",ko:K08656,,,"dipeptidyl peptidase 9, partial [Nephila pilipes]"
,GFT84433.1,U27_05483,Protein Digestion & Proteolysis,Serine Proteases,Elastase,0.0,0.0,0.0,0.0,0.0,0.0,No,Serpin,,,,leukocyte elastase inhibitor [Nephila pilipes]
,GFT84565.1,,Protein Digestion & Proteolysis,Serine Proteases,Trypsin / Peptidase S1,0.0,0.0,0.0,0.0,0.0,0.0,No,Trypsin,,,,"limulus clotting factor C, partial [Nephila pilipes]"
,GFT84913.1,WD_0706,Protein Digestion & Proteolysis,Serine Proteases,Trypsin / Peptidase S1,0.0,0.0,0.0,0.0,0.0,0.0,No,Peptidase_S15,ko:K07018,,,uncharacterized protein RP471 [Nephila pilipes]
,GFT84997.1,,Protein Digestion & Proteolysis,Serine Proteases,Subtilisin-like (Peptidase S8),0.0,0.0,0.0,0.0,0.0,0.0,No,"Ank_4,Death,P_proprotein,Peptidase_S8,S8_pro-domain",,,,neuroendocrine convertase 1 [Nephila pilipes]
,GFT85848.1,107368898,Protein Digestion & Proteolysis,Serine Proteases,Trypsin / Peptidase S1,0.0,0.0,0.0,0.0,0.0,0.0,No,Trypsin,ko:K09628,,,serine protease filzig [Nephila pilipes]
,GFT86253.1,8238881,Protein Digestion & Proteolysis,Serine Proteases,Trypsin / Peptidase S1,0.0,0.0,0.0,0.0,0.0,0.0,No,Trypsin,,,,clotting factor B [Nephila pilipes]
,GFT86259.1,101893051,Protein Digestion & Proteolysis,Serine Proteases,Trypsin / Peptidase S1,0.0,0.0,0.0,0.0,0.0,0.0,No,"CLIP,Trypsin",,,,clotting factor B [Nephila pilipes]
,GFT86382.1,WD_0098,Protein Digestion & Proteolysis,Serine Proteases,Trypsin / Peptidase S1,0.0,0.0,0.0,0.0,0.0,0.0,No,"PBP5_C,Peptidase_S11",ko:K07258,"map01100,ko01100,map00550,ko00550",,probable transcriptional regulatory protein WRi_002620 [Nephila pilipes]
,GFT87399.1,,Protein Digestion & Proteolysis,Serine Proteases,Trypsin / Peptidase S1,0.0,0.0,0.0,0.0,0.0,0.0,No,Trypsin,,,,trypsin-1 [Nephila pilipes]
,GFT87401.1,107360505,Protein Digestion & Proteolysis,Serine Proteases,Trypsin / Peptidase S1,0.0,0.0,0.0,0.0,0.0,0.0,No,Trypsin,,,,trypsin-1 [Nephila pilipes]
,GFT87403.1,107366653,Protein Digestion & Proteolysis,Serine Proteases,Trypsin / Peptidase S1,0.0,0.0,0.0,0.0,0.0,0.0,No,Trypsin,,,,plasma kallikrein [Nephila pilipes]
,GFT88433.1,,Protein Digestion & Proteolysis,Serine Proteases,Trypsin / Peptidase S1,0.0,0.0,0.0,0.0,0.0,0.0,No,"Kazal_2,Lectin_C,PAN_1,Sushi,Trypsin,VWA",ko:K17495,,,"c4b-binding protein alpha chain, partial [Nephila pilipes]"
,GFT88434.1,,Protein Digestion & Proteolysis,Serine Proteases,Trypsin / Peptidase S1,0.0,0.0,0.0,0.0,0.0,0.0,No,"Kazal_2,Lectin_C,PAN_1,Sushi,Trypsin,VWA",ko:K17495,,,"c4b-binding protein alpha chain, partial [Nephila pilipes]"
,GFT88546.1,H920_18158,Protein Digestion & Proteolysis,Serine Proteases,Trypsin / Peptidase S1,0.0,0.0,0.0,0.0,0.0,0.0,No,"SEA,Trypsin",,,,"clotting factor B, partial [Nephila pilipes]"
,GFT89672.1,,Protein Digestion & Proteolysis,Serine Proteases,Subtilisin-like (Peptidase S8),0.0,0.0,0.0,0.0,0.0,0.0,No,"Ank_4,Death,P_proprotein,Peptidase_S8,S8_pro-domain",,,,neuroendocrine convertase 1 [Nephila pilipes]
,GFT93269.1,107369064,Protein Digestion & Proteolysis,Serine Proteases,Elastase,0.0,0.0,0.0,0.0,0.0,0.0,No,Serpin,ko:K13963,"ko05146,map05146",,"leukocyte elastase inhibitor A, partial [Nephila pilipes]"
,GFT98346.1,PRSS48,Protein Digestion & Proteolysis,Serine Proteases,Trypsin / Peptidase S1,0.0,0.0,0.0,0.0,0.0,0.0,No,Trypsin,,,,"tryptase beta-2, partial [Nephila pilipes]"
,GFT98384.1,,Protein Digestion & Proteolysis,Serine Proteases,Trypsin / Peptidase S1,0.0,0.0,0.0,0.0,0.0,0.0,No,"Sushi,Trypsin",,,,limulus clotting factor C [Nephila pilipes]
,GFT98387.1,,Protein Digestion & Proteolysis,Serine Proteases,Trypsin / Peptidase S1,0.0,0.0,0.0,0.0,0.0,0.0,No,"Sushi,Trypsin",,,,limulus clotting factor C [Nephila pilipes]
,GFU01151.1,,Protein Digestion & Proteolysis,Serine Proteases,Elastase,0.0,0.0,0.0,0.0,0.0,0.0,No,Serpin,,,,leukocyte elastase inhibitor [Nephila pilipes]
,GFU04666.1,107359212,Protein Digestion & Proteolysis,Serine Proteases,Trypsin / Peptidase S1,0.0,0.0,0.0,0.0,0.0,0.0,No,Trypsin,,,,plasma kallikrein [Nephila pilipes]
,GFU04670.1,AND_001611,Protein Digestion & Proteolysis,Serine Proteases,Trypsin / Peptidase S1,0.0,0.0,0.0,0.0,0.0,0.0,No,Trypsin,,,,serine protease filzig [Nephila pilipes]
,GFU04676.1,107361282,Protein Digestion & Proteolysis,Serine Proteases,Trypsin / Peptidase S1,0.0,0.0,0.0,0.0,0.0,0.0,No,Trypsin,,,,serine proteinase stubble [Nephila pilipes]
,GFU07918.1,107365166,Protein Digestion & Proteolysis,Serine Proteases,Trypsin / Peptidase S1,0.0,0.0,0.0,0.0,0.0,0.0,No,Trypsin,,,,"serine proteinase stubble, partial [Nephila pilipes]"
,GFU08479.1,,Protein Digestion & Proteolysis,Serine Proteases,Trypsin / Peptidase S1,0.0,0.0,0.0,0.0,0.0,0.0,No,"RRM_1,Sushi,Trypsin,VWA,eIF3g",,,,eukaryotic translation initiation factor 3 subunit G-B [Nephila pilipes]
,GFU09113.1,zgc:123295,Protein Digestion & Proteolysis,Serine Proteases,Trypsin / Peptidase S1,0.0,0.0,0.0,0.0,0.0,0.0,No,Trypsin,,,,"clotting factor B, partial [Nephila pilipes]"
,GFU10294.1,cpvl,Protein Digestion & Proteolysis,Serine Proteases,Trypsin / Peptidase S1,0.0,0.0,0.0,0.0,0.0,0.0,No,Peptidase_S10,ko:K09645,,,probable serine carboxypeptidase CPVL [Nephila pilipes]
,GFU10450.1,107361864,Protein Digestion & Proteolysis,Serine Proteases,Trypsin / Peptidase S1,0.0,0.0,0.0,0.0,0.0,0.0,No,Trypsin,,,,protein masquerade [Nephila pilipes]
,GFU10453.1,,Protein Digestion & Proteolysis,Serine Proteases,Trypsin / Peptidase S1,0.0,0.0,0.0,0.0,0.0,0.0,No,Trypsin,,,,CLIP domain-containing protein [Nephila pilipes]
,GFU10456.1,107365212,Protein Digestion & Proteolysis,Serine Proteases,Trypsin / Peptidase S1,0.0,0.0,0.0,0.0,0.0,0.0,No,Trypsin,,,,clotting factor B [Nephila pilipes]
,GFU10641.1,L798_06458,Protein Digestion & Proteolysis,Serine Proteases,Prolyl Oligopeptidase (Peptidase S9),0.0,0.0,0.0,0.0,0.0,0.0,No,"DPPIV_N,Peptidase_S9",ko:K08656,,,"dipeptidyl peptidase 9, partial [Nephila pilipes]"
,GFU10643.1,L798_06458,Protein Digestion & Proteolysis,Serine Proteases,Prolyl Oligopeptidase (Peptidase S9),0.0,0.0,0.0,0.0,0.0,0.0,No,"DPPIV_N,Peptidase_S9",ko:K08656,,,"dipeptidyl peptidase 9, partial [Nephila pilipes]"
,GFU10646.1,L798_06458,Protein Digestion & Proteolysis,Serine Proteases,Prolyl Oligopeptidase (Peptidase S9),0.0,0.0,0.0,0.0,0.0,0.0,No,"DPPIV_N,Peptidase_S9",ko:K08656,,,"dipeptidyl peptidase 9, partial [Nephila pilipes]"
,GFU11287.1,,Protein Digestion & Proteolysis,Serine Proteases,Trypsin / Peptidase S1,0.0,0.0,0.0,0.0,0.0,0.0,No,Trypsin,ko:K01310,,,"chymotrypsin B, partial [Nephila pilipes]"
,GFU14749.1,,Protein Digestion & Proteolysis,Serine Proteases,Trypsin / Peptidase S1,0.0,0.0,0.0,0.0,0.0,0.0,No,Trypsin,,,,"tryptase beta-2, partial [Nephila pilipes]"
,GFU20233.1,,Protein Digestion & Proteolysis,Serine Proteases,Trypsin / Peptidase S1,0.0,0.0,0.0,0.0,0.0,0.0,No,Trypsin,,,,clotting factor B [Nephila pilipes]
,GFU20384.1,U27_05483,Protein Digestion & Proteolysis,Serine Proteases,Elastase,0.0,0.0,0.0,0.0,0.0,0.0,No,Serpin,,,,leukocyte elastase inhibitor [Nephila pilipes]
,GFU20595.1,,Protein Digestion & Proteolysis,Serine Proteases,Trypsin / Peptidase S1,0.0,0.0,0.0,0.0,0.0,0.0,No,"Sushi,Trypsin",,,,limulus clotting factor C [Nephila pilipes]
,GFU23463.1,TMPRSS13,Protein Digestion & Proteolysis,Serine Proteases,Trypsin / Peptidase S1,0.0,0.0,0.0,0.0,0.0,0.0,No,"SRCR_2,Trypsin",ko:K09643,"ko05164,map05164",,chymotrypsin B [Nephila pilipes]
,GFU23909.1,,Protein Digestion & Proteolysis,Serine Proteases,Trypsin / Peptidase S1,0.0,0.0,0.0,0.0,0.0,0.0,No,"Ldl_recept_a,Trypsin",,,,"prostasin, partial [Nephila pilipes]"
,GFU23911.1,,Protein Digestion & Proteolysis,Serine Proteases,Trypsin / Peptidase S1,0.0,0.0,0.0,0.0,0.0,0.0,No,"HATPase_c_3,Ldl_recept_a,SEA,SMC_hinge,Trypsin",,,,"prostasin, partial [Nephila pilipes]"
,GFU25100.1,107360535,Protein Digestion & Proteolysis,Serine Proteases,Trypsin / Peptidase S1,0.0,0.0,0.0,0.0,0.0,0.0,No,Trypsin,,,,serine protease filzig [Nephila pilipes]
,GFU25105.1,,Protein Digestion & Proteolysis,Serine Proteases,Trypsin / Peptidase S1,0.0,0.0,0.0,0.0,0.0,0.0,No,Trypsin,ko:K09640,,,serine proteinase stubble [Nephila pilipes]
,GFU25109.1,SP95,Protein Digestion & Proteolysis,Serine Proteases,Trypsin / Peptidase S1,0.0,0.0,0.0,0.0,0.0,0.0,No,Trypsin,,,,serine proteinase stubble [Nephila pilipes]
,GFU26071.1,,Protein Digestion & Proteolysis,Serine Proteases,Trypsin / Peptidase S1,0.0,0.0,0.0,0.0,0.0,0.0,No,Peptidase_S10,,,,probable serine carboxypeptidase CPVL [Nephila pilipes]
,GFU26080.1,,Protein Digestion & Proteolysis,Serine Proteases,Trypsin / Peptidase S1,0.0,0.0,0.0,0.0,0.0,0.0,No,Peptidase_S10,,,,"probable serine carboxypeptidase CPVL, partial [Nephila pilipes]"
,GFU27197.1,Pcsk1,Protein Digestion & Proteolysis,Serine Proteases,Subtilisin-like (Peptidase S8),0.0,0.0,0.0,0.0,0.0,0.0,No,"Peptidase_S8,S8_pro-domain",,,,"neuroendocrine convertase 1, partial [Nephila pilipes]"
,GFU27328.1,Pcsk1,Protein Digestion & Proteolysis,Serine Proteases,Subtilisin-like (Peptidase S8),0.0,0.0,0.0,0.0,0.0,0.0,No,"Peptidase_S8,S8_pro-domain",,,,"neuroendocrine convertase 1, partial [Nephila pilipes]"
,GFU30388.1,,Protein Digestion & Proteolysis,Serine Proteases,Trypsin / Peptidase S1,0.0,0.0,0.0,0.0,0.0,0.0,No,"CLIP,Trypsin",,,,clotting factor B [Nephila pilipes]
,GFU30391.1,,Protein Digestion & Proteolysis,Serine Proteases,Trypsin / Peptidase S1,0.0,0.0,0.0,0.0,0.0,0.0,No,"CLIP,Trypsin",,,,clotting factor B [Nephila pilipes]
,GFU30520.1,,Protein Digestion & Proteolysis,Serine Proteases,Trypsin / Peptidase S1,0.0,0.0,0.0,0.0,0.0,0.0,No,Trypsin,,,,clotting factor B [Nephila pilipes]
,GFU35003.1,PRSS56,Protein Digestion & Proteolysis,Serine Proteases,Trypsin / Peptidase S1,0.0,0.0,0.0,0.0,0.0,0.0,No,Trypsin,,,,"transmembrane protease serine 9, partial [Nephila pilipes]"
,GFU40889.1,,Protein Digestion & Proteolysis,Serine Proteases,Elastase,0.0,0.0,0.0,0.0,0.0,0.0,No,Serpin,ko:K13963,"ko05146,map05146",,leukocyte elastase inhibitor [Nephila pilipes]
,GFU40894.1,Serpinb3a,Protein Digestion & Proteolysis,Serine Proteases,Elastase,0.0,0.0,0.0,0.0,0.0,0.0,No,Serpin,ko:K13963,"ko05146,map05146",,leukocyte elastase inhibitor [Nephila pilipes]
,GFU41055.1,L798_13309,Protein Digestion & Proteolysis,Serine Proteases,Trypsin / Peptidase S1,0.0,0.0,0.0,0.0,0.0,0.0,No,Trypsin,,,,"protein masquerade, partial [Nephila pilipes]"
,GFU41276.1,107366726,Protein Digestion & Proteolysis,Serine Proteases,Trypsin / Peptidase S1,0.0,0.0,0.0,0.0,0.0,0.0,No,"CUB,Ldl_recept_a,Trypsin",ko:K01316,,,plasma kallikrein [Nephila pilipes]
,GFU42416.1,,Protein Digestion & Proteolysis,Serine Proteases,Trypsin / Peptidase S1,0.0,0.0,0.0,0.0,0.0,0.0,No,Trypsin,ko:K01315,"map05164,map05150,ko05164,ko05150,ko04080,map04080,ko04610,map04610",,"enteropeptidase, partial [Nephila pilipes]"
,GFU43653.1,,Protein Digestion & Proteolysis,Serine Proteases,Trypsin / Peptidase S1,0.0,0.0,0.0,0.0,0.0,0.0,No,Trypsin,,,,enteropeptidase [Nephila pilipes]
,GFU43656.1,CTRL,Protein Digestion & Proteolysis,Serine Proteases,Trypsin / Peptidase S1,0.0,0.0,0.0,0.0,0.0,0.0,No,Trypsin,,,,suppressor of tumorigenicity 14 protein [Nephila pilipes]
,GFU43657.1,Y956_01148,Protein Digestion & Proteolysis,Serine Proteases,Trypsin / Peptidase S1,0.0,0.0,0.0,0.0,0.0,0.0,No,"PAN_1,PAN_4,Trypsin",,,,transmembrane protease serine 2 [Nephila pilipes]
,GFU43658.1,,Protein Digestion & Proteolysis,Serine Proteases,Trypsin / Peptidase S1,0.0,0.0,0.0,0.0,0.0,0.0,No,Trypsin,,,,transmembrane protease serine 2 [Nephila pilipes]
,GFU43661.1,GJ12927,Protein Digestion & Proteolysis,Serine Proteases,Trypsin / Peptidase S1,0.0,0.0,0.0,0.0,0.0,0.0,No,Trypsin,,,,chymotrypsin-like elastase family member 2A [Nephila pilipes]
,GFU44962.1,,Protein Digestion & Proteolysis,Serine Proteases,Trypsin / Peptidase S1,0.0,0.0,0.0,0.0,0.0,0.0,No,Trypsin,,,,"tryptase beta-2, partial [Nephila pilipes]"
,GFU45164.1,OVCH2,Protein Digestion & Proteolysis,Serine Proteases,Trypsin / Peptidase S1,0.0,0.0,0.0,0.0,0.0,0.0,No,"CUB,Trypsin",ko:K20111,,,tryptase beta-2 [Nephila pilipes]
,GFU47836.1,107370409,Protein Digestion & Proteolysis,Serine Proteases,Prolyl Oligopeptidase (Peptidase S9),0.0,0.0,0.0,0.0,0.0,0.0,No,"DPPIV_N,Peptidase_S9",,,,inactive dipeptidyl peptidase 10 [Nephila pilipes]
,GFU48812.1,,Protein Digestion & Proteolysis,Serine Proteases,Prolyl Oligopeptidase (Peptidase S9),0.0,0.0,0.0,0.0,0.0,0.0,No,"DPPIV_N,Peptidase_S9",,,,venom dipeptidyl peptidase 4 [Nephila pilipes]
,GFU48818.1,,Protein Digestion & Proteolysis,Serine Proteases,Prolyl Oligopeptidase (Peptidase S9),0.0,0.0,0.0,0.0,0.0,0.0,No,"DPPIV_N,Peptidase_S9",,,,dipeptidyl aminopeptidase-like protein 6 [Nephila pilipes]
,GFU50105.1,st14,Protein Digestion & Proteolysis,Serine Proteases,Trypsin / Peptidase S1,0.0,0.0,0.0,0.0,0.0,0.0,No,"CUB,Ldl_recept_a,SEA,Trypsin",,,,CUB domain-containing protein [Nephila pilipes]
,GFU54398.1,LOC662737,Protein Digestion & Proteolysis,Serine Proteases,Trypsin / Peptidase S1,0.0,0.0,0.0,0.0,0.0,0.0,No,Trypsin,,,,serine proteinase stubble [Nephila pilipes]
,GFU54399.1,LOC662737,Protein Digestion & Proteolysis,Serine Proteases,Trypsin / Peptidase S1,0.0,0.0,0.0,0.0,0.0,0.0,No,Trypsin,,,,serine proteinase stubble [Nephila pilipes]
,GFU54890.1,,Protein Digestion & Proteolysis,Serine Proteases,Prolyl Oligopeptidase (Peptidase S9),0.0,0.0,0.0,0.0,0.0,0.0,No,"DPPIV_N,Peptidase_S9",,,,"dipeptidyl peptidase 4, partial [Nephila pilipes]"
