Gene ID,protein_id,Preferred_Name,KEGG_KO,KEGG_Pathway,KEGG_Module,KEGG_EC,KEGG_BRITE,sseqid,pident,evalue,bitscore,NPFM1,NPFM2,NPFM3,NPFM4,Protein Description,GO_Terms,eggNOG_OGs,Pfam_Domains,Mean_FPKM,Log2_Mean_FPKM,Pathway_Step,Component_Name,Molecular_Function,Expressed_in_Transcriptome
NPIL_11691,GFS80992.1,,,,,,,126957.SMAR012043-PA,37.1,3.74e-45,180.0,0.13954703344764,0.11831784949037,0.271276701707178,0.285490185977561,hypothetical protein NPIL_11691 [Nephila pilipes],,"38VAK@33154,3BFHJ@33208,3CSQB@33213,41ZNA@6656,KOG3528@1,KOG3528@2759",PDZ,0.20365794265568726,0.2674254630716376,4_Scaffold,INAD Signalplex Scaffold,Multi-PDZ Macromolecular Assembly,Yes
NPIL_126431,GFU20188.1,,,,,,,7165.AGAP004717-PB,37.9,6.71e-62,215.0,0.0,0.313856901634019,0.498187778513807,0.0404303403257232,uncharacterized protein NPIL_126431 [Nephila pilipes],,"39U63@33154,3BJGK@33208,3E47N@33213,3SZRM@50557,41TMK@6656,4591I@7147,45GFK@7148,KOG1418@1,KOG1418@2759",Ion_trans_2,0.21311875511838732,0.2787207862657413,5_Channels,TRP / TRPL Cation Channels,Ca2+ / Na+ Influx & Depolarization,Yes
NPIL_128781,GFT22039.1,,,,,,,126957.SMAR009559-PA,75.0,2.13e-14,75.9,0.0,0.0,0.0,0.0,uncharacterized protein NPIL_128781 [Nephila pilipes],,"38E39@33154,3B9HM@33208,3CSWY@33213,41YGT@6656,KOG3193@1,KOG3193@2759","BK_channel_a,Ion_trans_2",0.0,0.0,5_Channels,TRP / TRPL Cation Channels,Ca2+ / Na+ Influx & Depolarization,No
"NPIL_147011,",GFS34762.1,AND_004508,,,,,,43151.ADAC004508-PA,30.3,1.1e-06,52.0,0.0,0.0,0.0,0.0,"hypothetical protein NPIL_147011, partial [Nephila pilipes]",,"39Y0Z@33154,3BG5Z@33208,3CW94@33213,3SHC7@50557,41YF4@6656,456BV@7147,45HFQ@7148,KOG1471@1,KOG1471@2759",CRAL_TRIO,0.0,0.0,7_Chromophore_Cycle,Retinal Binding & Isomerase,Chromophore 11-cis Regeneration,No
NPIL_200751,GFT13101.1,,ko:K14726,,,,"ko02000,ko00000",10224.XP_006811759.1,26.5,8.02e-68,255.0,0.0,0.0,0.0,0.0,hypothetical protein NPIL_200751 [Nephila pilipes],,"38I34@33154,3BEZ7@33208,3CY6B@33213,COG0025@1,KOG1965@2759,KOG2301@1,KOG2301@2759","Ion_trans,Na_H_Exchanger,cNMP_binding",0.0,0.0,5_Channels,TRP / TRPL Cation Channels,Ca2+ / Na+ Influx & Depolarization,No
NPIL_200753,GFT13097.1,,ko:K14726,,,,"ko02000,ko00000",10224.XP_006811759.1,27.1,1.01e-69,261.0,0.0,0.0,0.0,0.0,hypothetical protein NPIL_200753 [Nephila pilipes],,"38I34@33154,3BEZ7@33208,3CY6B@33213,COG0025@1,KOG1965@2759,KOG2301@1,KOG2301@2759","Ion_trans,Na_H_Exchanger,cNMP_binding",0.0,0.0,5_Channels,TRP / TRPL Cation Channels,Ca2+ / Na+ Influx & Depolarization,No
"NPIL_212521,",GFT14195.1,,,,,,,8081.XP_008421484.1,44.6,5.37e-12,67.0,0.0,0.0,0.0,0.0,"hypothetical protein NPIL_212521, partial [Nephila pilipes]",,"38H26@33154,3BB1Q@33208,3CUPE@33213,480KB@7711,49E8Z@7742,4A59N@7898,KOG1471@1,KOG1471@2759",CRAL_TRIO,0.0,0.0,7_Chromophore_Cycle,Retinal Binding & Isomerase,Chromophore 11-cis Regeneration,No
NPIL_217411,GFU29708.1,,ko:K06103,,,2.7.11.1,"ko01000,ko01001,ko04131,ko03036,ko00000",7070.TC002673-PA,64.0,0.0,1224.0,0.0,0.0,0.0,0.0,hypothetical protein NPIL_217411 [Nephila pilipes],,"38CPG@33154,3BB8C@33208,3CRYH@33213,3SJT3@50557,41XR6@6656,COG0194@1,KOG0033@1,KOG0033@2759,KOG0609@2759","Guanylate_kin,L27,PDZ,Pkinase,SH3_2",0.0,0.0,4_Scaffold,INAD Signalplex Scaffold,Multi-PDZ Macromolecular Assembly,No
NPIL_217412,GFU29712.1,,,,,,,126957.SMAR002463-PA,79.9,1.48e-271,754.0,0.0,0.0,0.0,0.0,hypothetical protein NPIL_217412 [Nephila pilipes],,"38CPG@33154,3BB8C@33208,3CRYH@33213,41XR6@6656,COG0194@1,KOG0609@2759","Guanylate_kin,L27,PDZ,SH3_2",0.0,0.0,4_Scaffold,INAD Signalplex Scaffold,Multi-PDZ Macromolecular Assembly,No
NPIL_225611,GFU33474.1,L798_12071,,,,,,136037.KDR13777,68.1,4.3e-58,190.0,0.0181926184470272,0.180621648352432,0.16104882673197,0.0,uncharacterized protein NPIL_225611 [Nephila pilipes],,"38D4U@33154,3BHNQ@33208,3D3RI@33213,3SHU6@50557,41TSA@6656,KOG3780@1,KOG3780@2759","Arrestin_C,Arrestin_N",0.0899657733828573,0.12428283284982385,6_Deactivation,Visual Arrestins (Arr1/Arr2),Opsin Quenching & Inactivation,No
NPIL_22961,GFT56146.1,,,,,,,126957.SMAR009559-PA,75.0,2.13e-14,75.9,0.133429685182467,0.0,0.0562465022687314,0.0,uncharacterized protein NPIL_22961 [Nephila pilipes],,"38E39@33154,3B9HM@33208,3CSWY@33213,41YGT@6656,KOG3193@1,KOG3193@2759","BK_channel_a,Ion_trans_2",0.0474190468627996,0.06683874492439912,5_Channels,TRP / TRPL Cation Channels,Ca2+ / Na+ Influx & Depolarization,No
"NPIL_230311,",GFS72827.1,,,,,,,13249.RPRC005715-PA,90.7,6.92e-19,82.0,0.0,0.0,0.0,0.0,"hypothetical protein NPIL_230311, partial [Nephila pilipes]",,"38BH5@33154,3BEZ5@33208,3CW8I@33213,3E7D0@33342,3SGRG@50557,41WTV@6656,KOG3580@1,KOG3580@2759",PDZ,0.0,0.0,4_Scaffold,INAD Signalplex Scaffold,Multi-PDZ Macromolecular Assembly,No
NPIL_231271,GFS66572.1,,ko:K14726,,,,"ko02000,ko00000",7739.XP_002597565.1,23.0,1.24e-43,178.0,0.0,0.0,0.0,0.0,hypothetical protein NPIL_231271 [Nephila pilipes],,"38I34@33154,3BEZ7@33208,3CY6B@33213,4833G@7711,COG0025@1,KOG1965@2759,KOG2301@1,KOG2301@2759","Ion_trans,Na_H_Exchanger,cNMP_binding",0.0,0.0,5_Channels,TRP / TRPL Cation Channels,Ca2+ / Na+ Influx & Depolarization,No
NPIL_231272,GFS66574.1,,ko:K14726,,,,"ko02000,ko00000",7739.XP_002597565.1,21.3,5.05e-33,145.0,0.0,0.0,0.0,0.0,hypothetical protein NPIL_231272 [Nephila pilipes],,"38I34@33154,3BEZ7@33208,3CY6B@33213,4833G@7711,COG0025@1,KOG1965@2759,KOG2301@1,KOG2301@2759","Ion_trans,Na_H_Exchanger,cNMP_binding",0.0,0.0,5_Channels,TRP / TRPL Cation Channels,Ca2+ / Na+ Influx & Depolarization,No
NPIL_231273,GFS66578.1,,ko:K14726,,,,"ko02000,ko00000",10224.XP_006811759.1,40.9,1.32e-78,272.0,0.0,0.0,0.0,0.0,hypothetical protein NPIL_231273 [Nephila pilipes],,"38I34@33154,3BEZ7@33208,3CY6B@33213,COG0025@1,KOG1965@2759,KOG2301@1,KOG2301@2759","Ion_trans,Na_H_Exchanger,cNMP_binding",0.0,0.0,5_Channels,TRP / TRPL Cation Channels,Ca2+ / Na+ Influx & Depolarization,No
NPIL_231274,GFS66576.1,,ko:K14726,,,,"ko02000,ko00000",7739.XP_002597565.1,31.1,7.200000000000002e-116,390.0,0.0,0.0,0.0731742575504909,0.0,hypothetical protein NPIL_231274 [Nephila pilipes],,"38I34@33154,3BEZ7@33208,3CY6B@33213,4833G@7711,COG0025@1,KOG1965@2759,KOG2301@1,KOG2301@2759","Ion_trans,Na_H_Exchanger,cNMP_binding",0.018293564387622724,0.026153536690008507,5_Channels,TRP / TRPL Cation Channels,Ca2+ / Na+ Influx & Depolarization,No
NPIL_238141,GFT91355.1,,,,,,,126957.SMAR007966-PA,65.2,0.0,1380.0,0.170218216172734,0.31049434115309,0.467816688202837,0.0668524341849018,hypothetical protein NPIL_238141 [Nephila pilipes],,"38F50@33154,3B985@33208,3CV99@33213,41W45@6656,KOG3542@2759,KOG3629@1","PDZ,RA,RasGEF,RasGEF_N",0.25384541992839066,0.32635949674509207,4_Scaffold,INAD Signalplex Scaffold,Multi-PDZ Macromolecular Assembly,Yes
"NPIL_260341,",GFT62409.1,,,,,,,7460.GB40647-PA,76.5,1.52e-07,52.4,0.0,0.0,0.0,0.0,"hypothetical protein NPIL_260341, partial [Nephila pilipes]",,"3A0AB@33154,3BPVI@33208,3D6YD@33213,3SQE7@50557,421ZC@6656,COG0194@1,KOG0708@2759",PDZ,0.0,0.0,4_Scaffold,INAD Signalplex Scaffold,Multi-PDZ Macromolecular Assembly,No
NPIL_268831,GFT17350.1,,,,,,,126957.SMAR011054-PA,57.3,0.0,1456.0,0.0,0.0,0.0,0.0,hypothetical protein NPIL_268831 [Nephila pilipes],,"38D7M@33154,3BAJ2@33208,3CS8C@33213,41YB7@6656,COG4286@1,KOG0606@1,KOG0606@2759,KOG2948@2759,KOG3553@1,KOG3553@2759,KOG3765@1,KOG3765@2759","DUF1908,Glyco_transf_8,PDZ,Pkinase,UPF0160",0.0,0.0,4_Scaffold,INAD Signalplex Scaffold,Multi-PDZ Macromolecular Assembly,No
NPIL_268832,GFT17352.1,,,,,,,126957.SMAR011054-PA,57.7,0.0,1463.0,0.0,0.0,0.0,0.0,hypothetical protein NPIL_268832 [Nephila pilipes],,"38D7M@33154,3BAJ2@33208,3CS8C@33213,41YB7@6656,COG4286@1,KOG0606@1,KOG0606@2759,KOG2948@2759,KOG3553@1,KOG3553@2759,KOG3765@1,KOG3765@2759","DUF1908,Glyco_transf_8,PDZ,Pkinase,UPF0160",0.0,0.0,4_Scaffold,INAD Signalplex Scaffold,Multi-PDZ Macromolecular Assembly,No
NPIL_272391,GFU19219.1,EH28_06806,,,,,,215358.XP_010749651.1,40.8,4.27e-12,67.4,0.0,0.132868200312354,0.284328280231929,0.0667515529006898,hypothetical protein NPIL_272391 [Nephila pilipes],,"38H26@33154,3BB1Q@33208,3CUPE@33213,480KB@7711,495UQ@7742,49W5Z@7898,KOG1471@1,KOG1471@2759","CRAL_TRIO,CRAL_TRIO_N",0.12098700836124321,0.16476955817775762,7_Chromophore_Cycle,Retinal Binding & Isomerase,Chromophore 11-cis Regeneration,Yes
NPIL_274931,GFT94245.1,,,,,,,7091.BGIBMGA007932-TA,28.3,7.66e-33,141.0,0.0252986603825949,0.111632229124331,0.233285983564512,0.0116839228497003,uncharacterized protein NPIL_274931 [Nephila pilipes],,"39WBF@33154,3BMWZ@33208,3D0QN@33213,3SGSJ@50557,41TK1@6656,KOG3522@1,KOG3522@2759,KOG3528@1,KOG3528@2759","PDZ,RhoGEF",0.09547519898028456,0.1315568227916922,4_Scaffold,INAD Signalplex Scaffold,Multi-PDZ Macromolecular Assembly,No
NPIL_285361,GFT86779.1,,,,,,,32264.tetur03g09080.1,60.5,2.31e-09,61.6,0.0,0.0,0.0,0.0,uncharacterized protein NPIL_285361 [Nephila pilipes],,"38BYK@33154,3BAHQ@33208,3CSUW@33213,41Y1S@6656,KOG2301@1,KOG2301@2759","Ca_chan_IQ,GPHH,Ion_trans",0.0,0.0,5_Channels,TRP / TRPL Cation Channels,Ca2+ / Na+ Influx & Depolarization,No
NPIL_296271,GFU36353.1,,,,,,,126957.SMAR004706-PA,49.4,1.66e-05,58.5,0.0,0.0,0.0,0.102690223685375,uncharacterized protein NPIL_296271 [Nephila pilipes],,"3976T@33154,3BCJ6@33208,3CTWW@33213,41WBU@6656,KOG1892@1,KOG1892@2759","DIL,FHA,PDZ,RA",0.02567255592134375,0.03657022670797911,4_Scaffold,INAD Signalplex Scaffold,Multi-PDZ Macromolecular Assembly,No
"NPIL_300801,",GFS50032.1,,,,,,,7425.NV12549-PA,52.5,1.33e-05,47.8,0.0,0.0,0.0,0.0,"hypothetical protein NPIL_300801, partial [Nephila pilipes]",,"39XD4@33154,3BJZB@33208,3D2PQ@33213,3SJ0G@50557,41UMT@6656,46DWD@7399,KOG1471@1,KOG1471@2759",CRAL_TRIO,0.0,0.0,7_Chromophore_Cycle,Retinal Binding & Isomerase,Chromophore 11-cis Regeneration,No
"NPIL_305631,",GFT42667.1,,,,,,,34740.HMEL004637-PA,93.6,6.57e-24,96.3,0.0,0.0,0.0,0.0,"hypothetical protein NPIL_305631, partial [Nephila pilipes]",,"38C5X@33154,3BBK2@33208,3CZ4A@33213,3SIW6@50557,41W9Z@6656,442UH@7088,KOG0498@1,KOG0498@2759",Ion_trans,0.0,0.0,5_Channels,TRP / TRPL Cation Channels,Ca2+ / Na+ Influx & Depolarization,No
NPIL_307141,GFT54590.1,AND_010362,,,,,,43151.ADAC010362-PA,53.5,0.000207,45.1,0.491807540102715,0.180844793003319,0.691061959771488,0.0,hypothetical protein NPIL_307141 [Nephila pilipes],,"38BJZ@33154,3B9NF@33208,3CZUF@33213,3SH9I@50557,41WHM@6656,44XCH@7147,45E9Q@7148,KOG3609@1,KOG3609@2759","Ank,Ion_trans,TRP_2",0.3409285732193805,0.42323239174900595,5_Channels,TRP / TRPL Cation Channels,Ca2+ / Na+ Influx & Depolarization,Yes
NPIL_307451,GFS67427.1,CACNA1I,ko:K04856,"map04927,ko04934,map04010,ko04020,map04713,map04020,ko04927,ko04010,ko04925,map04925,ko04713,map04934",,,"ko00001,ko04040,ko00000",118797.XP_007454167.1,44.0,3.29e-08,59.3,0.0,0.0,0.0,0.0,uncharacterized protein NPIL_307451 [Nephila pilipes],,"3ARFA@33154,3C2IT@33208,3DHPC@33213,3J55Z@40674,47ZG2@7711,4978R@7742,4JAUP@91561,KOG2301@1,KOG2302@2759",Ion_trans,0.0,0.0,5_Channels,TRP / TRPL Cation Channels,Ca2+ / Na+ Influx & Depolarization,No
NPIL_314971,GFT33407.1,GH15438,,,,,,7222.FBpp0149344,33.3,0.000101,51.2,0.423988153845951,0.201761504683503,0.0140180174811273,0.0,hypothetical protein NPIL_314971 [Nephila pilipes],,"39XD4@33154,3BJZB@33208,3D2PQ@33213,3SM3X@50557,41YTK@6656,455A2@7147,45P5Q@7214,KOG1471@1,KOG1471@2759",CRAL_TRIO,0.15994191900264532,0.21405256805571124,7_Chromophore_Cycle,Retinal Binding & Isomerase,Chromophore 11-cis Regeneration,Yes
NPIL_334961,GFT15204.1,L798_02176,,,,,,136037.KDR23021,55.2,5.94e-45,166.0,0.0,0.237634021325689,0.282510840940674,0.0,uncharacterized protein NPIL_334961 [Nephila pilipes],,"2CMBN@1,2QPWE@2759,38EFM@33154,3BD22@33208,3CW8N@33213,3SFM5@50557,41WNA@6656","EF-hand_7,MCC-bdg_PDZ",0.13003621556659076,0.1763690090839042,4_Scaffold,INAD Signalplex Scaffold,Multi-PDZ Macromolecular Assembly,Yes
"NPIL_3411,",GFS98923.1,,,,,,,7029.ACYPI005276-PA,86.0,4.89e-18,82.8,0.0,0.0,0.0,0.0,"hypothetical protein NPIL_3411, partial [Nephila pilipes]",,"38HAJ@33154,3BB5P@33208,3CRBS@33213,3E80P@33342,3SJH6@50557,41UC3@6656,COG2202@1,KOG0501@2759","Ion_trans,PAS_9,cNMP_binding",0.0,0.0,5_Channels,TRP / TRPL Cation Channels,Ca2+ / Na+ Influx & Depolarization,No
NPIL_349811,GFU32633.1,,,,,,,32264.tetur03g09080.1,60.5,2.31e-09,61.6,0.0,0.0,0.0,0.0,uncharacterized protein NPIL_349811 [Nephila pilipes],,"38BYK@33154,3BAHQ@33208,3CSUW@33213,41Y1S@6656,KOG2301@1,KOG2301@2759","Ca_chan_IQ,GPHH,Ion_trans",0.0,0.0,5_Channels,TRP / TRPL Cation Channels,Ca2+ / Na+ Influx & Depolarization,No
"NPIL_354191,",GFT51922.1,,,,,,,6669.EFX85359,38.0,1.72e-07,53.9,0.0,0.0,0.0,0.0,"hypothetical protein NPIL_354191, partial [Nephila pilipes]",,"38H26@33154,3BB1Q@33208,3CUPE@33213,41XNK@6656,KOG1471@1,KOG1471@2759",CRAL_TRIO,0.0,0.0,7_Chromophore_Cycle,Retinal Binding & Isomerase,Chromophore 11-cis Regeneration,No
NPIL_362841,GFT45691.1,,,,,,,7739.XP_002596689.1,26.8,4.61e-15,84.0,0.620660161213743,0.631262789728521,0.786762538974355,0.0650542824855905,uncharacterized protein NPIL_362841 [Nephila pilipes],,"29QCU@1,2RX8B@2759,38I2K@33154,3BHQ5@33208,3CWIF@33213,48AXT@7711",Ion_trans,0.5259349431005523,0.6096934554444344,5_Channels,TRP / TRPL Cation Channels,Ca2+ / Na+ Influx & Depolarization,Yes
NPIL_377171,GFT11950.1,,,,,,,126957.SMAR001188-PA,51.5,1.7500000000000002e-43,153.0,1.88507509568289,0.594145335917297,0.227040675824468,0.0,uncharacterized protein NPIL_377171 [Nephila pilipes],,"39QTD@33154,3BG8M@33208,3CXH3@33213,41UFB@6656,KOG1418@1,KOG1418@2759",Ion_trans_2,0.6765652768561637,0.7455086553734573,5_Channels,TRP / TRPL Cation Channels,Ca2+ / Na+ Influx & Depolarization,Yes
"NPIL_381351,",GFT26412.1,,,,,,,34740.HMEL004637-PA,92.0,1.25e-25,100.0,0.0,0.0,0.0,0.0,"hypothetical protein NPIL_381351, partial [Nephila pilipes]",,"38C5X@33154,3BBK2@33208,3CZ4A@33213,3SIW6@50557,41W9Z@6656,442UH@7088,KOG0498@1,KOG0498@2759",Ion_trans,0.0,0.0,5_Channels,TRP / TRPL Cation Channels,Ca2+ / Na+ Influx & Depolarization,No
"NPIL_402041,",GFS70817.1,,,,,,,69319.XP_008547798.1,80.4,2.1e-18,84.0,0.0,0.0,0.0,0.0,"hypothetical protein NPIL_402041, partial [Nephila pilipes]",,"38BST@33154,3BC6F@33208,3CVQC@33213,3SIT8@50557,41UAK@6656,46KRQ@7399,KOG2243@1,KOG2243@2759","Ins145_P3_rec,Ion_trans,MIR,RIH_assoc,RR_TM4-6,RYDR_ITPR,RyR,SPRY",0.0,0.0,5_Channels,TRP / TRPL Cation Channels,Ca2+ / Na+ Influx & Depolarization,No
NPIL_403961,GFU00626.1,105623697,,,,,,12957.ACEP27526-PA,28.5,1.89e-38,165.0,0.0,0.0,0.0,0.0,uncharacterized protein NPIL_403961 [Nephila pilipes],,"38DKI@33154,3BCEM@33208,3CTMI@33213,3SGK2@50557,41TW6@6656,46I0Z@7399,KOG3605@1,KOG3605@2759","PDZ,PID",0.0,0.0,4_Scaffold,INAD Signalplex Scaffold,Multi-PDZ Macromolecular Assembly,No
NPIL_403962,GFU00624.1,105623697,,,,,,12957.ACEP27526-PA,28.4,1.57e-36,159.0,0.0,0.0,0.0,0.0,uncharacterized protein NPIL_403962 [Nephila pilipes],,"38DKI@33154,3BCEM@33208,3CTMI@33213,3SGK2@50557,41TW6@6656,46I0Z@7399,KOG3605@1,KOG3605@2759","PDZ,PID",0.0,0.0,4_Scaffold,INAD Signalplex Scaffold,Multi-PDZ Macromolecular Assembly,No
NPIL_407781,GFS79819.1,sec14l2,,,,,,8128.ENSONIP00000017704,38.9,2.78e-15,78.6,0.0134910032827749,0.0,0.0227482136591827,0.0249227175094916,uncharacterized protein NPIL_407781 [Nephila pilipes],,"38H26@33154,3BB1Q@33208,3CUPE@33213,480KB@7711,495UQ@7742,49W5Z@7898,KOG1471@1,KOG1471@2759",CRAL_TRIO,0.0152904836128623,0.02189255431771229,7_Chromophore_Cycle,Retinal Binding & Isomerase,Chromophore 11-cis Regeneration,No
"NPIL_407831,",GFS62287.1,,,,,,,126957.SMAR010604-PA,68.9,4.64e-10,60.8,0.0,0.0,0.0,0.0,"uncharacterized protein NPIL_407831, partial [Nephila pilipes]",,"38EFB@33154,3BIZK@33208,3CWG0@33213,41XVP@6656,KOG3528@1,KOG3528@2759","PDZ,PH",0.0,0.0,4_Scaffold,INAD Signalplex Scaffold,Multi-PDZ Macromolecular Assembly,No
NPIL_424901,GFT37948.1,L798_13644,ko:K04834,"ko04742,map04742",,,"ko00001,ko04040,ko00000",136037.KDR11988,44.4,1.37e-17,85.1,0.0,0.0,0.0,0.0,uncharacterized protein NPIL_424901 [Nephila pilipes],,"38BYK@33154,3B9I5@33208,3CRAE@33213,3SIHT@50557,41TGE@6656,KOG2301@1,KOG2301@2759","Ion_trans,Na_trans_assoc,Na_trans_cytopl",0.0,0.0,5_Channels,TRP / TRPL Cation Channels,Ca2+ / Na+ Influx & Depolarization,No
NPIL_428571,GFT15989.1,,ko:K21879,,,,"ko03036,ko00000",8090.ENSORLP00000022185,71.1,2.97e-12,67.8,0.0,0.0813236428536801,0.0621523850069482,0.0,hypothetical protein NPIL_428571 [Nephila pilipes],,"38CJ3@33154,3BFF4@33208,3CVCB@33213,KOG3528@1,KOG3528@2759",PDZ,0.035869006965157074,0.05084157546618453,4_Scaffold,INAD Signalplex Scaffold,Multi-PDZ Macromolecular Assembly,No
"NPIL_432461,",GFT61876.1,,,,,,,32264.tetur20g00280.1,39.0,0.000434,42.7,0.0,0.0,0.0,0.0,"hypothetical protein NPIL_432461, partial [Nephila pilipes]",,"38I54@33154,3B9FK@33208,3CSID@33213,41UGF@6656,KOG3552@1,KOG3552@2759","FERM_M,FERM_N,PDZ,WW",0.0,0.0,4_Scaffold,INAD Signalplex Scaffold,Multi-PDZ Macromolecular Assembly,No
NPIL_433371,GFU49030.1,,,,,,,7070.TC010148-PA,86.1,6.94e-65,206.0,0.0,0.0138320217461346,0.248424543027666,0.0,hypothetical protein NPIL_433371 [Nephila pilipes],,"3A07B@33154,3BPVQ@33208,3D6SQ@33213,3SQWR@50557,41YVY@6656,KOG0498@1,KOG0498@2759",Ion_trans,0.06556414119345015,0.09161743816666315,5_Channels,TRP / TRPL Cation Channels,Ca2+ / Na+ Influx & Depolarization,No
NPIL_433381,GFU49032.1,,,,,,,126957.SMAR013767-PA,53.4,2.17e-46,162.0,0.0095825689902755,0.385839689873663,0.488776575568493,0.0531073163990946,hypothetical protein NPIL_433381 [Nephila pilipes],,"3A3X2@33154,3BRCX@33208,3D8XN@33213,41ZUH@6656,KOG0498@1,KOG0498@2759",Ion_trans_N,0.23432653770788153,0.3037241060051349,5_Channels,TRP / TRPL Cation Channels,Ca2+ / Na+ Influx & Depolarization,Yes
NPIL_442501,GFU49616.1,,,,,,,126957.SMAR004706-PA,49.4,1.65e-05,58.5,0.0,0.0280535182971601,0.0042880348415815,0.0187917139567492,uncharacterized protein NPIL_442501 [Nephila pilipes],,"3976T@33154,3BCJ6@33208,3CTWW@33213,41WBU@6656,KOG1892@1,KOG1892@2759","DIL,FHA,PDZ,RA",0.012783316773872701,0.018325545062701794,4_Scaffold,INAD Signalplex Scaffold,Multi-PDZ Macromolecular Assembly,No
NPIL_443771,GFT83319.1,,,,,,,32507.XP_006782478.1,31.3,4.53e-06,52.0,0.34822068135113,0.279372686131805,0.0266891615703481,0.0,hypothetical protein NPIL_443771 [Nephila pilipes],,"39CE2@33154,3B98E@33208,3D19K@33213,489ZJ@7711,48ZQT@7742,49W1G@7898,KOG1471@1,KOG1471@2759","CRAL_TRIO,CRAL_TRIO_N",0.16357063226332078,0.21855878936218112,7_Chromophore_Cycle,Retinal Binding & Isomerase,Chromophore 11-cis Regeneration,Yes
"NPIL_446151,",GFT48896.1,,,,,,,6500.XP_005100649.1,56.9,9.57e-13,68.6,0.0,0.0,0.0,0.0,"hypothetical protein NPIL_446151, partial [Nephila pilipes]",,"38H26@33154,3BB1Q@33208,3CUPE@33213,COG2801@1,KOG0017@2759,KOG1471@1,KOG1471@2759","CRAL_TRIO,RVT_1",0.0,0.0,7_Chromophore_Cycle,Retinal Binding & Isomerase,Chromophore 11-cis Regeneration,No
NPIL_449901,GFT33345.1,,,,,,,126957.SMAR007230-PA,41.9,2.8500000000000004e-56,191.0,1.42100461855996,0.586506628786465,0.645877983414928,0.303583541558428,hypothetical protein NPIL_449901 [Nephila pilipes],,"38W1C@33154,3BAA3@33208,3CTMG@33213,4206K@6656,KOG3528@1,KOG3528@2759",PDZ,0.7392431930799452,0.7984596744040673,4_Scaffold,INAD Signalplex Scaffold,Multi-PDZ Macromolecular Assembly,Yes
NPIL_451821,GFU02955.1,,,,,,,126957.SMAR004544-PA,54.3,7.080000000000002e-66,209.0,0.0960389537532646,0.229546990277724,0.458826128969735,0.0,hypothetical protein NPIL_451821 [Nephila pilipes],,"3ANG5@33154,3C1WY@33208,3DHKB@33213,422TC@6656,KOG1418@1,KOG1418@2759",Ion_trans_2,0.1961030182501809,0.25834165167490997,5_Channels,TRP / TRPL Cation Channels,Ca2+ / Na+ Influx & Depolarization,Yes
NPIL_451871,GFU02965.1,,,,,,,126957.SMAR001188-PA,52.3,2.4e-33,131.0,0.104613606830422,0.0,0.17639701288003,0.579776459030116,hypothetical protein NPIL_451871 [Nephila pilipes],,"39QTD@33154,3BG8M@33208,3CXH3@33213,41UFB@6656,KOG1418@1,KOG1418@2759",Ion_trans_2,0.215196769685142,0.2811899398922157,5_Channels,TRP / TRPL Cation Channels,Ca2+ / Na+ Influx & Depolarization,Yes
NPIL_499251,GFT59926.1,CASK,,,,,,10141.ENSCPOP00000009747,57.1,2.76e-10,62.4,0.0961792614015298,0.331561075746326,0.385166140905356,0.222096951570161,uncharacterized protein NPIL_499251 [Nephila pilipes],,"35EAW@314146,38CPG@33154,3BB8C@33208,3CRYH@33213,3J8FT@40674,4869K@7711,48ZBK@7742,4PUC3@9989,COG0194@1,KOG0033@1,KOG0033@2759,KOG0609@2759","Guanylate_kin,L27,PDZ,Pkinase,SH3_2",0.2587508574058432,0.3319927609329432,4_Scaffold,INAD Signalplex Scaffold,Multi-PDZ Macromolecular Assembly,Yes
NPIL_499281,GFT59932.1,,,,,,,13249.RPRC013013-PA,78.3,3.99e-276,762.0,0.0,0.185749933712902,0.425883580347396,0.0,hypothetical protein NPIL_499281 [Nephila pilipes],,"38CPG@33154,3BB8C@33208,3CRYH@33213,3ECVT@33342,3SJT3@50557,41XR6@6656,COG0194@1,KOG0609@2759","Guanylate_kin,PDZ,SH3_2",0.1529083785150745,0.20527786675027468,4_Scaffold,INAD Signalplex Scaffold,Multi-PDZ Macromolecular Assembly,Yes
NPIL_499282,GFT59934.1,,,,,,,126957.SMAR002463-PA,81.1,1.83e-269,748.0,0.0,0.0,0.0,0.0,hypothetical protein NPIL_499282 [Nephila pilipes],,"38CPG@33154,3BB8C@33208,3CRYH@33213,41XR6@6656,COG0194@1,KOG0609@2759","Guanylate_kin,L27,PDZ,SH3_2",0.0,0.0,4_Scaffold,INAD Signalplex Scaffold,Multi-PDZ Macromolecular Assembly,No
NPIL_500641,GFT68675.1,,,,,,,126957.SMAR004544-PA,59.4,1.78e-75,237.0,0.392518607991019,0.0,0.206829900189511,0.0,hypothetical protein NPIL_500641 [Nephila pilipes],,"3ANG5@33154,3C1WY@33208,3DHKB@33213,422TC@6656,KOG1418@1,KOG1418@2759",Ion_trans_2,0.1498371270451325,0.20142951973876222,5_Channels,TRP / TRPL Cation Channels,Ca2+ / Na+ Influx & Depolarization,Yes
NPIL_500681,GFT68679.1,,,,,,,126957.SMAR001188-PA,53.4,6.66e-37,136.0,0.0,0.0,0.41959416038446,0.0,hypothetical protein NPIL_500681 [Nephila pilipes],,"39QTD@33154,3BG8M@33208,3CXH3@33213,41UFB@6656,KOG1418@1,KOG1418@2759",Ion_trans_2,0.104898540096115,0.1439138968378613,5_Channels,TRP / TRPL Cation Channels,Ca2+ / Na+ Influx & Depolarization,Yes
NPIL_501061,GFS57455.1,,,,,,,69293.ENSGACP00000018990,42.0,3.03e-09,59.7,0.0080722585341706,0.0356194438997777,0.27222506436112,0.134211187562919,hypothetical protein NPIL_501061 [Nephila pilipes],,"38H26@33154,3BB1Q@33208,3CUPE@33213,480KB@7711,495UQ@7742,49W5Z@7898,KOG1471@1,KOG1471@2759","CRAL_TRIO,CRAL_TRIO_N",0.11253198858949683,0.15384681843045508,7_Chromophore_Cycle,Retinal Binding & Isomerase,Chromophore 11-cis Regeneration,Yes
NPIL_504991,GFU54969.1,,ko:K06091,"map05165,map04390,map04391,ko05165,ko04530,map04530,ko04391,ko04390",,,"ko00001,ko00000",6087.XP_002165318.2,57.5,4.81e-07,59.3,0.220346284576463,0.136401019099537,0.227202396574111,0.292847876121178,uncharacterized protein NPIL_504991 [Nephila pilipes],,"38CU2@33154,3BA43@33208,COG0194@1,KOG0609@2759","Guanylate_kin,PDZ,SH3_2",0.21919939409282227,0.28593409096593814,4_Scaffold,INAD Signalplex Scaffold,Multi-PDZ Macromolecular Assembly,Yes
NPIL_505261,GFT30134.1,,,,,,,34740.HMEL013345-PA,58.1,1.07e-14,77.4,0.0,0.0,0.483911513436093,0.0,uncharacterized protein NPIL_505261 [Nephila pilipes],,"38BBJ@33154,3BA2P@33208,3CR7B@33213,3SZ3B@50557,41XSU@6656,4416J@7088,COG2126@1,KOG1419@2759","Ion_trans,KCNQ_channel",0.12097787835902325,0.16475780794116449,5_Channels,TRP / TRPL Cation Channels,Ca2+ / Na+ Influx & Depolarization,Yes
"NPIL_508991,",GFT11857.1,,,,,,,8081.XP_008421484.1,46.7,8.57e-11,62.8,0.0,0.0,0.0,0.0,"uncharacterized protein NPIL_508991, partial [Nephila pilipes]",,"38H26@33154,3BB1Q@33208,3CUPE@33213,480KB@7711,49E8Z@7742,4A59N@7898,KOG1471@1,KOG1471@2759",CRAL_TRIO,0.0,0.0,7_Chromophore_Cycle,Retinal Binding & Isomerase,Chromophore 11-cis Regeneration,No
"NPIL_508992,",GFT11859.1,,,,,,,8081.XP_008421484.1,57.9,9.45e-08,55.5,0.0,0.0,0.0,0.0,"hypothetical protein NPIL_508992, partial [Nephila pilipes]",,"38H26@33154,3BB1Q@33208,3CUPE@33213,480KB@7711,49E8Z@7742,4A59N@7898,KOG1471@1,KOG1471@2759",CRAL_TRIO,0.0,0.0,7_Chromophore_Cycle,Retinal Binding & Isomerase,Chromophore 11-cis Regeneration,No
NPIL_529051,GFS51953.1,,,,,,,126957.SMAR001188-PA,56.3,7.36e-45,156.0,0.0,0.0,0.491080572894405,1.07604602066906,uncharacterized protein NPIL_529051 [Nephila pilipes],,"39QTD@33154,3BG8M@33208,3CXH3@33213,41UFB@6656,KOG1418@1,KOG1418@2759",Ion_trans_2,0.39178164839086627,0.4769328897116826,5_Channels,TRP / TRPL Cation Channels,Ca2+ / Na+ Influx & Depolarization,Yes
NPIL_532361,GFU19431.1,,ko:K04955,"map04024,ko04024",,,"ko00001,ko04040,ko00000",7425.NV10649-PA,75.4,0.0,909.0,0.0,0.0,0.0,0.0,hypothetical protein NPIL_532361 [Nephila pilipes],,"38C5X@33154,3BBK2@33208,3CZ4A@33213,3SIW6@50557,41W9Z@6656,46JH3@7399,KOG0498@1,KOG0498@2759","Ion_trans,Ion_trans_N,cNMP_binding",0.0,0.0,5_Channels,TRP / TRPL Cation Channels,Ca2+ / Na+ Influx & Depolarization,No
NPIL_532362,GFU19433.1,AND_007429,,,,,,43151.ADAC007429-PA,76.8,0.0,923.0,0.0,0.0,0.0,0.0,hypothetical protein NPIL_532362 [Nephila pilipes],,"38C5X@33154,3BBK2@33208,3CZ4A@33213,3SIW6@50557,41W9Z@6656,44XXK@7147,45G16@7148,KOG0498@1,KOG0498@2759","Ion_trans,Ion_trans_N,cNMP_binding",0.0,0.0,5_Channels,TRP / TRPL Cation Channels,Ca2+ / Na+ Influx & Depolarization,No
NPIL_542301,GFS74480.1,GL11015,ko:K04978,,,,"ko04040,ko00000",7234.FBpp0175122,43.0,1.4e-14,75.5,0.0,0.0,0.101669242769516,0.0,uncharacterized protein NPIL_542301 [Nephila pilipes],,"38D2H@33154,3BASE@33208,3CSW8@33213,3SHHK@50557,41UGV@6656,44Z65@7147,45REE@7214,KOG3614@1,KOG3614@2759",Ion_trans,0.025417310692379,0.036211158064588134,5_Channels,TRP / TRPL Cation Channels,Ca2+ / Na+ Influx & Depolarization,No
"NPIL_549491,",GFT25599.1,,,,,,,6500.XP_005100649.1,49.2,4.39e-08,55.1,0.0,0.0,0.0,0.0,"hypothetical protein NPIL_549491, partial [Nephila pilipes]",,"38H26@33154,3BB1Q@33208,3CUPE@33213,COG2801@1,KOG0017@2759,KOG1471@1,KOG1471@2759","CRAL_TRIO,RVT_1",0.0,0.0,7_Chromophore_Cycle,Retinal Binding & Isomerase,Chromophore 11-cis Regeneration,No
NPIL_55551,GFT21864.1,EH28_06806,,,,,,215358.XP_010749651.1,37.7,1.96e-09,60.5,0.0,0.0320987982647533,0.122659093838233,0.071671513587858,hypothetical protein NPIL_55551 [Nephila pilipes],,"38H26@33154,3BB1Q@33208,3CUPE@33213,480KB@7711,495UQ@7742,49W5Z@7898,KOG1471@1,KOG1471@2759","CRAL_TRIO,CRAL_TRIO_N",0.056607351422711075,0.0794393526938039,7_Chromophore_Cycle,Retinal Binding & Isomerase,Chromophore 11-cis Regeneration,No
"NPIL_561591,",GFT69129.1,,ko:K04946,,,,"ko04040,ko00000",32264.tetur18g00390.1,95.6,4e-19,90.5,0.0,0.0,0.0,0.0,"hypothetical protein NPIL_561591, partial [Nephila pilipes]",,"38E39@33154,3B9HM@33208,3CSWY@33213,41YGT@6656,KOG3193@1,KOG3193@2759","BK_channel_a,Ion_trans_2",0.0,0.0,5_Channels,TRP / TRPL Cation Channels,Ca2+ / Na+ Influx & Depolarization,No
NPIL_56191,GFT39720.1,TRPG,ko:K04967,"map04745,ko04745,ko04360,map04360",,,"ko00001,ko04040,ko00000",6669.EFX75016,69.7,0.000157,45.4,0.0,0.535464315085959,0.306925358059003,0.0,hypothetical protein NPIL_56191 [Nephila pilipes],,"38BJZ@33154,3B9NF@33208,3CRT8@33213,41VGR@6656,KOG3609@1,KOG3609@2759","Ion_trans,TRP_2",0.2105974182862405,0.27571917948008645,5_Channels,TRP / TRPL Cation Channels,Ca2+ / Na+ Influx & Depolarization,Yes
NPIL_562331,GFS50241.1,,,,,,,126957.SMAR004706-PA,49.4,1.66e-05,58.5,0.0101098690067113,0.0,0.0170470242583555,0.0466913772146836,uncharacterized protein NPIL_562331 [Nephila pilipes],,"3976T@33154,3BCJ6@33208,3CTWW@33213,41WBU@6656,KOG1892@1,KOG1892@2759","DIL,FHA,PDZ,RA",0.0184620676199376,0.0263922484670806,4_Scaffold,INAD Signalplex Scaffold,Multi-PDZ Macromolecular Assembly,No
NPIL_585091,GFU24055.1,,,,,,,126957.SMAR007966-PA,66.2,0.0,1632.0,0.820396475822377,0.629976615283045,0.725721553261816,0.362809584038749,hypothetical protein NPIL_585091 [Nephila pilipes],,"38F50@33154,3B985@33208,3CV99@33213,41W45@6656,KOG3542@2759,KOG3629@1","PDZ,RA,RasGEF,RasGEF_N",0.6347260571014967,0.7090488931093404,4_Scaffold,INAD Signalplex Scaffold,Multi-PDZ Macromolecular Assembly,Yes
"NPIL_604111,",GFU43956.1,EH28_06806,,,,,,215358.XP_010749651.1,40.6,1.52e-09,60.1,0.0,0.0,0.0,0.0,"hypothetical protein NPIL_604111, partial [Nephila pilipes]",,"38H26@33154,3BB1Q@33208,3CUPE@33213,480KB@7711,495UQ@7742,49W5Z@7898,KOG1471@1,KOG1471@2759","CRAL_TRIO,CRAL_TRIO_N",0.0,0.0,7_Chromophore_Cycle,Retinal Binding & Isomerase,Chromophore 11-cis Regeneration,No
NPIL_610321,GFT10331.1,CACNA1I,ko:K04856,"map04927,ko04934,map04010,ko04020,map04713,map04020,ko04927,ko04010,ko04925,map04925,ko04713,map04934",,,"ko00001,ko04040,ko00000",118797.XP_007454167.1,44.0,3.29e-08,59.3,0.0,0.0,0.0,0.0,uncharacterized protein NPIL_610321 [Nephila pilipes],,"3ARFA@33154,3C2IT@33208,3DHPC@33213,3J55Z@40674,47ZG2@7711,4978R@7742,4JAUP@91561,KOG2301@1,KOG2302@2759",Ion_trans,0.0,0.0,5_Channels,TRP / TRPL Cation Channels,Ca2+ / Na+ Influx & Depolarization,No
NPIL_625961,GFT22442.1,,,,,,,126957.SMAR009559-PA,75.0,2.13e-14,75.9,0.166787106478084,0.0735960568811584,0.0562465022687314,0.0,uncharacterized protein NPIL_625961 [Nephila pilipes],,"38E39@33154,3B9HM@33208,3CSWY@33213,41YGT@6656,KOG3193@1,KOG3193@2759","BK_channel_a,Ion_trans_2",0.07415741640699346,0.10320543394531707,5_Channels,TRP / TRPL Cation Channels,Ca2+ / Na+ Influx & Depolarization,No
NPIL_626011,GFS76281.1,,,,,,,32264.tetur03g09080.1,60.5,2.31e-09,61.6,0.0,0.0,0.0,0.0,uncharacterized protein NPIL_626011 [Nephila pilipes],,"38BYK@33154,3BAHQ@33208,3CSUW@33213,41Y1S@6656,KOG2301@1,KOG2301@2759","Ca_chan_IQ,GPHH,Ion_trans",0.0,0.0,5_Channels,TRP / TRPL Cation Channels,Ca2+ / Na+ Influx & Depolarization,No
"NPIL_637001,",GFU37246.1,,,,,,,8081.XP_008421484.1,44.6,1.79e-08,57.0,0.0,0.0,0.0,0.0,"hypothetical protein NPIL_637001, partial [Nephila pilipes]",,"38H26@33154,3BB1Q@33208,3CUPE@33213,480KB@7711,49E8Z@7742,4A59N@7898,KOG1471@1,KOG1471@2759",CRAL_TRIO,0.0,0.0,7_Chromophore_Cycle,Retinal Binding & Isomerase,Chromophore 11-cis Regeneration,No
NPIL_645201,GFT58272.1,,,,,,,126957.SMAR001188-PA,49.0,3.8e-63,208.0,0.0881553375943954,0.0,0.260129563556734,0.0407136246609651,uncharacterized protein NPIL_645201 [Nephila pilipes],,"39QTD@33154,3BG8M@33208,3CXH3@33213,41UFB@6656,KOG1418@1,KOG1418@2759",Ion_trans_2,0.09724963145302364,0.13389178562158469,5_Channels,TRP / TRPL Cation Channels,Ca2+ / Na+ Influx & Depolarization,No
"NPIL_648851,",GFT75758.1,,,,,,,10224.XP_006818651.1,39.3,1.48e-17,80.5,0.0,0.0,0.0,0.0,"hypothetical protein NPIL_648851, partial [Nephila pilipes]",,"KOG1471@1,KOG1471@2759",CRAL_TRIO,0.0,0.0,7_Chromophore_Cycle,Retinal Binding & Isomerase,Chromophore 11-cis Regeneration,No
NPIL_649271,GFU29429.1,,,,,,,126957.SMAR001153-PA,70.6,1.33e-08,58.2,0.0,0.0,0.0,0.0,hypothetical protein NPIL_649271 [Nephila pilipes],,"38BYK@33154,3BAHQ@33208,3CSUW@33213,41Y1S@6656,KOG2301@1,KOG2301@2759","Ca_chan_IQ,GPHH,Ion_trans",0.0,0.0,5_Channels,TRP / TRPL Cation Channels,Ca2+ / Na+ Influx & Depolarization,No
NPIL_661771,GFU12915.1,,,,,,,6500.NP_001191517.1,55.7,4.45e-13,71.2,0.614688231216971,0.904119248865465,0.115163654905752,0.252344318686144,uncharacterized protein NPIL_661771 [Nephila pilipes],,"3905H@33154,3BDDW@33208,3D02U@33213,KOG4404@1,KOG4404@2759",Ion_trans_2,0.471578863418583,0.5573648598550391,5_Channels,TRP / TRPL Cation Channels,Ca2+ / Na+ Influx & Depolarization,Yes
NPIL_662511,GFU30864.1,GH15438,,,,,,7222.FBpp0149344,33.3,0.000128,51.2,0.106167274258597,0.160266404979539,0.157817416096093,0.0,hypothetical protein NPIL_662511 [Nephila pilipes],,"39XD4@33154,3BJZB@33208,3D2PQ@33213,3SM3X@50557,41YTK@6656,455A2@7147,45P5Q@7214,KOG1471@1,KOG1471@2759",CRAL_TRIO,0.10606277383355725,0.14543326706302465,7_Chromophore_Cycle,Retinal Binding & Isomerase,Chromophore 11-cis Regeneration,Yes
NPIL_665691,GFU23537.1,,,,,,,126957.SMAR010604-PA,52.0,2.86e-124,402.0,0.0,0.0760446503829027,0.224168902717609,0.0,uncharacterized protein NPIL_665691 [Nephila pilipes],,"38EFB@33154,3BIZK@33208,3CWG0@33213,41XVP@6656,KOG3528@1,KOG3528@2759","PDZ,PH",0.07505338827512792,0.10440830733772682,4_Scaffold,INAD Signalplex Scaffold,Multi-PDZ Macromolecular Assembly,No
"NPIL_673001,",GFT68218.1,L798_09163,,,,,,136037.KDR15458,75.6,1.06e-13,70.1,0.0,0.0,0.0,0.0,"hypothetical protein NPIL_673001, partial [Nephila pilipes]",,"38H26@33154,3BFRV@33208,3CR81@33213,3SIRT@50557,41TU3@6656,KOG1471@1,KOG1471@2759","CRAL_TRIO,CRAL_TRIO_N,PRELI",0.0,0.0,7_Chromophore_Cycle,Retinal Binding & Isomerase,Chromophore 11-cis Regeneration,No
"NPIL_68181,",GFT71744.1,,,,,,,8081.XP_008421484.1,44.6,3.53e-11,64.7,0.0,0.0,0.0,0.0,"hypothetical protein NPIL_68181, partial [Nephila pilipes]",,"38H26@33154,3BB1Q@33208,3CUPE@33213,480KB@7711,49E8Z@7742,4A59N@7898,KOG1471@1,KOG1471@2759",CRAL_TRIO,0.0,0.0,7_Chromophore_Cycle,Retinal Binding & Isomerase,Chromophore 11-cis Regeneration,No
NPIL_684031,GFT08907.1,,,,,,,126957.SMAR009559-PA,75.0,2.13e-14,75.9,0.0,0.0,0.0,0.0664732517344372,uncharacterized protein NPIL_684031 [Nephila pilipes],,"38E39@33154,3B9HM@33208,3CSWY@33213,41YGT@6656,KOG3193@1,KOG3193@2759","BK_channel_a,Ion_trans_2",0.0166183129336093,0.023778124233189046,5_Channels,TRP / TRPL Cation Channels,Ca2+ / Na+ Influx & Depolarization,No
NPIL_698131,GFU11383.1,,,,,,,32264.tetur03g09080.1,60.5,2.31e-09,61.6,0.0,0.0,0.0,0.0,uncharacterized protein NPIL_698131 [Nephila pilipes],,"38BYK@33154,3BAHQ@33208,3CSUW@33213,41Y1S@6656,KOG2301@1,KOG2301@2759","Ca_chan_IQ,GPHH,Ion_trans",0.0,0.0,5_Channels,TRP / TRPL Cation Channels,Ca2+ / Na+ Influx & Depolarization,No
NPIL_84591,GFS95866.1,,,,,,,126957.SMAR004706-PA,49.4,1.65e-05,58.5,0.0,0.0112214073188641,0.0,0.0845627128053714,uncharacterized protein NPIL_84591 [Nephila pilipes],,"3976T@33154,3BCJ6@33208,3CTWW@33213,41WBU@6656,KOG1892@1,KOG1892@2759","DIL,FHA,PDZ,RA",0.023946030031058878,0.03413967602298503,4_Scaffold,INAD Signalplex Scaffold,Multi-PDZ Macromolecular Assembly,No
"NPIL_93621,",GFT90841.1,AND_005416,,,,,,43151.ADAC005416-PA,37.9,0.00053,43.9,0.0,0.0,0.0,0.0,"hypothetical protein NPIL_93621, partial [Nephila pilipes]",,"3A7VV@33154,3BTBU@33208,3D9Z6@33213,3SNHH@50557,420CK@6656,459F5@7147,45MI8@7148,KOG1471@1,KOG1471@2759",CRAL_TRIO,0.0,0.0,7_Chromophore_Cycle,Retinal Binding & Isomerase,Chromophore 11-cis Regeneration,No
,GFS28189.1,6031136,ko:K04946,,,,"ko04040,ko00000",7176.CPIJ000215-PA,83.7,6.17e-17,79.3,0.0,0.0,0.0,0.0,"potassium channel subfamily T member 1, partial [Nephila pilipes]",,"38E39@33154,3B9HM@33208,3CSWY@33213,3SJBC@50557,41YGT@6656,452CA@7147,45E04@7148,KOG3193@1,KOG3193@2759","BK_channel_a,Ion_trans_2",0.0,0.0,5_Channels,TRP / TRPL Cation Channels,Ca2+ / Na+ Influx & Depolarization,No
,GFS28861.1,,ko:K04255,,,,"ko04030,ko00000",7029.ACYPI005074-PA,44.6,8.71e-68,233.0,0.0,0.0,0.0,0.0,"opsin, ultraviolet-sensitive [Nephila pilipes]",,"3A021@33154,3BPP6@33208,3D69Z@33213,3E90M@33342,3SKEZ@50557,41YSW@6656,KOG3656@1,KOG3656@2759",7tm_1,0.0,0.0,1_Photopigment,Rhabdomeric Opsins (Rh1/Rh2/UV/LWS),Light Absorption & Photoisomerization,No
,GFS28998.1,,ko:K04975,"ko04970,map04970,map04978,ko04978",,,"ko00001,ko04040,ko00000",6669.EFX88604,52.4,2.56e-245,719.0,0.0,0.0,0.0,0.0,transient receptor potential cation channel subfamily V member 6 [Nephila pilipes],,"38C3C@33154,3BBRN@33208,3CV5B@33213,41VQM@6656,KOG3676@1,KOG3676@2759","Ank,Ion_trans",0.0,0.0,5_Channels,TRP / TRPL Cation Channels,Ca2+ / Na+ Influx & Depolarization,No
,GFS29041.1,,,,,,,126957.SMAR015039-PA,75.3,2.8700000000000003e-194,551.0,0.0,0.0,0.0,0.0,PRKCA-binding protein [Nephila pilipes],,"38CMW@33154,3BD4A@33208,3CUTZ@33213,41VGA@6656,KOG3651@1,KOG3651@2759","Arfaptin,PDZ",0.0,0.0,4_Scaffold,INAD Signalplex Scaffold,Multi-PDZ Macromolecular Assembly,No
,GFS29042.1,,,,,,,126957.SMAR015039-PA,75.3,6.65e-194,550.0,0.0,0.0,0.0,0.0,PRKCA-binding protein [Nephila pilipes],,"38CMW@33154,3BD4A@33208,3CUTZ@33213,41VGA@6656,KOG3651@1,KOG3651@2759","Arfaptin,PDZ",0.0,0.0,4_Scaffold,INAD Signalplex Scaffold,Multi-PDZ Macromolecular Assembly,No
,GFS29073.1,1269979,ko:K16449,,,,ko00000,7165.AGAP007127-PA,67.0,4.86e-66,216.0,0.0,0.0,0.0,0.0,regulator of G-protein signaling 20 [Nephila pilipes],,"38BR1@33154,3B9RV@33208,3CWF8@33213,3SM4I@50557,41YPB@6656,45276@7147,45D6C@7148,KOG3589@1,KOG3589@2759",RGS,0.0,0.0,2_G_Protein,G-Protein Heterotrimer (Gq/11),Transduction of Activated Opsin Signal,No
,GFS29076.1,LOC661591,ko:K16449,,,,ko00000,7070.TC014234-PA,82.2,1.4099999999999998e-68,220.0,0.0,0.0,0.0,0.0,regulator of G-protein signaling 20 [Nephila pilipes],,"38BR1@33154,3B9RV@33208,3CWF8@33213,3SM4I@50557,41YPB@6656,KOG3589@1,KOG3589@2759",RGS,0.0,0.0,2_G_Protein,G-Protein Heterotrimer (Gq/11),Transduction of Activated Opsin Signal,No
,GFS29079.1,1269979,ko:K16449,,,,ko00000,7165.AGAP007127-PA,69.3,5.999999999999999e-70,226.0,0.0,0.0,0.0,0.0,regulator of G-protein signaling 20 [Nephila pilipes],,"38BR1@33154,3B9RV@33208,3CWF8@33213,3SM4I@50557,41YPB@6656,45276@7147,45D6C@7148,KOG3589@1,KOG3589@2759",RGS,0.0,0.0,2_G_Protein,G-Protein Heterotrimer (Gq/11),Transduction of Activated Opsin Signal,No
,GFS29543.1,L798_09163,,,,,,136037.KDR15458,59.2,6.46e-101,316.0,0.0,0.0,0.0,0.0,SEC14-like protein 1 [Nephila pilipes],,"38H26@33154,3BFRV@33208,3CR81@33213,3SIRT@50557,41TU3@6656,KOG1471@1,KOG1471@2759","CRAL_TRIO,CRAL_TRIO_N,PRELI",0.0,0.0,7_Chromophore_Cycle,Retinal Binding & Isomerase,Chromophore 11-cis Regeneration,No
,GFS29640.1,,ko:K07525,"ko04360,map04360",,,"ko04131,ko00001,ko00000",6669.EFX87681,48.4,2e-139,443.0,0.0,0.0,0.0,0.0,rho guanine nucleotide exchange factor 26 [Nephila pilipes],,"38CD2@33154,3BEE7@33208,3CTY1@33213,41WKR@6656,COG5422@1,KOG3523@2759","RhoGEF,SH3_9",0.0,0.0,2_G_Protein,G-Protein Heterotrimer (Gq/11),Transduction of Activated Opsin Signal,No
,GFS30615.1,,,,,,,7739.XP_002606471.1,36.6,6.860000000000001e-27,113.0,0.0,0.0,0.0,0.0,potassium channel subfamily K member 16 [Nephila pilipes],,"39RUB@33154,3BDNP@33208,3D0Z6@33213,KOG1418@1,KOG1418@2759",Ion_trans_2,0.0,0.0,5_Channels,TRP / TRPL Cation Channels,Ca2+ / Na+ Influx & Depolarization,No
,GFS30666.1,,,,,,,126957.SMAR003458-PA,37.2,3.2699999999999995e-48,185.0,0.0,0.0,0.0,0.0,"g-protein coupled receptor Mth2, partial [Nephila pilipes]",,"28Z7Y@1,2R627@2759,39MTC@33154,3CPD4@33208,3D007@33213,42AIY@6656",7tm_2,0.0,0.0,2_G_Protein,G-Protein Heterotrimer (Gq/11),Transduction of Activated Opsin Signal,No
,GFS30669.1,,,,,,,126957.SMAR003458-PA,41.3,1.0999999999999999e-47,183.0,0.0,0.0,0.0,0.0,g-protein coupled receptor Mth2 [Nephila pilipes],,"28Z7Y@1,2R627@2759,39MTC@33154,3CPD4@33208,3D007@33213,42AIY@6656",7tm_2,0.0,0.0,2_G_Protein,G-Protein Heterotrimer (Gq/11),Transduction of Activated Opsin Signal,No
,GFS31978.1,G5I_07333,,,,,,103372.F4WNI0,73.5,3.04e-54,183.0,0.0,0.0,0.0,0.0,potassium voltage-gated channel protein Shab [Nephila pilipes],,"38D0S@33154,3BAS8@33208,3CR98@33213,3SG77@50557,41VAZ@6656,46F4E@7399,COG2126@1,KOG3713@2759",Ion_trans,0.0,0.0,5_Channels,TRP / TRPL Cation Channels,Ca2+ / Na+ Influx & Depolarization,No
,GFS32030.1,LOC584360,,,,,,7668.SPU_004256-tr,36.0,1.06e-58,198.0,0.0,0.0,0.0,0.0,guanine nucleotide-binding protein subunit beta-like protein 1 [Nephila pilipes],,"399NZ@33154,3BA3B@33208,3D46N@33213,COG2319@1,KOG0322@2759",WD40,0.0,0.0,2_G_Protein,G-Protein Heterotrimer (Gq/11),Transduction of Activated Opsin Signal,No
,GFS32359.1,L798_02085,ko:K07972,"map04745,ko04745",,,"ko00001,ko04031,ko00000",136037.KDR22121,68.7,1.09e-74,235.0,0.0,0.0,0.0,0.0,guanine nucleotide-binding protein subunit beta-2 [Nephila pilipes],,"39WHR@33154,3BK9J@33208,3D45I@33213,3SIJ1@50557,41W2M@6656,KOG0286@1,KOG0286@2759",WD40,0.0,0.0,2_G_Protein,G-Protein Heterotrimer (Gq/11),Transduction of Activated Opsin Signal,No
,GFS33235.1,,ko:K04962,"map04371,ko05412,map04921,ko05414,ko04024,ko05410,ko04020,ko04261,ko04260,ko04713,ko04911,ko04972,map04260,map04261,map04024,map04020,map05414,map05412,map05410,map04972,map04713,ko04921,ko04371,map04911",,,"ko00001,ko04040,ko00000",6669.EFX89429,76.2,2.54e-59,204.0,0.0,0.0,0.0,0.0,ryanodine receptor [Nephila pilipes],,"38BST@33154,3BC6F@33208,3CVQC@33213,41UAK@6656,KOG2243@1,KOG2243@2759","EF-hand_8,Ins145_P3_rec,Ion_trans,MIR,RIH_assoc,RR_TM4-6,RYDR_ITPR,RyR,SPRY",0.0,0.0,5_Channels,TRP / TRPL Cation Channels,Ca2+ / Na+ Influx & Depolarization,No
,GFS33834.1,,,,,,,126957.SMAR008382-PA,39.8,2.4499999999999998e-138,423.0,0.0,0.0,0.0,0.0,rho guanine nucleotide exchange factor 7 [Nephila pilipes],,"38E81@33154,3BD0D@33208,3CYEC@33213,41VQT@6656,KOG2070@1,KOG2070@2759","RhoGEF,SH3_9,betaPIX_CC",0.0,0.0,2_G_Protein,G-Protein Heterotrimer (Gq/11),Transduction of Activated Opsin Signal,No
,GFS33942.1,GF11409,,,,,,7217.FBpp0114601,39.3,2.21e-33,135.0,0.0,0.0,0.0,0.0,ras guanine nucleotide exchange factor C [Nephila pilipes],,"38HVP@33154,3BB33@33208,3CT9B@33213,3SJ7X@50557,41VYS@6656,44XVM@7147,45RKJ@7214,KOG3417@1,KOG3417@2759","PH,RasGEF",0.0,0.0,2_G_Protein,G-Protein Heterotrimer (Gq/11),Transduction of Activated Opsin Signal,No
,GFS34299.1,RLBP1,ko:K19625,,,,ko00000,8469.XP_007060413.1,33.9,4.05e-11,69.3,0.0,0.0,0.0,0.0,retinaldehyde-binding protein 1 [Nephila pilipes],,"39CE2@33154,3B98E@33208,3D19K@33213,489ZJ@7711,48ZQT@7742,4CCS6@8459,KOG1471@1,KOG1471@2759","CRAL_TRIO,CRAL_TRIO_N",0.0,0.0,7_Chromophore_Cycle,Retinal Binding & Isomerase,Chromophore 11-cis Regeneration,No
,GFS34301.1,,,,,,,132113.XP_003484745.1,29.8,2.14e-17,87.4,0.0,0.0,0.0,0.0,retinaldehyde-binding protein 1 [Nephila pilipes],,"38B9B@33154,3BHDG@33208,3D5IY@33213,3SKJM@50557,41XJT@6656,46I4D@7399,KOG1471@1,KOG1471@2759","CRAL_TRIO,CRAL_TRIO_N",0.0,0.0,7_Chromophore_Cycle,Retinal Binding & Isomerase,Chromophore 11-cis Regeneration,No
,GFS34412.1,,,,,,,126957.SMAR005098-PA,48.4,9.19e-63,216.0,0.0,0.0,0.0,0.0,"guanine nucleotide exchange factor VAV3, partial [Nephila pilipes]",,"38DEP@33154,3B9EP@33208,3CUHQ@33213,41UYM@6656,KOG2996@1,KOG2996@2759","C1_1,CAMSAP_CH,PH,RhoGEF,SH2,SH3_2",0.0,0.0,2_G_Protein,G-Protein Heterotrimer (Gq/11),Transduction of Activated Opsin Signal,No
,GFS34575.1,,,,,,,126957.SMAR003150-PA,41.4,6.630000000000001e-198,634.0,0.0,0.0,0.0,0.0,adhesion G-protein coupled receptor G6 [Nephila pilipes],,"38BU2@33154,3BJP4@33208,3CUR3@33213,41YS7@6656,KOG1217@1,KOG1217@2759,KOG1219@2759,KOG3594@1,KOG4193@1,KOG4193@2759","7tm_2,Cadherin,EGF,GPS,fn3",0.0,0.0,2_G_Protein,G-Protein Heterotrimer (Gq/11),Transduction of Activated Opsin Signal,No
,GFS34867.1,L798_06829,,,,,,136037.KDR19461,35.0,3.67e-39,158.0,0.0,0.0,0.0,0.0,g-protein coupled receptor Mth2 [Nephila pilipes],,"28Z7Y@1,2R627@2759,39MTC@33154,3CPD4@33208,3D007@33213,3T039@50557,42AIY@6656",7tm_2,0.0,0.0,2_G_Protein,G-Protein Heterotrimer (Gq/11),Transduction of Activated Opsin Signal,No
,GFS35227.1,,,,,,,7425.NV12549-PA,47.0,1.62e-11,65.5,0.0,0.0,0.0,0.0,alpha-tocopherol transfer protein-like [Nephila pilipes],,"39XD4@33154,3BJZB@33208,3D2PQ@33213,3SJ0G@50557,41UMT@6656,46DWD@7399,KOG1471@1,KOG1471@2759",CRAL_TRIO,0.0,0.0,7_Chromophore_Cycle,Retinal Binding & Isomerase,Chromophore 11-cis Regeneration,No
,GFS35246.1,L798_00701,ko:K04346,"map04810,ko04010,map05200,ko05200,map04010,ko04810,ko04022,ko04071,ko04072,map04270,map04022,map04072,map04071,map04730,ko04270,ko04730",,,"ko04147,ko00001,ko04031,ko00000",136037.KDR09357,63.9,9.39e-168,479.0,0.0,0.0,0.0,0.0,guanine nucleotide-binding protein subunit alpha homolog [Nephila pilipes],,"38E4Q@33154,3B9RI@33208,3CU70@33213,3SJQ2@50557,41WIX@6656,KOG0082@1,KOG0082@2759",G-alpha,0.0,0.0,2_G_Protein,G-Protein Heterotrimer (Gq/11),Transduction of Activated Opsin Signal,No
,GFS35394.1,,,,,,,126957.SMAR009001-PA,63.5,3.84e-290,892.0,0.0,0.0,0.0,0.0,ryanodine receptor [Nephila pilipes],,"38BST@33154,3BC6F@33208,3CVQC@33213,41UAK@6656,KOG2243@1,KOG2243@2759","Ion_trans,RIH_assoc,RR_TM4-6,RYDR_ITPR,RyR,SPRY",0.0,0.0,5_Channels,TRP / TRPL Cation Channels,Ca2+ / Na+ Influx & Depolarization,No
,GFS35863.1,107359336,,,,,,32264.tetur03g08700.1,43.3,1.26e-76,242.0,0.0,0.0,0.0,0.0,leucine--tRNA ligase [Nephila pilipes],,"39WNM@33154,3BI63@33208,3D3D6@33213,41UN5@6656,KOG1471@1,KOG1471@2759",CRAL_TRIO,0.0,0.0,7_Chromophore_Cycle,Retinal Binding & Isomerase,Chromophore 11-cis Regeneration,No
,GFS35884.1,,,,,,,126957.SMAR013976-PA,50.9,1.37e-211,617.0,0.0,0.0,0.0,0.0,ral guanine nucleotide dissociation stimulator-like 1 [Nephila pilipes],,"390HK@33154,3BBBR@33208,3CR6Z@33213,41TNH@6656,KOG3629@1,KOG3629@2759","RA,RasGEF,RasGEF_N",0.0,0.0,2_G_Protein,G-Protein Heterotrimer (Gq/11),Transduction of Activated Opsin Signal,No
,GFS36338.1,,,,,,,126957.SMAR009052-PA,66.2,2.79e-236,691.0,0.0,0.0,0.0,0.0,"1-phosphatidylinositol 4,5-bisphosphate phosphodiesterase classes I and II, partial [Nephila pilipes]",,"3ASPT@33154,3BB4P@33208,3CUHB@33213,41UZY@6656,KOG0169@1,KOG1265@2759","EF-hand_like,PI-PLC-X,PI-PLC-Y,PLC-beta_C",0.0,0.0,3_Effector,Phospholipase C-beta (PLCβ / NorpA),Hydrolysis of PIP2 -> DAG + IP3,No
,GFS36341.1,,,,,,,126957.SMAR009052-PA,66.2,3.16e-236,690.0,0.0,0.0,0.0,0.0,"1-phosphatidylinositol 4,5-bisphosphate phosphodiesterase classes I and II, partial [Nephila pilipes]",,"3ASPT@33154,3BB4P@33208,3CUHB@33213,41UZY@6656,KOG0169@1,KOG1265@2759","EF-hand_like,PI-PLC-X,PI-PLC-Y,PLC-beta_C",0.0,0.0,3_Effector,Phospholipase C-beta (PLCβ / NorpA),Hydrolysis of PIP2 -> DAG + IP3,No
,GFS36451.1,L798_04342,ko:K04952,"ko04740,ko04024,ko04022,ko04744,map04024,map04022,map04740,map04744",M00694,,"ko00000,ko00001,ko04040,ko00002",136037.KDR24389,57.0,1.56e-200,604.0,0.0,0.0,0.0,0.0,cyclic nucleotide-gated cation channel beta-1 [Nephila pilipes],,"38G0T@33154,3B9GA@33208,3CUIJ@33213,3SI7F@50557,41W23@6656,KOG0499@1,KOG0499@2759","Ion_trans,cNMP_binding",0.0,0.0,5_Channels,TRP / TRPL Cation Channels,Ca2+ / Na+ Influx & Depolarization,No
,GFS36453.1,L798_04342,ko:K04952,"ko04740,ko04024,ko04022,ko04744,map04024,map04022,map04740,map04744",M00694,,"ko00000,ko00001,ko04040,ko00002",136037.KDR24389,57.0,3.88e-201,604.0,0.0,0.0,0.0,0.0,cyclic nucleotide-gated cation channel beta-1 [Nephila pilipes],,"38G0T@33154,3B9GA@33208,3CUIJ@33213,3SI7F@50557,41W23@6656,KOG0499@1,KOG0499@2759","Ion_trans,cNMP_binding",0.0,0.0,5_Channels,TRP / TRPL Cation Channels,Ca2+ / Na+ Influx & Depolarization,No
,GFS36981.1,,ko:K07525,"ko04360,map04360",,,"ko04131,ko00001,ko00000",6669.EFX87681,62.4,1.84e-193,596.0,0.0,0.0,0.0,0.0,rho guanine nucleotide exchange factor 16 [Nephila pilipes],,"38CD2@33154,3BEE7@33208,3CTY1@33213,41WKR@6656,COG5422@1,KOG3523@2759","RhoGEF,SH3_9",0.0,0.0,2_G_Protein,G-Protein Heterotrimer (Gq/11),Transduction of Activated Opsin Signal,No
,GFS38030.1,L798_08258,,,,,,136037.KDR15394,55.3,1.5500000000000001e-198,570.0,0.0,0.0,0.0,0.0,protein GDAP2 homolog [Nephila pilipes],,"38FDD@33154,3BB0M@33208,3CW6H@33213,3SI3Z@50557,41U7K@6656,COG2110@1,KOG2633@2759","CRAL_TRIO_2,Macro",0.0,0.0,7_Chromophore_Cycle,Retinal Binding & Isomerase,Chromophore 11-cis Regeneration,No
,GFS38457.1,L798_06829,,,,,,136037.KDR19461,39.2,5.28e-62,222.0,0.0,0.0,0.0,0.0,g-protein coupled receptor Mth2 [Nephila pilipes],,"28Z7Y@1,2R627@2759,39MTC@33154,3CPD4@33208,3D007@33213,3T039@50557,42AIY@6656",7tm_2,0.0,0.0,2_G_Protein,G-Protein Heterotrimer (Gq/11),Transduction of Activated Opsin Signal,No
,GFS38637.1,GPR64,,,,,,8049.ENSGMOP00000002283,29.8,4.17e-05,50.1,0.0,0.0,0.0,0.0,"g-protein coupled receptor 126, partial [Nephila pilipes]",,"38BU2@33154,3BJP4@33208,3CUR3@33213,48653@7711,493PT@7742,4A5VY@7898,KOG4193@1,KOG4193@2759","7tm_2,GPS",0.0,0.0,2_G_Protein,G-Protein Heterotrimer (Gq/11),Transduction of Activated Opsin Signal,No
,GFS38929.1,,,,,,,126957.SMAR004840-PA,34.6,1.06e-50,176.0,0.0,0.0,0.0,0.0,alpha-tocopherol transfer protein-like [Nephila pilipes],,"39K53@33154,3BBSK@33208,3CU7Z@33213,41Y3U@6656,KOG1471@1,KOG1471@2759","CRAL_TRIO,CRAL_TRIO_N",0.0,0.0,7_Chromophore_Cycle,Retinal Binding & Isomerase,Chromophore 11-cis Regeneration,No
,GFS39630.1,,,,,,,7091.BGIBMGA007666-TA,52.9,3.84e-13,68.2,0.0,0.0,0.0,0.0,"arrestin, partial [Nephila pilipes]",,"39YKZ@33154,3BAJF@33208,3D5UA@33213,3SHXI@50557,41U8J@6656,KOG3865@1,KOG3865@2759",Arrestin_N,0.0,0.0,6_Deactivation,Visual Arrestins (Arr1/Arr2),Opsin Quenching & Inactivation,No
,GFS40758.1,,,,,,,126957.SMAR004637-PA,56.4,0.0,1822.0,0.0,0.0,0.0,0.0,golgi-specific brefeldin A-resistance guanine nucleotide exchange factor 1 [Nephila pilipes],,"38ENA@33154,3BE46@33208,3CWA8@33213,41XBU@6656,COG5307@1,KOG0928@2759","Sec7,Sec7_N",0.0,0.0,2_G_Protein,G-Protein Heterotrimer (Gq/11),Transduction of Activated Opsin Signal,No
,GFS40760.1,,,,,,,126957.SMAR004637-PA,56.3,0.0,1812.0,0.0,0.0,0.0,0.0,golgi-specific brefeldin A-resistance guanine nucleotide exchange factor 1 [Nephila pilipes],,"38ENA@33154,3BE46@33208,3CWA8@33213,41XBU@6656,COG5307@1,KOG0928@2759","Sec7,Sec7_N",0.0,0.0,2_G_Protein,G-Protein Heterotrimer (Gq/11),Transduction of Activated Opsin Signal,No
,GFS40970.1,,,,,,,51511.ENSCSAVP00000012595,48.1,7.700000000000001e-134,407.0,0.0,0.0,0.0,0.0,guanine nucleotide-binding protein-like 3 homolog [Nephila pilipes],,"38CBA@33154,3B9E7@33208,3CU6V@33213,4831D@7711,COG1161@1,KOG2484@2759","GN3L_Grn1,MMR_HSR1",0.0,0.0,2_G_Protein,G-Protein Heterotrimer (Gq/11),Transduction of Activated Opsin Signal,No
,GFS42062.1,,ko:K04967,"map04745,ko04745,ko04360,map04360",,,"ko00001,ko04040,ko00000",7165.AGAP008435-PA,70.7,0.0,1065.0,0.0,0.0,0.0,0.0,transient receptor potential-gamma protein [Nephila pilipes],,"38BJZ@33154,3B9NF@33208,3CRT8@33213,3SG1S@50557,41VGR@6656,44ZE6@7147,45GCR@7148,KOG3609@1,KOG3609@2759","Ank,Ank_2,Ion_trans,TRP_2",0.0,0.0,5_Channels,TRP / TRPL Cation Channels,Ca2+ / Na+ Influx & Depolarization,No
,GFS42547.1,107372009,ko:K20007,,,,"ko04040,ko00000",32264.tetur03g06370.1,40.9,4.91e-80,267.0,0.0,0.0,0.0,0.0,TWiK family of potassium channels protein 9 [Nephila pilipes],,"39TQP@33154,3BNGG@33208,3CV2V@33213,41VS2@6656,KOG1418@1,KOG1418@2759",Ion_trans_2,0.0,0.0,5_Channels,TRP / TRPL Cation Channels,Ca2+ / Na+ Influx & Depolarization,No
,GFS44085.1,,,,,,,6500.XP_005094347.1,32.3,1.7600000000000002e-163,533.0,0.0,0.0,0.0,0.0,transient receptor potential cation channel subfamily M member 3 [Nephila pilipes],,"38D2H@33154,3BASE@33208,3CSW8@33213,KOG3614@1,KOG3614@2759",Ion_trans,0.0,0.0,5_Channels,TRP / TRPL Cation Channels,Ca2+ / Na+ Influx & Depolarization,No
,GFS44382.1,,,,,,,7668.SPU_000498-tr,32.2,2.9199999999999998e-46,179.0,0.0,0.0,0.0,0.0,melanopsin [Nephila pilipes],,"38VSF@33154,3BBQI@33208,3CRJK@33213,KOG3656@1,KOG3656@2759",7tm_1,0.0,0.0,1_Photopigment,Rhabdomeric Opsins (Rh1/Rh2/UV/LWS),Light Absorption & Photoisomerization,No
,GFS46384.1,,,,,,,13735.ENSPSIP00000013069,69.0,9.8e-66,211.0,0.0,0.0,0.0,0.0,"potassium voltage-gated channel subfamily KQT member 1, partial [Nephila pilipes]",,"38BBJ@33154,3BA2P@33208,3CR7B@33213,488CB@7711,4914F@7742,4CIK1@8459,COG2126@1,KOG1419@2759",Ion_trans,0.0,0.0,5_Channels,TRP / TRPL Cation Channels,Ca2+ / Na+ Influx & Depolarization,No
,GFS46562.1,,,,,,,6500.XP_005109151.1,62.6,1.07e-181,519.0,0.0,0.0,0.0,0.0,arrestin domain-containing protein 3 [Nephila pilipes],,"38D4U@33154,3BJG5@33208,3CY15@33213,KOG3780@1,KOG3780@2759","Arrestin_C,Arrestin_N",0.0,0.0,6_Deactivation,Visual Arrestins (Arr1/Arr2),Opsin Quenching & Inactivation,No
,GFS46907.1,ptrh2,ko:K04794,,,3.1.1.29,"ko03012,ko01000,ko00000",8010.XP_010869014.1,46.8,1e-40,141.0,0.0,0.0,0.0,0.0,"peptidyl-tRNA hydrolase 2, mitochondrial [Nephila pilipes]",,"3A5QT@33154,3BIPK@33208,3D6I7@33213,480R5@7711,495TP@7742,4A34X@7898,COG1990@1,KOG3282@2759",PTH2,0.0,0.0,1_Photopigment,Rhabdomeric Opsins (Rh1/Rh2/UV/LWS),Light Absorption & Photoisomerization,No
,GFS46910.1,8231554,ko:K04930,"ko04725,map04725",,,"ko00001,ko04040,ko00000",121225.PHUM502480-PA,72.0,3.5900000000000005e-226,646.0,0.0,0.0,0.0,0.0,potassium voltage-gated channel subfamily KQT member 5 [Nephila pilipes],,"38BBJ@33154,3BA2P@33208,3CR7B@33213,3SZ3B@50557,41XSU@6656,COG2126@1,KOG1419@2759","Ion_trans,KCNQ_channel",0.0,0.0,5_Channels,TRP / TRPL Cation Channels,Ca2+ / Na+ Influx & Depolarization,No
,GFS46911.1,,,,,,,126957.SMAR008170-PA,51.8,2.5200000000000002e-59,209.0,0.0,0.0,0.0,0.0,potassium voltage-gated channel subfamily KQT member 5 [Nephila pilipes],,"38BBJ@33154,3BA2P@33208,3CR7B@33213,41XSU@6656,COG2126@1,KOG1419@2759","Ion_trans,KCNQ_channel",0.0,0.0,5_Channels,TRP / TRPL Cation Channels,Ca2+ / Na+ Influx & Depolarization,No
,GFS46913.1,,ko:K04930,"ko04725,map04725",,,"ko00001,ko04040,ko00000",32264.tetur22g02930.1,72.1,2.27e-176,518.0,0.0,0.0,0.0,0.0,potassium voltage-gated channel subfamily KQT member 5 [Nephila pilipes],,"38BBJ@33154,3BA2P@33208,3CR7B@33213,41XSU@6656,COG2126@1,KOG1419@2759",Ion_trans,0.0,0.0,5_Channels,TRP / TRPL Cation Channels,Ca2+ / Na+ Influx & Depolarization,No
,GFS46914.1,,ko:K04930,"ko04725,map04725",,,"ko00001,ko04040,ko00000",32264.tetur22g02930.1,76.9,1.6799999999999998e-182,533.0,0.0,0.0,0.0,0.0,potassium voltage-gated channel subfamily KQT member 5 [Nephila pilipes],,"38BBJ@33154,3BA2P@33208,3CR7B@33213,41XSU@6656,COG2126@1,KOG1419@2759",Ion_trans,0.0,0.0,5_Channels,TRP / TRPL Cation Channels,Ca2+ / Na+ Influx & Depolarization,No
,GFS47628.1,,ko:K04912,,,,"ko04040,ko00000",6669.EFX68386,62.1,3.97e-123,364.0,0.0,0.0,0.0,0.0,potassium channel subfamily K member 1 [Nephila pilipes],,"39JF9@33154,3BICT@33208,3CVMF@33213,41WGX@6656,KOG1418@1,KOG1418@2759",Ion_trans_2,0.0,0.0,5_Channels,TRP / TRPL Cation Channels,Ca2+ / Na+ Influx & Depolarization,No
,GFS48135.1,L798_04085,ko:K04255,,,,"ko04030,ko00000",136037.KDR21156,68.4,3.0400000000000003e-77,241.0,0.0,0.0,0.0,0.0,lateral eye opsin [Nephila pilipes],,"395S3@33154,3BCHK@33208,3CVQF@33213,3SI0Y@50557,41US7@6656,KOG3656@1,KOG3656@2759",7tm_1,0.0,0.0,1_Photopigment,Rhabdomeric Opsins (Rh1/Rh2/UV/LWS),Light Absorption & Photoisomerization,No
,GFS48413.1,107361086,ko:K04962,"map04371,ko05412,map04921,ko05414,ko04024,ko05410,ko04020,ko04261,ko04260,ko04713,ko04911,ko04972,map04260,map04261,map04024,map04020,map05414,map05412,map05410,map04972,map04713,ko04921,ko04371,map04911",,,"ko00001,ko04040,ko00000",32264.tetur06g00300.1,65.5,0.0,2513.0,0.0,0.0,0.0,0.0,"ryanodine receptor, partial [Nephila pilipes]",,"38BST@33154,3BC6F@33208,3CVQC@33213,41UAK@6656,KOG2243@1,KOG2243@2759","Ins145_P3_rec,Ion_trans,MIR,RIH_assoc,RR_TM4-6,RYDR_ITPR,RyR,SPRY",0.0,0.0,5_Channels,TRP / TRPL Cation Channels,Ca2+ / Na+ Influx & Depolarization,No
,GFS49431.1,,,,,,,7029.ACYPI24622-PA,38.4,1.33e-09,65.9,0.0,0.0,0.0,0.0,"g-protein coupled receptor Mth2, partial [Nephila pilipes]",,"39ZQZ@33154,3BBKI@33208,3E5I8@33213,3E7BC@33342,3SIWV@50557,42AJG@6656,KOG4193@1,KOG4193@2759",7tm_2,0.0,0.0,2_G_Protein,G-Protein Heterotrimer (Gq/11),Transduction of Activated Opsin Signal,No
,GFS49476.1,L798_06306,ko:K05701,"ko05120,ko05110,map04540,ko05132,ko04530,map05120,map05132,ko04540,map04530,map04520,ko04520,map05110",,,"ko04812,ko00001,ko00000",136037.KDR19250,56.5,1.03e-193,588.0,0.0,0.0,0.0,0.0,"tight junction protein ZO-1, partial [Nephila pilipes]",,"38BH5@33154,3BEZ5@33208,3CW8I@33213,3SGRG@50557,41WTV@6656,KOG3580@1,KOG3580@2759","Guanylate_kin,PDZ,SH3_2,ZU5",0.0,0.0,4_Scaffold,INAD Signalplex Scaffold,Multi-PDZ Macromolecular Assembly,No
,GFS49477.1,L798_06306,ko:K05701,"ko05120,ko05110,map04540,ko05132,ko04530,map05120,map05132,ko04540,map04530,map04520,ko04520,map05110",,,"ko04812,ko00001,ko00000",136037.KDR19250,55.0,3.3e-182,557.0,0.0,0.0,0.0,0.0,"tight junction protein ZO-1, partial [Nephila pilipes]",,"38BH5@33154,3BEZ5@33208,3CW8I@33213,3SGRG@50557,41WTV@6656,KOG3580@1,KOG3580@2759","Guanylate_kin,PDZ,SH3_2,ZU5",0.0,0.0,4_Scaffold,INAD Signalplex Scaffold,Multi-PDZ Macromolecular Assembly,No
,GFS50034.1,,,,,,,10224.XP_006821038.1,30.4,1.6900000000000001e-29,121.0,0.0,0.0,0.0,0.0,retinaldehyde-binding protein 1 [Nephila pilipes],,"39K53@33154,3BBSK@33208,3CU7Z@33213,KOG1471@1,KOG1471@2759","CRAL_TRIO,CRAL_TRIO_N",0.0,0.0,7_Chromophore_Cycle,Retinal Binding & Isomerase,Chromophore 11-cis Regeneration,No
,GFS51079.1,,,,,,,6500.XP_005100649.1,46.1,3.1100000000000004e-26,110.0,0.0,0.0,0.0,0.0,"SEC14-like protein 2, partial [Nephila pilipes]",,"38H26@33154,3BB1Q@33208,3CUPE@33213,COG2801@1,KOG0017@2759,KOG1471@1,KOG1471@2759","CRAL_TRIO,RVT_1",0.0,0.0,7_Chromophore_Cycle,Retinal Binding & Isomerase,Chromophore 11-cis Regeneration,No
,GFS52919.1,,,,,,,126957.SMAR003458-PA,36.6,6.07e-55,204.0,0.0,0.0,0.0,0.0,"g-protein coupled receptor Mth2, partial [Nephila pilipes]",,"28Z7Y@1,2R627@2759,39MTC@33154,3CPD4@33208,3D007@33213,42AIY@6656",7tm_2,0.0,0.0,2_G_Protein,G-Protein Heterotrimer (Gq/11),Transduction of Activated Opsin Signal,No
,GFS54301.1,,,,,,,126957.SMAR009052-PA,66.2,5.05e-236,691.0,0.0,0.0,0.0,0.0,"1-phosphatidylinositol 4,5-bisphosphate phosphodiesterase classes I and II, partial [Nephila pilipes]",,"3ASPT@33154,3BB4P@33208,3CUHB@33213,41UZY@6656,KOG0169@1,KOG1265@2759","EF-hand_like,PI-PLC-X,PI-PLC-Y,PLC-beta_C",0.0,0.0,3_Effector,Phospholipase C-beta (PLCβ / NorpA),Hydrolysis of PIP2 -> DAG + IP3,No
,GFS55714.1,,,,,,,8083.ENSXMAP00000001230,37.7,1.17e-22,100.0,0.0,0.0,0.0,0.0,SEC14-like protein 2 [Nephila pilipes],,"38H26@33154,3BB1Q@33208,3CUPE@33213,480KB@7711,49E8Z@7742,4A59N@7898,KOG1471@1,KOG1471@2759",CRAL_TRIO,0.0,0.0,7_Chromophore_Cycle,Retinal Binding & Isomerase,Chromophore 11-cis Regeneration,No
,GFS55717.1,,,,,,,6669.EFX85358,41.6,3.15e-18,85.5,0.0,0.0,0.0,0.0,SEC14-like protein 2 [Nephila pilipes],,"38H26@33154,3BB1Q@33208,3CUPE@33213,41XNK@6656,KOG1471@1,KOG1471@2759",CRAL_TRIO,0.0,0.0,7_Chromophore_Cycle,Retinal Binding & Isomerase,Chromophore 11-cis Regeneration,No
,GFS55722.1,,,,,,,6669.EFX85366,34.0,3.91e-60,206.0,0.0,0.0,0.0,0.0,SEC14-like protein 4 [Nephila pilipes],,"38H26@33154,3BB1Q@33208,3CUPE@33213,41XNK@6656,KOG1471@1,KOG1471@2759",CRAL_TRIO,0.0,0.0,7_Chromophore_Cycle,Retinal Binding & Isomerase,Chromophore 11-cis Regeneration,No
,GFS55723.1,EH28_06806,,,,,,215358.XP_010749651.1,34.3,2.97e-56,196.0,0.0,0.0,0.0,0.0,SEC14-like protein 3 [Nephila pilipes],,"38H26@33154,3BB1Q@33208,3CUPE@33213,480KB@7711,495UQ@7742,49W5Z@7898,KOG1471@1,KOG1471@2759","CRAL_TRIO,CRAL_TRIO_N",0.0,0.0,7_Chromophore_Cycle,Retinal Binding & Isomerase,Chromophore 11-cis Regeneration,No
,GFS56592.1,,,,,,,69319.XP_008547350.1,46.8,3.14e-10,63.9,0.0,0.0,0.0,0.0,"arrestin, partial [Nephila pilipes]",,"39YKZ@33154,3BAJF@33208,3D5UA@33213,3SHXI@50557,41U8J@6656,46E0H@7399,KOG3865@1,KOG3865@2759","Arrestin_C,Arrestin_N",0.0,0.0,6_Deactivation,Visual Arrestins (Arr1/Arr2),Opsin Quenching & Inactivation,No
,GFS57199.1,,,,,,,126957.SMAR003458-PA,34.2,6.81e-127,404.0,0.0,0.0,0.0,0.0,g-protein coupled receptor Mth2 [Nephila pilipes],,"28Z7Y@1,2R627@2759,39MTC@33154,3CPD4@33208,3D007@33213,42AIY@6656",7tm_2,0.0,0.0,2_G_Protein,G-Protein Heterotrimer (Gq/11),Transduction of Activated Opsin Signal,No
,GFS57459.1,,,,,,,400682.PAC_15725149,38.6,1.1e-32,124.0,0.0,0.0,0.0,0.0,SEC14-like protein 4 [Nephila pilipes],,"38H26@33154,3BB1Q@33208,KOG1471@1,KOG1471@2759",CRAL_TRIO,0.0,0.0,7_Chromophore_Cycle,Retinal Binding & Isomerase,Chromophore 11-cis Regeneration,No
,GFS57461.1,,,,,,,6669.EFX85358,33.6,4.99e-42,155.0,0.0,0.0,0.0,0.0,retinal-binding protein [Nephila pilipes],,"38H26@33154,3BB1Q@33208,3CUPE@33213,41XNK@6656,KOG1471@1,KOG1471@2759",CRAL_TRIO,0.0,0.0,7_Chromophore_Cycle,Retinal Binding & Isomerase,Chromophore 11-cis Regeneration,No
,GFS57489.1,,,,,,,7091.BGIBMGA013016-TA,22.6,1.68e-09,66.2,0.0,0.0,0.0,0.0,CRAL-TRIO domain-containing protein [Nephila pilipes],,"3AJP1@33154,3BZQ9@33208,3DFZK@33213,3SR00@50557,422D6@6656,444FA@7088,KOG1471@1,KOG1471@2759",CRAL_TRIO,0.0,0.0,7_Chromophore_Cycle,Retinal Binding & Isomerase,Chromophore 11-cis Regeneration,No
,GFS57492.1,,,,,,,7091.BGIBMGA013016-TA,24.5,6.47e-07,57.4,0.0,0.0,0.0,0.0,CRAL-TRIO domain-containing protein [Nephila pilipes],,"3AJP1@33154,3BZQ9@33208,3DFZK@33213,3SR00@50557,422D6@6656,444FA@7088,KOG1471@1,KOG1471@2759",CRAL_TRIO,0.0,0.0,7_Chromophore_Cycle,Retinal Binding & Isomerase,Chromophore 11-cis Regeneration,No
,GFS58166.1,,,,,,,6669.EFX85395,33.1,2.8699999999999997e-54,191.0,0.0,0.0,0.0,0.0,SEC14-like protein 3 [Nephila pilipes],,"38H26@33154,3BB1Q@33208,3CUPE@33213,41XNK@6656,KOG1471@1,KOG1471@2759",CRAL_TRIO,0.0,0.0,7_Chromophore_Cycle,Retinal Binding & Isomerase,Chromophore 11-cis Regeneration,No
,GFS58169.1,,,,,,,32507.XP_006797781.1,35.4,2.43e-74,244.0,0.0,0.0,0.0,0.0,SEC14-like protein 2 [Nephila pilipes],,"38H26@33154,3BB1Q@33208,3CUPE@33213,480KB@7711,495UQ@7742,49W5Z@7898,KOG1471@1,KOG1471@2759",CRAL_TRIO,0.0,0.0,7_Chromophore_Cycle,Retinal Binding & Isomerase,Chromophore 11-cis Regeneration,No
,GFS58171.1,,,,,,,6669.EFX85554,31.1,2.38e-13,73.6,0.0,0.0,0.0,0.0,GOLD domain-containing protein [Nephila pilipes],,"38H26@33154,3BB1Q@33208,3CUPE@33213,41XNK@6656,KOG1471@1,KOG1471@2759",CRAL_TRIO,0.0,0.0,7_Chromophore_Cycle,Retinal Binding & Isomerase,Chromophore 11-cis Regeneration,No
,GFS58710.1,,,,,,,126957.SMAR003458-PA,34.8,3.94e-132,419.0,0.0,0.0,0.0,0.0,g-protein coupled receptor Mth2 [Nephila pilipes],,"28Z7Y@1,2R627@2759,39MTC@33154,3CPD4@33208,3D007@33213,42AIY@6656",7tm_2,0.0,0.0,2_G_Protein,G-Protein Heterotrimer (Gq/11),Transduction of Activated Opsin Signal,No
,GFS58746.1,,,,,,,7029.ACYPI006523-PA,34.3,3.73e-09,65.1,0.0,0.0,0.0,0.0,g-protein coupled receptor GRL101 [Nephila pilipes],,"39UB5@33154,3BGPD@33208,3D0RS@33213,3E9DR@33342,3SGEK@50557,41VHI@6656,COG4886@1,KOG0619@2759,KOG4194@2759",LRR_8,0.0,0.0,2_G_Protein,G-Protein Heterotrimer (Gq/11),Transduction of Activated Opsin Signal,No
,GFS58749.1,,,,,,,7955.ENSDARP00000107821,31.4,2.82e-12,75.5,0.0,0.0,0.0,0.0,g-protein coupled receptor GRL101 [Nephila pilipes],,"39SQ6@33154,3BK5W@33208,3D0IN@33213,482E6@7711,497EB@7742,49U1Z@7898,COG4886@1,KOG4641@2759","LRR_5,LRR_8,TIR",0.0,0.0,2_G_Protein,G-Protein Heterotrimer (Gq/11),Transduction of Activated Opsin Signal,No
,GFS58751.1,TLR7,,,,,,52644.XP_010579867.1,29.3,8.18e-08,62.8,0.0,0.0,0.0,0.0,g-protein coupled receptor GRL101 [Nephila pilipes],,"38CVU@33154,3B9XR@33208,3D07I@33213,487KK@7711,4910F@7742,4GKCY@8782,COG4886@1,KOG4641@2759","LRR_1,LRR_8,TIR",0.0,0.0,2_G_Protein,G-Protein Heterotrimer (Gq/11),Transduction of Activated Opsin Signal,No
,GFS58901.1,,ko:K20251,,,,"ko04131,ko00000",7739.XP_002599702.1,44.4,1.8e-240,715.0,0.0,0.0,0.0,0.0,glutamate receptor-interacting protein 1 [Nephila pilipes],,"38EC1@33154,3BGHJ@33208,3CWPV@33213,480JC@7711,KOG3528@1,KOG3528@2759",PDZ,0.0,0.0,4_Scaffold,INAD Signalplex Scaffold,Multi-PDZ Macromolecular Assembly,No
,GFS58903.1,,ko:K20251,,,,"ko04131,ko00000",7739.XP_002599702.1,44.4,1.54e-240,715.0,0.0,0.0,0.0,0.0,glutamate receptor-interacting protein 1 [Nephila pilipes],,"38EC1@33154,3BGHJ@33208,3CWPV@33213,480JC@7711,KOG3528@1,KOG3528@2759",PDZ,0.0,0.0,4_Scaffold,INAD Signalplex Scaffold,Multi-PDZ Macromolecular Assembly,No
,GFS61258.1,gefC,,,,,,44689.DDB0215004,32.1,1.57e-22,104.0,0.0,0.0,0.0,0.0,ras guanine nucleotide exchange factor C [Nephila pilipes],"P|GO:0007154|IEA,P|GO:0007165|IEA,P|GO:0007264|IEA,P|GO:0008150|IEA,P|GO:0009966|IEA,P|GO:0009987|IEA,P|GO:0010646|IEA,P|GO:0023051|IEA,P|GO:0023052|IEA,P|GO:0035023|IEA,P|GO:0035556|IEA,P|GO:0046578|IEA,P|GO:0048583|IEA,P|GO:0050789|IEA,P|GO:0050794|IEA,P|GO:0050896|IEA,P|GO:0051056|IEA,P|GO:0051716|IEA,P|GO:0065007|IEA,P|GO:0065009|IEA,P|GO:1902531|IEA,C|GO:0005575|IEA,C|GO:0005622|IEA,C|GO:0005623|IEA,C|GO:0044464|IEA,F|GO:0003674|IEA,F|GO:0005085|IEA,F|GO:0005088|IEA,F|GO:0005089|IEA,F|GO:0005488|IEA,F|GO:0005515|IEA,F|GO:0017016|IEA,F|GO:0017048|IEA,F|GO:0019899|IEA,F|GO:0031267|IEA,F|GO:0051020|IEA,F|GO:0098772|IEA","3X8RI@554915,COG5184@1,KOG1426@2759,KOG3417@1,KOG3417@2759","RCC1,RasGEF,RasGEF_N,RhoGEF",0.0,0.0,2_G_Protein,G-Protein Heterotrimer (Gq/11),Transduction of Activated Opsin Signal,No
,GFS62404.1,,,,,,,126957.SMAR008170-PA,50.2,2.69e-46,171.0,0.0,0.0,0.0,0.0,"potassium voltage-gated channel subfamily KQT member 4, partial [Nephila pilipes]",,"38BBJ@33154,3BA2P@33208,3CR7B@33213,41XSU@6656,COG2126@1,KOG1419@2759","Ion_trans,KCNQ_channel",0.0,0.0,5_Channels,TRP / TRPL Cation Channels,Ca2+ / Na+ Influx & Depolarization,No
,GFS62563.1,,,,,,,126957.SMAR015559-PA,50.7,1.1900000000000001e-56,189.0,0.0,0.0,0.0,0.0,voltage-gated hydrogen channel 1 [Nephila pilipes],,"29QCU@1,2RX8B@2759,38I2K@33154,3BHQ5@33208,3CWIF@33213,422MP@6656",Ion_trans,0.0,0.0,5_Channels,TRP / TRPL Cation Channels,Ca2+ / Na+ Influx & Depolarization,No
,GFS62711.1,,,,,,,126957.SMAR003391-PA,43.8,1.14e-10,64.3,0.0,0.0,0.0,0.0,"1-phosphatidylinositol 4,5-bisphosphate phosphodiesterase epsilon-1, partial [Nephila pilipes]",,"38BAR@33154,3BDE8@33208,3CSQY@33213,41UEG@6656,KOG0169@1,KOG0169@2759","C2,EF-hand_like,PI-PLC-X,PI-PLC-Y,RA,RasGEF",0.0,0.0,3_Effector,Phospholipase C-beta (PLCβ / NorpA),Hydrolysis of PIP2 -> DAG + IP3,No
,GFS64188.1,,,,,,,6669.EFX85358,20.9,7.63e-13,75.5,0.0,0.0,0.0,0.0,SEC14-like protein 2 [Nephila pilipes],,"38H26@33154,3BB1Q@33208,3CUPE@33213,41XNK@6656,KOG1471@1,KOG1471@2759",CRAL_TRIO,0.0,0.0,7_Chromophore_Cycle,Retinal Binding & Isomerase,Chromophore 11-cis Regeneration,No
,GFS64550.1,6031136,ko:K04946,,,,"ko04040,ko00000",7176.CPIJ000215-PA,83.7,6.17e-17,79.3,0.0,0.0,0.0,0.0,"potassium channel subfamily T member 1, partial [Nephila pilipes]",,"38E39@33154,3B9HM@33208,3CSWY@33213,3SJBC@50557,41YGT@6656,452CA@7147,45E04@7148,KOG3193@1,KOG3193@2759","BK_channel_a,Ion_trans_2",0.0,0.0,5_Channels,TRP / TRPL Cation Channels,Ca2+ / Na+ Influx & Depolarization,No
,GFS64574.1,L798_11637,,,,,,136037.KDR14467,54.7,7.41e-180,521.0,0.0,0.0,0.0,0.0,beta-1-syntrophin [Nephila pilipes],,"38F0K@33154,3BA4X@33208,3CRWS@33213,3SH1Y@50557,41UJN@6656,KOG3551@1,KOG3551@2759",PDZ,0.0,0.0,4_Scaffold,INAD Signalplex Scaffold,Multi-PDZ Macromolecular Assembly,No
,GFS64639.1,L798_11271,,,,,,136037.KDR14827,59.7,1.2699999999999999e-246,698.0,0.0,0.0,0.0,0.0,MAGUK p55 subfamily member 6 [Nephila pilipes],,"38CPG@33154,3BB8C@33208,3CRW6@33213,3SHJ1@50557,41WZX@6656,COG0194@1,KOG0609@2759","Guanylate_kin,L27,PDZ,SH3_2",0.0,0.0,4_Scaffold,INAD Signalplex Scaffold,Multi-PDZ Macromolecular Assembly,No
,GFS65284.1,L798_00526,ko:K20007,,,,"ko04040,ko00000",136037.KDR09567,47.3,4.68e-107,327.0,0.0,0.0,0.0,0.0,TWiK family of potassium channels protein 7 [Nephila pilipes],,"39QTD@33154,3BG8M@33208,3CXH3@33213,3SKS3@50557,41UFB@6656,KOG1418@1,KOG1418@2759",Ion_trans_2,0.0,0.0,5_Channels,TRP / TRPL Cation Channels,Ca2+ / Na+ Influx & Depolarization,No
,GFS65467.1,,,,,,,10224.XP_002735756.1,33.5,1.32e-38,144.0,0.0,0.0,0.0,0.0,alpha-tocopherol transfer protein [Nephila pilipes],,"39K53@33154,3BBSK@33208,3CU7Z@33213,KOG1471@1,KOG1471@2759",CRAL_TRIO,0.0,0.0,7_Chromophore_Cycle,Retinal Binding & Isomerase,Chromophore 11-cis Regeneration,No
,GFS65468.1,,,,,,,10224.XP_002735756.1,33.7,6.43e-45,161.0,0.0,0.0,0.0,0.0,alpha-tocopherol transfer protein-like [Nephila pilipes],,"39K53@33154,3BBSK@33208,3CU7Z@33213,KOG1471@1,KOG1471@2759",CRAL_TRIO,0.0,0.0,7_Chromophore_Cycle,Retinal Binding & Isomerase,Chromophore 11-cis Regeneration,No
,GFS65599.1,,,,,,,6500.XP_005100649.1,46.1,3.1100000000000004e-26,110.0,0.0,0.0,0.0,0.0,"SEC14-like protein 2, partial [Nephila pilipes]",,"38H26@33154,3BB1Q@33208,3CUPE@33213,COG2801@1,KOG0017@2759,KOG1471@1,KOG1471@2759","CRAL_TRIO,RVT_1",0.0,0.0,7_Chromophore_Cycle,Retinal Binding & Isomerase,Chromophore 11-cis Regeneration,No
,GFS65771.1,LOC578019,ko:K04256,,,,"ko01009,ko04030,ko00000",7668.SPU_005569-tr,45.2,1.89e-23,101.0,0.0,0.0,0.0,0.0,rhodopsin [Nephila pilipes],,"38GKH@33154,3BKH3@33208,3CZMH@33213,KOG3656@1,KOG3656@2759",7tm_1,0.0,0.0,1_Photopigment,Rhabdomeric Opsins (Rh1/Rh2/UV/LWS),Light Absorption & Photoisomerization,No
,GFS65821.1,LOC661989,ko:K04640,,,,"ko04031,ko00000",7070.TC006680-PA,71.9,3.8100000000000004e-179,508.0,0.0,0.0,0.0,0.0,guanine nucleotide-binding protein G(o) subunit alpha [Nephila pilipes],,"38C4P@33154,3BKEQ@33208,3CZAZ@33213,3SQ8N@50557,422AB@6656,KOG0082@1,KOG0082@2759",G-alpha,0.0,0.0,2_G_Protein,G-Protein Heterotrimer (Gq/11),Transduction of Activated Opsin Signal,No
,GFS66110.1,,,,,,,6669.EFX85554,38.2,3.34e-24,103.0,0.0,0.0,0.0,0.0,SEC14-like protein 2 [Nephila pilipes],,"38H26@33154,3BB1Q@33208,3CUPE@33213,41XNK@6656,KOG1471@1,KOG1471@2759",CRAL_TRIO,0.0,0.0,7_Chromophore_Cycle,Retinal Binding & Isomerase,Chromophore 11-cis Regeneration,No
,GFS66589.1,,,,,,,6500.XP_005100649.1,39.9,2.8100000000000002e-33,132.0,0.0,0.0,0.0,0.0,"retinal-binding protein, partial [Nephila pilipes]",,"38H26@33154,3BB1Q@33208,3CUPE@33213,COG2801@1,KOG0017@2759,KOG1471@1,KOG1471@2759","CRAL_TRIO,RVT_1",0.0,0.0,7_Chromophore_Cycle,Retinal Binding & Isomerase,Chromophore 11-cis Regeneration,No
,GFS66983.1,G5I_03533,,,,,,103372.F4WD80,30.8,6.87e-26,110.0,0.0,0.0,0.0,0.0,"retinaldehyde-binding protein 1, partial [Nephila pilipes]",,"39K53@33154,3BBSK@33208,3CU7Z@33213,3SFNU@50557,41WS6@6656,46DST@7399,KOG1471@1,KOG1471@2759","CRAL_TRIO,CRAL_TRIO_N",0.0,0.0,7_Chromophore_Cycle,Retinal Binding & Isomerase,Chromophore 11-cis Regeneration,No
,GFS66994.1,,,,,,,126957.SMAR004840-PA,33.3,4.37e-28,115.0,0.0,0.0,0.0,0.0,clavesin-2 [Nephila pilipes],,"39K53@33154,3BBSK@33208,3CU7Z@33213,41Y3U@6656,KOG1471@1,KOG1471@2759","CRAL_TRIO,CRAL_TRIO_N",0.0,0.0,7_Chromophore_Cycle,Retinal Binding & Isomerase,Chromophore 11-cis Regeneration,No
,GFS66995.1,,,,,,,10224.XP_002735756.1,33.5,6.99e-40,148.0,0.0,0.0,0.0,0.0,clavesin-1 [Nephila pilipes],,"39K53@33154,3BBSK@33208,3CU7Z@33213,KOG1471@1,KOG1471@2759",CRAL_TRIO,0.0,0.0,7_Chromophore_Cycle,Retinal Binding & Isomerase,Chromophore 11-cis Regeneration,No
,GFS67338.1,L798_06169,ko:K04978,,,,"ko04040,ko00000",136037.KDR19648,58.0,2.7e-219,663.0,0.0,0.0,0.0,0.0,"transient receptor potential cation channel trpm, partial [Nephila pilipes]",,"38D2H@33154,3BASE@33208,3CSW8@33213,3SHHK@50557,41UGV@6656,KOG3614@1,KOG3614@2759","Ion_trans,TRPM_tetra",0.0,0.0,5_Channels,TRP / TRPL Cation Channels,Ca2+ / Na+ Influx & Depolarization,No
,GFS67339.1,,,,,,,126957.SMAR009001-PA,70.6,5.42e-46,165.0,0.0,0.0,0.0,0.0,"ryanodine receptor, partial [Nephila pilipes]",,"38BST@33154,3BC6F@33208,3CVQC@33213,41UAK@6656,KOG2243@1,KOG2243@2759","Ion_trans,RIH_assoc,RR_TM4-6,RYDR_ITPR,RyR,SPRY",0.0,0.0,5_Channels,TRP / TRPL Cation Channels,Ca2+ / Na+ Influx & Depolarization,No
,GFS67403.1,,,,,,,126957.SMAR011172-PA,58.0,0.0,1745.0,0.0,0.0,0.0,0.0,voltage-dependent T-type calcium channel subunit alpha-1G [Nephila pilipes],,"3ARFA@33154,3C2IT@33208,3DHPC@33213,41TTH@6656,KOG2301@1,KOG2302@2759",Ion_trans,0.0,0.0,5_Channels,TRP / TRPL Cation Channels,Ca2+ / Na+ Influx & Depolarization,No
,GFS67407.1,,,,,,,126957.SMAR011172-PA,58.8,0.0,1082.0,0.0,0.0,0.0,0.0,voltage-dependent T-type calcium channel subunit alpha-1H [Nephila pilipes],,"3ARFA@33154,3C2IT@33208,3DHPC@33213,41TTH@6656,KOG2301@1,KOG2302@2759",Ion_trans,0.0,0.0,5_Channels,TRP / TRPL Cation Channels,Ca2+ / Na+ Influx & Depolarization,No
,GFS67410.1,,,,,,,126957.SMAR011172-PA,57.3,3.1199999999999997e-242,742.0,0.0,0.0,0.0,0.0,voltage-dependent T-type calcium channel subunit alpha-1G [Nephila pilipes],,"3ARFA@33154,3C2IT@33208,3DHPC@33213,41TTH@6656,KOG2301@1,KOG2302@2759",Ion_trans,0.0,0.0,5_Channels,TRP / TRPL Cation Channels,Ca2+ / Na+ Influx & Depolarization,No
,GFS67558.1,,,,,,,6669.EFX85366,35.9,9.45e-20,91.3,0.0,0.0,0.0,0.0,SEC14-like protein 2 [Nephila pilipes],,"38H26@33154,3BB1Q@33208,3CUPE@33213,41XNK@6656,KOG1471@1,KOG1471@2759",CRAL_TRIO,0.0,0.0,7_Chromophore_Cycle,Retinal Binding & Isomerase,Chromophore 11-cis Regeneration,No
,GFS67752.1,,,,,,,10224.XP_002735756.1,34.1,1.15e-16,82.4,0.0,0.0,0.0,0.0,"alpha-tocopherol transfer protein, partial [Nephila pilipes]",,"39K53@33154,3BBSK@33208,3CU7Z@33213,KOG1471@1,KOG1471@2759",CRAL_TRIO,0.0,0.0,7_Chromophore_Cycle,Retinal Binding & Isomerase,Chromophore 11-cis Regeneration,No
,GFS67825.1,SEC14L2,,,,,,7897.ENSLACP00000006951,39.8,2.21e-35,134.0,0.0,0.0,0.0,0.0,retinal-binding protein [Nephila pilipes],,"38H26@33154,3BB1Q@33208,3CUPE@33213,480KB@7711,495UQ@7742,KOG1471@1,KOG1471@2759",CRAL_TRIO,0.0,0.0,7_Chromophore_Cycle,Retinal Binding & Isomerase,Chromophore 11-cis Regeneration,No
,GFS67827.1,EH28_06806,,,,,,215358.XP_010749651.1,34.8,5.69e-69,231.0,0.0,0.0,0.0,0.0,SEC14-like protein 2 [Nephila pilipes],,"38H26@33154,3BB1Q@33208,3CUPE@33213,480KB@7711,495UQ@7742,49W5Z@7898,KOG1471@1,KOG1471@2759","CRAL_TRIO,CRAL_TRIO_N",0.0,0.0,7_Chromophore_Cycle,Retinal Binding & Isomerase,Chromophore 11-cis Regeneration,No
,GFS67828.1,v1g110912,,,,,,45351.EDO39269,36.9,8.549999999999998e-69,229.0,0.0,0.0,0.0,0.0,SEC14-like protein 2 [Nephila pilipes],,"38H26@33154,3BB1Q@33208,KOG1471@1,KOG1471@2759","CRAL_TRIO,CRAL_TRIO_N",0.0,0.0,7_Chromophore_Cycle,Retinal Binding & Isomerase,Chromophore 11-cis Regeneration,No
,GFS67829.1,EH28_06806,,,,,,215358.XP_010749651.1,34.8,1.39e-64,218.0,0.0,0.0,0.0,0.0,SEC14-like protein 2 [Nephila pilipes],,"38H26@33154,3BB1Q@33208,3CUPE@33213,480KB@7711,495UQ@7742,49W5Z@7898,KOG1471@1,KOG1471@2759","CRAL_TRIO,CRAL_TRIO_N",0.0,0.0,7_Chromophore_Cycle,Retinal Binding & Isomerase,Chromophore 11-cis Regeneration,No
,GFS67835.1,EH28_06806,,,,,,215358.XP_010749651.1,35.1,1.76e-65,221.0,0.0,0.0,0.0,0.0,SEC14-like protein 2 [Nephila pilipes],,"38H26@33154,3BB1Q@33208,3CUPE@33213,480KB@7711,495UQ@7742,49W5Z@7898,KOG1471@1,KOG1471@2759","CRAL_TRIO,CRAL_TRIO_N",0.0,0.0,7_Chromophore_Cycle,Retinal Binding & Isomerase,Chromophore 11-cis Regeneration,No
,GFS67836.1,,,,,,,48698.ENSPFOP00000018995,35.7,1.41e-66,223.0,0.0,0.0,0.0,0.0,SEC14-like protein 2 [Nephila pilipes],,"38H26@33154,3BB1Q@33208,3CUPE@33213,480KB@7711,49E8Z@7742,4A59N@7898,KOG1471@1,KOG1471@2759",CRAL_TRIO,0.0,0.0,7_Chromophore_Cycle,Retinal Binding & Isomerase,Chromophore 11-cis Regeneration,No
,GFS67837.1,,,,,,,303518.XP_005720056.1,37.0,4.11e-67,225.0,0.0,0.0,0.0,0.0,SEC14-like protein 2 [Nephila pilipes],,"38H26@33154,3BB1Q@33208,3CUPE@33213,480KB@7711,49E8Z@7742,4A59N@7898,KOG1471@1,KOG1471@2759",CRAL_TRIO,0.0,0.0,7_Chromophore_Cycle,Retinal Binding & Isomerase,Chromophore 11-cis Regeneration,No
,GFS67840.1,,,,,,,6669.EFX85358,32.6,1.19e-62,214.0,0.0,0.0,0.0,0.0,SEC14-like protein 2 [Nephila pilipes],,"38H26@33154,3BB1Q@33208,3CUPE@33213,41XNK@6656,KOG1471@1,KOG1471@2759",CRAL_TRIO,0.0,0.0,7_Chromophore_Cycle,Retinal Binding & Isomerase,Chromophore 11-cis Regeneration,No
,GFS67841.1,,,,,,,6669.EFX85364,39.0,1.11e-36,137.0,0.0,0.0,0.0,0.0,"SEC14-like protein 2, partial [Nephila pilipes]",,"38H26@33154,3BB1Q@33208,3CUPE@33213,41XNK@6656,KOG1471@1,KOG1471@2759",CRAL_TRIO,0.0,0.0,7_Chromophore_Cycle,Retinal Binding & Isomerase,Chromophore 11-cis Regeneration,No
,GFS69897.1,,,,,,,126957.SMAR003458-PA,34.2,6.81e-127,404.0,0.0,0.0,0.0,0.0,g-protein coupled receptor Mth2 [Nephila pilipes],,"28Z7Y@1,2R627@2759,39MTC@33154,3CPD4@33208,3D007@33213,42AIY@6656",7tm_2,0.0,0.0,2_G_Protein,G-Protein Heterotrimer (Gq/11),Transduction of Activated Opsin Signal,No
,GFS70943.1,,ko:K04944,"map04911,ko04911",,,"ko00001,ko04040,ko00000",6669.EFX90128,85.5,8.110000000000001e-208,587.0,0.0,0.0,0.0,0.0,small conductance calcium-activated potassium channel protein [Nephila pilipes],,"38ETT@33154,3B95G@33208,3CRM2@33213,41VVN@6656,KOG3684@1,KOG3684@2759","CaMBD,Ion_trans_2,SK_channel",0.0,0.0,5_Channels,TRP / TRPL Cation Channels,Ca2+ / Na+ Influx & Depolarization,No
,GFS71001.1,,,,,,,126957.SMAR003458-PA,36.8,1.11e-56,209.0,0.0,0.0,0.0,0.0,g-protein coupled receptor Mth2 [Nephila pilipes],,"28Z7Y@1,2R627@2759,39MTC@33154,3CPD4@33208,3D007@33213,42AIY@6656",7tm_2,0.0,0.0,2_G_Protein,G-Protein Heterotrimer (Gq/11),Transduction of Activated Opsin Signal,No
,GFS71099.1,,,,,,,69293.ENSGACP00000018990,50.0,2.7e-12,67.0,0.0,0.0,0.0,0.0,"SEC14-like protein 2, partial [Nephila pilipes]",,"38H26@33154,3BB1Q@33208,3CUPE@33213,480KB@7711,495UQ@7742,49W5Z@7898,KOG1471@1,KOG1471@2759","CRAL_TRIO,CRAL_TRIO_N",0.0,0.0,7_Chromophore_Cycle,Retinal Binding & Isomerase,Chromophore 11-cis Regeneration,No
,GFS71776.1,L798_14087,ko:K05743,"map04666,map04810,ko04666,ko04810,ko04360,map04360",,2.7.11.1,"ko01000,ko01001,ko00001,ko00000",136037.KDR12013,52.8,3.69e-239,687.0,0.0,0.0,0.0,0.0,LIM domain kinase 1 [Nephila pilipes],,"38BXH@33154,3BEDK@33208,3CU22@33213,3SGHK@50557,41TPX@6656,COG0515@1,KOG1187@2759","LIM,PDZ,Pkinase_Tyr",0.0,0.0,4_Scaffold,INAD Signalplex Scaffold,Multi-PDZ Macromolecular Assembly,No
,GFS71843.1,,,,,,,126957.SMAR003977-PA,57.6,1.33e-230,664.0,0.0,0.0,0.0,0.0,rhophilin-2 [Nephila pilipes],,"38BZH@33154,3BEU9@33208,3CXJJ@33213,41UUC@6656,KOG2220@1,KOG2220@2759","BRO1,HR1,PDZ",0.0,0.0,4_Scaffold,INAD Signalplex Scaffold,Multi-PDZ Macromolecular Assembly,No
,GFS71917.1,L798_13686,,,,,,136037.KDR11738,56.4,0.0,1451.0,0.0,0.0,0.0,0.0,protein retinal degeneration B [Nephila pilipes],,"39RNR@33154,3BB03@33208,3CWZR@33213,3SHAT@50557,41TQT@6656,COG5083@1,KOG3668@2759","DDHD,IP_trans",0.0,0.0,7_Chromophore_Cycle,Retinal Binding & Isomerase,Chromophore 11-cis Regeneration,No
,GFS71918.1,L798_13686,,,,,,136037.KDR11738,57.9,0.0,1467.0,0.0,0.0,0.0,0.0,protein retinal degeneration B [Nephila pilipes],,"39RNR@33154,3BB03@33208,3CWZR@33213,3SHAT@50557,41TQT@6656,COG5083@1,KOG3668@2759","DDHD,IP_trans",0.0,0.0,7_Chromophore_Cycle,Retinal Binding & Isomerase,Chromophore 11-cis Regeneration,No
,GFS72193.1,,,,,,,126957.SMAR009052-PA,45.7,1.69e-26,113.0,0.0,0.0,0.0,0.0,"phosphoinositide phospholipase C, partial [Nephila pilipes]",,"3ASPT@33154,3BB4P@33208,3CUHB@33213,41UZY@6656,KOG0169@1,KOG1265@2759","EF-hand_like,PI-PLC-X,PI-PLC-Y,PLC-beta_C",0.0,0.0,3_Effector,Phospholipase C-beta (PLCβ / NorpA),Hydrolysis of PIP2 -> DAG + IP3,No
,GFS72471.1,GPR64,,,,,,8049.ENSGMOP00000002283,29.8,4.27e-05,50.1,0.0,0.0,0.0,0.0,"g-protein coupled receptor 126, partial [Nephila pilipes]",,"38BU2@33154,3BJP4@33208,3CUR3@33213,48653@7711,493PT@7742,4A5VY@7898,KOG4193@1,KOG4193@2759","7tm_2,GPS",0.0,0.0,2_G_Protein,G-Protein Heterotrimer (Gq/11),Transduction of Activated Opsin Signal,No
,GFS72547.1,,,,,,,7425.NV12549-PA,54.3,3.99e-14,75.1,0.0,0.0,0.0,0.0,alpha-tocopherol transfer protein-like [Nephila pilipes],,"39XD4@33154,3BJZB@33208,3D2PQ@33213,3SJ0G@50557,41UMT@6656,46DWD@7399,KOG1471@1,KOG1471@2759",CRAL_TRIO,0.0,0.0,7_Chromophore_Cycle,Retinal Binding & Isomerase,Chromophore 11-cis Regeneration,No
,GFS72551.1,,,,,,,7918.ENSLOCP00000017532,23.8,8.46e-19,92.4,0.0,0.0,0.0,0.0,alpha-tocopherol transfer protein-like [Nephila pilipes],,"39CE2@33154,3B98E@33208,3D19K@33213,489ZJ@7711,48ZQT@7742,49W1G@7898,KOG1471@1,KOG1471@2759","CRAL_TRIO,CRAL_TRIO_N",0.0,0.0,7_Chromophore_Cycle,Retinal Binding & Isomerase,Chromophore 11-cis Regeneration,No
,GFS72776.1,6036604,,,,,,7176.CPIJ004995-PA,72.5,7.389999999999999e-61,199.0,0.0,0.0,0.0,0.0,"sodium channel protein 60E, partial [Nephila pilipes]",,"38BYK@33154,3B9I5@33208,3CRAE@33213,3SJB5@50557,41UZ1@6656,44XWY@7147,KOG2301@1,KOG2301@2759",Ion_trans,0.0,0.0,5_Channels,TRP / TRPL Cation Channels,Ca2+ / Na+ Influx & Depolarization,No
,GFS72824.1,GPR64,,,,,,8049.ENSGMOP00000002283,29.8,4.17e-05,50.1,0.0,0.0,0.0,0.0,"g-protein coupled receptor 126, partial [Nephila pilipes]",,"38BU2@33154,3BJP4@33208,3CUR3@33213,48653@7711,493PT@7742,4A5VY@7898,KOG4193@1,KOG4193@2759","7tm_2,GPS",0.0,0.0,2_G_Protein,G-Protein Heterotrimer (Gq/11),Transduction of Activated Opsin Signal,No
,GFS73437.1,,,,,,,126957.SMAR001405-PA,46.3,1.52e-193,610.0,0.0,0.0,0.0,0.0,rho guanine nucleotide exchange factor 28 [Nephila pilipes],,"38EVD@33154,3B9V5@33208,3CZ7I@33213,41WAR@6656,COG5422@1,KOG3520@2759",RhoGEF,0.0,0.0,2_G_Protein,G-Protein Heterotrimer (Gq/11),Transduction of Activated Opsin Signal,No
,GFS73439.1,,,,,,,126957.SMAR001405-PA,46.3,1.2999999999999999e-192,608.0,0.0,0.0,0.0,0.0,rho guanine nucleotide exchange factor 28 [Nephila pilipes],,"38EVD@33154,3B9V5@33208,3CZ7I@33213,41WAR@6656,COG5422@1,KOG3520@2759",RhoGEF,0.0,0.0,2_G_Protein,G-Protein Heterotrimer (Gq/11),Transduction of Activated Opsin Signal,No
,GFS73441.1,,,,,,,126957.SMAR001405-PA,47.7,1.4200000000000002e-194,612.0,0.0,0.0,0.0,0.0,rho guanine nucleotide exchange factor 28 [Nephila pilipes],,"38EVD@33154,3B9V5@33208,3CZ7I@33213,41WAR@6656,COG5422@1,KOG3520@2759",RhoGEF,0.0,0.0,2_G_Protein,G-Protein Heterotrimer (Gq/11),Transduction of Activated Opsin Signal,No
,GFS73443.1,,,,,,,126957.SMAR001405-PA,48.1,3.02e-195,614.0,0.0,0.0,0.0,0.0,rho guanine nucleotide exchange factor 28 [Nephila pilipes],,"38EVD@33154,3B9V5@33208,3CZ7I@33213,41WAR@6656,COG5422@1,KOG3520@2759",RhoGEF,0.0,0.0,2_G_Protein,G-Protein Heterotrimer (Gq/11),Transduction of Activated Opsin Signal,No
,GFS73446.1,,,,,,,126957.SMAR001405-PA,47.7,1.4800000000000005e-194,612.0,0.0,0.0,0.0,0.0,rho guanine nucleotide exchange factor 28 [Nephila pilipes],,"38EVD@33154,3B9V5@33208,3CZ7I@33213,41WAR@6656,COG5422@1,KOG3520@2759",RhoGEF,0.0,0.0,2_G_Protein,G-Protein Heterotrimer (Gq/11),Transduction of Activated Opsin Signal,No
,GFS73448.1,KGM_203142,ko:K04912,,,,"ko04040,ko00000",13037.EHJ75861,32.5,4.56e-34,135.0,0.0,0.0,0.0,0.0,potassium channel subfamily K member 1 [Nephila pilipes],,"39JF9@33154,3BICT@33208,3CVMF@33213,3SFRM@50557,41WGX@6656,444NS@7088,KOG1418@1,KOG1418@2759",Ion_trans_2,0.0,0.0,5_Channels,TRP / TRPL Cation Channels,Ca2+ / Na+ Influx & Depolarization,No
,GFS74227.1,,ko:K04962,"map04371,ko05412,map04921,ko05414,ko04024,ko05410,ko04020,ko04261,ko04260,ko04713,ko04911,ko04972,map04260,map04261,map04024,map04020,map05414,map05412,map05410,map04972,map04713,ko04921,ko04371,map04911",,,"ko00001,ko04040,ko00000",6669.EFX89429,76.2,2.54e-59,204.0,0.0,0.0,0.0,0.0,ryanodine receptor [Nephila pilipes],,"38BST@33154,3BC6F@33208,3CVQC@33213,41UAK@6656,KOG2243@1,KOG2243@2759","EF-hand_8,Ins145_P3_rec,Ion_trans,MIR,RIH_assoc,RR_TM4-6,RYDR_ITPR,RyR,SPRY",0.0,0.0,5_Channels,TRP / TRPL Cation Channels,Ca2+ / Na+ Influx & Depolarization,No
,GFS74339.1,KGM_205042,ko:K04911,,,,"ko04040,ko00000",13037.EHJ66015,56.6,6.38e-293,850.0,0.0,0.0,0.0,0.0,potassium voltage-gated channel subfamily H member 8 [Nephila pilipes],,"38B8A@33154,3BAHT@33208,3CU2J@33213,3SK21@50557,41VX9@6656,441I1@7088,KOG0498@1,KOG0498@2759","Ion_trans,PAS_9",0.0,0.0,5_Channels,TRP / TRPL Cation Channels,Ca2+ / Na+ Influx & Depolarization,No
,GFS75155.1,,,,,,,32264.tetur20g00280.1,27.3,8.699999999999999e-54,213.0,0.0,0.0,0.0,0.0,FERM and PDZ domain-containing protein 4 [Nephila pilipes],,"38I54@33154,3B9FK@33208,3CSID@33213,41UGF@6656,KOG3552@1,KOG3552@2759","FERM_M,FERM_N,PDZ,WW",0.0,0.0,4_Scaffold,INAD Signalplex Scaffold,Multi-PDZ Macromolecular Assembly,No
,GFS75474.1,,,,,,,9818.XP_007952112.1,27.1,4.34e-31,128.0,0.0,0.0,0.0,0.0,"SEC14-like protein 4, partial [Nephila pilipes]",,"38H26@33154,3BB1Q@33208,3CUPE@33213,3JNAW@40674,48QFE@7711,49M1I@7742,KOG1471@1,KOG1471@2759",CRAL_TRIO,0.0,0.0,7_Chromophore_Cycle,Retinal Binding & Isomerase,Chromophore 11-cis Regeneration,No
,GFS75790.1,,ko:K04210,"ko04080,map04080",,,"ko04030,ko00001,ko00000",6669.EFX71100,49.6,1.7699999999999996e-81,258.0,0.0,0.0,0.0,0.0,probable G-protein coupled receptor 83 [Nephila pilipes],,"39RCR@33154,3BIJ1@33208,3CS01@33213,429YV@6656,KOG3656@1,KOG3656@2759",7tm_1,0.0,0.0,2_G_Protein,G-Protein Heterotrimer (Gq/11),Transduction of Activated Opsin Signal,No
,GFS76006.1,G5I_08326,ko:K12494,"ko04144,map04144",,,"ko04131,ko00001,ko00000",103372.F4WR71,43.4,8.560000000000001e-217,651.0,0.0,0.0,0.0,0.0,PH and SEC7 domain-containing protein 3 [Nephila pilipes],,"38HIY@33154,3BDCP@33208,3CX3V@33213,3SGA6@50557,41WUU@6656,46HUS@7399,COG5307@1,KOG0932@2759","PDZ,PH_9,Sec7",0.0,0.0,4_Scaffold,INAD Signalplex Scaffold,Multi-PDZ Macromolecular Assembly,No
,GFS76008.1,G5I_08326,ko:K12494,"ko04144,map04144",,,"ko04131,ko00001,ko00000",103372.F4WR71,43.8,8.589999999999999e-221,661.0,0.0,0.0,0.0,0.0,PH and SEC7 domain-containing protein 3 [Nephila pilipes],,"38HIY@33154,3BDCP@33208,3CX3V@33213,3SGA6@50557,41WUU@6656,46HUS@7399,COG5307@1,KOG0932@2759","PDZ,PH_9,Sec7",0.0,0.0,4_Scaffold,INAD Signalplex Scaffold,Multi-PDZ Macromolecular Assembly,No
,GFS76813.1,,,,,,,126957.SMAR009001-PA,63.5,1.88e-22,96.7,0.0,0.0,0.0,0.0,"ryanodine receptor, partial [Nephila pilipes]",,"38BST@33154,3BC6F@33208,3CVQC@33213,41UAK@6656,KOG2243@1,KOG2243@2759","Ion_trans,RIH_assoc,RR_TM4-6,RYDR_ITPR,RyR,SPRY",0.0,0.0,5_Channels,TRP / TRPL Cation Channels,Ca2+ / Na+ Influx & Depolarization,No
,GFS76856.1,,,,,,,13735.ENSPSIP00000013069,69.0,9.8e-66,211.0,0.0,0.0,0.0,0.0,"potassium voltage-gated channel subfamily KQT member 1, partial [Nephila pilipes]",,"38BBJ@33154,3BA2P@33208,3CR7B@33213,488CB@7711,4914F@7742,4CIK1@8459,COG2126@1,KOG1419@2759",Ion_trans,0.0,0.0,5_Channels,TRP / TRPL Cation Channels,Ca2+ / Na+ Influx & Depolarization,No
,GFS76966.1,,,,,,,126957.SMAR008862-PA,62.5,3.06e-18,100.0,0.0,0.0,0.0,0.0,SAM domain-containing protein [Nephila pilipes],,"38D44@33154,3BAUX@33208,3CVP4@33213,41W9R@6656,COG0666@1,KOG0504@2759,KOG3528@1,KOG3528@2759,KOG4375@1,KOG4375@2759","Ank_2,FERM_f0,PDZ,SAM_1",0.0,0.0,4_Scaffold,INAD Signalplex Scaffold,Multi-PDZ Macromolecular Assembly,No
,GFS76970.1,LOC658349,ko:K15009,"ko04724,map04724",,,"ko00001,ko00000",7070.TC007761-PA,53.8,6.150000000000001e-247,731.0,0.0,0.0,0.0,0.0,SH3 and multiple ankyrin repeat domains protein 3 [Nephila pilipes],,"38D44@33154,3BAUX@33208,3CVP4@33213,3SHVU@50557,41W9R@6656,COG0666@1,KOG0504@2759,KOG3528@1,KOG3528@2759","Ank_2,FERM_f0,PDZ,SH3_2",0.0,0.0,4_Scaffold,INAD Signalplex Scaffold,Multi-PDZ Macromolecular Assembly,No
,GFS76975.1,107366518,,,,,,32264.tetur18g01250.1,69.5,5.230000000000002e-200,566.0,0.0,0.0,0.0,0.0,TRPL translocation defect protein 14 [Nephila pilipes],,"28P3U@1,2QVQD@2759,39SQ0@33154,3BF1I@33208,3D2WX@33213,41X4N@6656",AAA_28,0.0,0.0,5_Channels,TRP / TRPL Cation Channels,Ca2+ / Na+ Influx & Depolarization,No
,GFS78220.1,,,,,,,126957.SMAR003458-PA,35.3,1.72e-128,409.0,0.0,0.0,0.0,0.0,g-protein coupled receptor Mth2 [Nephila pilipes],,"28Z7Y@1,2R627@2759,39MTC@33154,3CPD4@33208,3D007@33213,42AIY@6656",7tm_2,0.0,0.0,2_G_Protein,G-Protein Heterotrimer (Gq/11),Transduction of Activated Opsin Signal,No
,GFS78455.1,,,,,,,13249.RPRC011925-PA,55.2,8.14e-19,86.3,0.0,0.0,0.0,0.0,"CRAL-TRIO domain-containing protein, partial [Nephila pilipes]",,"38BQK@33154,3BC9U@33208,3CV9G@33213,3EA2D@33342,3SG6C@50557,41XWX@6656,KOG1471@1,KOG1471@2759",CRAL_TRIO,0.0,0.0,7_Chromophore_Cycle,Retinal Binding & Isomerase,Chromophore 11-cis Regeneration,No
,GFS78652.1,htrA,ko:K04771,"ko01503,ko02020,map02020,map01503",M00728,3.4.21.107,"ko01002,ko01000,ko00001,ko00000,ko03110,ko00002",163164.WD_0833,90.0,6.95e-103,311.0,0.0,0.0,0.0,0.0,probable periplasmic serine endoprotease DegP-like [Nephila pilipes],,"1MU63@1224,2TQPZ@28211,47F2S@766,COG0265@1,COG0265@2","PDZ_2,Trypsin_2",0.0,0.0,4_Scaffold,INAD Signalplex Scaffold,Multi-PDZ Macromolecular Assembly,No
,GFS78654.1,htrA,ko:K04771,"ko01503,ko02020,map02020,map01503",M00728,3.4.21.107,"ko01002,ko01000,ko00001,ko00000,ko03110,ko00002",163164.WD_0833,96.4,9.14e-98,301.0,0.0,0.0,0.0,0.0,probable periplasmic serine endoprotease DegP-like [Nephila pilipes],,"1MU63@1224,2TQPZ@28211,47F2S@766,COG0265@1,COG0265@2","PDZ_2,Trypsin_2",0.0,0.0,4_Scaffold,INAD Signalplex Scaffold,Multi-PDZ Macromolecular Assembly,No
,GFS78804.1,Arr1,ko:K13808,,,,ko00000,7070.TC013804-PA,49.9,3.35e-126,375.0,0.0,0.0,0.0,0.0,arrestin homolog [Nephila pilipes],,"38FJ9@33154,3BBXK@33208,3CWCI@33213,3SIJZ@50557,41XBW@6656,KOG3865@1,KOG3865@2759","Arrestin_C,Arrestin_N",0.0,0.0,6_Deactivation,Visual Arrestins (Arr1/Arr2),Opsin Quenching & Inactivation,No
,GFS78823.1,Isop_1614,,,,,,575540.Isop_1614,32.2,1.37e-176,581.0,0.0,0.0,0.0,0.0,"adhesion G-protein coupled receptor V1, partial [Nephila pilipes]",,"2IZBV@203682,COG2373@1,COG2373@2",Calx-beta,0.0,0.0,2_G_Protein,G-Protein Heterotrimer (Gq/11),Transduction of Activated Opsin Signal,No
,GFS78826.1,Isop_1614,,,,,,575540.Isop_1614,36.4,6.79e-65,235.0,0.0,0.0,0.0,0.0,adhesion G-protein coupled receptor V1 [Nephila pilipes],,"2IZBV@203682,COG2373@1,COG2373@2",Calx-beta,0.0,0.0,2_G_Protein,G-Protein Heterotrimer (Gq/11),Transduction of Activated Opsin Signal,No
,GFS78829.1,Pcar_1516,,,,,,338963.Pcar_1516,30.5,3.51e-19,96.7,0.0,0.0,0.0,0.0,g-protein coupled receptor 98 [Nephila pilipes],,"1MUT3@1224,2WND1@28221,42S47@68525,43U9U@69541,COG2373@1,COG2373@2,COG3866@1,COG3866@2",Calx-beta,0.0,0.0,2_G_Protein,G-Protein Heterotrimer (Gq/11),Transduction of Activated Opsin Signal,No
,GFS79479.1,GF11409,,,,,,7217.FBpp0114601,43.1,2.18e-24,106.0,0.0,0.0,0.0,0.0,ras-specific guanine nucleotide-releasing factor RalGPS2 [Nephila pilipes],,"38HVP@33154,3BB33@33208,3CT9B@33213,3SJ7X@50557,41VYS@6656,44XVM@7147,45RKJ@7214,KOG3417@1,KOG3417@2759","PH,RasGEF",0.0,0.0,2_G_Protein,G-Protein Heterotrimer (Gq/11),Transduction of Activated Opsin Signal,No
,GFS79582.1,,,,,,,126957.SMAR000771-PA,54.3,2.33e-285,815.0,0.0,0.0,0.0,0.0,transient receptor potential cation channel subfamily V member 5 [Nephila pilipes],,"38C3C@33154,3BBRN@33208,3CV5B@33213,41V0H@6656,KOG3676@1,KOG3676@2759","Ank_4,Ion_trans",0.0,0.0,5_Channels,TRP / TRPL Cation Channels,Ca2+ / Na+ Influx & Depolarization,No
,GFS80194.1,,,,,,,126957.SMAR010972-PA,37.1,1.97e-224,721.0,0.0,0.0,0.0,0.0,protein lap4 [Nephila pilipes],,"38DD2@33154,3BA7S@33208,3CU1B@33213,41XNX@6656,COG4886@1,KOG0619@2759","LRR_8,PDZ",0.0,0.0,4_Scaffold,INAD Signalplex Scaffold,Multi-PDZ Macromolecular Assembly,No
,GFS80197.1,,,,,,,126957.SMAR010972-PA,36.9,3.19e-222,715.0,0.0,0.0,0.0,0.0,protein lap4 [Nephila pilipes],,"38DD2@33154,3BA7S@33208,3CU1B@33213,41XNX@6656,COG4886@1,KOG0619@2759","LRR_8,PDZ",0.0,0.0,4_Scaffold,INAD Signalplex Scaffold,Multi-PDZ Macromolecular Assembly,No
,GFS81079.1,,ko:K04930,"ko04725,map04725",,,"ko00001,ko04040,ko00000",32264.tetur22g02930.1,83.7,4.87e-65,221.0,0.0,0.0,0.0,0.0,potassium voltage-gated channel subfamily KQT member 1 [Nephila pilipes],,"38BBJ@33154,3BA2P@33208,3CR7B@33213,41XSU@6656,COG2126@1,KOG1419@2759",Ion_trans,0.0,0.0,5_Channels,TRP / TRPL Cation Channels,Ca2+ / Na+ Influx & Depolarization,No
,GFS81316.1,L798_07300,ko:K05857,"map01100,ko04919,ko00562,map00562,ko01100,ko04020,ko04070,map04919,map04020,ko04933,map04070,map04933",M00130,3.1.4.11,"ko04131,ko01000,ko00001,ko00000,ko00002",136037.KDR18854,56.4,2.46e-24,103.0,0.0,0.0,0.0,0.0,phosphoinositide phospholipase C [Nephila pilipes],,"38BAR@33154,3CPXX@33208,3E635@33213,3T0JQ@50557,42B5M@6656,KOG0169@1,KOG0169@2759","C2,EF-hand_like,PH_12,PI-PLC-X,PI-PLC-Y",0.0,0.0,3_Effector,Phospholipase C-beta (PLCβ / NorpA),Hydrolysis of PIP2 -> DAG + IP3,No
,GFS81433.1,8239177,ko:K17551,,,,"ko01009,ko04812,ko00000",121225.PHUM305910-PA,37.4,4.6e-119,411.0,0.0,0.0,0.0,0.0,neurabin-2 [Nephila pilipes],,"38CG5@33154,3BAJU@33208,3CR8U@33213,3ECQW@33342,3SHN8@50557,41YHK@6656,KOG1945@1,KOG1945@2759","PDZ,SAM_1",0.0,0.0,4_Scaffold,INAD Signalplex Scaffold,Multi-PDZ Macromolecular Assembly,No
,GFS81525.1,101892946,ko:K04874,,,,"ko04040,ko00000",7370.XP_005176560.1,77.7,2.28e-266,752.0,0.0,0.0,0.0,0.0,"potassium voltage-gated channel protein Shaker, partial [Nephila pilipes]",,"38E1X@33154,3BA48@33208,3CVGR@33213,3SJHQ@50557,41UZF@6656,44Y8A@7147,COG2126@1,KOG1545@2759","BTB_2,Ion_trans",0.0,0.0,5_Channels,TRP / TRPL Cation Channels,Ca2+ / Na+ Influx & Depolarization,No
,GFS81672.1,,,,,,,6669.EFX85554,38.2,3.34e-24,103.0,0.0,0.0,0.0,0.0,SEC14-like protein 2 [Nephila pilipes],,"38H26@33154,3BB1Q@33208,3CUPE@33213,41XNK@6656,KOG1471@1,KOG1471@2759",CRAL_TRIO,0.0,0.0,7_Chromophore_Cycle,Retinal Binding & Isomerase,Chromophore 11-cis Regeneration,No
,GFS81711.1,L798_06829,,,,,,136037.KDR19461,35.0,1.08e-39,159.0,0.0,0.0,0.0,0.0,g-protein coupled receptor Mth2 [Nephila pilipes],,"28Z7Y@1,2R627@2759,39MTC@33154,3CPD4@33208,3D007@33213,3T039@50557,42AIY@6656",7tm_2,0.0,0.0,2_G_Protein,G-Protein Heterotrimer (Gq/11),Transduction of Activated Opsin Signal,No
,GFS82189.1,,,,,,,126957.SMAR014891-PA,39.9,1.93e-70,244.0,0.0,0.0,0.0,0.0,g-protein coupled receptor Mth2 [Nephila pilipes],,"28Z7Y@1,2R627@2759,39MTC@33154,3CPD4@33208,3D007@33213,42AIY@6656",7tm_2,0.0,0.0,2_G_Protein,G-Protein Heterotrimer (Gq/11),Transduction of Activated Opsin Signal,No
,GFS82560.1,,,,,,,32264.tetur03g09080.1,47.2,6.94e-22,95.5,0.0,0.0,0.0,0.0,"voltage-dependent calcium channel type A subunit alpha-1, partial [Nephila pilipes]",,"38BYK@33154,3BAHQ@33208,3CSUW@33213,41Y1S@6656,KOG2301@1,KOG2301@2759","Ca_chan_IQ,GPHH,Ion_trans",0.0,0.0,5_Channels,TRP / TRPL Cation Channels,Ca2+ / Na+ Influx & Depolarization,No
,GFS83009.1,,ko:K04962,"map04371,ko05412,map04921,ko05414,ko04024,ko05410,ko04020,ko04261,ko04260,ko04713,ko04911,ko04972,map04260,map04261,map04024,map04020,map05414,map05412,map05410,map04972,map04713,ko04921,ko04371,map04911",,,"ko00001,ko04040,ko00000",6669.EFX89429,77.0,1.22e-57,199.0,0.0,0.0,0.0,0.0,"ryanodine receptor, partial [Nephila pilipes]",,"38BST@33154,3BC6F@33208,3CVQC@33213,41UAK@6656,KOG2243@1,KOG2243@2759","EF-hand_8,Ins145_P3_rec,Ion_trans,MIR,RIH_assoc,RR_TM4-6,RYDR_ITPR,RyR,SPRY",0.0,0.0,5_Channels,TRP / TRPL Cation Channels,Ca2+ / Na+ Influx & Depolarization,No
,GFS83107.1,,,,,,,126957.SMAR005449-PA,30.8,1.94e-63,246.0,0.0,0.0,0.0,0.0,tyrosine-protein phosphatase non-receptor type 13 [Nephila pilipes],,"38G4B@33154,3BA0A@33208,3CRFW@33213,41XPU@6656,COG5599@1,KOG0792@2759,KOG3126@1,KOG3126@2759","FERM_C,FERM_M,FERM_N,PDZ,Porin_3",0.0,0.0,4_Scaffold,INAD Signalplex Scaffold,Multi-PDZ Macromolecular Assembly,No
,GFS83109.1,,,,,,,126957.SMAR005449-PA,30.7,7.609999999999999e-61,238.0,0.0,0.0,0.0,0.0,tyrosine-protein phosphatase non-receptor type 13 [Nephila pilipes],,"38G4B@33154,3BA0A@33208,3CRFW@33213,41XPU@6656,COG5599@1,KOG0792@2759,KOG3126@1,KOG3126@2759","FERM_C,FERM_M,FERM_N,PDZ,Porin_3",0.0,0.0,4_Scaffold,INAD Signalplex Scaffold,Multi-PDZ Macromolecular Assembly,No
,GFS83111.1,,,,,,,126957.SMAR005449-PA,28.8,1.96e-69,260.0,0.0,0.0,0.0,0.0,FERM and PDZ domain-containing protein 2 [Nephila pilipes],,"38G4B@33154,3BA0A@33208,3CRFW@33213,41XPU@6656,COG5599@1,KOG0792@2759,KOG3126@1,KOG3126@2759","FERM_C,FERM_M,FERM_N,PDZ,Porin_3",0.0,0.0,4_Scaffold,INAD Signalplex Scaffold,Multi-PDZ Macromolecular Assembly,No
,GFS83129.1,pdlim3,,,,,,31033.ENSTRUP00000013642,45.6,4.45e-08,56.2,0.0,0.0,0.0,0.0,PDZ domain-containing protein [Nephila pilipes],,"38G2D@33154,3BEPB@33208,3D059@33213,48266@7711,4909I@7742,4A0NF@7898,KOG1703@1,KOG1703@2759","DUF4749,LIM,PDZ",0.0,0.0,4_Scaffold,INAD Signalplex Scaffold,Multi-PDZ Macromolecular Assembly,No
,GFS83135.1,L798_10369,,,,,,136037.KDR15276,50.6,2.57e-86,312.0,0.0,0.0,0.0,0.0,sorbin and SH3 domain-containing protein 1 [Nephila pilipes],,"38XSH@33154,3BC17@33208,3E4IG@33213,3SGZ8@50557,41WQH@6656,KOG4225@1,KOG4225@2759","PDZ,SH3_9",0.0,0.0,4_Scaffold,INAD Signalplex Scaffold,Multi-PDZ Macromolecular Assembly,No
,GFS83139.1,L798_10369,,,,,,136037.KDR15276,50.6,2.49e-86,312.0,0.0,0.0,0.0,0.0,sorbin and SH3 domain-containing protein 1 [Nephila pilipes],,"38XSH@33154,3BC17@33208,3E4IG@33213,3SGZ8@50557,41WQH@6656,KOG4225@1,KOG4225@2759","PDZ,SH3_9",0.0,0.0,4_Scaffold,INAD Signalplex Scaffold,Multi-PDZ Macromolecular Assembly,No
,GFS83141.1,L798_10369,,,,,,136037.KDR15276,50.6,2.47e-86,312.0,0.0,0.0,0.0,0.0,sorbin and SH3 domain-containing protein 1 [Nephila pilipes],,"38XSH@33154,3BC17@33208,3E4IG@33213,3SGZ8@50557,41WQH@6656,KOG4225@1,KOG4225@2759","PDZ,SH3_9",0.0,0.0,4_Scaffold,INAD Signalplex Scaffold,Multi-PDZ Macromolecular Assembly,No
,GFS83440.1,,ko:K04851,"map04022,ko05010,map04010,ko05410,map04218,map04725,ko05412,map04921,ko04530,ko05414,ko04024,ko04022,ko04020,ko04261,ko04260,map05010,map04925,map04924,map04927,map04728,map04727,map04726,map04530,map04724,map04723,ko04911,ko04930,map04912,ko04934,ko04973,ko05031,ko04912,map04260,map04261,map04270,map04024,map04934,map04020,ko04010,map04911,map05414,map05412,ko04713,map05410,map04973,map04930,map05031,ko04218,map04713,ko04921,ko04728,ko04927,ko04924,ko04925,ko04724,ko04725,ko04726,ko04727,ko04270,ko04723",,,"ko00001,ko04040,ko00000",132113.XP_003490120.1,65.1,0.0,2200.0,0.0,0.0,0.0,0.0,voltage-dependent calcium channel type D subunit alpha-1 [Nephila pilipes],,"38BYK@33154,3BAHQ@33208,3CSUW@33213,3SKE9@50557,41X89@6656,46KZ3@7399,KOG2301@1,KOG2301@2759","CAC1F_C,Ca_chan_IQ,GPHH,Ion_trans",0.0,0.0,5_Channels,TRP / TRPL Cation Channels,Ca2+ / Na+ Influx & Depolarization,No
,GFS83443.1,,ko:K04851,"map04022,ko05010,map04010,ko05410,map04218,map04725,ko05412,map04921,ko04530,ko05414,ko04024,ko04022,ko04020,ko04261,ko04260,map05010,map04925,map04924,map04927,map04728,map04727,map04726,map04530,map04724,map04723,ko04911,ko04930,map04912,ko04934,ko04973,ko05031,ko04912,map04260,map04261,map04270,map04024,map04934,map04020,ko04010,map04911,map05414,map05412,ko04713,map05410,map04973,map04930,map05031,ko04218,map04713,ko04921,ko04728,ko04927,ko04924,ko04925,ko04724,ko04725,ko04726,ko04727,ko04270,ko04723",,,"ko00001,ko04040,ko00000",132113.XP_003490120.1,64.7,0.0,2199.0,0.0,0.0,0.0,0.0,voltage-dependent calcium channel type D subunit alpha-1 [Nephila pilipes],,"38BYK@33154,3BAHQ@33208,3CSUW@33213,3SKE9@50557,41X89@6656,46KZ3@7399,KOG2301@1,KOG2301@2759","CAC1F_C,Ca_chan_IQ,GPHH,Ion_trans",0.0,0.0,5_Channels,TRP / TRPL Cation Channels,Ca2+ / Na+ Influx & Depolarization,No
,GFS83475.1,,ko:K04892,"map04726,ko04726",,,"ko00001,ko04040,ko00000",32264.tetur12g02230.1,85.5,4.499999999999999e-228,634.0,0.0,0.0,0.0,0.0,potassium voltage-gated channel protein Shal [Nephila pilipes],,"38EP9@33154,3BG05@33208,3CUHE@33213,41TSB@6656,COG2126@1,KOG4390@2759","BTB_2,Ion_trans,Shal-type",0.0,0.0,5_Channels,TRP / TRPL Cation Channels,Ca2+ / Na+ Influx & Depolarization,No
,GFS83563.1,,,,,,,126957.SMAR014891-PA,31.7,1.01e-113,368.0,0.0,0.0,0.0,0.0,g-protein coupled receptor Mth2 [Nephila pilipes],,"28Z7Y@1,2R627@2759,39MTC@33154,3CPD4@33208,3D007@33213,42AIY@6656",7tm_2,0.0,0.0,2_G_Protein,G-Protein Heterotrimer (Gq/11),Transduction of Activated Opsin Signal,No
,GFS84062.1,,ko:K04946,,,,"ko04040,ko00000",32264.tetur18g00390.1,84.0,2.59e-87,286.0,0.0,0.0,0.0,0.0,"potassium channel subfamily T member 1, partial [Nephila pilipes]",,"38E39@33154,3B9HM@33208,3CSWY@33213,41YGT@6656,KOG3193@1,KOG3193@2759","BK_channel_a,Ion_trans_2",0.0,0.0,5_Channels,TRP / TRPL Cation Channels,Ca2+ / Na+ Influx & Depolarization,No
,GFS84084.1,,,,,,,126957.SMAR003458-PA,37.3,5.37e-104,337.0,0.0,0.0,0.0,0.0,g-protein coupled receptor Mth2 [Nephila pilipes],,"28Z7Y@1,2R627@2759,39MTC@33154,3CPD4@33208,3D007@33213,42AIY@6656",7tm_2,0.0,0.0,2_G_Protein,G-Protein Heterotrimer (Gq/11),Transduction of Activated Opsin Signal,No
,GFS85124.1,,,,,,,126957.SMAR002485-PA,73.1,0.0,2426.0,0.0,0.0,0.0,0.0,sodium leak channel non-selective protein [Nephila pilipes],,"38BYK@33154,3BD2J@33208,3CUNX@33213,41XI3@6656,KOG2301@1,KOG2301@2759",Ion_trans,0.0,0.0,5_Channels,TRP / TRPL Cation Channels,Ca2+ / Na+ Influx & Depolarization,No
,GFS85128.1,,,,,,,126957.SMAR002485-PA,73.0,0.0,2421.0,0.0,0.0,0.0,0.0,sodium leak channel non-selective protein [Nephila pilipes],,"38BYK@33154,3BD2J@33208,3CUNX@33213,41XI3@6656,KOG2301@1,KOG2301@2759",Ion_trans,0.0,0.0,5_Channels,TRP / TRPL Cation Channels,Ca2+ / Na+ Influx & Depolarization,No
,GFS85146.1,,,,,,,126957.SMAR011964-PA,47.6,1.15e-40,167.0,0.0,0.0,0.0,0.0,PDZ domain-containing protein [Nephila pilipes],,"39MJ1@33154,3CP5S@33208,3D7RU@33213,41ZJS@6656,KOG3528@1,KOG3528@2759",PDZ,0.0,0.0,4_Scaffold,INAD Signalplex Scaffold,Multi-PDZ Macromolecular Assembly,No
,GFS85491.1,,,,,,,126957.SMAR011815-PA,50.3,8.14e-60,194.0,0.0,0.0,0.0,0.0,regulator of G-protein signaling 7-binding protein A [Nephila pilipes],,"2CWW8@1,2RVE4@2759,39Z2J@33154,3BH93@33208,3D3U8@33213,41TKN@6656",,0.0,0.0,2_G_Protein,G-Protein Heterotrimer (Gq/11),Transduction of Activated Opsin Signal,No
,GFS86637.1,,,,,,,69319.XP_008553501.1,60.3,0.0,2147.0,0.0,0.0,0.0,0.0,voltage-dependent calcium channel type D subunit alpha-1 [Nephila pilipes],,"38BYK@33154,3BAHQ@33208,3CSUW@33213,3SKE9@50557,41X89@6656,46KZ3@7399,KOG2301@1,KOG2301@2759","CAC1F_C,Ca_chan_IQ,GPHH,Ion_trans",0.0,0.0,5_Channels,TRP / TRPL Cation Channels,Ca2+ / Na+ Influx & Depolarization,No
,GFS86640.1,,,,,,,69319.XP_008553501.1,60.1,0.0,2141.0,0.0,0.0,0.0,0.0,voltage-dependent calcium channel type D subunit alpha-1 [Nephila pilipes],,"38BYK@33154,3BAHQ@33208,3CSUW@33213,3SKE9@50557,41X89@6656,46KZ3@7399,KOG2301@1,KOG2301@2759","CAC1F_C,Ca_chan_IQ,GPHH,Ion_trans",0.0,0.0,5_Channels,TRP / TRPL Cation Channels,Ca2+ / Na+ Influx & Depolarization,No
,GFS87032.1,8233923,ko:K16175,"map05165,map05203,map04390,map04391,ko05165,ko04530,map04530,ko04391,ko04390,ko05203",,,"ko00001,ko00000",121225.PHUM127710-PA,31.8,2.43e-97,348.0,0.0,0.0,0.0,0.0,protein lap4 [Nephila pilipes],,"38DD2@33154,3BA7S@33208,3CU1B@33213,3E9EW@33342,3SKJ1@50557,41XNX@6656,COG4886@1,KOG0619@2759","LRR_8,PDZ",0.0,0.0,4_Scaffold,INAD Signalplex Scaffold,Multi-PDZ Macromolecular Assembly,No
,GFS87387.1,,,,,,,126957.SMAR014857-PA,58.3,2.15e-162,489.0,0.0,0.0,0.0,0.0,cyclic nucleotide-gated channel rod photoreceptor subunit alpha [Nephila pilipes],,"38CC1@33154,3BAEP@33208,3CUYQ@33213,41UXR@6656,KOG0500@1,KOG0500@2759","Ion_trans,cNMP_binding",0.0,0.0,5_Channels,TRP / TRPL Cation Channels,Ca2+ / Na+ Influx & Depolarization,No
,GFS87758.1,Para,ko:K04834,"ko04742,map04742",,,"ko00001,ko04040,ko00000",7460.GB42728-PA,64.8,0.0,2216.0,0.0,0.0,0.0,0.0,sodium channel protein para [Nephila pilipes],,"38BYK@33154,3B9I5@33208,3CRAE@33213,3SIHT@50557,41TGE@6656,46FCG@7399,KOG2301@1,KOG2301@2759","GPHH,Ion_trans,Na_trans_assoc,Na_trans_cytopl",0.0,0.0,5_Channels,TRP / TRPL Cation Channels,Ca2+ / Na+ Influx & Depolarization,No
,GFS87760.1,,ko:K04834,"ko04742,map04742",,,"ko00001,ko04040,ko00000",132113.XP_003488828.1,63.9,0.0,2216.0,0.0,0.0,0.0,0.0,sodium channel protein para [Nephila pilipes],,"38BYK@33154,3B9I5@33208,3CRAE@33213,3SIHT@50557,41TGE@6656,46FCG@7399,KOG2301@1,KOG2301@2759","GPHH,Ion_trans,Na_trans_assoc,Na_trans_cytopl",0.0,0.0,5_Channels,TRP / TRPL Cation Channels,Ca2+ / Na+ Influx & Depolarization,No
,GFS87762.1,,ko:K04834,"ko04742,map04742",,,"ko00001,ko04040,ko00000",132113.XP_003488828.1,63.7,0.0,2214.0,0.0,0.0,0.0,0.0,sodium channel protein para [Nephila pilipes],,"38BYK@33154,3B9I5@33208,3CRAE@33213,3SIHT@50557,41TGE@6656,46FCG@7399,KOG2301@1,KOG2301@2759","GPHH,Ion_trans,Na_trans_assoc,Na_trans_cytopl",0.0,0.0,5_Channels,TRP / TRPL Cation Channels,Ca2+ / Na+ Influx & Depolarization,No
,GFS87824.1,Rx,ko:K09332,,,,"ko03000,ko00000",7460.GB51604-PA,42.5,1.61e-50,177.0,0.0,0.0,0.0,0.0,retinal homeobox protein Rx1 [Nephila pilipes],,"38GHP@33154,3BCKD@33208,3CR59@33213,3SM5F@50557,41YWY@6656,46IKA@7399,KOG0490@1,KOG0490@2759","Homeobox,OAR",0.0,0.0,7_Chromophore_Cycle,Retinal Binding & Isomerase,Chromophore 11-cis Regeneration,No
,GFS87844.1,,,,,,,34740.HMEL022527-PA,45.3,1.5700000000000002e-70,233.0,0.0,0.0,0.0,0.0,"opsin, ultraviolet-sensitive [Nephila pilipes]",,"3A021@33154,3BPP6@33208,3D69Z@33213,3SKEZ@50557,41YSW@6656,449AV@7088,KOG3656@1,KOG3656@2759",7tm_1,0.0,0.0,1_Photopigment,Rhabdomeric Opsins (Rh1/Rh2/UV/LWS),Light Absorption & Photoisomerization,No
,GFS88260.1,,,,,,,126957.SMAR007113-PA,52.6,3.82e-137,404.0,0.0,0.0,0.0,0.0,guanine nucleotide-binding protein G(s) subunit alpha [Nephila pilipes],,"39VH9@33154,3BGY1@33208,3D5JD@33213,41V26@6656,KOG0082@1,KOG0099@2759",G-alpha,0.0,0.0,2_G_Protein,G-Protein Heterotrimer (Gq/11),Transduction of Activated Opsin Signal,No
,GFS88503.1,,,,,,,126957.SMAR001188-PA,39.9,1.1399999999999999e-54,190.0,0.0,0.0,0.0,0.0,TWiK family of potassium channels protein 7 [Nephila pilipes],,"39QTD@33154,3BG8M@33208,3CXH3@33213,41UFB@6656,KOG1418@1,KOG1418@2759",Ion_trans_2,0.0,0.0,5_Channels,TRP / TRPL Cation Channels,Ca2+ / Na+ Influx & Depolarization,No
,GFS88728.1,,,,,,,126957.SMAR003458-PA,33.0,1.6999999999999998e-113,370.0,0.0,0.0,0.0,0.0,g-protein coupled receptor Mth2 [Nephila pilipes],,"28Z7Y@1,2R627@2759,39MTC@33154,3CPD4@33208,3D007@33213,42AIY@6656",7tm_2,0.0,0.0,2_G_Protein,G-Protein Heterotrimer (Gq/11),Transduction of Activated Opsin Signal,No
,GFS89102.1,G5I_07887,,,,,,103372.F4WQ28,53.7,2e-09,59.7,0.0,0.0,0.0,0.0,clavesin-1 [Nephila pilipes],,"39XD4@33154,3BJZB@33208,3D2PQ@33213,3SJ0G@50557,41UMT@6656,KOG1471@1,KOG1471@2759",CRAL_TRIO,0.0,0.0,7_Chromophore_Cycle,Retinal Binding & Isomerase,Chromophore 11-cis Regeneration,No
,GFS89162.1,,,,,,,126957.SMAR002843-PA,30.6,1.48e-32,136.0,0.0,0.0,0.0,0.0,transmembrane protease serine 9 [Nephila pilipes],,"38CPA@33154,3BFVW@33208,3CW22@33213,41X4Y@6656,COG0187@1,COG5640@1,KOG0355@2759,KOG1945@1,KOG1945@2759,KOG3627@2759","DNA_gyraseB,DNA_topoisoIV,HATPase_c,PDZ,SAM_2,TOPRIM_C,Toprim,Trypsin",0.0,0.0,4_Scaffold,INAD Signalplex Scaffold,Multi-PDZ Macromolecular Assembly,No
,GFS89356.1,107368310,ko:K10252,,,1.13.11.71,"ko01000,ko00000",32264.tetur26g01360.1,47.3,4.45e-81,260.0,0.0,0.0,0.0,0.0,"retinal Mueller cells isomerohydrolase, partial [Nephila pilipes]",,"38DX7@33154,3BAXR@33208,3CRSB@33213,41Y4H@6656,COG3670@1,KOG1285@2759",RPE65,0.0,0.0,7_Chromophore_Cycle,Retinal Binding & Isomerase,Chromophore 11-cis Regeneration,No
,GFS89706.1,,,,,,,6669.EFX85554,33.1,5.12e-56,199.0,0.0,0.0,0.0,0.0,retinal-binding protein [Nephila pilipes],,"38H26@33154,3BB1Q@33208,3CUPE@33213,41XNK@6656,KOG1471@1,KOG1471@2759",CRAL_TRIO,0.0,0.0,7_Chromophore_Cycle,Retinal Binding & Isomerase,Chromophore 11-cis Regeneration,No
,GFS89985.1,,,,,,,126957.SMAR001256-PA,44.3,8.69e-246,734.0,0.0,0.0,0.0,0.0,rho GTPase-activating protein 100F [Nephila pilipes],,"38IYE@33154,3BEB1@33208,3D369@33213,41VCE@6656,KOG1452@1,KOG1452@2759","C2,PDZ,RhoGAP",0.0,0.0,4_Scaffold,INAD Signalplex Scaffold,Multi-PDZ Macromolecular Assembly,No
,GFS89987.1,,,,,,,126957.SMAR001256-PA,44.3,5.32e-246,734.0,0.0,0.0,0.0,0.0,rho GTPase-activating protein 100F [Nephila pilipes],,"38IYE@33154,3BEB1@33208,3D369@33213,41VCE@6656,KOG1452@1,KOG1452@2759","C2,PDZ,RhoGAP",0.0,0.0,4_Scaffold,INAD Signalplex Scaffold,Multi-PDZ Macromolecular Assembly,No
,GFS90179.1,,,,,,,126957.SMAR003458-PA,36.2,2.3299999999999998e-54,202.0,0.0,0.0,0.0,0.0,g-protein coupled receptor Mth2 [Nephila pilipes],,"28Z7Y@1,2R627@2759,39MTC@33154,3CPD4@33208,3D007@33213,42AIY@6656",7tm_2,0.0,0.0,2_G_Protein,G-Protein Heterotrimer (Gq/11),Transduction of Activated Opsin Signal,No
,GFS90183.1,,,,,,,126957.SMAR003458-PA,36.9,1.1000000000000004e-59,216.0,0.0,0.0,0.0,0.0,g-protein coupled receptor Mth2 [Nephila pilipes],,"28Z7Y@1,2R627@2759,39MTC@33154,3CPD4@33208,3D007@33213,42AIY@6656",7tm_2,0.0,0.0,2_G_Protein,G-Protein Heterotrimer (Gq/11),Transduction of Activated Opsin Signal,No
,GFS90189.1,L798_06829,,,,,,136037.KDR19461,39.4,1.99e-62,223.0,0.0,0.0,0.0,0.0,g-protein coupled receptor Mth2 [Nephila pilipes],,"28Z7Y@1,2R627@2759,39MTC@33154,3CPD4@33208,3D007@33213,3T039@50557,42AIY@6656",7tm_2,0.0,0.0,2_G_Protein,G-Protein Heterotrimer (Gq/11),Transduction of Activated Opsin Signal,No
,GFS91080.1,,,,,,,126957.SMAR003458-PA,36.8,1.11e-56,209.0,0.0,0.0,0.0,0.0,g-protein coupled receptor Mth2 [Nephila pilipes],,"28Z7Y@1,2R627@2759,39MTC@33154,3CPD4@33208,3D007@33213,42AIY@6656",7tm_2,0.0,0.0,2_G_Protein,G-Protein Heterotrimer (Gq/11),Transduction of Activated Opsin Signal,No
,GFS91699.1,,,,,,,7668.SPU_020366-tr,63.6,5.63e-18,83.6,0.0,0.0,0.0,0.0,"guanine nucleotide-binding protein-like 1, partial [Nephila pilipes]",,"38D1C@33154,3BDW5@33208,3CWRQ@33213,COG1161@1,KOG1424@2759",MMR_HSR1,0.0,0.0,2_G_Protein,G-Protein Heterotrimer (Gq/11),Transduction of Activated Opsin Signal,No
,GFS92861.1,,,,,,,126957.SMAR003458-PA,34.5,3.03e-44,173.0,0.0,0.0,0.0,0.0,g-protein coupled receptor Mth2 [Nephila pilipes],,"28Z7Y@1,2R627@2759,39MTC@33154,3CPD4@33208,3D007@33213,42AIY@6656",7tm_2,0.0,0.0,2_G_Protein,G-Protein Heterotrimer (Gq/11),Transduction of Activated Opsin Signal,No
,GFS92864.1,,,,,,,126957.SMAR003458-PA,36.2,1.77e-53,199.0,0.0,0.0,0.0,0.0,g-protein coupled receptor Mth2 [Nephila pilipes],,"28Z7Y@1,2R627@2759,39MTC@33154,3CPD4@33208,3D007@33213,42AIY@6656",7tm_2,0.0,0.0,2_G_Protein,G-Protein Heterotrimer (Gq/11),Transduction of Activated Opsin Signal,No
,GFS93408.1,,,,,,,126957.SMAR011695-PA,87.6,5.99e-109,328.0,0.0,0.0,0.0,0.0,potassium voltage-gated channel protein Shaw [Nephila pilipes],,"38D0S@33154,3BAS8@33208,3CR98@33213,41U4N@6656,COG2126@1,KOG3713@2759","BTB_2,Ion_trans",0.0,0.0,5_Channels,TRP / TRPL Cation Channels,Ca2+ / Na+ Influx & Depolarization,No
,GFS93760.1,,,,,,,126957.SMAR013138-PA,48.2,6.06e-171,503.0,0.0,0.0,0.0,0.0,MAGUK p55 subfamily member 7 [Nephila pilipes],,"38CU2@33154,3BA43@33208,3CXF3@33213,41XW0@6656,COG0194@1,KOG0609@2759","Guanylate_kin,L27,PDZ,SH3_2",0.0,0.0,4_Scaffold,INAD Signalplex Scaffold,Multi-PDZ Macromolecular Assembly,No
,GFS94317.1,,,,,,,126957.SMAR007474-PA,57.5,0.0,944.0,0.0,0.0,0.0,0.0,rho guanine nucleotide exchange factor 17 [Nephila pilipes],,"38NVS@33154,3BBYF@33208,3CZDI@33213,41UHY@6656,COG3483@1,KOG3522@1,KOG3522@2759,KOG3906@2759","RhoGEF,Trp_dioxygenase",0.0,0.0,2_G_Protein,G-Protein Heterotrimer (Gq/11),Transduction of Activated Opsin Signal,No
,GFS94720.1,,,,,,,126957.SMAR015718-PA,61.5,1.05e-274,777.0,0.0,0.0,0.0,0.0,segment polarity protein dishevelled homolog DVL-3 [Nephila pilipes],,"38FQ4@33154,3BA9V@33208,3CVC1@33213,41X4V@6656,KOG3571@1,KOG3571@2759","DEP,DIX,Dishevelled,Dsh_C,PDZ",0.0,0.0,4_Scaffold,INAD Signalplex Scaffold,Multi-PDZ Macromolecular Assembly,No
,GFS95072.1,,,,,,,126957.SMAR008933-PA,56.0,3.78e-161,469.0,0.0,0.0,0.0,0.0,retinoid-inducible serine carboxypeptidase [Nephila pilipes],,"38BFR@33154,3BH14@33208,3CS8F@33213,41Y38@6656,COG2939@1,KOG1283@2759",Peptidase_S10,0.0,0.0,7_Chromophore_Cycle,Retinal Binding & Isomerase,Chromophore 11-cis Regeneration,No
,GFS95895.1,,,,,,,6669.EFX68604,67.0,1.19e-162,464.0,0.0,0.0,0.0,0.0,arrestin domain-containing protein 4 [Nephila pilipes],,"38D4U@33154,3BHNQ@33208,3D3RI@33213,41TSA@6656,KOG3780@1,KOG3780@2759","Arrestin_C,Arrestin_N",0.0,0.0,6_Deactivation,Visual Arrestins (Arr1/Arr2),Opsin Quenching & Inactivation,No
,GFS96472.1,L798_00701,ko:K04346,"map04810,ko04010,map05200,ko05200,map04010,ko04810,ko04022,ko04071,ko04072,map04270,map04022,map04072,map04071,map04730,ko04270,ko04730",,,"ko04147,ko00001,ko04031,ko00000",136037.KDR09357,64.1,1.21e-165,474.0,0.0,0.0,0.0,0.0,guanine nucleotide-binding protein subunit alpha homolog [Nephila pilipes],,"38E4Q@33154,3B9RI@33208,3CU70@33213,3SJQ2@50557,41WIX@6656,KOG0082@1,KOG0082@2759",G-alpha,0.0,0.0,2_G_Protein,G-Protein Heterotrimer (Gq/11),Transduction of Activated Opsin Signal,No
,GFS96591.1,,,,,,,13249.RPRC001491-PA,42.7,8.73e-19,85.9,0.0,0.0,0.0,0.0,"alpha-tocopherol transfer protein-like, partial [Nephila pilipes]",,"39XH9@33154,3BN6C@33208,3D54M@33213,3E9U5@33342,3SGNR@50557,41UCX@6656,KOG1471@1,KOG1471@2759",CRAL_TRIO,0.0,0.0,7_Chromophore_Cycle,Retinal Binding & Isomerase,Chromophore 11-cis Regeneration,No
,GFS97457.1,ste6,,,,,,4896.SPCC1442.01.1,33.3,1.07e-10,64.3,0.0,0.0,0.0,0.0,ras-specific guanine nucleotide-releasing factor RalGPS2 [Nephila pilipes],"P|GO:0000003|IMP,P|GO:0000746|IMP,P|GO:0000747|IMP,P|GO:0000749|IMP,P|GO:0000750|IMP,P|GO:0007154|IEA,P|GO:0007154|IMP,P|GO:0007165|IEA,P|GO:0007165|IMP,P|GO:0007186|IMP,P|GO:0007264|IEA,P|GO:0008150|IEA,P|GO:0008150|EXP,P|GO:0008150|IMP,P|GO:0009987|IEA,P|GO:0009987|IMP,P|GO:0010033|IMP,P|GO:0019236|IMP,P|GO:0019953|IMP,P|GO:0022414|IMP,P|GO:0023052|IEA,P|GO:0023052|IMP,P|GO:0031136|IMP,P|GO:0031137|IMP,P|GO:0031139|IMP,P|GO:0032005|IMP,P|GO:0035556|IEA,P|GO:0042221|IMP,P|GO:0043900|IMP,P|GO:0043902|IMP,P|GO:0044703|IMP,P|GO:0044764|IMP,P|GO:0046999|IMP,P|GO:0048518|IMP,P|GO:0048522|IMP,P|GO:0050789|IEA,P|GO:0050789|IMP,P|GO:0050794|IEA,P|GO:0050794|IMP,P|GO:0050896|IEA,P|GO:0050896|IMP,P|GO:0051704|IMP,P|GO:0051716|IEA,P|GO:0051716|IMP,P|GO:0065007|IEA,P|GO:0065007|EXP,P|GO:0065007|IMP,P|GO:0065009|EXP,P|GO:0070887|IMP,P|GO:0071310|IMP,P|GO:0071444|IMP,P|GO:2000241|IMP,P|GO:2000243|IMP,C|GO:0005575|IDA,C|GO:0005622|IDA,C|GO:0005623|IDA,C|GO:0005856|IDA,C|GO:0005937|IDA,C|GO:0015629|IDA,C|GO:0030427|IDA,C|GO:0042995|IDA,C|GO:0043226|IDA,C|GO:0043228|IDA,C|GO:0043229|IDA,C|GO:0043232|IDA,C|GO:0043332|IDA,C|GO:0044422|IDA,C|GO:0044424|IDA,C|GO:0044430|IDA,C|GO:0044446|IDA,C|GO:0044463|IDA,C|GO:0044464|IDA,C|GO:0051286|IDA,C|GO:0120025|IDA,C|GO:0120038|IDA,C|GO:1990819|IDA,F|GO:0003674|EXP,F|GO:0005085|EXP,F|GO:0005088|EXP,F|GO:0005488|EXP,F|GO:0005515|EXP,F|GO:0017016|EXP,F|GO:0019899|EXP,F|GO:0031267|EXP,F|GO:0051020|EXP,F|GO:0098772|EXP","38GRG@33154,3MCFH@451866,3NUVS@4751,3QP0G@4890,KOG3417@1,KOG3417@2759","RasGEF,RasGEF_N,SH3_1",0.0,0.0,2_G_Protein,G-Protein Heterotrimer (Gq/11),Transduction of Activated Opsin Signal,No
,GFS98171.1,v1g110912,,,,,,45351.EDO39269,29.0,4.19e-49,178.0,0.0,0.0,0.0,0.0,retinal-binding protein [Nephila pilipes],,"38H26@33154,3BB1Q@33208,KOG1471@1,KOG1471@2759","CRAL_TRIO,CRAL_TRIO_N",0.0,0.0,7_Chromophore_Cycle,Retinal Binding & Isomerase,Chromophore 11-cis Regeneration,No
,GFS98173.1,,,,,,,32507.XP_006797781.1,35.2,4.68e-74,243.0,0.0,0.0,0.0,0.0,SEC14-like protein 2 [Nephila pilipes],,"38H26@33154,3BB1Q@33208,3CUPE@33213,480KB@7711,495UQ@7742,49W5Z@7898,KOG1471@1,KOG1471@2759",CRAL_TRIO,0.0,0.0,7_Chromophore_Cycle,Retinal Binding & Isomerase,Chromophore 11-cis Regeneration,No
,GFS98609.1,,,,,,,6500.XP_005095729.1,63.7,1.0599999999999999e-90,290.0,0.0,0.0,0.0,0.0,transient receptor potential cation channel trpm [Nephila pilipes],,"38D2H@33154,3BASE@33208,3CSW8@33213,KOG3614@1,KOG3614@2759",,0.0,0.0,5_Channels,TRP / TRPL Cation Channels,Ca2+ / Na+ Influx & Depolarization,No
,GFS98802.1,,,,,,,13735.ENSPSIP00000013069,69.0,9.8e-66,211.0,0.0,0.0,0.0,0.0,"potassium voltage-gated channel subfamily KQT member 1, partial [Nephila pilipes]",,"38BBJ@33154,3BA2P@33208,3CR7B@33213,488CB@7711,4914F@7742,4CIK1@8459,COG2126@1,KOG1419@2759",Ion_trans,0.0,0.0,5_Channels,TRP / TRPL Cation Channels,Ca2+ / Na+ Influx & Depolarization,No
,GFS98925.1,,ko:K04908,,,,"ko04040,ko00000",32264.tetur03g03500.1,85.7,2.45e-88,287.0,0.0,0.0,0.0,0.0,potassium voltage-gated channel protein eag [Nephila pilipes],,"38HAJ@33154,3BB5P@33208,3CRBS@33213,41UC3@6656,COG2202@1,KOG0501@2759","Ion_trans,PAS_9,cNMP_binding",0.0,0.0,5_Channels,TRP / TRPL Cation Channels,Ca2+ / Na+ Influx & Depolarization,No
,GFS99254.1,,,,,,,13249.RPRC001667-PA,78.8,1.86e-62,193.0,0.0,0.0,0.0,0.0,tax1-binding protein 3 homolog [Nephila pilipes],,"3A1TQ@33154,3BQF7@33208,3D76F@33213,3EAGV@33342,3SMG2@50557,41Z7R@6656,KOG3553@1,KOG3553@2759",PDZ,0.0,0.0,4_Scaffold,INAD Signalplex Scaffold,Multi-PDZ Macromolecular Assembly,No
,GFS99282.1,L798_06829,,,,,,136037.KDR19461,38.0,3.27e-37,151.0,0.0,0.0,0.0,0.0,g-protein coupled receptor Mth2 [Nephila pilipes],,"28Z7Y@1,2R627@2759,39MTC@33154,3CPD4@33208,3D007@33213,3T039@50557,42AIY@6656",7tm_2,0.0,0.0,2_G_Protein,G-Protein Heterotrimer (Gq/11),Transduction of Activated Opsin Signal,No
,GFT00084.1,,,,,,,126957.SMAR007903-PA,41.4,5.32e-60,239.0,0.0,0.0,0.0,0.0,protein piccolo [Nephila pilipes],,"29T1R@1,2RXFA@2759,3A0XF@33154,3BPCZ@33208,3D714@33213,41YR2@6656","C2,PDZ",0.0,0.0,4_Scaffold,INAD Signalplex Scaffold,Multi-PDZ Macromolecular Assembly,No
,GFT00224.1,,,,,,,126957.SMAR004840-PA,39.3,2.21e-59,198.0,0.0,0.0,0.0,0.0,alpha-tocopherol transfer protein-like [Nephila pilipes],,"39K53@33154,3BBSK@33208,3CU7Z@33213,41Y3U@6656,KOG1471@1,KOG1471@2759","CRAL_TRIO,CRAL_TRIO_N",0.0,0.0,7_Chromophore_Cycle,Retinal Binding & Isomerase,Chromophore 11-cis Regeneration,No
,GFT00231.1,,,,,,,10224.XP_002735756.1,32.2,5.0199999999999995e-40,149.0,0.0,0.0,0.0,0.0,alpha-tocopherol transfer protein-like [Nephila pilipes],,"39K53@33154,3BBSK@33208,3CU7Z@33213,KOG1471@1,KOG1471@2759",CRAL_TRIO,0.0,0.0,7_Chromophore_Cycle,Retinal Binding & Isomerase,Chromophore 11-cis Regeneration,No
,GFT00455.1,,,,,,,6669.EFX85554,36.6,5.63e-37,139.0,0.0,0.0,0.0,0.0,retinal-binding protein [Nephila pilipes],,"38H26@33154,3BB1Q@33208,3CUPE@33213,41XNK@6656,KOG1471@1,KOG1471@2759",CRAL_TRIO,0.0,0.0,7_Chromophore_Cycle,Retinal Binding & Isomerase,Chromophore 11-cis Regeneration,No
,GFT00667.1,L798_04987,ko:K19931,,,,"ko04131,ko00000",136037.KDR20536,91.8,5.59e-117,337.0,0.0,0.0,0.0,0.0,protein lin-7 homolog C [Nephila pilipes],,"38EXK@33154,3BB22@33208,3D0CU@33213,3SHH4@50557,41VNN@6656,KOG3550@1,KOG3550@2759","L27,PDZ",0.0,0.0,4_Scaffold,INAD Signalplex Scaffold,Multi-PDZ Macromolecular Assembly,No
,GFT00918.1,8237786,ko:K04936,"ko04970,ko04972,ko04924,map04972,ko04911,ko04022,map04270,map04924,map04022,map04911,map04970,ko04270",,,"ko00001,ko04040,ko00000",121225.PHUM221720-PA,75.4,0.0,1654.0,0.0,0.0,0.0,0.0,calcium-activated potassium channel slowpoke [Nephila pilipes],,"38CH0@33154,3BEHD@33208,3CTJ6@33213,3E8HG@33342,3SIH0@50557,41VFU@6656,KOG1420@1,KOG1420@2759","BK_channel_a,Ion_trans",0.0,0.0,5_Channels,TRP / TRPL Cation Channels,Ca2+ / Na+ Influx & Depolarization,No
,GFT00922.1,8237786,ko:K04936,"ko04970,ko04972,ko04924,map04972,ko04911,ko04022,map04270,map04924,map04022,map04911,map04970,ko04270",,,"ko00001,ko04040,ko00000",121225.PHUM221720-PA,77.2,0.0,1669.0,0.0,0.0,0.0,0.0,calcium-activated potassium channel slowpoke [Nephila pilipes],,"38CH0@33154,3BEHD@33208,3CTJ6@33213,3E8HG@33342,3SIH0@50557,41VFU@6656,KOG1420@1,KOG1420@2759","BK_channel_a,Ion_trans",0.0,0.0,5_Channels,TRP / TRPL Cation Channels,Ca2+ / Na+ Influx & Depolarization,No
,GFT00925.1,,ko:K04936,"ko04970,ko04972,ko04924,map04972,ko04911,ko04022,map04270,map04924,map04022,map04911,map04970,ko04270",,,"ko00001,ko04040,ko00000",132113.XP_003486304.1,75.7,0.0,1658.0,0.0,0.0,0.0,0.0,calcium-activated potassium channel slowpoke [Nephila pilipes],,"38CH0@33154,3BEHD@33208,3CTJ6@33213,3SIH0@50557,41VFU@6656,46KJT@7399,KOG1420@1,KOG1420@2759","BK_channel_a,Ion_trans",0.0,0.0,5_Channels,TRP / TRPL Cation Channels,Ca2+ / Na+ Influx & Depolarization,No
,GFT00928.1,8237786,ko:K04936,"ko04970,ko04972,ko04924,map04972,ko04911,ko04022,map04270,map04924,map04022,map04911,map04970,ko04270",,,"ko00001,ko04040,ko00000",121225.PHUM221720-PA,76.6,0.0,1654.0,0.0,0.0,0.0,0.0,calcium-activated potassium channel slowpoke [Nephila pilipes],,"38CH0@33154,3BEHD@33208,3CTJ6@33213,3E8HG@33342,3SIH0@50557,41VFU@6656,KOG1420@1,KOG1420@2759","BK_channel_a,Ion_trans",0.0,0.0,5_Channels,TRP / TRPL Cation Channels,Ca2+ / Na+ Influx & Depolarization,No
,GFT01895.1,,,,,,,126957.SMAR007018-PA,69.4,9e-103,332.0,0.0,0.0,0.0,0.0,protein prune homolog 2 [Nephila pilipes],,"38BDM@33154,3BC0T@33208,3CRK7@33213,41U5X@6656,COG1100@1,KOG0070@2759","Arf,BNIP2,CRAL_TRIO_2",0.0,0.0,7_Chromophore_Cycle,Retinal Binding & Isomerase,Chromophore 11-cis Regeneration,No
,GFT02788.1,,ko:K04967,"map04745,ko04745,ko04360,map04360",,,"ko00001,ko04040,ko00000",10224.XP_002733765.1,40.9,1.1700000000000001e-65,231.0,0.0,0.0,0.0,0.0,"transient-receptor-potential-like protein, partial [Nephila pilipes]",,"38BJZ@33154,3B9NF@33208,3CRT8@33213,KOG3609@1,KOG3609@2759","Ank_2,Ion_trans,TRP_2",0.0,0.0,5_Channels,TRP / TRPL Cation Channels,Ca2+ / Na+ Influx & Depolarization,No
,GFT03148.1,,,,,,,126957.SMAR008862-PA,38.0,3.73e-283,880.0,0.0,0.0,0.0,0.0,SH3 and multiple ankyrin repeat domains protein 3 [Nephila pilipes],,"38D44@33154,3BAUX@33208,3CVP4@33213,41W9R@6656,COG0666@1,KOG0504@2759,KOG3528@1,KOG3528@2759,KOG4375@1,KOG4375@2759","Ank_2,FERM_f0,PDZ,SAM_1",0.0,0.0,4_Scaffold,INAD Signalplex Scaffold,Multi-PDZ Macromolecular Assembly,No
,GFT03372.1,,,,,,,126957.SMAR009052-PA,45.7,1.69e-26,113.0,0.0,0.0,0.0,0.0,"phosphoinositide phospholipase C, partial [Nephila pilipes]",,"3ASPT@33154,3BB4P@33208,3CUHB@33213,41UZY@6656,KOG0169@1,KOG1265@2759","EF-hand_like,PI-PLC-X,PI-PLC-Y,PLC-beta_C",0.0,0.0,3_Effector,Phospholipase C-beta (PLCβ / NorpA),Hydrolysis of PIP2 -> DAG + IP3,No
,GFT04011.1,,ko:K04962,"map04371,ko05412,map04921,ko05414,ko04024,ko05410,ko04020,ko04261,ko04260,ko04713,ko04911,ko04972,map04260,map04261,map04024,map04020,map05414,map05412,map05410,map04972,map04713,ko04921,ko04371,map04911",,,"ko00001,ko04040,ko00000",132113.XP_003484552.1,73.4,1.6000000000000002e-65,224.0,0.0,0.0,0.0,0.0,"ryanodine receptor, partial [Nephila pilipes]",,"38BST@33154,3BC6F@33208,3CVQC@33213,3SIT8@50557,41UAK@6656,46KRQ@7399,KOG2243@1,KOG2243@2759","Ins145_P3_rec,Ion_trans,MIR,RIH_assoc,RR_TM4-6,RYDR_ITPR,RyR,SPRY",0.0,0.0,5_Channels,TRP / TRPL Cation Channels,Ca2+ / Na+ Influx & Depolarization,No
,GFT04145.1,,ko:K04255,,,,"ko04030,ko00000",7029.ACYPI005074-PA,42.7,6.15e-61,213.0,0.0,0.0,0.0,0.0,"opsin, ultraviolet-sensitive [Nephila pilipes]",,"3A021@33154,3BPP6@33208,3D69Z@33213,3E90M@33342,3SKEZ@50557,41YSW@6656,KOG3656@1,KOG3656@2759",7tm_1,0.0,0.0,1_Photopigment,Rhabdomeric Opsins (Rh1/Rh2/UV/LWS),Light Absorption & Photoisomerization,No
,GFT04669.1,AND_009234,,,,,,43151.ADAC009234-PA,67.8,1.89e-30,120.0,0.0,0.0,0.0,0.0,ras-specific guanine nucleotide-releasing factor 1 [Nephila pilipes],,"38I5C@33154,3BC6C@33208,3CTIN@33213,3SK48@50557,41UYS@6656,4568W@7147,45FG3@7148,KOG3417@1,KOG3417@2759","PH,RasGEF_N,RhoGEF",0.0,0.0,2_G_Protein,G-Protein Heterotrimer (Gq/11),Transduction of Activated Opsin Signal,No
,GFT05169.1,,,,,,,126957.SMAR000595-PA,44.4,8.64e-189,563.0,0.0,0.0,0.0,0.0,probable G-protein coupled receptor 158 [Nephila pilipes],,"38DVM@33154,3BCTJ@33208,3CRX0@33213,41X0F@6656,KOG4418@1,KOG4418@2759",7tm_3,0.0,0.0,2_G_Protein,G-Protein Heterotrimer (Gq/11),Transduction of Activated Opsin Signal,No
,GFT05423.1,,,,,,,126957.SMAR003311-PA,57.6,2.36e-122,365.0,0.0,0.0,0.0,0.0,"serine protease HTRA2, mitochondrial [Nephila pilipes]",,"38G0B@33154,3BA39@33208,3CU4J@33213,41WR0@6656,COG0265@1,KOG1320@2759","PDZ_2,Trypsin_2",0.0,0.0,4_Scaffold,INAD Signalplex Scaffold,Multi-PDZ Macromolecular Assembly,No
,GFT05978.1,101900249,ko:K12494,"ko04144,map04144",,,"ko04131,ko00001,ko00000",7370.XP_005178100.1,63.3,1.1000000000000001e-29,122.0,0.0,0.0,0.0,0.0,"PH and SEC7 domain-containing protein 2, partial [Nephila pilipes]",,"38HIY@33154,3BDCP@33208,3CX3V@33213,3SGA6@50557,41WUU@6656,44Z1J@7147,COG5307@1,KOG0932@2759","PDZ,PH_9,Sec7",0.0,0.0,4_Scaffold,INAD Signalplex Scaffold,Multi-PDZ Macromolecular Assembly,No
,GFT06561.1,,,,,,,126957.SMAR003150-PA,56.8,2.57e-23,103.0,0.0,0.0,0.0,0.0,adhesion G-protein coupled receptor G4 [Nephila pilipes],,"38BU2@33154,3BJP4@33208,3CUR3@33213,41YS7@6656,KOG1217@1,KOG1217@2759,KOG1219@2759,KOG3594@1,KOG4193@1,KOG4193@2759","7tm_2,Cadherin,EGF,GPS,fn3",0.0,0.0,2_G_Protein,G-Protein Heterotrimer (Gq/11),Transduction of Activated Opsin Signal,No
,GFT06633.1,L798_04085,ko:K04255,,,,"ko04030,ko00000",136037.KDR21156,68.4,1.51e-77,242.0,0.0,0.0,0.0,0.0,lateral eye opsin [Nephila pilipes],,"395S3@33154,3BCHK@33208,3CVQF@33213,3SI0Y@50557,41US7@6656,KOG3656@1,KOG3656@2759",7tm_1,0.0,0.0,1_Photopigment,Rhabdomeric Opsins (Rh1/Rh2/UV/LWS),Light Absorption & Photoisomerization,No
,GFT06728.1,107360534,ko:K04634,"ko04971,map05142,map05143,map04750,ko05010,map04015,ko05142,map04540,map04270,ko05143,ko04750,map04745,ko04972,map04371,map05016,map04934,map04071,ko04927,map04921,map04916,map05200,map04961,ko04022,ko04020,ko04261,ko04934,map05010,map04922,map04925,ko04922,map04927,map04728,ko04540,map04726,ko04713,map04724,map04723,ko04611,map04720,map04912,ko04970,ko04918,ko04924,ko05016,ko05200,ko04912,ko04911,map04261,ko04916,ko04915,ko05146,ko04071,map04924,ko04015,map04020,map04022,map04911,map05146,ko04961,map04725,map04972,map04730,map04970,map04971,ko04745,map04918,map04713,ko04921,ko04728,ko04270,ko04371,ko04925,ko04724,ko04725,ko04726,ko04730,ko04720,map04915,map04611,ko04723",,,"ko04147,ko00001,ko04031,ko00000",32264.tetur05g01580.1,87.9,4.8e-222,618.0,0.0,0.0,0.0,0.0,guanine nucleotide-binding protein G(q) subunit alpha [Nephila pilipes],,"3AQYJ@33154,3BEQR@33208,3CWYM@33213,41W5B@6656,KOG0082@1,KOG0085@2759",G-alpha,0.0,0.0,2_G_Protein,G-Protein Heterotrimer (Gq/11),Transduction of Activated Opsin Signal,No
,GFT07479.1,107368752,,,,,,32264.tetur28g02490.1,68.6,3.1699999999999996e-249,696.0,0.0,0.0,0.0,0.0,retinal dehydrogenase 1 [Nephila pilipes],,"38CDB@33154,3BCJG@33208,3CU6J@33213,41WX8@6656,COG1012@1,KOG2450@2759",Aldedh,0.0,0.0,7_Chromophore_Cycle,Retinal Binding & Isomerase,Chromophore 11-cis Regeneration,No
,GFT07489.1,L798_12081,ko:K04527,"ko04010,map04015,map04014,map04010,ko04960,map04960,ko04066,map04212,map04213,map04072,map04211,ko04068,ko04022,map04923,ko04931,ko04930,ko04932,ko04520,ko04913,ko04910,map04520,map04068,ko04014,ko04015,map04022,map04066,map04913,map04932,ko04152,ko04151,ko04150,ko04923,ko04072,map04930,map04910,ko04211,ko04212,ko04213,map04150,map04151,map04152,map04931",M00676,2.7.10.1,"ko01020,ko01000,ko01001,ko04050,ko00001,ko00000,ko04090,ko00002",136037.KDR13786,49.8,1.5099999999999999e-229,696.0,0.0,0.0,0.0,0.0,insulin receptor [Nephila pilipes],,"38BN2@33154,3BBBA@33208,3CWHQ@33213,3SGUP@50557,41WPS@6656,COG0515@1,KOG3528@1,KOG3528@2759,KOG4258@2759","Furin-like,PDZ,Pkinase_Tyr,Recep_L_domain,fn3",0.0,0.0,4_Scaffold,INAD Signalplex Scaffold,Multi-PDZ Macromolecular Assembly,No
,GFT07664.1,goa-1,ko:K04534,"map05142,map05145,map04015,ko05142,ko05145,ko04926,map04921,map04728,map04727,map04726,ko04713,map04724,map04723,map05032,ko04730,ko05034,ko05032,map04926,ko04916,ko04915,map05034,ko04015,map04725,map04713,ko04921,ko04728,ko04724,ko04725,ko04726,ko04727,map04730,map04915,map04916,ko04723",,,"ko04147,ko00001,ko04031,ko00000",6334.EFV51632,49.8,5.39e-105,320.0,0.0,0.0,0.0,0.0,guanine nucleotide-binding protein G(o) subunit alpha [Nephila pilipes],,"38C4P@33154,3BASG@33208,3CUQY@33213,40BGF@6231,KOG0082@1,KOG0082@2759",G-alpha,0.0,0.0,2_G_Protein,G-Protein Heterotrimer (Gq/11),Transduction of Activated Opsin Signal,No
,GFT07693.1,107359944,,,,,,32264.tetur04g08140.1,67.2,1.03e-23,100.0,0.0,0.0,0.0,0.0,"arrestin domain-containing protein 3, partial [Nephila pilipes]",,"38D4U@33154,3BHNQ@33208,3D3RI@33213,41TSA@6656,KOG3780@1,KOG3780@2759","Arrestin_C,Arrestin_N",0.0,0.0,6_Deactivation,Visual Arrestins (Arr1/Arr2),Opsin Quenching & Inactivation,No
,GFT07889.1,,ko:K04962,"map04371,ko05412,map04921,ko05414,ko04024,ko05410,ko04020,ko04261,ko04260,ko04713,ko04911,ko04972,map04260,map04261,map04024,map04020,map05414,map05412,map05410,map04972,map04713,ko04921,ko04371,map04911",,,"ko00001,ko04040,ko00000",6669.EFX89429,76.2,2.54e-59,204.0,0.0,0.0,0.0,0.0,ryanodine receptor [Nephila pilipes],,"38BST@33154,3BC6F@33208,3CVQC@33213,41UAK@6656,KOG2243@1,KOG2243@2759","EF-hand_8,Ins145_P3_rec,Ion_trans,MIR,RIH_assoc,RR_TM4-6,RYDR_ITPR,RyR,SPRY",0.0,0.0,5_Channels,TRP / TRPL Cation Channels,Ca2+ / Na+ Influx & Depolarization,No
,GFT07948.1,,,,,,,69319.XP_008547350.1,46.8,3.14e-10,63.9,0.0,0.0,0.0,0.0,"arrestin, partial [Nephila pilipes]",,"39YKZ@33154,3BAJF@33208,3D5UA@33213,3SHXI@50557,41U8J@6656,46E0H@7399,KOG3865@1,KOG3865@2759","Arrestin_C,Arrestin_N",0.0,0.0,6_Deactivation,Visual Arrestins (Arr1/Arr2),Opsin Quenching & Inactivation,No
,GFT08085.1,,,,,,,13249.RPRC004224-PA,42.0,5.03e-14,73.6,0.0,0.0,0.0,0.0,rho guanine nucleotide exchange factor 10-like protein [Nephila pilipes],,"2CXJS@1,2RY1K@2759,39VGM@33154,3BJCI@33208,3CWQ6@33213,41Z93@6656",DDE_Tnp_1_7,0.0,0.0,2_G_Protein,G-Protein Heterotrimer (Gq/11),Transduction of Activated Opsin Signal,No
,GFT08396.1,,,,,,,10224.XP_002735756.1,29.8,7.9e-16,81.6,0.0,0.0,0.0,0.0,"clavesin-2, partial [Nephila pilipes]",,"39K53@33154,3BBSK@33208,3CU7Z@33213,KOG1471@1,KOG1471@2759",CRAL_TRIO,0.0,0.0,7_Chromophore_Cycle,Retinal Binding & Isomerase,Chromophore 11-cis Regeneration,No
,GFT08522.1,,,,,,,126957.SMAR004840-PA,29.7,7.74e-43,157.0,0.0,0.0,0.0,0.0,clavesin-1 [Nephila pilipes],,"39K53@33154,3BBSK@33208,3CU7Z@33213,41Y3U@6656,KOG1471@1,KOG1471@2759","CRAL_TRIO,CRAL_TRIO_N",0.0,0.0,7_Chromophore_Cycle,Retinal Binding & Isomerase,Chromophore 11-cis Regeneration,No
,GFT08525.1,,,,,,,126957.SMAR004840-PA,30.5,8.030000000000002e-44,158.0,0.0,0.0,0.0,0.0,clavesin-1 [Nephila pilipes],,"39K53@33154,3BBSK@33208,3CU7Z@33213,41Y3U@6656,KOG1471@1,KOG1471@2759","CRAL_TRIO,CRAL_TRIO_N",0.0,0.0,7_Chromophore_Cycle,Retinal Binding & Isomerase,Chromophore 11-cis Regeneration,No
,GFT08555.1,,,,,,,126957.SMAR001405-PA,46.4,1.72e-193,612.0,0.0,0.0,0.0,0.0,rho guanine nucleotide exchange factor 28 [Nephila pilipes],,"38EVD@33154,3B9V5@33208,3CZ7I@33213,41WAR@6656,COG5422@1,KOG3520@2759",RhoGEF,0.0,0.0,2_G_Protein,G-Protein Heterotrimer (Gq/11),Transduction of Activated Opsin Signal,No
,GFT08557.1,,,,,,,126957.SMAR001405-PA,47.9,2e-195,616.0,0.0,0.0,0.0,0.0,rho guanine nucleotide exchange factor 28 [Nephila pilipes],,"38EVD@33154,3B9V5@33208,3CZ7I@33213,41WAR@6656,COG5422@1,KOG3520@2759",RhoGEF,0.0,0.0,2_G_Protein,G-Protein Heterotrimer (Gq/11),Transduction of Activated Opsin Signal,No
,GFT08559.1,,,,,,,126957.SMAR001405-PA,48.2,3.49e-195,615.0,0.0,0.0,0.0,0.0,rho guanine nucleotide exchange factor 28 [Nephila pilipes],,"38EVD@33154,3B9V5@33208,3CZ7I@33213,41WAR@6656,COG5422@1,KOG3520@2759",RhoGEF,0.0,0.0,2_G_Protein,G-Protein Heterotrimer (Gq/11),Transduction of Activated Opsin Signal,No
,GFT08860.1,,,,,,,126957.SMAR004840-PA,32.1,2.18e-42,155.0,0.0,0.0,0.0,0.0,"retinaldehyde-binding protein 1, partial [Nephila pilipes]",,"39K53@33154,3BBSK@33208,3CU7Z@33213,41Y3U@6656,KOG1471@1,KOG1471@2759","CRAL_TRIO,CRAL_TRIO_N",0.0,0.0,7_Chromophore_Cycle,Retinal Binding & Isomerase,Chromophore 11-cis Regeneration,No
,GFT09126.1,,ko:K04210,"ko04080,map04080",,,"ko04030,ko00001,ko00000",6669.EFX71100,42.7,4.4300000000000004e-72,237.0,0.0,0.0,0.0,0.0,probable G-protein coupled receptor 83 [Nephila pilipes],,"39RCR@33154,3BIJ1@33208,3CS01@33213,429YV@6656,KOG3656@1,KOG3656@2759",7tm_1,0.0,0.0,2_G_Protein,G-Protein Heterotrimer (Gq/11),Transduction of Activated Opsin Signal,No
,GFT10311.1,,,,,,,126957.SMAR011172-PA,58.8,0.0,1082.0,0.0,0.0,0.0,0.0,voltage-dependent T-type calcium channel subunit alpha-1H [Nephila pilipes],,"3ARFA@33154,3C2IT@33208,3DHPC@33213,41TTH@6656,KOG2301@1,KOG2302@2759",Ion_trans,0.0,0.0,5_Channels,TRP / TRPL Cation Channels,Ca2+ / Na+ Influx & Depolarization,No
,GFT10313.1,,,,,,,126957.SMAR011172-PA,54.9,7.92e-189,598.0,0.0,0.0,0.0,0.0,voltage-dependent T-type calcium channel subunit alpha-1I [Nephila pilipes],,"3ARFA@33154,3C2IT@33208,3DHPC@33213,41TTH@6656,KOG2301@1,KOG2302@2759",Ion_trans,0.0,0.0,5_Channels,TRP / TRPL Cation Channels,Ca2+ / Na+ Influx & Depolarization,No
,GFT10838.1,L798_08586,,,,,,136037.KDR16497,49.4,5.89e-238,732.0,0.0,0.0,0.0,0.0,FERM and PDZ domain-containing protein 4 [Nephila pilipes],,"38I54@33154,3B9FK@33208,3CSID@33213,3SFY8@50557,41UGF@6656,KOG3552@1,KOG3552@2759","FERM_M,PDZ,WW",0.0,0.0,4_Scaffold,INAD Signalplex Scaffold,Multi-PDZ Macromolecular Assembly,No
,GFT11039.1,,,,,,,7739.XP_002606471.1,34.5,6.67e-17,84.0,0.0,0.0,0.0,0.0,potassium channel subfamily K member 10 [Nephila pilipes],,"39RUB@33154,3BDNP@33208,3D0Z6@33213,KOG1418@1,KOG1418@2759",Ion_trans_2,0.0,0.0,5_Channels,TRP / TRPL Cation Channels,Ca2+ / Na+ Influx & Depolarization,No
,GFT11246.1,,,,,,,126957.SMAR011695-PA,81.0,6.55e-293,807.0,0.0,0.0,0.0,0.0,potassium voltage-gated channel protein Shaw [Nephila pilipes],,"38D0S@33154,3BAS8@33208,3CR98@33213,41U4N@6656,COG2126@1,KOG3713@2759","BTB_2,Ion_trans",0.0,0.0,5_Channels,TRP / TRPL Cation Channels,Ca2+ / Na+ Influx & Depolarization,No
,GFT11278.1,L798_01859,ko:K04887,,,,"ko04040,ko00000",136037.KDR21624,68.7,2.07e-129,393.0,0.0,0.0,0.0,0.0,potassium voltage-gated channel protein Shaw [Nephila pilipes],,"38D0S@33154,3BAS8@33208,3CR98@33213,3SH8C@50557,41U4N@6656,COG2126@1,KOG3713@2759","BTB_2,Ion_trans",0.0,0.0,5_Channels,TRP / TRPL Cation Channels,Ca2+ / Na+ Influx & Depolarization,No
,GFT11292.1,L798_06829,,,,,,136037.KDR19461,38.7,3.4e-50,189.0,0.0,0.0,0.0,0.0,"g-protein coupled receptor Mth2, partial [Nephila pilipes]",,"28Z7Y@1,2R627@2759,39MTC@33154,3CPD4@33208,3D007@33213,3T039@50557,42AIY@6656",7tm_2,0.0,0.0,2_G_Protein,G-Protein Heterotrimer (Gq/11),Transduction of Activated Opsin Signal,No
,GFT11295.1,L798_06829,,,,,,136037.KDR19461,32.9,5.3700000000000015e-43,169.0,0.0,0.0,0.0,0.0,g-protein coupled receptor Mth2 [Nephila pilipes],,"28Z7Y@1,2R627@2759,39MTC@33154,3CPD4@33208,3D007@33213,3T039@50557,42AIY@6656",7tm_2,0.0,0.0,2_G_Protein,G-Protein Heterotrimer (Gq/11),Transduction of Activated Opsin Signal,No
,GFT11481.1,CMQ_4387,,,,,,226899.F0XUG0,30.0,6.339999999999999e-23,105.0,0.0,0.0,0.0,0.0,ras guanine nucleotide exchange factor C [Nephila pilipes],,"212WS@147550,38GRG@33154,3NUVS@4751,3QP0G@4890,3USDM@5151,KOG2070@1,KOG2070@2759,KOG3417@1,KOG3417@2759","RasGEF,RasGEF_N,SH3_1",0.0,0.0,2_G_Protein,G-Protein Heterotrimer (Gq/11),Transduction of Activated Opsin Signal,No
,GFT12683.1,LOC657491,,,,,,7070.TC014097-PA,37.2,4.42e-50,175.0,0.0,0.0,0.0,0.0,alpha-tocopherol transfer protein-like [Nephila pilipes],,"39K53@33154,3BBSK@33208,3CU7Z@33213,3SJ6S@50557,41Y3U@6656,KOG1471@1,KOG1471@2759","CRAL_TRIO,CRAL_TRIO_N",0.0,0.0,7_Chromophore_Cycle,Retinal Binding & Isomerase,Chromophore 11-cis Regeneration,No
,GFT12685.1,LOC663438,,,,,,7070.TC014329-PA,36.5,1.37e-49,174.0,0.0,0.0,0.0,0.0,alpha-tocopherol transfer protein-like [Nephila pilipes],,"39XH9@33154,3BN6C@33208,3D54M@33213,3SGNR@50557,41UCX@6656,KOG1471@1,KOG1471@2759",CRAL_TRIO,0.0,0.0,7_Chromophore_Cycle,Retinal Binding & Isomerase,Chromophore 11-cis Regeneration,No
,GFT12810.1,,,,,,,126957.SMAR003458-PA,41.4,3.64e-23,102.0,0.0,0.0,0.0,0.0,g-protein coupled receptor Mth2 [Nephila pilipes],,"28Z7Y@1,2R627@2759,39MTC@33154,3CPD4@33208,3D007@33213,42AIY@6656",7tm_2,0.0,0.0,2_G_Protein,G-Protein Heterotrimer (Gq/11),Transduction of Activated Opsin Signal,No
,GFT12812.1,,,,,,,7668.SPU_001918-tr,32.7,7.82e-06,53.5,0.0,0.0,0.0,0.0,g-protein coupled receptor Mth2 [Nephila pilipes],,"39MUC@33154,3CPDV@33208,3E5IM@33213,KOG4193@1,KOG4193@2759",7tm_2,0.0,0.0,2_G_Protein,G-Protein Heterotrimer (Gq/11),Transduction of Activated Opsin Signal,No
,GFT12819.1,,,,,,,126957.SMAR003458-PA,41.2,1.16e-43,172.0,0.0,0.0,0.0,0.0,g-protein coupled receptor Mth2 [Nephila pilipes],,"28Z7Y@1,2R627@2759,39MTC@33154,3CPD4@33208,3D007@33213,42AIY@6656",7tm_2,0.0,0.0,2_G_Protein,G-Protein Heterotrimer (Gq/11),Transduction of Activated Opsin Signal,No
,GFT12821.1,,,,,,,126957.SMAR003458-PA,38.0,2.83e-49,183.0,0.0,0.0,0.0,0.0,g-protein coupled receptor Mth2 [Nephila pilipes],,"28Z7Y@1,2R627@2759,39MTC@33154,3CPD4@33208,3D007@33213,42AIY@6656",7tm_2,0.0,0.0,2_G_Protein,G-Protein Heterotrimer (Gq/11),Transduction of Activated Opsin Signal,No
,GFT13285.1,G5I_03534,,,,,,103372.F4WD81,31.5,3.48e-32,133.0,0.0,0.0,0.0,0.0,retinaldehyde-binding protein 1 [Nephila pilipes],,"39K53@33154,3BBSK@33208,3CU7Z@33213,3SZDF@50557,41YQ8@6656,46N92@7399,KOG1471@1,KOG1471@2759",CRAL_TRIO,0.0,0.0,7_Chromophore_Cycle,Retinal Binding & Isomerase,Chromophore 11-cis Regeneration,No
,GFT13287.1,8238260,,,,,,121225.PHUM112960-PA,30.0,2.11e-26,112.0,0.0,0.0,0.0,0.0,clavesin-2 [Nephila pilipes],,"39Y0Z@33154,3BG5Z@33208,3CW94@33213,3E9CU@33342,3SHC7@50557,41YF4@6656,KOG1471@1,KOG1471@2759",CRAL_TRIO,0.0,0.0,7_Chromophore_Cycle,Retinal Binding & Isomerase,Chromophore 11-cis Regeneration,No
,GFT13291.1,,,,,,,8049.ENSGMOP00000014396,32.7,1.93e-20,94.7,0.0,0.0,0.0,0.0,"alpha-tocopherol transfer protein-like, partial [Nephila pilipes]",,"39MC8@33154,3BI8Q@33208,3CYGB@33213,481NM@7711,4944R@7742,49U4P@7898,KOG1471@1,KOG1471@2759",CRAL_TRIO,0.0,0.0,7_Chromophore_Cycle,Retinal Binding & Isomerase,Chromophore 11-cis Regeneration,No
,GFT13831.1,,,,,,,13249.RPRC004224-PA,55.3,5.64e-39,143.0,0.0,0.0,0.0,0.0,rho guanine nucleotide exchange factor 10-like protein [Nephila pilipes],,"2CXJS@1,2RY1K@2759,39VGM@33154,3BJCI@33208,3CWQ6@33213,41Z93@6656",DDE_Tnp_1_7,0.0,0.0,2_G_Protein,G-Protein Heterotrimer (Gq/11),Transduction of Activated Opsin Signal,No
,GFT14062.1,,,,,,,126957.SMAR006552-PA,61.1,5.15e-91,290.0,0.0,0.0,0.0,0.0,"SEC14-like protein 5, partial [Nephila pilipes]",,"38H26@33154,3BFRV@33208,3CR81@33213,41TU3@6656,KOG1471@1,KOG1471@2759","CRAL_TRIO,PRELI",0.0,0.0,7_Chromophore_Cycle,Retinal Binding & Isomerase,Chromophore 11-cis Regeneration,No
,GFT14210.1,,,,,,,126957.SMAR007774-PA,68.7,2.45e-239,735.0,0.0,0.0,0.0,0.0,cyclic nucleotide-gated cation channel alpha-3 [Nephila pilipes],,"38CC1@33154,3BAEP@33208,3CZ4V@33213,41TIE@6656,KOG0500@1,KOG0500@2759","Ion_trans,cNMP_binding",0.0,0.0,5_Channels,TRP / TRPL Cation Channels,Ca2+ / Na+ Influx & Depolarization,No
,GFT14265.1,,,,,,,126957.SMAR003458-PA,36.1,1.85e-135,427.0,0.0,0.0,0.0,0.0,g-protein coupled receptor Mth2 [Nephila pilipes],,"28Z7Y@1,2R627@2759,39MTC@33154,3CPD4@33208,3D007@33213,42AIY@6656",7tm_2,0.0,0.0,2_G_Protein,G-Protein Heterotrimer (Gq/11),Transduction of Activated Opsin Signal,No
,GFT14472.1,,,,,,,10228.TriadP60314,29.6,1.7999999999999998e-48,174.0,0.0,0.0,0.0,0.0,SEC14-like protein 4 [Nephila pilipes],,"38H26@33154,3BB1Q@33208,KOG1471@1,KOG1471@2759","CRAL_TRIO,GOLD_2",0.0,0.0,7_Chromophore_Cycle,Retinal Binding & Isomerase,Chromophore 11-cis Regeneration,No
,GFT14736.1,,ko:K04962,"map04371,ko05412,map04921,ko05414,ko04024,ko05410,ko04020,ko04261,ko04260,ko04713,ko04911,ko04972,map04260,map04261,map04024,map04020,map05414,map05412,map05410,map04972,map04713,ko04921,ko04371,map04911",,,"ko00001,ko04040,ko00000",6669.EFX89429,77.0,1.22e-57,199.0,0.0,0.0,0.0,0.0,"ryanodine receptor, partial [Nephila pilipes]",,"38BST@33154,3BC6F@33208,3CVQC@33213,41UAK@6656,KOG2243@1,KOG2243@2759","EF-hand_8,Ins145_P3_rec,Ion_trans,MIR,RIH_assoc,RR_TM4-6,RYDR_ITPR,RyR,SPRY",0.0,0.0,5_Channels,TRP / TRPL Cation Channels,Ca2+ / Na+ Influx & Depolarization,No
,GFT15208.1,Mcc,,,,,,1026970.XP_008823475.1,54.7,3.54e-165,502.0,0.0,0.0,0.0,0.0,colorectal mutant cancer protein [Nephila pilipes],,"2CMBN@1,2QPWE@2759,35HKW@314146,38EFM@33154,3BD22@33208,3CW8N@33213,3JBS5@40674,48011@7711,491VS@7742,4PYCR@9989",MCC-bdg_PDZ,0.0,0.0,4_Scaffold,INAD Signalplex Scaffold,Multi-PDZ Macromolecular Assembly,No
,GFT15370.1,,,,,,,126957.SMAR009965-PA,30.7,3.47e-157,535.0,0.0,0.0,0.0,0.0,rho GTPase-activating protein 21 [Nephila pilipes],,"38HAS@33154,3BB7A@33208,3CSDS@33213,41WGQ@6656,KOG4401@1,KOG4401@2759,KOG4407@1,KOG4407@2759","AD,PDZ,PH_9,RhoGAP",0.0,0.0,4_Scaffold,INAD Signalplex Scaffold,Multi-PDZ Macromolecular Assembly,No
,GFT15372.1,,,,,,,126957.SMAR009965-PA,30.7,1.3500000000000002e-157,536.0,0.0,0.0,0.0,0.0,rho GTPase-activating protein 23 [Nephila pilipes],,"38HAS@33154,3BB7A@33208,3CSDS@33213,41WGQ@6656,KOG4401@1,KOG4401@2759,KOG4407@1,KOG4407@2759","AD,PDZ,PH_9,RhoGAP",0.0,0.0,4_Scaffold,INAD Signalplex Scaffold,Multi-PDZ Macromolecular Assembly,No
,GFT15721.1,AAEL005437,ko:K04967,"map04745,ko04745,ko04360,map04360",,,"ko00001,ko04040,ko00000",7159.AAEL005437-PA,58.6,0.0,972.0,0.0,0.0,0.0,0.0,transient receptor potential protein [Nephila pilipes],,"38BJZ@33154,3BNYY@33208,3D4SY@33213,3SGIQ@50557,41XXX@6656,45932@7147,45HQU@7148,KOG3609@1,KOG3609@2759","Ion_trans,TRP_2",0.0,0.0,5_Channels,TRP / TRPL Cation Channels,Ca2+ / Na+ Influx & Depolarization,No
,GFT15728.1,TRPL,ko:K13803,"map04745,ko04745",,,"ko00001,ko04040,ko00000",7070.TC007743-PA,56.9,0.0,968.0,0.0,0.0,0.0,0.0,transient-receptor-potential-like protein [Nephila pilipes],,"38BJZ@33154,3B9NF@33208,3CZUF@33213,3SH9I@50557,41WHM@6656,KOG3609@1,KOG3609@2759","Ion_trans,TRP_2",0.0,0.0,5_Channels,TRP / TRPL Cation Channels,Ca2+ / Na+ Influx & Depolarization,No
,GFT16280.1,,,,,,,126957.SMAR001905-PA,44.1,1.22e-110,389.0,0.0,0.0,0.0,0.0,transient receptor potential cation channel subfamily A member 1 homolog [Nephila pilipes],,"38G7Q@33154,3BCDU@33208,3D0P6@33213,41TYS@6656,COG0666@1,KOG0510@2759","Ank_2,Ion_trans",0.0,0.0,5_Channels,TRP / TRPL Cation Channels,Ca2+ / Na+ Influx & Depolarization,No
,GFT16282.1,,,,,,,126957.SMAR001905-PA,44.5,2.17e-113,396.0,0.0,0.0,0.0,0.0,transient receptor potential cation channel subfamily A member 1 homolog [Nephila pilipes],,"38G7Q@33154,3BCDU@33208,3D0P6@33213,41TYS@6656,COG0666@1,KOG0510@2759","Ank_2,Ion_trans",0.0,0.0,5_Channels,TRP / TRPL Cation Channels,Ca2+ / Na+ Influx & Depolarization,No
,GFT16853.1,,,,,,,126957.SMAR002332-PA,46.9,3.13e-96,298.0,0.0,0.0,0.0,0.0,g-protein coupled receptor moody [Nephila pilipes],,"39T1Q@33154,3BHDI@33208,3D42J@33213,41UJ3@6656,KOG3656@1,KOG3656@2759",7tm_1,0.0,0.0,2_G_Protein,G-Protein Heterotrimer (Gq/11),Transduction of Activated Opsin Signal,No
,GFT17067.1,,,,,,,126957.SMAR008311-PA,56.7,8.02e-194,562.0,0.0,0.0,0.0,0.0,"phosphatidylinositol 3,4,5-trisphosphate 3-phosphatase TPTE2 [Nephila pilipes]",,"38GDN@33154,3B9YJ@33208,3CZTG@33213,422E7@6656,COG2453@1,KOG2283@2759","Ion_trans,PTEN_C2",0.0,0.0,5_Channels,TRP / TRPL Cation Channels,Ca2+ / Na+ Influx & Depolarization,No
,GFT17093.1,,,,,,,126957.SMAR011629-PA,41.4,3.49e-65,214.0,0.0,0.0,0.0,0.0,alpha-tocopherol transfer protein-like [Nephila pilipes],,"39K53@33154,3BBSK@33208,3CU7Z@33213,41Y3U@6656,KOG1471@1,KOG1471@2759","CRAL_TRIO,CRAL_TRIO_N",0.0,0.0,7_Chromophore_Cycle,Retinal Binding & Isomerase,Chromophore 11-cis Regeneration,No
,GFT17097.1,,,,,,,126957.SMAR004840-PA,34.6,4.25e-50,176.0,0.0,0.0,0.0,0.0,alpha-tocopherol transfer protein-like [Nephila pilipes],,"39K53@33154,3BBSK@33208,3CU7Z@33213,41Y3U@6656,KOG1471@1,KOG1471@2759","CRAL_TRIO,CRAL_TRIO_N",0.0,0.0,7_Chromophore_Cycle,Retinal Binding & Isomerase,Chromophore 11-cis Regeneration,No
,GFT17733.1,L798_09748,ko:K16449,,,,ko00000,136037.KDR15671,66.7,1.43e-130,384.0,0.0,0.0,0.0,0.0,regulator of G-protein signaling 7 [Nephila pilipes],,"38G0S@33154,3BAC2@33208,3CS6C@33213,3SFMN@50557,41XX7@6656,KOG3589@1,KOG3589@2759","DEP,G-gamma,RGS",0.0,0.0,2_G_Protein,G-Protein Heterotrimer (Gq/11),Transduction of Activated Opsin Signal,No
,GFT17735.1,L798_09748,ko:K16449,,,,ko00000,136037.KDR15671,93.2,2.37e-74,234.0,0.0,0.0,0.0,0.0,regulator of G-protein signaling 7 [Nephila pilipes],,"38G0S@33154,3BAC2@33208,3CS6C@33213,3SFMN@50557,41XX7@6656,KOG3589@1,KOG3589@2759","DEP,G-gamma,RGS",0.0,0.0,2_G_Protein,G-Protein Heterotrimer (Gq/11),Transduction of Activated Opsin Signal,No
,GFT17887.1,,,,,,,126957.SMAR007972-PA,56.8,3.61e-25,107.0,0.0,0.0,0.0,0.0,"PDZ domain-containing protein, partial [Nephila pilipes]",,"3A377@33154,3BR9K@33208,3D7PP@33213,41ZJJ@6656,KOG3528@1,KOG3528@2759","DUF4749,PDZ",0.0,0.0,4_Scaffold,INAD Signalplex Scaffold,Multi-PDZ Macromolecular Assembly,No
,GFT18164.1,Arr2,ko:K13805,"map04745,ko04745",,,"ko00001,ko00000",7070.TC009551-PA,59.3,4.12e-63,206.0,0.0,0.0,0.0,0.0,"arrestin, lateral eye, partial [Nephila pilipes]",,"39VIF@33154,3BJMQ@33208,3D33G@33213,3SIVK@50557,41TYM@6656,KOG3865@1,KOG3865@2759","Arrestin_C,Arrestin_N",0.0,0.0,6_Deactivation,Visual Arrestins (Arr1/Arr2),Opsin Quenching & Inactivation,No
,GFT18225.1,,,,,,,8049.ENSGMOP00000016259,31.0,4.41e-15,79.7,0.0,0.0,0.0,0.0,"alpha-tocopherol transfer protein-like, partial [Nephila pilipes]",,"39CE2@33154,3B98E@33208,3D19K@33213,489ZJ@7711,48ZQT@7742,49WHA@7898,KOG1471@1,KOG1471@2759","CRAL_TRIO,CRAL_TRIO_N",0.0,0.0,7_Chromophore_Cycle,Retinal Binding & Isomerase,Chromophore 11-cis Regeneration,No
,GFT18401.1,,ko:K13240,"map01110,ko05010,map00330,map04371,ko04020,ko01110,ko04145,ko00330,map05010,map05014,map04926,map04145,ko04730,map01100,ko04970,map00220,ko05014,map04020,ko04713,ko00220,map04970,ko01100,map04713,ko04926,ko04371,map04730",,1.14.13.39,"ko01000,ko00001,ko00000",7739.XP_002608547.1,46.4,0.0,982.0,0.0,0.0,0.0,0.0,"nitric oxide synthase, inducible, partial [Nephila pilipes]",,"38GQ3@33154,3BE0N@33208,3CUVN@33213,47YV0@7711,COG0369@1,KOG1158@2759","FAD_binding_1,Flavodoxin_1,NAD_binding_1,NO_synthase,PDZ",0.0,0.0,4_Scaffold,INAD Signalplex Scaffold,Multi-PDZ Macromolecular Assembly,No
,GFT19562.1,,,,,,,126957.SMAR010526-PA,44.1,1.8e-108,358.0,0.0,0.0,0.0,0.0,"transient receptor potential cation channel subfamily M member 3, partial [Nephila pilipes]",,"38D2H@33154,3BASE@33208,3CSW8@33213,41UGV@6656,KOG3614@1,KOG3614@2759",,0.0,0.0,5_Channels,TRP / TRPL Cation Channels,Ca2+ / Na+ Influx & Depolarization,No
,GFT20041.1,,,,,,,126957.SMAR007903-PA,38.3,1.55e-107,390.0,0.0,0.0,0.0,0.0,protein piccolo [Nephila pilipes],,"29T1R@1,2RXFA@2759,3A0XF@33154,3BPCZ@33208,3D714@33213,41YR2@6656","C2,PDZ",0.0,0.0,4_Scaffold,INAD Signalplex Scaffold,Multi-PDZ Macromolecular Assembly,No
,GFT20101.1,,,,,,,126957.SMAR002332-PA,42.9,7.4e-62,207.0,0.0,0.0,0.0,0.0,g-protein coupled receptor moody [Nephila pilipes],,"39T1Q@33154,3BHDI@33208,3D42J@33213,41UJ3@6656,KOG3656@1,KOG3656@2759",7tm_1,0.0,0.0,2_G_Protein,G-Protein Heterotrimer (Gq/11),Transduction of Activated Opsin Signal,No
,GFT20155.1,,,,,,,126957.SMAR003458-PA,37.3,5.37e-104,337.0,0.0,0.0,0.0,0.0,g-protein coupled receptor Mth2 [Nephila pilipes],,"28Z7Y@1,2R627@2759,39MTC@33154,3CPD4@33208,3D007@33213,42AIY@6656",7tm_2,0.0,0.0,2_G_Protein,G-Protein Heterotrimer (Gq/11),Transduction of Activated Opsin Signal,No
,GFT20226.1,,,,,,,126957.SMAR008627-PA,77.5,6.37e-206,597.0,0.0,0.0,0.0,0.0,disks large 1 tumor suppressor protein [Nephila pilipes],,"38EMW@33154,3BE6T@33208,3CR79@33213,41VVE@6656,COG0194@1,KOG0708@2759","Guanylate_kin,PDZ,SH3_2",0.0,0.0,4_Scaffold,INAD Signalplex Scaffold,Multi-PDZ Macromolecular Assembly,No
,GFT20228.1,,,,,,,126957.SMAR008627-PA,78.7,1.06e-207,601.0,0.0,0.0,0.0,0.0,disks large 1 tumor suppressor protein [Nephila pilipes],,"38EMW@33154,3BE6T@33208,3CR79@33213,41VVE@6656,COG0194@1,KOG0708@2759","Guanylate_kin,PDZ,SH3_2",0.0,0.0,4_Scaffold,INAD Signalplex Scaffold,Multi-PDZ Macromolecular Assembly,No
,GFT20240.1,,,,,,,126957.SMAR008627-PA,66.3,3.0199999999999997e-136,419.0,0.0,0.0,0.0,0.0,disks large homolog 1 [Nephila pilipes],,"38EMW@33154,3BE6T@33208,3CR79@33213,41VVE@6656,COG0194@1,KOG0708@2759","Guanylate_kin,PDZ,SH3_2",0.0,0.0,4_Scaffold,INAD Signalplex Scaffold,Multi-PDZ Macromolecular Assembly,No
,GFT20241.1,,,,,,,126957.SMAR008627-PA,66.4,1.59e-136,416.0,0.0,0.0,0.0,0.0,disks large homolog 1 [Nephila pilipes],,"38EMW@33154,3BE6T@33208,3CR79@33213,41VVE@6656,COG0194@1,KOG0708@2759","Guanylate_kin,PDZ,SH3_2",0.0,0.0,4_Scaffold,INAD Signalplex Scaffold,Multi-PDZ Macromolecular Assembly,No
,GFT20346.1,,ko:K05701,"ko05120,ko05110,map04540,ko05132,ko04530,map05120,map05132,ko04540,map04530,map04520,ko04520,map05110",,,"ko04812,ko00001,ko00000",244447.XP_008308303.1,63.6,4.4400000000000004e-21,92.4,0.0,0.0,0.0,0.0,"tight junction protein ZO-1, partial [Nephila pilipes]",,"38BH5@33154,3BEZ5@33208,3CW8I@33213,483CG@7711,49EP4@7742,KOG3580@1,KOG3580@2759","Guanylate_kin,PDZ,SH3_2,ZU5",0.0,0.0,4_Scaffold,INAD Signalplex Scaffold,Multi-PDZ Macromolecular Assembly,No
,GFT21029.1,,,,,,,10224.XP_006814615.1,33.8,2.7499999999999995e-23,105.0,0.0,0.0,0.0,0.0,retinaldehyde-binding protein 1 [Nephila pilipes],,"39K53@33154,3BBSK@33208,3CU7Z@33213,KOG1471@1,KOG1471@2759","CRAL_TRIO,CRAL_TRIO_N",0.0,0.0,7_Chromophore_Cycle,Retinal Binding & Isomerase,Chromophore 11-cis Regeneration,No
,GFT21031.1,LOC575290,,,,,,7668.SPU_000594-tr,25.9,6.7e-18,88.6,0.0,0.0,0.0,0.0,retinaldehyde-binding protein 1 [Nephila pilipes],,"39K53@33154,3BBSK@33208,3CU7Z@33213,KOG1471@1,KOG1471@2759","CRAL_TRIO,CRAL_TRIO_N",0.0,0.0,7_Chromophore_Cycle,Retinal Binding & Isomerase,Chromophore 11-cis Regeneration,No
,GFT21159.1,8231554,ko:K04930,"ko04725,map04725",,,"ko00001,ko04040,ko00000",121225.PHUM502480-PA,66.3,9.22e-149,445.0,0.0,0.0,0.0,0.0,"potassium voltage-gated channel subfamily KQT member 5, partial [Nephila pilipes]",,"38BBJ@33154,3BA2P@33208,3CR7B@33213,3SZ3B@50557,41XSU@6656,COG2126@1,KOG1419@2759","Ion_trans,KCNQ_channel",0.0,0.0,5_Channels,TRP / TRPL Cation Channels,Ca2+ / Na+ Influx & Depolarization,No
,GFT21161.1,8231554,ko:K04930,"ko04725,map04725",,,"ko00001,ko04040,ko00000",121225.PHUM502480-PA,63.3,1.31e-146,441.0,0.0,0.0,0.0,0.0,"potassium voltage-gated channel subfamily KQT member 5, partial [Nephila pilipes]",,"38BBJ@33154,3BA2P@33208,3CR7B@33213,3SZ3B@50557,41XSU@6656,COG2126@1,KOG1419@2759","Ion_trans,KCNQ_channel",0.0,0.0,5_Channels,TRP / TRPL Cation Channels,Ca2+ / Na+ Influx & Depolarization,No
,GFT22343.1,107359800,ko:K04977,"ko04621,map04921,map04621,ko04921",,3.6.1.13,"ko01000,ko00001,ko04040,ko00000",32264.tetur04g05640.1,35.4,0.0,951.0,0.0,0.0,0.0,0.0,transient receptor potential cation channel subfamily M member 2 [Nephila pilipes],,"38D2H@33154,3BASE@33208,3CSW8@33213,41UGV@6656,KOG3614@1,KOG3614@2759,KOG4195@1,KOG4195@2759",,0.0,0.0,5_Channels,TRP / TRPL Cation Channels,Ca2+ / Na+ Influx & Depolarization,No
,GFT22384.1,,,,,,,10224.XP_002735744.1,34.4,6.61e-36,136.0,0.0,0.0,0.0,0.0,"retinaldehyde-binding protein 1, partial [Nephila pilipes]",,"KOG1471@1,KOG1471@2759","CRAL_TRIO,CRAL_TRIO_N",0.0,0.0,7_Chromophore_Cycle,Retinal Binding & Isomerase,Chromophore 11-cis Regeneration,No
,GFT23215.1,,,,,,,126957.SMAR002843-PA,39.1,1.7599999999999998e-128,448.0,0.0,0.0,0.0,0.0,neurabin-2 [Nephila pilipes],,"38CPA@33154,3BFVW@33208,3CW22@33213,41X4Y@6656,COG0187@1,COG5640@1,KOG0355@2759,KOG1945@1,KOG1945@2759,KOG3627@2759","DNA_gyraseB,DNA_topoisoIV,HATPase_c,PDZ,SAM_2,TOPRIM_C,Toprim,Trypsin",0.0,0.0,4_Scaffold,INAD Signalplex Scaffold,Multi-PDZ Macromolecular Assembly,No
,GFT23218.1,,,,,,,126957.SMAR002843-PA,57.3,7.95e-21,101.0,0.0,0.0,0.0,0.0,neurabin-2 [Nephila pilipes],,"38CPA@33154,3BFVW@33208,3CW22@33213,41X4Y@6656,COG0187@1,COG5640@1,KOG0355@2759,KOG1945@1,KOG1945@2759,KOG3627@2759","DNA_gyraseB,DNA_topoisoIV,HATPase_c,PDZ,SAM_2,TOPRIM_C,Toprim,Trypsin",0.0,0.0,4_Scaffold,INAD Signalplex Scaffold,Multi-PDZ Macromolecular Assembly,No
,GFT23225.1,,,,,,,126957.SMAR002843-PA,45.9,1.06e-106,376.0,0.0,0.0,0.0,0.0,neurabin-2 [Nephila pilipes],,"38CPA@33154,3BFVW@33208,3CW22@33213,41X4Y@6656,COG0187@1,COG5640@1,KOG0355@2759,KOG1945@1,KOG1945@2759,KOG3627@2759","DNA_gyraseB,DNA_topoisoIV,HATPase_c,PDZ,SAM_2,TOPRIM_C,Toprim,Trypsin",0.0,0.0,4_Scaffold,INAD Signalplex Scaffold,Multi-PDZ Macromolecular Assembly,No
,GFT24232.1,,ko:K04946,,,,"ko04040,ko00000",7460.GB45474-PA,78.2,4.179999999999999e-54,191.0,0.0,0.0,0.0,0.0,potassium channel subfamily T member 1 [Nephila pilipes],,"38E39@33154,3B9HM@33208,3CSWY@33213,3SJBC@50557,41YGT@6656,46KQZ@7399,KOG3193@1,KOG3193@2759","BK_channel_a,Ion_trans_2",0.0,0.0,5_Channels,TRP / TRPL Cation Channels,Ca2+ / Na+ Influx & Depolarization,No
,GFT24242.1,,,,,,,126957.SMAR009001-PA,63.5,3.84e-290,892.0,0.0,0.0,0.0,0.0,ryanodine receptor [Nephila pilipes],,"38BST@33154,3BC6F@33208,3CVQC@33213,41UAK@6656,KOG2243@1,KOG2243@2759","Ion_trans,RIH_assoc,RR_TM4-6,RYDR_ITPR,RyR,SPRY",0.0,0.0,5_Channels,TRP / TRPL Cation Channels,Ca2+ / Na+ Influx & Depolarization,No
,GFT24947.1,L798_09165,ko:K17254,,,,"ko04147,ko00000",136037.KDR15460,55.8,1.72e-107,324.0,0.0,0.0,0.0,0.0,syntenin-1 [Nephila pilipes],,"39AXI@33154,3BA3P@33208,3CWY0@33213,3SJMX@50557,41XAK@6656,KOG0849@1,KOG0849@2759",PDZ,0.0,0.0,4_Scaffold,INAD Signalplex Scaffold,Multi-PDZ Macromolecular Assembly,No
,GFT25000.1,,,,,,,126957.SMAR009052-PA,45.7,3.92e-26,114.0,0.0,0.0,0.0,0.0,"phosphoinositide phospholipase C, partial [Nephila pilipes]",,"3ASPT@33154,3BB4P@33208,3CUHB@33213,41UZY@6656,KOG0169@1,KOG1265@2759","EF-hand_like,PI-PLC-X,PI-PLC-Y,PLC-beta_C",0.0,0.0,3_Effector,Phospholipase C-beta (PLCβ / NorpA),Hydrolysis of PIP2 -> DAG + IP3,No
,GFT25155.1,,,,,,,32264.tetur20g00280.1,67.1,5.06e-28,112.0,0.0,0.0,0.0,0.0,"FERM and PDZ domain-containing protein 4, partial [Nephila pilipes]",,"38I54@33154,3B9FK@33208,3CSID@33213,41UGF@6656,KOG3552@1,KOG3552@2759","FERM_M,FERM_N,PDZ,WW",0.0,0.0,4_Scaffold,INAD Signalplex Scaffold,Multi-PDZ Macromolecular Assembly,No
,GFT25728.1,,,,,,,10224.XP_002735744.1,35.2,2.2799999999999998e-46,165.0,0.0,0.0,0.0,0.0,retinaldehyde-binding protein 1 [Nephila pilipes],,"KOG1471@1,KOG1471@2759","CRAL_TRIO,CRAL_TRIO_N",0.0,0.0,7_Chromophore_Cycle,Retinal Binding & Isomerase,Chromophore 11-cis Regeneration,No
,GFT25883.1,20213500,ko:K04967,"map04745,ko04745,ko04360,map04360",,,"ko00001,ko04040,ko00000",6412.HelroP63393,63.9,4.41e-110,347.0,0.0,0.0,0.0,0.0,transient-receptor-potential-like protein [Nephila pilipes],,"38BJZ@33154,3B9NF@33208,3CRT8@33213,KOG3609@1,KOG3609@2759","Ank_2,Ion_trans,TRP_2",0.0,0.0,5_Channels,TRP / TRPL Cation Channels,Ca2+ / Na+ Influx & Depolarization,No
,GFT25982.1,,,,,,,32507.XP_006782478.1,30.2,3.24e-05,50.1,0.0,0.0,0.0,0.0,alpha-tocopherol transfer protein-like [Nephila pilipes],,"39CE2@33154,3B98E@33208,3D19K@33213,489ZJ@7711,48ZQT@7742,49W1G@7898,KOG1471@1,KOG1471@2759","CRAL_TRIO,CRAL_TRIO_N",0.0,0.0,7_Chromophore_Cycle,Retinal Binding & Isomerase,Chromophore 11-cis Regeneration,No
,GFT26031.1,LOC663438,,,,,,7070.TC014329-PA,36.1,1.37e-49,174.0,0.0,0.0,0.0,0.0,alpha-tocopherol transfer protein-like [Nephila pilipes],,"39XH9@33154,3BN6C@33208,3D54M@33213,3SGNR@50557,41UCX@6656,KOG1471@1,KOG1471@2759",CRAL_TRIO,0.0,0.0,7_Chromophore_Cycle,Retinal Binding & Isomerase,Chromophore 11-cis Regeneration,No
,GFT26228.1,,,,,,,10224.XP_002735756.1,34.8,2.44e-48,170.0,0.0,0.0,0.0,0.0,alpha-tocopherol transfer protein-like [Nephila pilipes],,"39K53@33154,3BBSK@33208,3CU7Z@33213,KOG1471@1,KOG1471@2759",CRAL_TRIO,0.0,0.0,7_Chromophore_Cycle,Retinal Binding & Isomerase,Chromophore 11-cis Regeneration,No
,GFT27276.1,,,,,,,126957.SMAR009001-PA,61.9,2.8e-211,660.0,0.0,0.0,0.0,0.0,ryanodine receptor [Nephila pilipes],,"38BST@33154,3BC6F@33208,3CVQC@33213,41UAK@6656,KOG2243@1,KOG2243@2759","Ion_trans,RIH_assoc,RR_TM4-6,RYDR_ITPR,RyR,SPRY",0.0,0.0,5_Channels,TRP / TRPL Cation Channels,Ca2+ / Na+ Influx & Depolarization,No
,GFT27536.1,,,,,,,126957.SMAR006061-PA,49.1,5.0400000000000007e-73,256.0,0.0,0.0,0.0,0.0,leucine-rich repeat-containing G-protein coupled receptor 5 [Nephila pilipes],,"38DRQ@33154,3B9GE@33208,3CSEC@33213,41VPE@6656,COG4886@1,KOG0619@2759,KOG2087@1,KOG2087@2759","7tm_1,LRR_8",0.0,0.0,2_G_Protein,G-Protein Heterotrimer (Gq/11),Transduction of Activated Opsin Signal,No
,GFT27962.1,,,,,,,126957.SMAR010604-PA,38.9,1.45e-40,173.0,0.0,0.0,0.0,0.0,RNase H domain-containing protein [Nephila pilipes],,"38EFB@33154,3BIZK@33208,3CWG0@33213,41XVP@6656,KOG3528@1,KOG3528@2759","PDZ,PH",0.0,0.0,4_Scaffold,INAD Signalplex Scaffold,Multi-PDZ Macromolecular Assembly,No
,GFT27965.1,,,,,,,126957.SMAR010604-PA,38.9,1.35e-40,173.0,0.0,0.0,0.0,0.0,RNase H domain-containing protein [Nephila pilipes],,"38EFB@33154,3BIZK@33208,3CWG0@33213,41XVP@6656,KOG3528@1,KOG3528@2759","PDZ,PH",0.0,0.0,4_Scaffold,INAD Signalplex Scaffold,Multi-PDZ Macromolecular Assembly,No
,GFT28215.1,,,,,,,13249.RPRC004224-PA,55.3,5.64e-39,143.0,0.0,0.0,0.0,0.0,rho guanine nucleotide exchange factor 10-like protein [Nephila pilipes],,"2CXJS@1,2RY1K@2759,39VGM@33154,3BJCI@33208,3CWQ6@33213,41Z93@6656",DDE_Tnp_1_7,0.0,0.0,2_G_Protein,G-Protein Heterotrimer (Gq/11),Transduction of Activated Opsin Signal,No
,GFT29451.1,,,,,,,126957.SMAR004840-PA,38.0,2.74e-53,184.0,0.0,0.0,0.0,0.0,clavesin-1 [Nephila pilipes],,"39K53@33154,3BBSK@33208,3CU7Z@33213,41Y3U@6656,KOG1471@1,KOG1471@2759","CRAL_TRIO,CRAL_TRIO_N",0.0,0.0,7_Chromophore_Cycle,Retinal Binding & Isomerase,Chromophore 11-cis Regeneration,No
,GFT29741.1,,,,,,,7739.XP_002610582.1,37.7,8.529999999999999e-23,100.0,0.0,0.0,0.0,0.0,potassium channel subfamily K member 16 [Nephila pilipes],,"38FMA@33154,3BHI2@33208,3CUSM@33213,486V1@7711,KOG1418@1,KOG1418@2759",Ion_trans_2,0.0,0.0,5_Channels,TRP / TRPL Cation Channels,Ca2+ / Na+ Influx & Depolarization,No
,GFT30101.1,,ko:K04962,"map04371,ko05412,map04921,ko05414,ko04024,ko05410,ko04020,ko04261,ko04260,ko04713,ko04911,ko04972,map04260,map04261,map04024,map04020,map05414,map05412,map05410,map04972,map04713,ko04921,ko04371,map04911",,,"ko00001,ko04040,ko00000",6669.EFX89429,76.2,2.54e-59,204.0,0.0,0.0,0.0,0.0,ryanodine receptor [Nephila pilipes],,"38BST@33154,3BC6F@33208,3CVQC@33213,41UAK@6656,KOG2243@1,KOG2243@2759","EF-hand_8,Ins145_P3_rec,Ion_trans,MIR,RIH_assoc,RR_TM4-6,RYDR_ITPR,RyR,SPRY",0.0,0.0,5_Channels,TRP / TRPL Cation Channels,Ca2+ / Na+ Influx & Depolarization,No
,GFT30107.1,,ko:K04962,"map04371,ko05412,map04921,ko05414,ko04024,ko05410,ko04020,ko04261,ko04260,ko04713,ko04911,ko04972,map04260,map04261,map04024,map04020,map05414,map05412,map05410,map04972,map04713,ko04921,ko04371,map04911",,,"ko00001,ko04040,ko00000",6669.EFX89429,76.2,2.54e-59,204.0,0.0,0.0,0.0,0.0,ryanodine receptor [Nephila pilipes],,"38BST@33154,3BC6F@33208,3CVQC@33213,41UAK@6656,KOG2243@1,KOG2243@2759","EF-hand_8,Ins145_P3_rec,Ion_trans,MIR,RIH_assoc,RR_TM4-6,RYDR_ITPR,RyR,SPRY",0.0,0.0,5_Channels,TRP / TRPL Cation Channels,Ca2+ / Na+ Influx & Depolarization,No
,GFT31173.1,,,,,,,126957.SMAR011629-PA,32.2,5.78e-33,131.0,0.0,0.0,0.0,0.0,clavesin-1 [Nephila pilipes],,"39K53@33154,3BBSK@33208,3CU7Z@33213,41Y3U@6656,KOG1471@1,KOG1471@2759","CRAL_TRIO,CRAL_TRIO_N",0.0,0.0,7_Chromophore_Cycle,Retinal Binding & Isomerase,Chromophore 11-cis Regeneration,No
,GFT31189.1,,ko:K04967,"map04745,ko04745,ko04360,map04360",,,"ko00001,ko04040,ko00000",10224.XP_002733765.1,70.4,1.16e-114,359.0,0.0,0.0,0.0,0.0,transient-receptor-potential-like protein [Nephila pilipes],,"38BJZ@33154,3B9NF@33208,3CRT8@33213,KOG3609@1,KOG3609@2759","Ank_2,Ion_trans,TRP_2",0.0,0.0,5_Channels,TRP / TRPL Cation Channels,Ca2+ / Na+ Influx & Depolarization,No
,GFT31496.1,,,,,,,126957.SMAR003458-PA,37.6,1.5200000000000001e-58,213.0,0.0,0.0,0.0,0.0,probable G-protein coupled receptor Mth-like 2 [Nephila pilipes],,"28Z7Y@1,2R627@2759,39MTC@33154,3CPD4@33208,3D007@33213,42AIY@6656",7tm_2,0.0,0.0,2_G_Protein,G-Protein Heterotrimer (Gq/11),Transduction of Activated Opsin Signal,No
,GFT31509.1,GPR64,,,,,,8049.ENSGMOP00000002283,29.8,5.97e-05,50.1,0.0,0.0,0.0,0.0,"g-protein coupled receptor 126, partial [Nephila pilipes]",,"38BU2@33154,3BJP4@33208,3CUR3@33213,48653@7711,493PT@7742,4A5VY@7898,KOG4193@1,KOG4193@2759","7tm_2,GPS",0.0,0.0,2_G_Protein,G-Protein Heterotrimer (Gq/11),Transduction of Activated Opsin Signal,No
,GFT31597.1,,,,,,,32264.tetur20g00280.1,67.1,5.06e-28,112.0,0.0,0.0,0.0,0.0,"FERM and PDZ domain-containing protein 4, partial [Nephila pilipes]",,"38I54@33154,3B9FK@33208,3CSID@33213,41UGF@6656,KOG3552@1,KOG3552@2759","FERM_M,FERM_N,PDZ,WW",0.0,0.0,4_Scaffold,INAD Signalplex Scaffold,Multi-PDZ Macromolecular Assembly,No
,GFT32063.1,107361749,,,,,,32264.tetur07g01720.1,56.3,1.26e-208,635.0,0.0,0.0,0.0,0.0,g-protein coupled receptor GRL101 [Nephila pilipes],,"38CC3@33154,3BCC2@33208,3CZ7Q@33213,41VIZ@6656,COG4886@1,KOG1215@1,KOG1215@2759,KOG2087@1,KOG2087@2759,KOG3714@1,KOG3714@2759,KOG4237@2759","7tm_1,CUB,LRR_8,Ldl_recept_a,Lectin_C",0.0,0.0,2_G_Protein,G-Protein Heterotrimer (Gq/11),Transduction of Activated Opsin Signal,No
,GFT32206.1,L798_11293,ko:K04926,"ko04971,map04971,ko05110,ko04974,map04972,map04261,map04974,ko04261,ko04972,ko04725,map04725,map05110",,,"ko00001,ko04040,ko00000",136037.KDR14561,68.5,2.4099999999999998e-244,696.0,0.0,0.0,0.0,0.0,potassium voltage-gated channel subfamily KQT member 1 [Nephila pilipes],,"38BBJ@33154,3BA2P@33208,3CR7B@33213,3SHUZ@50557,41XRB@6656,COG2126@1,KOG1419@2759","Ion_trans,KCNQ_channel",0.0,0.0,5_Channels,TRP / TRPL Cation Channels,Ca2+ / Na+ Influx & Depolarization,No
,GFT32210.1,,ko:K04908,,,,"ko04040,ko00000",32264.tetur03g03500.1,68.1,0.0,1123.0,0.0,0.0,0.0,0.0,potassium voltage-gated channel protein eag [Nephila pilipes],,"38HAJ@33154,3BB5P@33208,3CRBS@33213,41UC3@6656,COG2202@1,KOG0501@2759","Ion_trans,PAS_9,cNMP_binding",0.0,0.0,5_Channels,TRP / TRPL Cation Channels,Ca2+ / Na+ Influx & Depolarization,No
,GFT32214.1,8230053,ko:K04908,,,,"ko04040,ko00000",121225.PHUM231400-PA,76.8,1.7900000000000002e-33,132.0,0.0,0.0,0.0,0.0,potassium voltage-gated channel protein eag [Nephila pilipes],,"38HAJ@33154,3BB5P@33208,3CRBS@33213,3E80P@33342,3SJH6@50557,41UC3@6656,COG2202@1,KOG0501@2759","Ion_trans,PAS_9,cNMP_binding",0.0,0.0,5_Channels,TRP / TRPL Cation Channels,Ca2+ / Na+ Influx & Depolarization,No
,GFT32504.1,,,,,,,8081.XP_008421484.1,36.9,3.73e-77,251.0,0.0,0.0,0.0,0.0,SEC14-like protein 2 [Nephila pilipes],,"38H26@33154,3BB1Q@33208,3CUPE@33213,480KB@7711,49E8Z@7742,4A59N@7898,KOG1471@1,KOG1471@2759",CRAL_TRIO,0.0,0.0,7_Chromophore_Cycle,Retinal Binding & Isomerase,Chromophore 11-cis Regeneration,No
,GFT32507.1,v1g110912,,,,,,45351.EDO39269,35.7,1.0599999999999999e-67,226.0,0.0,0.0,0.0,0.0,SEC14-like protein 3 [Nephila pilipes],,"38H26@33154,3BB1Q@33208,KOG1471@1,KOG1471@2759","CRAL_TRIO,CRAL_TRIO_N",0.0,0.0,7_Chromophore_Cycle,Retinal Binding & Isomerase,Chromophore 11-cis Regeneration,No
,GFT32595.1,L798_06829,,,,,,136037.KDR19461,35.8,5.82e-49,184.0,0.0,0.0,0.0,0.0,g-protein coupled receptor Mth2 [Nephila pilipes],,"28Z7Y@1,2R627@2759,39MTC@33154,3CPD4@33208,3D007@33213,3T039@50557,42AIY@6656",7tm_2,0.0,0.0,2_G_Protein,G-Protein Heterotrimer (Gq/11),Transduction of Activated Opsin Signal,No
,GFT33373.1,GPR64,,,,,,8049.ENSGMOP00000002283,29.8,4.17e-05,50.1,0.0,0.0,0.0,0.0,"g-protein coupled receptor 126, partial [Nephila pilipes]",,"38BU2@33154,3BJP4@33208,3CUR3@33213,48653@7711,493PT@7742,4A5VY@7898,KOG4193@1,KOG4193@2759","7tm_2,GPS",0.0,0.0,2_G_Protein,G-Protein Heterotrimer (Gq/11),Transduction of Activated Opsin Signal,No
,GFT33641.1,107365915,ko:K20007,,,,"ko04040,ko00000",32264.tetur16g00240.1,40.6,9.48e-103,322.0,0.0,0.0,0.0,0.0,potassium channel subfamily K member 18 [Nephila pilipes],,"39U63@33154,3BJGK@33208,3E47N@33213,41TMK@6656,KOG1418@1,KOG1418@2759",Ion_trans_2,0.0,0.0,5_Channels,TRP / TRPL Cation Channels,Ca2+ / Na+ Influx & Depolarization,No
,GFT33832.1,,ko:K04962,"map04371,ko05412,map04921,ko05414,ko04024,ko05410,ko04020,ko04261,ko04260,ko04713,ko04911,ko04972,map04260,map04261,map04024,map04020,map05414,map05412,map05410,map04972,map04713,ko04921,ko04371,map04911",,,"ko00001,ko04040,ko00000",6669.EFX89429,76.2,2.54e-59,204.0,0.0,0.0,0.0,0.0,ryanodine receptor [Nephila pilipes],,"38BST@33154,3BC6F@33208,3CVQC@33213,41UAK@6656,KOG2243@1,KOG2243@2759","EF-hand_8,Ins145_P3_rec,Ion_trans,MIR,RIH_assoc,RR_TM4-6,RYDR_ITPR,RyR,SPRY",0.0,0.0,5_Channels,TRP / TRPL Cation Channels,Ca2+ / Na+ Influx & Depolarization,No
,GFT34431.1,L798_14061,ko:K04885,,,,"ko04040,ko00000",136037.KDR23299,77.8,6.6700000000000014e-276,791.0,0.0,0.0,0.0,0.0,potassium voltage-gated channel protein Shab [Nephila pilipes],,"38D0S@33154,3BAS8@33208,3CR98@33213,3SG77@50557,41VAZ@6656,COG2126@1,KOG3713@2759","BTB_2,Ion_trans",0.0,0.0,5_Channels,TRP / TRPL Cation Channels,Ca2+ / Na+ Influx & Depolarization,No
,GFT34693.1,,,,,,,10224.XP_006814363.1,48.0,1.45e-37,153.0,0.0,0.0,0.0,0.0,putative short transient receptor potential channel 2-like protein [Nephila pilipes],,"2CXHY@1,2RXNH@2759,3A1F1@33154,3BPDW@33208,3D6GW@33213",XRCC1_N,0.0,0.0,5_Channels,TRP / TRPL Cation Channels,Ca2+ / Na+ Influx & Depolarization,No
,GFT35535.1,,,,,,,13249.RPRC004224-PA,56.7,5.2100000000000013e-73,234.0,0.0,0.0,0.0,0.0,rho guanine nucleotide exchange factor 10-like protein [Nephila pilipes],,"2CXJS@1,2RY1K@2759,39VGM@33154,3BJCI@33208,3CWQ6@33213,41Z93@6656",DDE_Tnp_1_7,0.0,0.0,2_G_Protein,G-Protein Heterotrimer (Gq/11),Transduction of Activated Opsin Signal,No
,GFT35800.1,,,,,,,126957.SMAR003150-PA,46.1,5.660000000000001e-257,793.0,0.0,0.0,0.0,0.0,adhesion G-protein coupled receptor G6 [Nephila pilipes],,"38BU2@33154,3BJP4@33208,3CUR3@33213,41YS7@6656,KOG1217@1,KOG1217@2759,KOG1219@2759,KOG3594@1,KOG4193@1,KOG4193@2759","7tm_2,Cadherin,EGF,GPS,fn3",0.0,0.0,2_G_Protein,G-Protein Heterotrimer (Gq/11),Transduction of Activated Opsin Signal,No
,GFT35857.1,,,,,,,126957.SMAR006477-PA,50.0,1.28e-17,84.0,0.0,0.0,0.0,0.0,"transient receptor potential cation channel subfamily M member 6, partial [Nephila pilipes]",,"38D2H@33154,3BASE@33208,3CSW8@33213,41UGV@6656,KOG3614@1,KOG3614@2759",,0.0,0.0,5_Channels,TRP / TRPL Cation Channels,Ca2+ / Na+ Influx & Depolarization,No
,GFT36054.1,,,,,,,126957.SMAR011695-PA,76.1,4.67e-158,459.0,0.0,0.0,0.0,0.0,potassium voltage-gated channel protein Shaw [Nephila pilipes],,"38D0S@33154,3BAS8@33208,3CR98@33213,41U4N@6656,COG2126@1,KOG3713@2759","BTB_2,Ion_trans",0.0,0.0,5_Channels,TRP / TRPL Cation Channels,Ca2+ / Na+ Influx & Depolarization,No
,GFT36092.1,LOC657874,,,,,,7070.TC002561-PA,35.4,8.61e-40,154.0,0.0,0.0,0.0,0.0,ras-specific guanine nucleotide-releasing factor 1 [Nephila pilipes],,"38HVP@33154,3BB33@33208,3CT9B@33213,3SJ7X@50557,41VYS@6656,KOG3417@1,KOG3417@2759","PH,RasGEF",0.0,0.0,2_G_Protein,G-Protein Heterotrimer (Gq/11),Transduction of Activated Opsin Signal,No
,GFT36093.1,,,,,,,69319.XP_008556349.1,33.0,5.9100000000000015e-31,127.0,0.0,0.0,0.0,0.0,ras-specific guanine nucleotide-releasing factor RalGPS2 [Nephila pilipes],,"38HVP@33154,3BB33@33208,3CT9B@33213,3SJ7X@50557,41VYS@6656,46K7S@7399,KOG3417@1,KOG3417@2759","PH,RasGEF",0.0,0.0,2_G_Protein,G-Protein Heterotrimer (Gq/11),Transduction of Activated Opsin Signal,No
,GFT36113.1,SEC14L3,,,,,,9785.ENSLAFP00000004319,26.6,9.35e-41,156.0,0.0,0.0,0.0,0.0,SEC14-like protein 2 [Nephila pilipes],,"3556C@311790,38H26@33154,3BB1Q@33208,3CUPE@33213,3J83G@40674,480KB@7711,495UQ@7742,KOG1471@1,KOG1471@2759",CRAL_TRIO,0.0,0.0,7_Chromophore_Cycle,Retinal Binding & Isomerase,Chromophore 11-cis Regeneration,No
,GFT36114.1,,,,,,,7739.XP_002598916.1,29.5,8.94e-49,178.0,0.0,0.0,0.0,0.0,retinal-binding protein [Nephila pilipes],,"38H26@33154,3BB1Q@33208,3CUPE@33213,480KB@7711,KOG1471@1,KOG1471@2759",CRAL_TRIO,0.0,0.0,7_Chromophore_Cycle,Retinal Binding & Isomerase,Chromophore 11-cis Regeneration,No
,GFT36115.1,,,,,,,8081.XP_008421484.1,34.6,2.65e-73,241.0,0.0,0.0,0.0,0.0,SEC14-like protein 2 [Nephila pilipes],,"38H26@33154,3BB1Q@33208,3CUPE@33213,480KB@7711,49E8Z@7742,4A59N@7898,KOG1471@1,KOG1471@2759",CRAL_TRIO,0.0,0.0,7_Chromophore_Cycle,Retinal Binding & Isomerase,Chromophore 11-cis Regeneration,No
,GFT37312.1,,,,,,,126957.SMAR014891-PA,31.7,1.01e-113,368.0,0.0,0.0,0.0,0.0,g-protein coupled receptor Mth2 [Nephila pilipes],,"28Z7Y@1,2R627@2759,39MTC@33154,3CPD4@33208,3D007@33213,42AIY@6656",7tm_2,0.0,0.0,2_G_Protein,G-Protein Heterotrimer (Gq/11),Transduction of Activated Opsin Signal,No
,GFT37476.1,,ko:K04300,,,,"ko04030,ko00000",10224.NP_001161549.1,27.7,3.6499999999999998e-25,113.0,0.0,0.0,0.0,0.0,probable G-protein coupled receptor 85 [Nephila pilipes],,"38FQB@33154,3BBHC@33208,3CU0H@33213,KOG3656@1,KOG3656@2759",7tm_1,0.0,0.0,2_G_Protein,G-Protein Heterotrimer (Gq/11),Transduction of Activated Opsin Signal,No
,GFT37697.1,,ko:K07972,"map04745,ko04745",,,"ko00001,ko04031,ko00000",7029.ACYPI001816-PA,43.9,1.87e-31,123.0,0.0,0.0,0.0,0.0,guanine nucleotide-binding protein subunit beta-2 [Nephila pilipes],,"39WHR@33154,3BK9J@33208,3D45I@33213,3E7WW@33342,3SIJ1@50557,41W2M@6656,KOG0286@1,KOG0286@2759",WD40,0.0,0.0,2_G_Protein,G-Protein Heterotrimer (Gq/11),Transduction of Activated Opsin Signal,No
,GFT37952.1,,ko:K04834,"ko04742,map04742",,,"ko00001,ko04040,ko00000",132113.XP_003488828.1,63.3,0.0,2105.0,0.0,0.0,0.0,0.0,sodium channel protein para [Nephila pilipes],,"38BYK@33154,3B9I5@33208,3CRAE@33213,3SIHT@50557,41TGE@6656,46FCG@7399,KOG2301@1,KOG2301@2759","GPHH,Ion_trans,Na_trans_assoc,Na_trans_cytopl",0.0,0.0,5_Channels,TRP / TRPL Cation Channels,Ca2+ / Na+ Influx & Depolarization,No
,GFT37955.1,,ko:K04834,"ko04742,map04742",,,"ko00001,ko04040,ko00000",132113.XP_003488828.1,63.0,0.0,2120.0,0.0,0.0,0.0,0.0,sodium channel protein para [Nephila pilipes],,"38BYK@33154,3B9I5@33208,3CRAE@33213,3SIHT@50557,41TGE@6656,46FCG@7399,KOG2301@1,KOG2301@2759","GPHH,Ion_trans,Na_trans_assoc,Na_trans_cytopl",0.0,0.0,5_Channels,TRP / TRPL Cation Channels,Ca2+ / Na+ Influx & Depolarization,No
,GFT37958.1,,ko:K04834,"ko04742,map04742",,,"ko00001,ko04040,ko00000",132113.XP_003488828.1,63.2,0.0,2124.0,0.0,0.0,0.0,0.0,sodium channel protein para [Nephila pilipes],,"38BYK@33154,3B9I5@33208,3CRAE@33213,3SIHT@50557,41TGE@6656,46FCG@7399,KOG2301@1,KOG2301@2759","GPHH,Ion_trans,Na_trans_assoc,Na_trans_cytopl",0.0,0.0,5_Channels,TRP / TRPL Cation Channels,Ca2+ / Na+ Influx & Depolarization,No
,GFT37961.1,,ko:K04834,"ko04742,map04742",,,"ko00001,ko04040,ko00000",132113.XP_003488828.1,63.2,0.0,2125.0,0.0,0.0,0.0,0.0,sodium channel protein para [Nephila pilipes],,"38BYK@33154,3B9I5@33208,3CRAE@33213,3SIHT@50557,41TGE@6656,46FCG@7399,KOG2301@1,KOG2301@2759","GPHH,Ion_trans,Na_trans_assoc,Na_trans_cytopl",0.0,0.0,5_Channels,TRP / TRPL Cation Channels,Ca2+ / Na+ Influx & Depolarization,No
,GFT38150.1,,,,,,,6500.XP_005100649.1,46.7,1.9900000000000003e-21,95.9,0.0,0.0,0.0,0.0,"retinal-binding protein, partial [Nephila pilipes]",,"38H26@33154,3BB1Q@33208,3CUPE@33213,COG2801@1,KOG0017@2759,KOG1471@1,KOG1471@2759","CRAL_TRIO,RVT_1",0.0,0.0,7_Chromophore_Cycle,Retinal Binding & Isomerase,Chromophore 11-cis Regeneration,No
,GFT38230.1,L798_06829,,,,,,136037.KDR19461,35.0,1.17e-39,159.0,0.0,0.0,0.0,0.0,g-protein coupled receptor Mth2 [Nephila pilipes],,"28Z7Y@1,2R627@2759,39MTC@33154,3CPD4@33208,3D007@33213,3T039@50557,42AIY@6656",7tm_2,0.0,0.0,2_G_Protein,G-Protein Heterotrimer (Gq/11),Transduction of Activated Opsin Signal,No
,GFT39057.1,,,,,,,126957.SMAR011323-PA,62.4,1.13e-22,97.8,0.0,0.0,0.0,0.0,"colorectal mutant cancer protein, partial [Nephila pilipes]",,"2CMBN@1,2QPWE@2759,38EFM@33154,3BD22@33208,3CW8N@33213,41WNA@6656",MCC-bdg_PDZ,0.0,0.0,4_Scaffold,INAD Signalplex Scaffold,Multi-PDZ Macromolecular Assembly,No
,GFT39234.1,,,,,,,10224.XP_006821038.1,29.6,1.39e-27,117.0,0.0,0.0,0.0,0.0,retinaldehyde-binding protein 1 [Nephila pilipes],,"39K53@33154,3BBSK@33208,3CU7Z@33213,KOG1471@1,KOG1471@2759","CRAL_TRIO,CRAL_TRIO_N",0.0,0.0,7_Chromophore_Cycle,Retinal Binding & Isomerase,Chromophore 11-cis Regeneration,No
,GFT39399.1,,ko:K04962,"map04371,ko05412,map04921,ko05414,ko04024,ko05410,ko04020,ko04261,ko04260,ko04713,ko04911,ko04972,map04260,map04261,map04024,map04020,map05414,map05412,map05410,map04972,map04713,ko04921,ko04371,map04911",,,"ko00001,ko04040,ko00000",7070.TC002610-PA,61.1,5.84e-158,501.0,0.0,0.0,0.0,0.0,"ryanodine receptor, partial [Nephila pilipes]",,"38BST@33154,3BC6F@33208,3CVQC@33213,3SIT8@50557,41UAK@6656,KOG2243@1,KOG2243@2759","Ins145_P3_rec,Ion_trans,MIR,RIH_assoc,RR_TM4-6,RYDR_ITPR,RyR,SPRY",0.0,0.0,5_Channels,TRP / TRPL Cation Channels,Ca2+ / Na+ Influx & Depolarization,No
,GFT39724.1,,,,,,,126957.SMAR004739-PA,55.0,1.06e-135,417.0,0.0,0.0,0.0,0.0,transient receptor potential-gamma protein [Nephila pilipes],,"38BJZ@33154,3B9NF@33208,3CRT8@33213,41VGR@6656,KOG3609@1,KOG3609@2759",Ion_trans,0.0,0.0,5_Channels,TRP / TRPL Cation Channels,Ca2+ / Na+ Influx & Depolarization,No
,GFT39864.1,,,,,,,126957.SMAR005640-PA,55.2,4e-260,741.0,0.0,0.0,0.0,0.0,tyrosine-protein phosphatase non-receptor type 9 [Nephila pilipes],,"2QR81@2759,38V9A@33154,3BEVC@33208,3CSG4@33213,41W74@6656,COG5599@1","CRAL_TRIO,Y_phosphatase",0.0,0.0,7_Chromophore_Cycle,Retinal Binding & Isomerase,Chromophore 11-cis Regeneration,No
,GFT40146.1,,ko:K04908,,,,"ko04040,ko00000",32264.tetur03g03500.1,81.6,2.8100000000000003e-37,140.0,0.0,0.0,0.0,0.0,"potassium voltage-gated channel protein eag, partial [Nephila pilipes]",,"38HAJ@33154,3BB5P@33208,3CRBS@33213,41UC3@6656,COG2202@1,KOG0501@2759","Ion_trans,PAS_9,cNMP_binding",0.0,0.0,5_Channels,TRP / TRPL Cation Channels,Ca2+ / Na+ Influx & Depolarization,No
,GFT40148.1,,ko:K04908,,,,"ko04040,ko00000",32264.tetur03g03500.1,86.3,2.48e-89,290.0,0.0,0.0,0.0,0.0,potassium voltage-gated channel protein eag [Nephila pilipes],,"38HAJ@33154,3BB5P@33208,3CRBS@33213,41UC3@6656,COG2202@1,KOG0501@2759","Ion_trans,PAS_9,cNMP_binding",0.0,0.0,5_Channels,TRP / TRPL Cation Channels,Ca2+ / Na+ Influx & Depolarization,No
,GFT40378.1,L798_09163,,,,,,136037.KDR15458,35.1,5.5e-108,338.0,0.0,0.0,0.0,0.0,SEC14-like protein 1 [Nephila pilipes],,"38H26@33154,3BFRV@33208,3CR81@33213,3SIRT@50557,41TU3@6656,KOG1471@1,KOG1471@2759","CRAL_TRIO,CRAL_TRIO_N,PRELI",0.0,0.0,7_Chromophore_Cycle,Retinal Binding & Isomerase,Chromophore 11-cis Regeneration,No
,GFT40470.1,DDB0205854,,,,,,44689.DDB0231997,33.0,1.35e-08,61.2,0.0,0.0,0.0,0.0,ras-specific guanine nucleotide-releasing factor RalGPS2 [Nephila pilipes],,"3XAYW@554915,KOG3417@1,KOG3417@2759","GRAM,RasGEF,RhoGAP",0.0,0.0,2_G_Protein,G-Protein Heterotrimer (Gq/11),Transduction of Activated Opsin Signal,No
,GFT40918.1,,,,,,,126957.SMAR003718-PA,75.5,4.5e-305,885.0,0.0,0.0,0.0,0.0,potassium voltage-gated channel subfamily H member 6 [Nephila pilipes],,"38CEY@33154,3BAE1@33208,3CYJC@33213,41V9J@6656,KOG0498@1,KOG0498@2759","Ion_trans,cNMP_binding",0.0,0.0,5_Channels,TRP / TRPL Cation Channels,Ca2+ / Na+ Influx & Depolarization,No
,GFT40920.1,,,,,,,126957.SMAR003718-PA,75.9,1.45e-306,889.0,0.0,0.0,0.0,0.0,potassium voltage-gated channel subfamily H member 6 [Nephila pilipes],,"38CEY@33154,3BAE1@33208,3CYJC@33213,41V9J@6656,KOG0498@1,KOG0498@2759","Ion_trans,cNMP_binding",0.0,0.0,5_Channels,TRP / TRPL Cation Channels,Ca2+ / Na+ Influx & Depolarization,No
,GFT40922.1,,,,,,,126957.SMAR003718-PA,75.9,1.71e-306,889.0,0.0,0.0,0.0,0.0,potassium voltage-gated channel subfamily H member 6 [Nephila pilipes],,"38CEY@33154,3BAE1@33208,3CYJC@33213,41V9J@6656,KOG0498@1,KOG0498@2759","Ion_trans,cNMP_binding",0.0,0.0,5_Channels,TRP / TRPL Cation Channels,Ca2+ / Na+ Influx & Depolarization,No
,GFT41229.1,LOC657491,,,,,,7070.TC014097-PA,28.9,4.43e-19,90.1,0.0,0.0,0.0,0.0,"alpha-tocopherol transfer protein-like, partial [Nephila pilipes]",,"39K53@33154,3BBSK@33208,3CU7Z@33213,3SJ6S@50557,41Y3U@6656,KOG1471@1,KOG1471@2759","CRAL_TRIO,CRAL_TRIO_N",0.0,0.0,7_Chromophore_Cycle,Retinal Binding & Isomerase,Chromophore 11-cis Regeneration,No
,GFT41230.1,RLBP1,ko:K19625,,,,ko00000,176946.XP_007433255.1,27.2,5.21e-26,113.0,0.0,0.0,0.0,0.0,retinaldehyde-binding protein 1 [Nephila pilipes],,"39CE2@33154,3B98E@33208,3D19K@33213,489ZJ@7711,48ZQT@7742,KOG1471@1,KOG1471@2759","CRAL_TRIO,CRAL_TRIO_N",0.0,0.0,7_Chromophore_Cycle,Retinal Binding & Isomerase,Chromophore 11-cis Regeneration,No
,GFT41233.1,,,,,,,32507.XP_006782478.1,29.9,0.000283,47.4,0.0,0.0,0.0,0.0,alpha-tocopherol transfer protein-like [Nephila pilipes],,"39CE2@33154,3B98E@33208,3D19K@33213,489ZJ@7711,48ZQT@7742,49W1G@7898,KOG1471@1,KOG1471@2759","CRAL_TRIO,CRAL_TRIO_N",0.0,0.0,7_Chromophore_Cycle,Retinal Binding & Isomerase,Chromophore 11-cis Regeneration,No
,GFT41235.1,8237702,,,,,,121225.PHUM395600-PA,29.4,1.1e-27,117.0,0.0,0.0,0.0,0.0,alpha-tocopherol transfer protein-like [Nephila pilipes],,"39Y0Z@33154,3BG5Z@33208,3CW94@33213,3E9CU@33342,3SHC7@50557,41YF4@6656,KOG1471@1,KOG1471@2759",CRAL_TRIO,0.0,0.0,7_Chromophore_Cycle,Retinal Binding & Isomerase,Chromophore 11-cis Regeneration,No
,GFT41238.1,TTPAL,,,,,,8932.XP_005515349.1,29.6,2.47e-28,122.0,0.0,0.0,0.0,0.0,retinaldehyde-binding protein 1 [Nephila pilipes],,"39K53@33154,3BBSK@33208,3CU7Z@33213,480RT@7711,48VHS@7742,4GPXD@8782,KOG1471@1,KOG1471@2759","CRAL_TRIO,CRAL_TRIO_N",0.0,0.0,7_Chromophore_Cycle,Retinal Binding & Isomerase,Chromophore 11-cis Regeneration,No
,GFT41241.1,,,,,,,7425.NV12549-PA,52.8,3.69e-11,63.9,0.0,0.0,0.0,0.0,CRAL-TRIO domain-containing protein [Nephila pilipes],,"39XD4@33154,3BJZB@33208,3D2PQ@33213,3SJ0G@50557,41UMT@6656,46DWD@7399,KOG1471@1,KOG1471@2759",CRAL_TRIO,0.0,0.0,7_Chromophore_Cycle,Retinal Binding & Isomerase,Chromophore 11-cis Regeneration,No
,GFT42288.1,,,,,,,126957.SMAR008147-PA,41.8,0.0,1542.0,0.0,0.0,0.0,0.0,brefeldin A-inhibited guanine nucleotide-exchange protein 3 [Nephila pilipes],,"38H13@33154,3BFVX@33208,3CWH1@33213,41UM9@6656,KOG1846@1,KOG1846@2759","DCB,DUF1981",0.0,0.0,2_G_Protein,G-Protein Heterotrimer (Gq/11),Transduction of Activated Opsin Signal,No
,GFT42290.1,,,,,,,126957.SMAR008147-PA,41.6,0.0,1535.0,0.0,0.0,0.0,0.0,brefeldin A-inhibited guanine nucleotide-exchange protein 3 [Nephila pilipes],,"38H13@33154,3BFVX@33208,3CWH1@33213,41UM9@6656,KOG1846@1,KOG1846@2759","DCB,DUF1981",0.0,0.0,2_G_Protein,G-Protein Heterotrimer (Gq/11),Transduction of Activated Opsin Signal,No
,GFT42327.1,107359800,ko:K04977,"ko04621,map04921,map04621,ko04921",,3.6.1.13,"ko01000,ko00001,ko04040,ko00000",32264.tetur04g05640.1,47.3,0.0,1343.0,0.0,0.0,0.0,0.0,transient receptor potential cation channel subfamily M member 3 [Nephila pilipes],,"38D2H@33154,3BASE@33208,3CSW8@33213,41UGV@6656,KOG3614@1,KOG3614@2759,KOG4195@1,KOG4195@2759",,0.0,0.0,5_Channels,TRP / TRPL Cation Channels,Ca2+ / Na+ Influx & Depolarization,No
,GFT42329.1,107359800,ko:K04977,"ko04621,map04921,map04621,ko04921",,3.6.1.13,"ko01000,ko00001,ko04040,ko00000",32264.tetur04g05640.1,47.4,0.0,1348.0,0.0,0.0,0.0,0.0,transient receptor potential cation channel subfamily M member 3 [Nephila pilipes],,"38D2H@33154,3BASE@33208,3CSW8@33213,41UGV@6656,KOG3614@1,KOG3614@2759,KOG4195@1,KOG4195@2759",,0.0,0.0,5_Channels,TRP / TRPL Cation Channels,Ca2+ / Na+ Influx & Depolarization,No
,GFT42898.1,L798_08925,ko:K04908,,,,"ko04040,ko00000",136037.KDR16607,85.8,0.0,1246.0,0.0,0.0,0.0,0.0,potassium voltage-gated channel protein eag [Nephila pilipes],,"38HAJ@33154,3BB5P@33208,3CRBS@33213,3SJH6@50557,41UC3@6656,COG2202@1,KOG0501@2759","Ion_trans,PAS_9,cNMP_binding",0.0,0.0,5_Channels,TRP / TRPL Cation Channels,Ca2+ / Na+ Influx & Depolarization,No
,GFT42899.1,L798_08925,ko:K04908,,,,"ko04040,ko00000",136037.KDR16607,85.4,0.0,1246.0,0.0,0.0,0.0,0.0,potassium voltage-gated channel protein eag [Nephila pilipes],,"38HAJ@33154,3BB5P@33208,3CRBS@33213,3SJH6@50557,41UC3@6656,COG2202@1,KOG0501@2759","Ion_trans,PAS_9,cNMP_binding",0.0,0.0,5_Channels,TRP / TRPL Cation Channels,Ca2+ / Na+ Influx & Depolarization,No
,GFT43303.1,107361086,ko:K04962,"map04371,ko05412,map04921,ko05414,ko04024,ko05410,ko04020,ko04261,ko04260,ko04713,ko04911,ko04972,map04260,map04261,map04024,map04020,map05414,map05412,map05410,map04972,map04713,ko04921,ko04371,map04911",,,"ko00001,ko04040,ko00000",32264.tetur06g00300.1,68.3,8.08e-30,120.0,0.0,0.0,0.0,0.0,ryanodine receptor 1 [Nephila pilipes],,"38BST@33154,3BC6F@33208,3CVQC@33213,41UAK@6656,KOG2243@1,KOG2243@2759","Ins145_P3_rec,Ion_trans,MIR,RIH_assoc,RR_TM4-6,RYDR_ITPR,RyR,SPRY",0.0,0.0,5_Channels,TRP / TRPL Cation Channels,Ca2+ / Na+ Influx & Depolarization,No
,GFT43305.1,RyR,ko:K04962,"map04371,ko05412,map04921,ko05414,ko04024,ko05410,ko04020,ko04261,ko04260,ko04713,ko04911,ko04972,map04260,map04261,map04024,map04020,map05414,map05412,map05410,map04972,map04713,ko04921,ko04371,map04911",,,"ko00001,ko04040,ko00000",7460.GB55650-PA,41.8,9.2e-109,358.0,0.0,0.0,0.0,0.0,ryanodine receptor [Nephila pilipes],,"38BST@33154,3BC6F@33208,3CVQC@33213,3SIT8@50557,41UAK@6656,46KRQ@7399,KOG2243@1,KOG2243@2759","Ins145_P3_rec,Ion_trans,MIR,RIH_assoc,RR_TM4-6,RYDR_ITPR,RyR,SPRY",0.0,0.0,5_Channels,TRP / TRPL Cation Channels,Ca2+ / Na+ Influx & Depolarization,No
,GFT43332.1,,,,,,,32264.tetur02g12280.1,53.8,1.4100000000000002e-296,912.0,0.0,0.0,0.0,0.0,short transient receptor potential channel 2 [Nephila pilipes],,"38GCA@33154,3B9FZ@33208,3CWTC@33213,41U79@6656,COG0666@1,KOG3609@1,KOG3609@2759,KOG4177@2759","Ank_2,Ank_4,Ion_trans",0.0,0.0,5_Channels,TRP / TRPL Cation Channels,Ca2+ / Na+ Influx & Depolarization,No
,GFT43562.1,L798_08776,ko:K12796,"ko04621,map04621",,,"ko00001,ko00000",136037.KDR16469,49.5,2.28e-23,115.0,0.0,0.0,0.0,0.0,leucine-rich repeat-containing protein 7 [Nephila pilipes],,"38DD2@33154,3BA7S@33208,3CU1B@33213,3SJFW@50557,41V3P@6656,COG4886@1,KOG0619@2759","LRR_8,PDZ",0.0,0.0,4_Scaffold,INAD Signalplex Scaffold,Multi-PDZ Macromolecular Assembly,No
,GFT43626.1,,,,,,,13735.ENSPSIP00000013069,69.0,9.8e-66,211.0,0.0,0.0,0.0,0.0,"potassium voltage-gated channel subfamily KQT member 1, partial [Nephila pilipes]",,"38BBJ@33154,3BA2P@33208,3CR7B@33213,488CB@7711,4914F@7742,4CIK1@8459,COG2126@1,KOG1419@2759",Ion_trans,0.0,0.0,5_Channels,TRP / TRPL Cation Channels,Ca2+ / Na+ Influx & Depolarization,No
,GFT43773.1,L798_12081,ko:K04527,"ko04010,map04015,map04014,map04010,ko04960,map04960,ko04066,map04212,map04213,map04072,map04211,ko04068,ko04022,map04923,ko04931,ko04930,ko04932,ko04520,ko04913,ko04910,map04520,map04068,ko04014,ko04015,map04022,map04066,map04913,map04932,ko04152,ko04151,ko04150,ko04923,ko04072,map04930,map04910,ko04211,ko04212,ko04213,map04150,map04151,map04152,map04931",M00676,2.7.10.1,"ko01020,ko01000,ko01001,ko04050,ko00001,ko00000,ko04090,ko00002",136037.KDR13786,49.4,0.0,1185.0,0.0,0.0,0.0,0.0,insulin receptor [Nephila pilipes],,"38BN2@33154,3BBBA@33208,3CWHQ@33213,3SGUP@50557,41WPS@6656,COG0515@1,KOG3528@1,KOG3528@2759,KOG4258@2759","Furin-like,PDZ,Pkinase_Tyr,Recep_L_domain,fn3",0.0,0.0,4_Scaffold,INAD Signalplex Scaffold,Multi-PDZ Macromolecular Assembly,No
,GFT45110.1,AAEL001301,,,,,,7159.AAEL001301-PA,31.6,8.69e-31,122.0,0.0,0.0,0.0,0.0,alpha-tocopherol transfer protein-like [Nephila pilipes],,"39Y0Z@33154,3BG5Z@33208,3CW94@33213,3SHC7@50557,41YF4@6656,456BV@7147,45EWW@7148,KOG1471@1,KOG1471@2759",CRAL_TRIO,0.0,0.0,7_Chromophore_Cycle,Retinal Binding & Isomerase,Chromophore 11-cis Regeneration,No
,GFT45172.1,L798_02716,ko:K04630,"map05142,map05145,map04015,map04926,map04540,ko05145,ko04062,ko05133,ko05034,map04371,map04934,map04071,ko04725,map05012,map04921,ko05032,map05034,ko05200,ko04923,ko04670,ko04024,ko05142,ko04022,ko04261,ko04934,map04923,ko04360,map04924,map05133,map04728,ko04540,map04726,ko04713,map04724,map04723,ko04611,map05032,ko04730,ko04971,ko05012,ko04924,ko05030,map04261,ko04916,ko04915,ko04914,map04024,ko04071,ko04015,map04022,map04360,map04062,map04727,map04725,map05200,map05030,ko04926,map04914,map04971,map04713,ko04921,ko04728,map04916,ko04371,ko04724,map04670,ko04726,ko04727,map04730,map04915,map04611,ko04723",M00695,,"ko00000,ko04147,ko00001,ko04031,ko00002",136037.KDR22153,84.6,2.21e-201,563.0,0.0,0.0,0.0,0.0,guanine nucleotide-binding protein G(i) subunit alpha [Nephila pilipes],,"38C4P@33154,3BASG@33208,3CUQY@33213,3SG2R@50557,41VA8@6656,KOG0082@1,KOG0082@2759",G-alpha,0.0,0.0,2_G_Protein,G-Protein Heterotrimer (Gq/11),Transduction of Activated Opsin Signal,No
,GFT45549.1,,,,,,,13249.RPRC004573-PA,55.1,8.209999999999999e-104,321.0,0.0,0.0,0.0,0.0,guanine nucleotide exchange factor for Rab-3A [Nephila pilipes],,"38CXX@33154,3BFIS@33208,3CT8N@33213,3E832@33342,3SK37@50557,41XIM@6656,KOG4324@1,KOG4324@2759",Sec2p,0.0,0.0,2_G_Protein,G-Protein Heterotrimer (Gq/11),Transduction of Activated Opsin Signal,No
,GFT46063.1,35505,,,,,,81824.XP_001742640.1,32.6,0.000324,47.0,0.0,0.0,0.0,0.0,inaD-like protein [Nephila pilipes],,"COG0194@1,KOG0708@2759,KOG3528@1,KOG3528@2759","Guanylate_kin,PDZ",0.0,0.0,4_Scaffold,INAD Signalplex Scaffold,Multi-PDZ Macromolecular Assembly,No
,GFT46539.1,,,,,,,13249.RPRC004224-PA,56.7,5.2100000000000013e-73,234.0,0.0,0.0,0.0,0.0,rho guanine nucleotide exchange factor 10-like protein [Nephila pilipes],,"2CXJS@1,2RY1K@2759,39VGM@33154,3BJCI@33208,3CWQ6@33213,41Z93@6656",DDE_Tnp_1_7,0.0,0.0,2_G_Protein,G-Protein Heterotrimer (Gq/11),Transduction of Activated Opsin Signal,No
,GFT46553.1,,,,,,,32264.tetur02g12670.1,68.3,7.62e-113,349.0,0.0,0.0,0.0,0.0,"g-protein coupled receptor, partial [Nephila pilipes]",,"39U7W@33154,3BG7M@33208,3D3Y2@33213,41UDQ@6656,KOG3597@1,KOG3597@2759",,0.0,0.0,2_G_Protein,G-Protein Heterotrimer (Gq/11),Transduction of Activated Opsin Signal,No
,GFT46590.1,,ko:K04936,"ko04970,ko04972,ko04924,map04972,ko04911,ko04022,map04270,map04924,map04022,map04911,map04970,ko04270",,,"ko00001,ko04040,ko00000",7029.ACYPI010131-PA,71.5,0.0,1647.0,0.0,0.0,0.0,0.0,calcium-activated potassium channel slowpoke [Nephila pilipes],,"38CH0@33154,3BEHD@33208,3CTJ6@33213,3E8HG@33342,3SIH0@50557,41VFU@6656,KOG1420@1,KOG1420@2759","BK_channel_a,Ion_trans",0.0,0.0,5_Channels,TRP / TRPL Cation Channels,Ca2+ / Na+ Influx & Depolarization,No
,GFT46592.1,,,,,,,69319.XP_008553029.1,71.5,0.0,1644.0,0.0,0.0,0.0,0.0,calcium-activated potassium channel slowpoke [Nephila pilipes],,"38CH0@33154,3BEHD@33208,3CTJ6@33213,3SIH0@50557,41VFU@6656,46KJT@7399,KOG1420@1,KOG1420@2759","BK_channel_a,Ion_trans",0.0,0.0,5_Channels,TRP / TRPL Cation Channels,Ca2+ / Na+ Influx & Depolarization,No
,GFT46597.1,,ko:K04936,"ko04970,ko04972,ko04924,map04972,ko04911,ko04022,map04270,map04924,map04022,map04911,map04970,ko04270",,,"ko00001,ko04040,ko00000",7029.ACYPI010131-PA,72.0,0.0,1655.0,0.0,0.0,0.0,0.0,calcium-activated potassium channel slowpoke [Nephila pilipes],,"38CH0@33154,3BEHD@33208,3CTJ6@33213,3E8HG@33342,3SIH0@50557,41VFU@6656,KOG1420@1,KOG1420@2759","BK_channel_a,Ion_trans",0.0,0.0,5_Channels,TRP / TRPL Cation Channels,Ca2+ / Na+ Influx & Depolarization,No
,GFT46601.1,8237786,ko:K04936,"ko04970,ko04972,ko04924,map04972,ko04911,ko04022,map04270,map04924,map04022,map04911,map04970,ko04270",,,"ko00001,ko04040,ko00000",121225.PHUM221720-PA,73.8,0.0,1630.0,0.0,0.0,0.0,0.0,calcium-activated potassium channel slowpoke [Nephila pilipes],,"38CH0@33154,3BEHD@33208,3CTJ6@33213,3E8HG@33342,3SIH0@50557,41VFU@6656,KOG1420@1,KOG1420@2759","BK_channel_a,Ion_trans",0.0,0.0,5_Channels,TRP / TRPL Cation Channels,Ca2+ / Na+ Influx & Depolarization,No
,GFT46604.1,,ko:K04936,"ko04970,ko04972,ko04924,map04972,ko04911,ko04022,map04270,map04924,map04022,map04911,map04970,ko04270",,,"ko00001,ko04040,ko00000",132113.XP_003486304.1,72.7,0.0,1643.0,0.0,0.0,0.0,0.0,calcium-activated potassium channel slowpoke [Nephila pilipes],,"38CH0@33154,3BEHD@33208,3CTJ6@33213,3SIH0@50557,41VFU@6656,46KJT@7399,KOG1420@1,KOG1420@2759","BK_channel_a,Ion_trans",0.0,0.0,5_Channels,TRP / TRPL Cation Channels,Ca2+ / Na+ Influx & Depolarization,No
,GFT46607.1,,ko:K04936,"ko04970,ko04972,ko04924,map04972,ko04911,ko04022,map04270,map04924,map04022,map04911,map04970,ko04270",,,"ko00001,ko04040,ko00000",7029.ACYPI010131-PA,69.1,0.0,1548.0,0.0,0.0,0.0,0.0,calcium-activated potassium channel slowpoke [Nephila pilipes],,"38CH0@33154,3BEHD@33208,3CTJ6@33213,3E8HG@33342,3SIH0@50557,41VFU@6656,KOG1420@1,KOG1420@2759","BK_channel_a,Ion_trans",0.0,0.0,5_Channels,TRP / TRPL Cation Channels,Ca2+ / Na+ Influx & Depolarization,No
,GFT46620.1,,,,,,,8081.XP_008421484.1,39.4,2.49e-16,80.9,0.0,0.0,0.0,0.0,"SEC14-like protein 2, partial [Nephila pilipes]",,"38H26@33154,3BB1Q@33208,3CUPE@33213,480KB@7711,49E8Z@7742,4A59N@7898,KOG1471@1,KOG1471@2759",CRAL_TRIO,0.0,0.0,7_Chromophore_Cycle,Retinal Binding & Isomerase,Chromophore 11-cis Regeneration,No
,GFT46666.1,,ko:K08470,,,,"ko04030,ko00000",132113.XP_003489203.1,44.4,4.14e-87,273.0,0.0,0.0,0.0,0.0,g-protein coupled receptor 143 [Nephila pilipes],,"28I88@1,2QQII@2759,38BWY@33154,3BIK7@33208,3CW1C@33213,3SKKB@50557,41UI9@6656,46F3Q@7399",Ocular_alb,0.0,0.0,2_G_Protein,G-Protein Heterotrimer (Gq/11),Transduction of Activated Opsin Signal,No
,GFT47706.1,LOC657491,,,,,,7070.TC014097-PA,37.6,5.1e-52,180.0,0.0,0.0,0.0,0.0,alpha-tocopherol transfer protein-like [Nephila pilipes],,"39K53@33154,3BBSK@33208,3CU7Z@33213,3SJ6S@50557,41Y3U@6656,KOG1471@1,KOG1471@2759","CRAL_TRIO,CRAL_TRIO_N",0.0,0.0,7_Chromophore_Cycle,Retinal Binding & Isomerase,Chromophore 11-cis Regeneration,No
,GFT47975.1,,,,,,,126957.SMAR005707-PA,87.1,1.9e-184,518.0,0.0,0.0,0.0,0.0,guanine nucleotide-binding protein subunit beta-2-like 1 [Nephila pilipes],,"38BFC@33154,3BE2C@33208,3CUEX@33213,41WSF@6656,KOG0279@1,KOG0279@2759",WD40,0.0,0.0,2_G_Protein,G-Protein Heterotrimer (Gq/11),Transduction of Activated Opsin Signal,No
,GFT48123.1,,,,,,,51511.ENSCSAVP00000012595,48.1,7.700000000000001e-134,407.0,0.0,0.0,0.0,0.0,guanine nucleotide-binding protein-like 3 homolog [Nephila pilipes],,"38CBA@33154,3B9E7@33208,3CU6V@33213,4831D@7711,COG1161@1,KOG2484@2759","GN3L_Grn1,MMR_HSR1",0.0,0.0,2_G_Protein,G-Protein Heterotrimer (Gq/11),Transduction of Activated Opsin Signal,No
,GFT48250.1,,,,,,,126957.SMAR002951-PA,69.2,9.15e-224,640.0,0.0,0.0,0.0,0.0,cyclic nucleotide-gated channel cone photoreceptor subunit alpha [Nephila pilipes],,"38CC1@33154,3BAEP@33208,3CUYQ@33213,41XA4@6656,KOG0500@1,KOG0500@2759","CLZ,Ion_trans,cNMP_binding",0.0,0.0,5_Channels,TRP / TRPL Cation Channels,Ca2+ / Na+ Influx & Depolarization,No
,GFT48280.1,,,,,,,7425.NV12549-PA,46.2,2.51e-15,77.0,0.0,0.0,0.0,0.0,alpha-tocopherol transfer protein-like [Nephila pilipes],,"39XD4@33154,3BJZB@33208,3D2PQ@33213,3SJ0G@50557,41UMT@6656,46DWD@7399,KOG1471@1,KOG1471@2759",CRAL_TRIO,0.0,0.0,7_Chromophore_Cycle,Retinal Binding & Isomerase,Chromophore 11-cis Regeneration,No
,GFT48760.1,EFV49723,ko:K18037,,,3.1.3.48,"ko01000,ko01009,ko00000",6334.EFV49723,51.3,9.330000000000001e-97,309.0,0.0,0.0,0.0,0.0,tyrosine-protein phosphatase non-receptor type 4 [Nephila pilipes],,"38DFT@33154,3BFXV@33208,3CRZX@33213,40BCC@6231,COG5599@1,KOG0792@2759","PDZ,Y_phosphatase",0.0,0.0,4_Scaffold,INAD Signalplex Scaffold,Multi-PDZ Macromolecular Assembly,No
,GFT48762.1,EFV49723,ko:K18037,,,3.1.3.48,"ko01000,ko01009,ko00000",6334.EFV49723,51.3,4.76e-97,309.0,0.0,0.0,0.0,0.0,tyrosine-protein phosphatase non-receptor type 4 [Nephila pilipes],,"38DFT@33154,3BFXV@33208,3CRZX@33213,40BCC@6231,COG5599@1,KOG0792@2759","PDZ,Y_phosphatase",0.0,0.0,4_Scaffold,INAD Signalplex Scaffold,Multi-PDZ Macromolecular Assembly,No
,GFT48764.1,EFV49723,ko:K18037,,,3.1.3.48,"ko01000,ko01009,ko00000",6334.EFV49723,51.3,4.31e-98,309.0,0.0,0.0,0.0,0.0,tyrosine-protein phosphatase non-receptor type 4 [Nephila pilipes],,"38DFT@33154,3BFXV@33208,3CRZX@33213,40BCC@6231,COG5599@1,KOG0792@2759","PDZ,Y_phosphatase",0.0,0.0,4_Scaffold,INAD Signalplex Scaffold,Multi-PDZ Macromolecular Assembly,No
,GFT48794.1,,,,,,,126957.SMAR003458-PA,36.0,1.94e-49,189.0,0.0,0.0,0.0,0.0,g-protein coupled receptor Mth2 [Nephila pilipes],,"28Z7Y@1,2R627@2759,39MTC@33154,3CPD4@33208,3D007@33213,42AIY@6656",7tm_2,0.0,0.0,2_G_Protein,G-Protein Heterotrimer (Gq/11),Transduction of Activated Opsin Signal,No
,GFT48795.1,,,,,,,126957.SMAR003458-PA,37.4,3.69e-11,68.6,0.0,0.0,0.0,0.0,g-protein coupled receptor Mth2 [Nephila pilipes],,"28Z7Y@1,2R627@2759,39MTC@33154,3CPD4@33208,3D007@33213,42AIY@6656",7tm_2,0.0,0.0,2_G_Protein,G-Protein Heterotrimer (Gq/11),Transduction of Activated Opsin Signal,No
,GFT48796.1,,,,,,,126957.SMAR003458-PA,36.6,1.68e-53,201.0,0.0,0.0,0.0,0.0,g-protein coupled receptor Mth2 [Nephila pilipes],,"28Z7Y@1,2R627@2759,39MTC@33154,3CPD4@33208,3D007@33213,42AIY@6656",7tm_2,0.0,0.0,2_G_Protein,G-Protein Heterotrimer (Gq/11),Transduction of Activated Opsin Signal,No
,GFT48797.1,,,,,,,126957.SMAR003458-PA,38.9,6.77e-23,102.0,0.0,0.0,0.0,0.0,g-protein coupled receptor Mth2 [Nephila pilipes],,"28Z7Y@1,2R627@2759,39MTC@33154,3CPD4@33208,3D007@33213,42AIY@6656",7tm_2,0.0,0.0,2_G_Protein,G-Protein Heterotrimer (Gq/11),Transduction of Activated Opsin Signal,No
,GFT48805.1,,,,,,,126957.SMAR003458-PA,36.3,6.07e-53,194.0,0.0,0.0,0.0,0.0,g-protein coupled receptor Mth2 [Nephila pilipes],,"28Z7Y@1,2R627@2759,39MTC@33154,3CPD4@33208,3D007@33213,42AIY@6656",7tm_2,0.0,0.0,2_G_Protein,G-Protein Heterotrimer (Gq/11),Transduction of Activated Opsin Signal,No
,GFT48957.1,101900249,ko:K12494,"ko04144,map04144",,,"ko04131,ko00001,ko00000",7370.XP_005178100.1,63.3,1.1000000000000001e-29,122.0,0.0,0.0,0.0,0.0,"PH and SEC7 domain-containing protein 2, partial [Nephila pilipes]",,"38HIY@33154,3BDCP@33208,3CX3V@33213,3SGA6@50557,41WUU@6656,44Z1J@7147,COG5307@1,KOG0932@2759","PDZ,PH_9,Sec7",0.0,0.0,4_Scaffold,INAD Signalplex Scaffold,Multi-PDZ Macromolecular Assembly,No
,GFT49340.1,EH28_06806,,,,,,215358.XP_010749651.1,33.5,4.72e-55,194.0,0.0,0.0,0.0,0.0,"SEC14-like protein 2, partial [Nephila pilipes]",,"38H26@33154,3BB1Q@33208,3CUPE@33213,480KB@7711,495UQ@7742,49W5Z@7898,KOG1471@1,KOG1471@2759","CRAL_TRIO,CRAL_TRIO_N",0.0,0.0,7_Chromophore_Cycle,Retinal Binding & Isomerase,Chromophore 11-cis Regeneration,No
,GFT49346.1,,,,,,,6500.XP_005100649.1,42.8,1.12e-27,116.0,0.0,0.0,0.0,0.0,retinal-binding protein [Nephila pilipes],,"38H26@33154,3BB1Q@33208,3CUPE@33213,COG2801@1,KOG0017@2759,KOG1471@1,KOG1471@2759","CRAL_TRIO,RVT_1",0.0,0.0,7_Chromophore_Cycle,Retinal Binding & Isomerase,Chromophore 11-cis Regeneration,No
,GFT49348.1,,,,,,,6500.XP_005100649.1,41.4,3.36e-28,121.0,0.0,0.0,0.0,0.0,SEC14-like protein 2 [Nephila pilipes],,"38H26@33154,3BB1Q@33208,3CUPE@33213,COG2801@1,KOG0017@2759,KOG1471@1,KOG1471@2759","CRAL_TRIO,RVT_1",0.0,0.0,7_Chromophore_Cycle,Retinal Binding & Isomerase,Chromophore 11-cis Regeneration,No
,GFT50135.1,GA18269,ko:K05858,"ko00562,ko04062,map04921,map04922,map04925,map04924,map04927,map04926,ko04540,ko04713,map04745,ko04971,ko04970,ko04972,ko05146,ko04070,ko04071,ko04072,ko01100,ko04371,map04730,ko04270,map05142,map05143,map05146,map04015,map04540,ko04961,map04310,map04728,map04726,map04725,map04724,map04723,map04720,map01100,ko04919,ko04918,map00562,ko04912,ko04911,map04261,ko04916,ko04915,map04062,map04972,map04970,map04971,map04713,ko05200,ko05143,ko05142,map04270,ko04022,map04371,map04072,map04071,map04070,ko04261,map04961,ko04750,ko04020,map05010,map04621,map05016,ko04611,ko05010,ko05016,ko04745,map04918,map04919,ko04621,map04911,map04912,map04915,map04916,map04750,ko04934,ko04933,ko04728,ko04730,map05200,ko04015,map04020,map04022,ko04726,ko04310,ko04922,ko04921,ko04926,ko04927,ko04924,ko04925,ko04724,ko04725,map04934,ko04720,map04933,map04611,ko04723",M00130,3.1.4.11,"ko04131,ko01000,ko00001,ko00000,ko00002",7237.FBpp0280181,60.7,7.22e-137,431.0,0.0,0.0,0.0,0.0,"1-phosphatidylinositol 4,5-bisphosphate phosphodiesterase classes I and II [Nephila pilipes]",,"3ASPT@33154,3BB4P@33208,3CUHB@33213,3SJY5@50557,41UZY@6656,44XD5@7147,45X07@7214,KOG0169@1,KOG1265@2759","EF-hand_like,PI-PLC-X,PI-PLC-Y,PLC-beta_C",0.0,0.0,3_Effector,Phospholipase C-beta (PLCβ / NorpA),Hydrolysis of PIP2 -> DAG + IP3,No
,GFT50293.1,,ko:K04967,"map04745,ko04745,ko04360,map04360",,,"ko00001,ko04040,ko00000",10224.XP_002733765.1,44.7,3.5000000000000003e-71,245.0,0.0,0.0,0.0,0.0,transient-receptor-potential-like protein [Nephila pilipes],,"38BJZ@33154,3B9NF@33208,3CRT8@33213,KOG3609@1,KOG3609@2759","Ank_2,Ion_trans,TRP_2",0.0,0.0,5_Channels,TRP / TRPL Cation Channels,Ca2+ / Na+ Influx & Depolarization,No
,GFT50367.1,,,,,,,126957.SMAR002562-PA,54.2,1.9000000000000001e-59,208.0,0.0,0.0,0.0,0.0,multiple PDZ domain protein [Nephila pilipes],,"38Q0G@33154,3BF0Y@33208,3CVXZ@33213,41XQ2@6656,KOG3528@1,KOG3528@2759","L27_2,PDZ",0.0,0.0,4_Scaffold,INAD Signalplex Scaffold,Multi-PDZ Macromolecular Assembly,No
,GFT50377.1,8240107,ko:K06095,"ko04530,map04530,ko04391,map04391",,,"ko00001,ko00000",121225.PHUM180840-PA,62.3,3.79e-293,839.0,0.0,0.0,0.0,0.0,patj homolog [Nephila pilipes],,"38Q0G@33154,3BF0Y@33208,3CVXZ@33213,3E7Z3@33342,3SI7M@50557,41XQ2@6656,KOG3528@1,KOG3528@2759",PDZ,0.0,0.0,4_Scaffold,INAD Signalplex Scaffold,Multi-PDZ Macromolecular Assembly,No
,GFT50385.1,,ko:K06095,"ko04530,map04530,ko04391,map04391",,,"ko00001,ko00000",32264.tetur27g00480.1,34.4,1.99e-33,142.0,0.0,0.0,0.0,0.0,multiple PDZ domain protein [Nephila pilipes],,"38Q0G@33154,3BF0Y@33208,3CVXZ@33213,41X0Y@6656,KOG3528@1,KOG3528@2759",PDZ,0.0,0.0,4_Scaffold,INAD Signalplex Scaffold,Multi-PDZ Macromolecular Assembly,No
,GFT50397.1,,,,,,,126957.SMAR014781-PA,55.1,1.49e-211,613.0,0.0,0.0,0.0,0.0,multiple PDZ domain protein [Nephila pilipes],,"38Q0G@33154,3BF0Y@33208,3CVXZ@33213,41X0Y@6656,KOG3528@1,KOG3528@2759",PDZ,0.0,0.0,4_Scaffold,INAD Signalplex Scaffold,Multi-PDZ Macromolecular Assembly,No
,GFT50462.1,,ko:K00909,"ko04144,ko04744,ko04062,map04062,map04144,map04744",,2.7.11.14,"ko01000,ko01001,ko00001,ko00000",215358.XP_010745549.1,33.5,1.1200000000000002e-21,100.0,0.0,0.0,0.0,0.0,"rhodopsin kinase GRK1, partial [Nephila pilipes]",,"38ER7@33154,3BF8Z@33208,3CYYI@33213,480HR@7711,48XIK@7742,49SQ7@7898,KOG0986@1,KOG0986@2759","Pkinase,RGS",0.0,0.0,1_Photopigment,Rhabdomeric Opsins (Rh1/Rh2/UV/LWS),Light Absorption & Photoisomerization,No
,GFT51167.1,,,,,,,7425.NV12549-PA,49.3,9.87e-14,72.0,0.0,0.0,0.0,0.0,"alpha-tocopherol transfer protein-like, partial [Nephila pilipes]",,"39XD4@33154,3BJZB@33208,3D2PQ@33213,3SJ0G@50557,41UMT@6656,46DWD@7399,KOG1471@1,KOG1471@2759",CRAL_TRIO,0.0,0.0,7_Chromophore_Cycle,Retinal Binding & Isomerase,Chromophore 11-cis Regeneration,No
,GFT52060.1,,,,,,,7425.NV12549-PA,46.8,2.43e-16,79.3,0.0,0.0,0.0,0.0,alpha-tocopherol transfer protein-like [Nephila pilipes],,"39XD4@33154,3BJZB@33208,3D2PQ@33213,3SJ0G@50557,41UMT@6656,46DWD@7399,KOG1471@1,KOG1471@2759",CRAL_TRIO,0.0,0.0,7_Chromophore_Cycle,Retinal Binding & Isomerase,Chromophore 11-cis Regeneration,No
,GFT52064.1,,,,,,,7165.AGAP009379-PA,27.6,1.13e-05,53.5,0.0,0.0,0.0,0.0,alpha-tocopherol transfer protein-like [Nephila pilipes],,"39Y0Z@33154,3BG5Z@33208,3CW94@33213,3SHC7@50557,41YF4@6656,456BV@7147,45EWW@7148,KOG1471@1,KOG1471@2759",CRAL_TRIO,0.0,0.0,7_Chromophore_Cycle,Retinal Binding & Isomerase,Chromophore 11-cis Regeneration,No
,GFT52457.1,L798_09427,ko:K05631,"map05165,map04015,ko05165,ko04530,ko04015,map04530",,,"ko04516,ko00001,ko00000",136037.KDR15614,40.9,0.0,954.0,0.0,0.0,0.0,0.0,"membrane-associated guanylate kinase, WW and PDZ domain-containing protein 1 [Nephila pilipes]",,"38CPU@33154,3B9PA@33208,3CRUM@33213,3SIFU@50557,41UBJ@6656,COG5021@1,KOG3209@2759","Guanylate_kin,PDZ,WW",0.0,0.0,4_Scaffold,INAD Signalplex Scaffold,Multi-PDZ Macromolecular Assembly,No
,GFT52507.1,L798_07300,ko:K05857,"map01100,ko04919,ko00562,map00562,ko01100,ko04020,ko04070,map04919,map04020,ko04933,map04070,map04933",M00130,3.1.4.11,"ko04131,ko01000,ko00001,ko00000,ko00002",136037.KDR18854,41.6,2.77e-187,560.0,0.0,0.0,0.0,0.0,"1-phosphatidylinositol 4,5-bisphosphate phosphodiesterase delta-4 [Nephila pilipes]",,"38BAR@33154,3CPXX@33208,3E635@33213,3T0JQ@50557,42B5M@6656,KOG0169@1,KOG0169@2759","C2,EF-hand_like,PH_12,PI-PLC-X,PI-PLC-Y",0.0,0.0,3_Effector,Phospholipase C-beta (PLCβ / NorpA),Hydrolysis of PIP2 -> DAG + IP3,No
,GFT52510.1,L798_07300,ko:K05857,"map01100,ko04919,ko00562,map00562,ko01100,ko04020,ko04070,map04919,map04020,ko04933,map04070,map04933",M00130,3.1.4.11,"ko04131,ko01000,ko00001,ko00000,ko00002",136037.KDR18854,42.0,5.5e-189,564.0,0.0,0.0,0.0,0.0,"1-phosphatidylinositol 4,5-bisphosphate phosphodiesterase delta-4 [Nephila pilipes]",,"38BAR@33154,3CPXX@33208,3E635@33213,3T0JQ@50557,42B5M@6656,KOG0169@1,KOG0169@2759","C2,EF-hand_like,PH_12,PI-PLC-X,PI-PLC-Y",0.0,0.0,3_Effector,Phospholipase C-beta (PLCβ / NorpA),Hydrolysis of PIP2 -> DAG + IP3,No
,GFT52514.1,L798_07300,ko:K05857,"map01100,ko04919,ko00562,map00562,ko01100,ko04020,ko04070,map04919,map04020,ko04933,map04070,map04933",M00130,3.1.4.11,"ko04131,ko01000,ko00001,ko00000,ko00002",136037.KDR18854,41.7,1.64e-187,560.0,0.0,0.0,0.0,0.0,"1-phosphatidylinositol 4,5-bisphosphate phosphodiesterase delta-4 [Nephila pilipes]",,"38BAR@33154,3CPXX@33208,3E635@33213,3T0JQ@50557,42B5M@6656,KOG0169@1,KOG0169@2759","C2,EF-hand_like,PH_12,PI-PLC-X,PI-PLC-Y",0.0,0.0,3_Effector,Phospholipase C-beta (PLCβ / NorpA),Hydrolysis of PIP2 -> DAG + IP3,No
,GFT52633.1,,,,,,,126957.SMAR004359-PA,76.7,7.190000000000002e-97,296.0,0.0,0.0,0.0,0.0,two pore potassium channel protein sup-9 [Nephila pilipes],,"38E24@33154,3BE49@33208,3CUY9@33213,41V9I@6656,KOG4404@1,KOG4404@2759",Ion_trans_2,0.0,0.0,5_Channels,TRP / TRPL Cation Channels,Ca2+ / Na+ Influx & Depolarization,No
,GFT52635.1,,,,,,,32264.tetur22g00980.1,70.5,1.67e-42,142.0,0.0,0.0,0.0,0.0,two pore potassium channel protein sup-9 [Nephila pilipes],,"38E24@33154,3BE49@33208,3CUY9@33213,41V9I@6656,KOG4404@1,KOG4404@2759",Ion_trans_2,0.0,0.0,5_Channels,TRP / TRPL Cation Channels,Ca2+ / Na+ Influx & Depolarization,No
,GFT53334.1,,,,,,,7739.XP_002587157.1,31.2,1.41e-31,128.0,0.0,0.0,0.0,0.0,probable G-protein coupled receptor 45 [Nephila pilipes],,"38FBE@33154,3BEH2@33208,3CUXV@33213,481Q0@7711,KOG3656@1,KOG3656@2759",7tm_1,0.0,0.0,2_G_Protein,G-Protein Heterotrimer (Gq/11),Transduction of Activated Opsin Signal,No
,GFT53466.1,LOC408361,,,,,,7460.GB45023-PA,32.8,2.23e-25,106.0,0.0,0.0,0.0,0.0,"alpha-tocopherol transfer protein-like, partial [Nephila pilipes]",,"39XH9@33154,3BN6C@33208,3D54M@33213,3SGNR@50557,41UCX@6656,46F4D@7399,KOG1471@1,KOG1471@2759",CRAL_TRIO,0.0,0.0,7_Chromophore_Cycle,Retinal Binding & Isomerase,Chromophore 11-cis Regeneration,No
,GFT53471.1,,ko:K04962,"map04371,ko05412,map04921,ko05414,ko04024,ko05410,ko04020,ko04261,ko04260,ko04713,ko04911,ko04972,map04260,map04261,map04024,map04020,map05414,map05412,map05410,map04972,map04713,ko04921,ko04371,map04911",,,"ko00001,ko04040,ko00000",7070.TC002610-PA,61.3,2.15e-170,538.0,0.0,0.0,0.0,0.0,"ryanodine receptor, partial [Nephila pilipes]",,"38BST@33154,3BC6F@33208,3CVQC@33213,3SIT8@50557,41UAK@6656,KOG2243@1,KOG2243@2759","Ins145_P3_rec,Ion_trans,MIR,RIH_assoc,RR_TM4-6,RYDR_ITPR,RyR,SPRY",0.0,0.0,5_Channels,TRP / TRPL Cation Channels,Ca2+ / Na+ Influx & Depolarization,No
,GFT54654.1,,ko:K21862,,,,"ko02000,ko00000",6669.EFX89321,60.2,2.3e-34,140.0,0.0,0.0,0.0,0.0,"sodium channel protein 60E, partial [Nephila pilipes]",,"38BYK@33154,3B9I5@33208,3CRAE@33213,41UZ1@6656,KOG2301@1,KOG2301@2759","GPHH,Ion_trans",0.0,0.0,5_Channels,TRP / TRPL Cation Channels,Ca2+ / Na+ Influx & Depolarization,No
,GFT54836.1,,,,,,,10224.XP_002735756.1,34.9,4.28e-48,170.0,0.0,0.0,0.0,0.0,alpha-tocopherol transfer protein-like [Nephila pilipes],,"39K53@33154,3BBSK@33208,3CU7Z@33213,KOG1471@1,KOG1471@2759",CRAL_TRIO,0.0,0.0,7_Chromophore_Cycle,Retinal Binding & Isomerase,Chromophore 11-cis Regeneration,No
,GFT54839.1,,,,,,,10224.XP_002735756.1,34.8,2.82e-45,163.0,0.0,0.0,0.0,0.0,clavesin-2 [Nephila pilipes],,"39K53@33154,3BBSK@33208,3CU7Z@33213,KOG1471@1,KOG1471@2759",CRAL_TRIO,0.0,0.0,7_Chromophore_Cycle,Retinal Binding & Isomerase,Chromophore 11-cis Regeneration,No
,GFT54841.1,LOC575290,,,,,,7668.SPU_000594-tr,32.5,8.3e-25,106.0,0.0,0.0,0.0,0.0,alpha-tocopherol transfer protein-like [Nephila pilipes],,"39K53@33154,3BBSK@33208,3CU7Z@33213,KOG1471@1,KOG1471@2759","CRAL_TRIO,CRAL_TRIO_N",0.0,0.0,7_Chromophore_Cycle,Retinal Binding & Isomerase,Chromophore 11-cis Regeneration,No
,GFT54843.1,,,,,,,10224.XP_002734110.1,36.9,3.82e-19,89.4,0.0,0.0,0.0,0.0,alpha-tocopherol transfer protein-like [Nephila pilipes],,"39XD4@33154,3BJZB@33208,3D6ER@33213,KOG1471@1,KOG1471@2759","CRAL_TRIO,CRAL_TRIO_N",0.0,0.0,7_Chromophore_Cycle,Retinal Binding & Isomerase,Chromophore 11-cis Regeneration,No
,GFT55215.1,,,,,,,6669.EFX85358,32.2,3.11e-63,215.0,0.0,0.0,0.0,0.0,SEC14-like protein 4 [Nephila pilipes],,"38H26@33154,3BB1Q@33208,3CUPE@33213,41XNK@6656,KOG1471@1,KOG1471@2759",CRAL_TRIO,0.0,0.0,7_Chromophore_Cycle,Retinal Binding & Isomerase,Chromophore 11-cis Regeneration,No
,GFT55712.1,,,,,,,126957.SMAR001204-PA,44.9,1.4599999999999999e-55,212.0,0.0,0.0,0.0,0.0,PDZ domain-containing protein 2 [Nephila pilipes],,"39W4Y@33154,3BAV0@33208,3CUA5@33213,4206A@6656,KOG3528@1,KOG3528@2759",PDZ,0.0,0.0,4_Scaffold,INAD Signalplex Scaffold,Multi-PDZ Macromolecular Assembly,No
,GFT55858.1,1276370,,,,,,7165.AGAP005701-PA,32.5,2.8300000000000003e-47,171.0,0.0,0.0,0.0,0.0,"retinal-binding protein, partial [Nephila pilipes]",,"38H26@33154,3BB1Q@33208,3CUPE@33213,3SFPE@50557,41XNK@6656,45109@7147,45GUU@7148,KOG1471@1,KOG1471@2759","CRAL_TRIO,CRAL_TRIO_N",0.0,0.0,7_Chromophore_Cycle,Retinal Binding & Isomerase,Chromophore 11-cis Regeneration,No
,GFT56391.1,8230023,ko:K16449,,,,ko00000,121225.PHUM450130-PA,51.1,2.39e-38,149.0,0.0,0.0,0.0,0.0,regulator of G-protein signaling loco [Nephila pilipes],,"38BHQ@33154,3BFQI@33208,3D2D2@33213,3E7DR@33342,3SJMZ@50557,41YDS@6656,KOG3589@1,KOG3589@2759","RBD,RGS",0.0,0.0,2_G_Protein,G-Protein Heterotrimer (Gq/11),Transduction of Activated Opsin Signal,No
,GFT56720.1,,ko:K04255,,,,"ko04030,ko00000",7029.ACYPI32968-PA,43.2,2.49e-70,244.0,0.0,0.0,0.0,0.0,"rhodopsin, GQ-coupled [Nephila pilipes]",,"38GKH@33154,3BKH3@33208,3CZMH@33213,3EDCH@33342,3SKMD@50557,41TUA@6656,KOG3656@1,KOG3656@2759",7tm_1,0.0,0.0,1_Photopigment,Rhabdomeric Opsins (Rh1/Rh2/UV/LWS),Light Absorption & Photoisomerization,No
,GFT56786.1,,,,,,,13249.RPRC007108-PA,27.5,2.5e-12,78.6,0.0,0.0,0.0,0.0,"transient receptor potential cation channel trpm, partial [Nephila pilipes]",,"38D2H@33154,3BASE@33208,3CSW8@33213,3E96G@33342,3SHHK@50557,41UGV@6656,KOG3614@1,KOG3614@2759","Ion_trans,TRPM_tetra",0.0,0.0,5_Channels,TRP / TRPL Cation Channels,Ca2+ / Na+ Influx & Depolarization,No
,GFT56988.1,SEC14L2,,,,,,72004.XP_005887579.1,35.6,1.46e-75,249.0,0.0,0.0,0.0,0.0,SEC14-like protein 2 [Nephila pilipes],,"38H26@33154,3BB1Q@33208,3CUPE@33213,3JCSG@40674,480KB@7711,495UQ@7742,4J8J9@91561,KOG1471@1,KOG1471@2759",CRAL_TRIO,0.0,0.0,7_Chromophore_Cycle,Retinal Binding & Isomerase,Chromophore 11-cis Regeneration,No
,GFT58284.1,,,,,,,215358.XP_010753324.1,41.7,1.96e-104,321.0,0.0,0.0,0.0,0.0,SEC14-like protein 2 [Nephila pilipes],,"38H26@33154,3BB1Q@33208,3CUPE@33213,480KB@7711,49E8Z@7742,4A59N@7898,KOG1471@1,KOG1471@2759",CRAL_TRIO,0.0,0.0,7_Chromophore_Cycle,Retinal Binding & Isomerase,Chromophore 11-cis Regeneration,No
,GFT58985.1,,,,,,,126957.SMAR009953-PA,56.9,6.82e-269,769.0,0.0,0.0,0.0,0.0,probable G-protein coupled receptor CG31760 [Nephila pilipes],,"38DVM@33154,3BMD7@33208,3CZS3@33213,41XZB@6656,KOG4418@1,KOG4418@2759",7tm_3,0.0,0.0,2_G_Protein,G-Protein Heterotrimer (Gq/11),Transduction of Activated Opsin Signal,No
,GFT59620.1,CIRH1A,ko:K14548,"ko03008,map03008",,,"ko03009,ko00001,ko00000",176946.XP_007444808.1,29.3,4.55e-15,80.5,0.0,0.0,0.0,0.0,u3 small nucleolar RNA-associated protein 4 [Nephila pilipes],,"38EUF@33154,3BF9Z@33208,3CVSS@33213,485UZ@7711,4979R@7742,KOG2048@1,KOG2048@2759",WD40,0.0,0.0,1_Photopigment,Rhabdomeric Opsins (Rh1/Rh2/UV/LWS),Light Absorption & Photoisomerization,No
,GFT59996.1,,,,,,,48698.ENSPFOP00000018995,36.4,1.31e-25,109.0,0.0,0.0,0.0,0.0,"SEC14-like protein 2, partial [Nephila pilipes]",,"38H26@33154,3BB1Q@33208,3CUPE@33213,480KB@7711,49E8Z@7742,4A59N@7898,KOG1471@1,KOG1471@2759",CRAL_TRIO,0.0,0.0,7_Chromophore_Cycle,Retinal Binding & Isomerase,Chromophore 11-cis Regeneration,No
,GFT60212.1,,,,,,,6500.XP_005091870.1,73.9,5.25e-17,79.3,0.0,0.0,0.0,0.0,"PDZ domain-containing protein GIPC1, partial [Nephila pilipes]",,"38M7W@33154,3BG5S@33208,3CY72@33213,KOG3938@1,KOG3938@2759",PDZ,0.0,0.0,4_Scaffold,INAD Signalplex Scaffold,Multi-PDZ Macromolecular Assembly,No
,GFT60645.1,,,,,,,126957.SMAR009052-PA,66.2,2.79e-236,691.0,0.0,0.0,0.0,0.0,"1-phosphatidylinositol 4,5-bisphosphate phosphodiesterase classes I and II, partial [Nephila pilipes]",,"3ASPT@33154,3BB4P@33208,3CUHB@33213,41UZY@6656,KOG0169@1,KOG1265@2759","EF-hand_like,PI-PLC-X,PI-PLC-Y,PLC-beta_C",0.0,0.0,3_Effector,Phospholipase C-beta (PLCβ / NorpA),Hydrolysis of PIP2 -> DAG + IP3,No
,GFT60646.1,,,,,,,126957.SMAR009052-PA,66.2,3.16e-236,690.0,0.0,0.0,0.0,0.0,"1-phosphatidylinositol 4,5-bisphosphate phosphodiesterase classes I and II, partial [Nephila pilipes]",,"3ASPT@33154,3BB4P@33208,3CUHB@33213,41UZY@6656,KOG0169@1,KOG1265@2759","EF-hand_like,PI-PLC-X,PI-PLC-Y,PLC-beta_C",0.0,0.0,3_Effector,Phospholipase C-beta (PLCβ / NorpA),Hydrolysis of PIP2 -> DAG + IP3,No
,GFT61570.1,LOC552447,,,,,,7460.GB45147-PA,40.0,6.92e-11,64.3,0.0,0.0,0.0,0.0,alpha-tocopherol transfer protein-like [Nephila pilipes],,"39Y0Z@33154,3BG5Z@33208,3CW94@33213,3SHC7@50557,41YF4@6656,46HHM@7399,KOG1471@1,KOG1471@2759",CRAL_TRIO,0.0,0.0,7_Chromophore_Cycle,Retinal Binding & Isomerase,Chromophore 11-cis Regeneration,No
,GFT61698.1,1276370,,,,,,7165.AGAP005701-PA,32.5,2.8300000000000003e-47,171.0,0.0,0.0,0.0,0.0,"retinal-binding protein, partial [Nephila pilipes]",,"38H26@33154,3BB1Q@33208,3CUPE@33213,3SFPE@50557,41XNK@6656,45109@7147,45GUU@7148,KOG1471@1,KOG1471@2759","CRAL_TRIO,CRAL_TRIO_N",0.0,0.0,7_Chromophore_Cycle,Retinal Binding & Isomerase,Chromophore 11-cis Regeneration,No
,GFT61927.1,,ko:K04946,,,,"ko04040,ko00000",32264.tetur18g00390.1,82.6,6.8e-116,369.0,0.0,0.0,0.0,0.0,potassium channel subfamily T member 1 [Nephila pilipes],,"38E39@33154,3B9HM@33208,3CSWY@33213,41YGT@6656,KOG3193@1,KOG3193@2759","BK_channel_a,Ion_trans_2",0.0,0.0,5_Channels,TRP / TRPL Cation Channels,Ca2+ / Na+ Influx & Depolarization,No
,GFT61989.1,,,,,,,32264.tetur02g12280.1,59.2,3.58e-307,940.0,0.0,0.0,0.0,0.0,short transient receptor potential channel 2 [Nephila pilipes],,"38GCA@33154,3B9FZ@33208,3CWTC@33213,41U79@6656,COG0666@1,KOG3609@1,KOG3609@2759,KOG4177@2759","Ank_2,Ank_4,Ion_trans",0.0,0.0,5_Channels,TRP / TRPL Cation Channels,Ca2+ / Na+ Influx & Depolarization,No
,GFT62289.1,,,,,,,126957.SMAR009001-PA,71.2,1.51e-50,179.0,0.0,0.0,0.0,0.0,"ryanodine receptor, partial [Nephila pilipes]",,"38BST@33154,3BC6F@33208,3CVQC@33213,41UAK@6656,KOG2243@1,KOG2243@2759","Ion_trans,RIH_assoc,RR_TM4-6,RYDR_ITPR,RyR,SPRY",0.0,0.0,5_Channels,TRP / TRPL Cation Channels,Ca2+ / Na+ Influx & Depolarization,No
,GFT62644.1,,,,,,,36080.S2KEL6,29.9,4.93e-11,68.2,0.0,0.0,0.0,0.0,ras-specific guanine nucleotide-releasing factor RalGPS2 [Nephila pilipes],,"1GWIV@112252,38GRG@33154,3NUVS@4751,KOG2199@1,KOG2199@2759,KOG3417@1,KOG3417@2759","RasGEF,RasGEF_N,SH3_1,WW",0.0,0.0,2_G_Protein,G-Protein Heterotrimer (Gq/11),Transduction of Activated Opsin Signal,No
,GFT63773.1,,,,,,,6669.EFX85554,38.2,3.34e-24,103.0,0.0,0.0,0.0,0.0,SEC14-like protein 2 [Nephila pilipes],,"38H26@33154,3BB1Q@33208,3CUPE@33213,41XNK@6656,KOG1471@1,KOG1471@2759",CRAL_TRIO,0.0,0.0,7_Chromophore_Cycle,Retinal Binding & Isomerase,Chromophore 11-cis Regeneration,No
,GFT64047.1,,,,,,,126957.SMAR007769-PA,33.8,1.05e-23,105.0,0.0,0.0,0.0,0.0,SEC14-like protein 2 [Nephila pilipes],,"38H26@33154,3BB1Q@33208,3CUPE@33213,41XNK@6656,KOG1471@1,KOG1471@2759,KOG3097@1,KOG3097@2759",CRAL_TRIO,0.0,0.0,7_Chromophore_Cycle,Retinal Binding & Isomerase,Chromophore 11-cis Regeneration,No
,GFT64455.1,,,,,,,6500.XP_005106838.1,52.4,1.6299999999999998e-240,697.0,0.0,0.0,0.0,0.0,two pore calcium channel protein 1 [Nephila pilipes],,"38FH0@33154,3BDW6@33208,3CZBA@33213,KOG2301@1,KOG2301@2759",Ion_trans,0.0,0.0,5_Channels,TRP / TRPL Cation Channels,Ca2+ / Na+ Influx & Depolarization,No
,GFT64498.1,,,,,,,13249.RPRC002723-PA,76.8,1.65e-196,557.0,0.0,0.0,0.0,0.0,potassium voltage-gated channel protein Shaker [Nephila pilipes],,"38E1X@33154,3BA48@33208,3CVGR@33213,3E987@33342,3SJHQ@50557,41UZF@6656,COG2126@1,KOG1545@2759","BTB_2,Ion_trans",0.0,0.0,5_Channels,TRP / TRPL Cation Channels,Ca2+ / Na+ Influx & Depolarization,No
,GFT65535.1,,,,,,,132113.XP_003484745.1,29.4,3.57e-18,89.4,0.0,0.0,0.0,0.0,"retinaldehyde-binding protein 1, partial [Nephila pilipes]",,"38B9B@33154,3BHDG@33208,3D5IY@33213,3SKJM@50557,41XJT@6656,46I4D@7399,KOG1471@1,KOG1471@2759","CRAL_TRIO,CRAL_TRIO_N",0.0,0.0,7_Chromophore_Cycle,Retinal Binding & Isomerase,Chromophore 11-cis Regeneration,No
,GFT65709.1,L798_06829,,,,,,136037.KDR19461,35.0,3.67e-39,158.0,0.0,0.0,0.0,0.0,g-protein coupled receptor Mth2 [Nephila pilipes],,"28Z7Y@1,2R627@2759,39MTC@33154,3CPD4@33208,3D007@33213,3T039@50557,42AIY@6656",7tm_2,0.0,0.0,2_G_Protein,G-Protein Heterotrimer (Gq/11),Transduction of Activated Opsin Signal,No
,GFT65844.1,,,,,,,7213.XP_004521977.1,85.7,6.200000000000001e-38,140.0,0.0,0.0,0.0,0.0,"leucine-rich repeat-containing G-protein coupled receptor 5, partial [Nephila pilipes]",,"38DRQ@33154,3B9GE@33208,3CSEC@33213,3SK59@50557,41VPE@6656,451C3@7147,COG4886@1,KOG0619@2759,KOG2087@1,KOG2087@2759","7tm_1,LRR_8",0.0,0.0,2_G_Protein,G-Protein Heterotrimer (Gq/11),Transduction of Activated Opsin Signal,No
,GFT66964.1,,,,,,,126957.SMAR000584-PA,72.9,6.579999999999999e-278,771.0,0.0,0.0,0.0,0.0,sorting nexin-27 [Nephila pilipes],,"38BV6@33154,3BDM5@33208,3CYSQ@33213,41TTI@6656,KOG3784@1,KOG3784@2759","PDZ,PX,RA",0.0,0.0,4_Scaffold,INAD Signalplex Scaffold,Multi-PDZ Macromolecular Assembly,No
,GFT67035.1,,ko:K19867,,,,ko00000,7029.ACYPI003687-PA,32.1,1.44e-14,85.9,0.0,0.0,0.0,0.0,PDZ domain-containing protein [Nephila pilipes],,"38G94@33154,3BA45@33208,3CSB0@33213,3ECGG@33342,3SJA1@50557,41WEG@6656,KOG1703@1,KOG1703@2759","DUF4749,LIM,PDZ",0.0,0.0,4_Scaffold,INAD Signalplex Scaffold,Multi-PDZ Macromolecular Assembly,No
,GFT67044.1,,,,,,,126957.SMAR015494-PA,36.3,1.42e-130,411.0,0.0,0.0,0.0,0.0,PDZ and LIM domain protein Zasp [Nephila pilipes],,"38G94@33154,3BA45@33208,3CSB0@33213,41WEG@6656,KOG1703@1,KOG1703@2759","DUF4749,LIM,PDZ",0.0,0.0,4_Scaffold,INAD Signalplex Scaffold,Multi-PDZ Macromolecular Assembly,No
,GFT68437.1,Gnas,ko:K04632,"map04921,map04923,map04922,map04925,map04924,map04927,map04926,ko04540,ko04713,ko04714,map05110,ko04971,ko04970,ko04972,ko05110,ko04976,ko05146,ko04072,map04730,ko04270,map05142,map05146,map04015,map04540,ko04962,ko04961,ko05034,map04728,map05034,map04726,map04724,map05030,map05031,map05032,ko04918,ko05032,ko05031,ko05030,ko04913,ko04912,ko04911,map04261,ko04916,ko04915,map05414,map04972,map04970,map04971,map04976,map04713,map04714,ko05200,map05165,ko05142,map04270,map04072,ko04020,ko04261,ko04024,map04961,ko04750,map04962,ko04611,map04918,map01522,map04911,map04912,map04913,map04915,map04916,map04750,ko05165,ko05414,ko01522,ko04934,ko04728,ko04730,map05200,map04024,ko04015,map04020,ko04726,ko04922,ko04923,ko04921,ko04926,ko04927,ko04924,ko04925,ko04724,map04934,map04611",M00695,,"ko00000,ko04147,ko00001,ko04031,ko00002",6669.EFX88427,88.4,1.6599999999999994e-250,690.0,0.0,0.0,0.0,0.0,guanine nucleotide-binding protein G(s) subunit alpha [Nephila pilipes],,"38C3N@33154,3B9MU@33208,3CWC5@33213,41VXW@6656,KOG0082@1,KOG0099@2759",G-alpha,0.0,0.0,2_G_Protein,G-Protein Heterotrimer (Gq/11),Transduction of Activated Opsin Signal,No
,GFT69476.1,G5I_13442,ko:K13758,"map00230,ko00230",,,"ko04131,ko00001,ko00000",103372.F4X519,87.1,2.26e-94,276.0,0.0,0.0,0.0,0.0,"retinal rod rhodopsin-sensitive cGMP 3',5'-cyclic phosphodiesterase subunit delta [Nephila pilipes]",,"39UQD@33154,3BF72@33208,3D6NI@33213,3SM92@50557,41Z02@6656,46KR3@7399,KOG4038@1,KOG4038@2759",GMP_PDE_delta,0.0,0.0,1_Photopigment,Rhabdomeric Opsins (Rh1/Rh2/UV/LWS),Light Absorption & Photoisomerization,No
,GFT70672.1,,ko:K05860,"map01100,ko04070,ko04919,ko04024,ko00562,map00562,map04015,map04014,ko01100,map05205,ko04020,map04024,map04919,ko04014,ko04015,map04020,ko04933,ko05205,map04070,map04933",M00130,3.1.4.11,"ko04131,ko01000,ko00001,ko00000,ko00002",32264.tetur05g03430.1,55.4,3.55e-180,550.0,0.0,0.0,0.0,0.0,"1-phosphatidylinositol 4,5-bisphosphate phosphodiesterase epsilon-1 [Nephila pilipes]",,"38BAR@33154,3BDE8@33208,3CSQY@33213,41UEG@6656,KOG0169@1,KOG0169@2759","C2,EF-hand_like,PI-PLC-X,PI-PLC-Y,RA",0.0,0.0,3_Effector,Phospholipase C-beta (PLCβ / NorpA),Hydrolysis of PIP2 -> DAG + IP3,No
,GFT70673.1,,,,,,,126957.SMAR003391-PA,47.8,5.77e-301,907.0,0.0,0.0,0.0,0.0,"1-phosphatidylinositol 4,5-bisphosphate phosphodiesterase epsilon-1 [Nephila pilipes]",,"38BAR@33154,3BDE8@33208,3CSQY@33213,41UEG@6656,KOG0169@1,KOG0169@2759","C2,EF-hand_like,PI-PLC-X,PI-PLC-Y,RA,RasGEF",0.0,0.0,3_Effector,Phospholipase C-beta (PLCβ / NorpA),Hydrolysis of PIP2 -> DAG + IP3,No
,GFT70742.1,LOC578898,,,,,,7668.SPU_005894-tr,27.4,6.68e-05,55.5,0.0,0.0,0.0,0.0,putative G-protein coupled receptor 112 [Nephila pilipes],,"39CAN@33154,3BZ2H@33208,3DEEW@33213,KOG1217@1,KOG1217@2759","EGF_CA,Laminin_G_3",0.0,0.0,2_G_Protein,G-Protein Heterotrimer (Gq/11),Transduction of Activated Opsin Signal,No
,GFT70977.1,,,,,,,126957.SMAR011964-PA,49.1,3.26e-44,183.0,0.0,0.0,0.0,0.0,PDZ domain-containing protein [Nephila pilipes],,"39MJ1@33154,3CP5S@33208,3D7RU@33213,41ZJS@6656,KOG3528@1,KOG3528@2759",PDZ,0.0,0.0,4_Scaffold,INAD Signalplex Scaffold,Multi-PDZ Macromolecular Assembly,No
,GFT71067.1,,,,,,,126957.SMAR009052-PA,45.7,1.69e-26,113.0,0.0,0.0,0.0,0.0,"phosphoinositide phospholipase C, partial [Nephila pilipes]",,"3ASPT@33154,3BB4P@33208,3CUHB@33213,41UZY@6656,KOG0169@1,KOG1265@2759","EF-hand_like,PI-PLC-X,PI-PLC-Y,PLC-beta_C",0.0,0.0,3_Effector,Phospholipase C-beta (PLCβ / NorpA),Hydrolysis of PIP2 -> DAG + IP3,No
,GFT71638.1,107364443,ko:K04255,,,,"ko04030,ko00000",32264.tetur12g04340.1,60.2,1.15e-107,327.0,0.0,0.0,0.0,0.0,ocellar opsin [Nephila pilipes],,"395S3@33154,3BCHK@33208,3CVQF@33213,41US7@6656,KOG3656@1,KOG3656@2759",7tm_1,0.0,0.0,1_Photopigment,Rhabdomeric Opsins (Rh1/Rh2/UV/LWS),Light Absorption & Photoisomerization,No
,GFT72053.1,,,,,,,13735.ENSPSIP00000013069,69.0,9.8e-66,211.0,0.0,0.0,0.0,0.0,"potassium voltage-gated channel subfamily KQT member 1, partial [Nephila pilipes]",,"38BBJ@33154,3BA2P@33208,3CR7B@33213,488CB@7711,4914F@7742,4CIK1@8459,COG2126@1,KOG1419@2759",Ion_trans,0.0,0.0,5_Channels,TRP / TRPL Cation Channels,Ca2+ / Na+ Influx & Depolarization,No
,GFT72846.1,L798_08586,,,,,,136037.KDR16497,69.4,1.04e-99,323.0,0.0,0.0,0.0,0.0,"FERM and PDZ domain-containing protein 4, partial [Nephila pilipes]",,"38I54@33154,3B9FK@33208,3CSID@33213,3SFY8@50557,41UGF@6656,KOG3552@1,KOG3552@2759","FERM_M,PDZ,WW",0.0,0.0,4_Scaffold,INAD Signalplex Scaffold,Multi-PDZ Macromolecular Assembly,No
,GFT73452.1,,,,,,,126957.SMAR013138-PA,60.5,5.92e-242,684.0,0.0,0.0,0.0,0.0,MAGUK p55 subfamily member 7 [Nephila pilipes],,"38CU2@33154,3BA43@33208,3CXF3@33213,41XW0@6656,COG0194@1,KOG0609@2759","Guanylate_kin,L27,PDZ,SH3_2",0.0,0.0,4_Scaffold,INAD Signalplex Scaffold,Multi-PDZ Macromolecular Assembly,No
,GFT74264.1,,,,,,,7425.NV16527-PA,26.6,1.4599999999999998e-23,106.0,0.0,0.0,0.0,0.0,alpha-tocopherol transfer protein-like [Nephila pilipes],,"3A12U@33154,3BQ0D@33208,3D6HD@33213,3SM9N@50557,429YC@6656,46EVM@7399,KOG1471@1,KOG1471@2759",CRAL_TRIO,0.0,0.0,7_Chromophore_Cycle,Retinal Binding & Isomerase,Chromophore 11-cis Regeneration,No
,GFT74266.1,LOC727007,,,,,,7460.GB45148-PA,32.8,4.44e-14,78.2,0.0,0.0,0.0,0.0,alpha-tocopherol transfer protein-like [Nephila pilipes],,"3A12U@33154,3BQ0D@33208,3D6HD@33213,3SM9N@50557,429YC@6656,46EVM@7399,KOG1471@1,KOG1471@2759",CRAL_TRIO,0.0,0.0,7_Chromophore_Cycle,Retinal Binding & Isomerase,Chromophore 11-cis Regeneration,No
,GFT75245.1,,,,,,,126957.SMAR001367-PA,63.1,0.0,2109.0,0.0,0.0,0.0,0.0,brefeldin A-inhibited guanine nucleotide-exchange protein 1 [Nephila pilipes],,"38B79@33154,3BEJ9@33208,3CW6V@33213,41TEB@6656,COG5307@1,KOG0929@2759","DCB,DUF1981,Sec7,Sec7_N",0.0,0.0,2_G_Protein,G-Protein Heterotrimer (Gq/11),Transduction of Activated Opsin Signal,No
,GFT75404.1,L798_09163,,,,,,136037.KDR15458,35.1,5.5e-108,338.0,0.0,0.0,0.0,0.0,SEC14-like protein 1 [Nephila pilipes],,"38H26@33154,3BFRV@33208,3CR81@33213,3SIRT@50557,41TU3@6656,KOG1471@1,KOG1471@2759","CRAL_TRIO,CRAL_TRIO_N,PRELI",0.0,0.0,7_Chromophore_Cycle,Retinal Binding & Isomerase,Chromophore 11-cis Regeneration,No
,GFT75431.1,L798_04208,ko:K15370,,,,ko00000,136037.KDR21266,48.2,4.51e-302,877.0,0.0,0.0,0.0,0.0,inactive phospholipase C-like protein 2 [Nephila pilipes],,"38BAR@33154,3CPXX@33208,3E635@33213,3T0JQ@50557,42B5M@6656,KOG0169@1,KOG0169@2759","C2,EF-hand_like,PH_12,PI-PLC-X,PI-PLC-Y",0.0,0.0,3_Effector,Phospholipase C-beta (PLCβ / NorpA),Hydrolysis of PIP2 -> DAG + IP3,No
,GFT75434.1,L798_04208,ko:K15370,,,,ko00000,136037.KDR21266,48.2,2.11e-300,873.0,0.0,0.0,0.0,0.0,inactive phospholipase C-like protein 2 [Nephila pilipes],,"38BAR@33154,3CPXX@33208,3E635@33213,3T0JQ@50557,42B5M@6656,KOG0169@1,KOG0169@2759","C2,EF-hand_like,PH_12,PI-PLC-X,PI-PLC-Y",0.0,0.0,3_Effector,Phospholipase C-beta (PLCβ / NorpA),Hydrolysis of PIP2 -> DAG + IP3,No
,GFT76109.1,,,,,,,8081.XP_008421484.1,34.3,5.74e-24,105.0,0.0,0.0,0.0,0.0,"SEC14-like protein 2, partial [Nephila pilipes]",,"38H26@33154,3BB1Q@33208,3CUPE@33213,480KB@7711,49E8Z@7742,4A59N@7898,KOG1471@1,KOG1471@2759",CRAL_TRIO,0.0,0.0,7_Chromophore_Cycle,Retinal Binding & Isomerase,Chromophore 11-cis Regeneration,No
,GFT76265.1,Grip1,ko:K20251,,,,"ko04131,ko00000",1026970.XP_008845181.1,32.0,3.2200000000000003e-31,133.0,0.0,0.0,0.0,0.0,glutamate receptor-interacting protein 1 [Nephila pilipes],,"35ANI@314146,38EC1@33154,3BGHJ@33208,3CWPV@33213,3J2NV@40674,480JC@7711,48W17@7742,4PZGJ@9989,KOG3528@1,KOG3528@2759",PDZ,0.0,0.0,4_Scaffold,INAD Signalplex Scaffold,Multi-PDZ Macromolecular Assembly,No
,GFT76391.1,G5I_00705,,,,,,103372.F4W5K8,43.1,3.92e-09,57.4,0.0,0.0,0.0,0.0,stardust1 protein [Nephila pilipes],,"2CYM5@1,2S542@2759,3A6U2@33154,3BUDQ@33208,3DB5W@33213,3SPDV@50557,421G8@6656",PDZ,0.0,0.0,4_Scaffold,INAD Signalplex Scaffold,Multi-PDZ Macromolecular Assembly,No
,GFT76396.1,,,,,,,126957.SMAR003371-PA,49.3,5.68e-250,733.0,0.0,0.0,0.0,0.0,MAGUK p55 subfamily member 5 [Nephila pilipes],,"38CU2@33154,3BA43@33208,3CWSF@33213,41TBQ@6656,COG0194@1,KOG0609@2759","Guanylate_kin,PDZ,SH3_2",0.0,0.0,4_Scaffold,INAD Signalplex Scaffold,Multi-PDZ Macromolecular Assembly,No
,GFT76402.1,EH28_03736,ko:K04255,,,,"ko04030,ko00000",215358.XP_010748362.1,30.0,2.48e-12,74.7,0.0,0.0,0.0,0.0,opsin-5 [Nephila pilipes],,"395S3@33154,3BCHK@33208,3CVQF@33213,483J6@7711,492GP@7742,4A6WB@7898,KOG3656@1,KOG3656@2759",7tm_1,0.0,0.0,1_Photopigment,Rhabdomeric Opsins (Rh1/Rh2/UV/LWS),Light Absorption & Photoisomerization,No
,GFT76622.1,,,,,,,126957.SMAR009557-PA,46.8,6.08e-87,275.0,0.0,0.0,0.0,0.0,probable G-protein coupled receptor AH9.1 [Nephila pilipes],,"39ZIF@33154,3BKI0@33208,3D48Y@33213,41W44@6656,KOG3656@1,KOG3656@2759",7tm_1,0.0,0.0,2_G_Protein,G-Protein Heterotrimer (Gq/11),Transduction of Activated Opsin Signal,No
,GFT76770.1,,ko:K04946,,,,"ko04040,ko00000",32264.tetur18g00390.1,61.7,0.0,1404.0,0.0,0.0,0.0,0.0,potassium channel subfamily T member 1 [Nephila pilipes],,"38E39@33154,3B9HM@33208,3CSWY@33213,41YGT@6656,KOG3193@1,KOG3193@2759","BK_channel_a,Ion_trans_2",0.0,0.0,5_Channels,TRP / TRPL Cation Channels,Ca2+ / Na+ Influx & Depolarization,No
,GFT77653.1,,,,,,,7213.XP_004525238.1,56.3,7.03e-18,82.8,0.0,0.0,0.0,0.0,"arrestin, lateral eye, partial [Nephila pilipes]",,"39VIF@33154,3BJMQ@33208,3D33G@33213,3SIVK@50557,41TYM@6656,4529V@7147,KOG3865@1,KOG3865@2759","Arrestin_C,Arrestin_N",0.0,0.0,6_Deactivation,Visual Arrestins (Arr1/Arr2),Opsin Quenching & Inactivation,No
,GFT78173.1,1271289,,,,,,7165.AGAP009380-PA,35.3,2.8e-19,91.3,0.0,0.0,0.0,0.0,alpha-tocopherol transfer protein-like [Nephila pilipes],,"39Y0Z@33154,3BG5Z@33208,3CW94@33213,3SHC7@50557,41YF4@6656,456BV@7147,45HFQ@7148,KOG1471@1,KOG1471@2759",CRAL_TRIO,0.0,0.0,7_Chromophore_Cycle,Retinal Binding & Isomerase,Chromophore 11-cis Regeneration,No
,GFT78175.1,LOC552408,,,,,,7460.GB45149-PA,33.6,5.45e-15,78.6,0.0,0.0,0.0,0.0,"alpha-tocopherol transfer protein-like, partial [Nephila pilipes]",,"39K53@33154,3BBSK@33208,3CU7Z@33213,3SFNU@50557,41WS6@6656,46DST@7399,KOG1471@1,KOG1471@2759",CRAL_TRIO,0.0,0.0,7_Chromophore_Cycle,Retinal Binding & Isomerase,Chromophore 11-cis Regeneration,No
,GFT78837.1,L798_09248,ko:K19952,,,,"ko04131,ko00000",136037.KDR16959,52.3,6.62e-32,117.0,0.0,0.0,0.0,0.0,guanine nucleotide exchange factor MSS4 [Nephila pilipes],,"3A69F@33154,3BSM3@33208,3D6PT@33213,3SNK0@50557,420WC@6656,KOG4113@1,KOG4113@2759",Mss4,0.0,0.0,2_G_Protein,G-Protein Heterotrimer (Gq/11),Transduction of Activated Opsin Signal,No
,GFT79062.1,GF11409,,,,,,7217.FBpp0114601,42.0,9.32e-32,130.0,0.0,0.0,0.0,0.0,ras guanine nucleotide exchange factor C [Nephila pilipes],,"38HVP@33154,3BB33@33208,3CT9B@33213,3SJ7X@50557,41VYS@6656,44XVM@7147,45RKJ@7214,KOG3417@1,KOG3417@2759","PH,RasGEF",0.0,0.0,2_G_Protein,G-Protein Heterotrimer (Gq/11),Transduction of Activated Opsin Signal,No
,GFT79660.1,,,,,,,126957.SMAR015494-PA,46.7,1.12e-208,611.0,0.0,0.0,0.0,0.0,PDZ and LIM domain protein Zasp [Nephila pilipes],,"38G94@33154,3BA45@33208,3CSB0@33213,41WEG@6656,KOG1703@1,KOG1703@2759","DUF4749,LIM,PDZ",0.0,0.0,4_Scaffold,INAD Signalplex Scaffold,Multi-PDZ Macromolecular Assembly,No
,GFT80215.1,,,,,,,126957.SMAR008690-PA,72.2,1.87e-135,393.0,0.0,0.0,0.0,0.0,partitioning defective 6 homolog beta [Nephila pilipes],,"38FAD@33154,3B9VV@33208,3CXWX@33213,41VN6@6656,KOG3606@1,KOG3606@2759","PB1,PDZ",0.0,0.0,4_Scaffold,INAD Signalplex Scaffold,Multi-PDZ Macromolecular Assembly,No
,GFT80797.1,107359800,ko:K04977,"ko04621,map04921,map04621,ko04921",,3.6.1.13,"ko01000,ko00001,ko04040,ko00000",32264.tetur04g05640.1,55.2,2.09e-09,59.3,0.0,0.0,0.0,0.0,"transient receptor potential cation channel subfamily M member 3, partial [Nephila pilipes]",,"38D2H@33154,3BASE@33208,3CSW8@33213,41UGV@6656,KOG3614@1,KOG3614@2759,KOG4195@1,KOG4195@2759",,0.0,0.0,5_Channels,TRP / TRPL Cation Channels,Ca2+ / Na+ Influx & Depolarization,No
,GFT81097.1,plcl2,ko:K15370,,,,ko00000,8364.ENSXETP00000019835,48.3,6.200000000000002e-66,227.0,0.0,0.0,0.0,0.0,"inactive phospholipase C-like protein 2, partial [Nephila pilipes]",,"38BAR@33154,3BDCE@33208,3CX90@33213,480R3@7711,49780@7742,KOG0169@1,KOG0169@2759","C2,EF-hand_like,PH_12,PI-PLC-X,PI-PLC-Y",0.0,0.0,3_Effector,Phospholipase C-beta (PLCβ / NorpA),Hydrolysis of PIP2 -> DAG + IP3,No
,GFT81173.1,,,,,,,126957.SMAR013384-PA,100.0,1.02e-24,100.0,0.0,0.0,0.0,0.0,guanine nucleotide-binding protein G(o) subunit alpha [Nephila pilipes],,"38C4P@33154,3BASG@33208,3CUQY@33213,41TVJ@6656,KOG0082@1,KOG0082@2759",G-alpha,0.0,0.0,2_G_Protein,G-Protein Heterotrimer (Gq/11),Transduction of Activated Opsin Signal,No
,GFT81175.1,107359521,ko:K04534,"map05142,map05145,map04015,ko05142,ko05145,ko04926,map04921,map04728,map04727,map04726,ko04713,map04724,map04723,map05032,ko04730,ko05034,ko05032,map04926,ko04916,ko04915,map05034,ko04015,map04725,map04713,ko04921,ko04728,ko04724,ko04725,ko04726,ko04727,map04730,map04915,map04916,ko04723",,,"ko04147,ko00001,ko04031,ko00000",32264.tetur04g03270.1,95.9,1.27e-168,476.0,0.0,0.0,0.0,0.0,guanine nucleotide-binding protein G(o) subunit alpha [Nephila pilipes],,"38C4P@33154,3BASG@33208,3CUQY@33213,41TVJ@6656,KOG0082@1,KOG0082@2759",G-alpha,0.0,0.0,2_G_Protein,G-Protein Heterotrimer (Gq/11),Transduction of Activated Opsin Signal,No
,GFT81300.1,T01_15166,,,,,,6334.EFV52349,39.3,0.000157,47.4,0.0,0.0,0.0,0.0,SEC14-like protein 2 [Nephila pilipes],,"38H26@33154,3BB1Q@33208,3CUPE@33213,40AJR@6231,KOG1471@1,KOG1471@2759",CRAL_TRIO,0.0,0.0,7_Chromophore_Cycle,Retinal Binding & Isomerase,Chromophore 11-cis Regeneration,No
,GFT81857.1,,,,,,,126957.SMAR005857-PA,73.8,9.27e-78,248.0,0.0,0.0,0.0,0.0,general receptor for phosphoinositides 1-associated scaffold protein [Nephila pilipes],,"38CM7@33154,3BKMJ@33208,3CVFZ@33213,41YJE@6656,KOG3528@1,KOG3528@2759",PDZ,0.0,0.0,4_Scaffold,INAD Signalplex Scaffold,Multi-PDZ Macromolecular Assembly,No
,GFT82402.1,,,,,,,6669.EFX85366,35.2,5.99e-42,155.0,0.0,0.0,0.0,0.0,retinal-binding protein [Nephila pilipes],,"38H26@33154,3BB1Q@33208,3CUPE@33213,41XNK@6656,KOG1471@1,KOG1471@2759",CRAL_TRIO,0.0,0.0,7_Chromophore_Cycle,Retinal Binding & Isomerase,Chromophore 11-cis Regeneration,No
,GFT82612.1,,,,,,,132113.XP_003484636.1,33.9,3.54e-30,125.0,0.0,0.0,0.0,0.0,probable G-protein coupled receptor Mth-like 1 [Nephila pilipes],,"2CR8W@1,2R7A7@2759,39MUF@33154,3CPDW@33208,3E5IN@33213,3T00G@50557,42AJX@6656,46H2K@7399",7tm_2,0.0,0.0,2_G_Protein,G-Protein Heterotrimer (Gq/11),Transduction of Activated Opsin Signal,No
,GFT82639.1,,,,,,,126957.SMAR004840-PA,37.6,2.31e-57,193.0,0.0,0.0,0.0,0.0,"alpha-tocopherol transfer protein, partial [Nephila pilipes]",,"39K53@33154,3BBSK@33208,3CU7Z@33213,41Y3U@6656,KOG1471@1,KOG1471@2759","CRAL_TRIO,CRAL_TRIO_N",0.0,0.0,7_Chromophore_Cycle,Retinal Binding & Isomerase,Chromophore 11-cis Regeneration,No
,GFT82698.1,,,,,,,126957.SMAR003458-PA,35.8,1.12e-125,402.0,0.0,0.0,0.0,0.0,g-protein coupled receptor Mth2 [Nephila pilipes],,"28Z7Y@1,2R627@2759,39MTC@33154,3CPD4@33208,3D007@33213,42AIY@6656",7tm_2,0.0,0.0,2_G_Protein,G-Protein Heterotrimer (Gq/11),Transduction of Activated Opsin Signal,No
,GFT82717.1,,,,,,,126957.SMAR003458-PA,33.9,1.55e-83,283.0,0.0,0.0,0.0,0.0,probable G-protein coupled receptor Mth-like 11 [Nephila pilipes],,"28Z7Y@1,2R627@2759,39MTC@33154,3CPD4@33208,3D007@33213,42AIY@6656",7tm_2,0.0,0.0,2_G_Protein,G-Protein Heterotrimer (Gq/11),Transduction of Activated Opsin Signal,No
,GFT82793.1,,,,,,,10224.XP_006824608.1,46.8,1.17e-155,486.0,0.0,0.0,0.0,0.0,cyclic nucleotide-gated cation channel alpha-3 [Nephila pilipes],,"38CC1@33154,3BGNQ@33208,3D5TH@33213,KOG0500@1,KOG0500@2759","Ion_trans,cNMP_binding",0.0,0.0,5_Channels,TRP / TRPL Cation Channels,Ca2+ / Na+ Influx & Depolarization,No
,GFT82795.1,,,,,,,10224.XP_006824608.1,47.2,2.2e-158,493.0,0.0,0.0,0.0,0.0,cyclic nucleotide-gated cation channel alpha-3 [Nephila pilipes],,"38CC1@33154,3BGNQ@33208,3D5TH@33213,KOG0500@1,KOG0500@2759","Ion_trans,cNMP_binding",0.0,0.0,5_Channels,TRP / TRPL Cation Channels,Ca2+ / Na+ Influx & Depolarization,No
,GFT82809.1,GF11409,,,,,,7217.FBpp0114601,39.8,2.47e-34,138.0,0.0,0.0,0.0,0.0,ras guanine nucleotide exchange factor C [Nephila pilipes],,"38HVP@33154,3BB33@33208,3CT9B@33213,3SJ7X@50557,41VYS@6656,44XVM@7147,45RKJ@7214,KOG3417@1,KOG3417@2759","PH,RasGEF",0.0,0.0,2_G_Protein,G-Protein Heterotrimer (Gq/11),Transduction of Activated Opsin Signal,No
,GFT83517.1,8238260,,,,,,121225.PHUM112960-PA,25.2,2.65e-13,76.6,0.0,0.0,0.0,0.0,alpha-tocopherol transfer protein-like [Nephila pilipes],,"39Y0Z@33154,3BG5Z@33208,3CW94@33213,3E9CU@33342,3SHC7@50557,41YF4@6656,KOG1471@1,KOG1471@2759",CRAL_TRIO,0.0,0.0,7_Chromophore_Cycle,Retinal Binding & Isomerase,Chromophore 11-cis Regeneration,No
,GFT83737.1,L798_04085,ko:K04255,,,,"ko04030,ko00000",136037.KDR21156,63.9,1.85e-166,479.0,0.0,0.0,0.0,0.0,ocellar opsin [Nephila pilipes],,"395S3@33154,3BCHK@33208,3CVQF@33213,3SI0Y@50557,41US7@6656,KOG3656@1,KOG3656@2759",7tm_1,0.0,0.0,1_Photopigment,Rhabdomeric Opsins (Rh1/Rh2/UV/LWS),Light Absorption & Photoisomerization,No
,GFT83740.1,L798_04085,ko:K04255,,,,"ko04030,ko00000",136037.KDR21156,63.9,1.6900000000000002e-166,481.0,0.0,0.0,0.0,0.0,ocellar opsin [Nephila pilipes],,"395S3@33154,3BCHK@33208,3CVQF@33213,3SI0Y@50557,41US7@6656,KOG3656@1,KOG3656@2759",7tm_1,0.0,0.0,1_Photopigment,Rhabdomeric Opsins (Rh1/Rh2/UV/LWS),Light Absorption & Photoisomerization,No
,GFT83742.1,6044737,ko:K04255,,,,"ko04030,ko00000",7176.CPIJ011573-PA,64.1,3.97e-83,261.0,0.0,0.0,0.0,0.0,ocellar opsin [Nephila pilipes],,"395S3@33154,3BCHK@33208,3CVQF@33213,3SI0Y@50557,41US7@6656,4512H@7147,45C67@7148,KOG3656@1,KOG3656@2759",7tm_1,0.0,0.0,1_Photopigment,Rhabdomeric Opsins (Rh1/Rh2/UV/LWS),Light Absorption & Photoisomerization,No
,GFT83774.1,,,,,,,126957.SMAR003458-PA,33.0,1.6999999999999998e-113,370.0,0.0,0.0,0.0,0.0,g-protein coupled receptor Mth2 [Nephila pilipes],,"28Z7Y@1,2R627@2759,39MTC@33154,3CPD4@33208,3D007@33213,42AIY@6656",7tm_2,0.0,0.0,2_G_Protein,G-Protein Heterotrimer (Gq/11),Transduction of Activated Opsin Signal,No
,GFT84206.1,,,,,,,126957.SMAR010972-PA,46.9,1.7e-05,52.8,0.0,0.0,0.0,0.0,protein lap4 [Nephila pilipes],,"38DD2@33154,3BA7S@33208,3CU1B@33213,41XNX@6656,COG4886@1,KOG0619@2759","LRR_8,PDZ",0.0,0.0,4_Scaffold,INAD Signalplex Scaffold,Multi-PDZ Macromolecular Assembly,No
,GFT84511.1,L798_07300,ko:K05857,"map01100,ko04919,ko00562,map00562,ko01100,ko04020,ko04070,map04919,map04020,ko04933,map04070,map04933",M00130,3.1.4.11,"ko04131,ko01000,ko00001,ko00000,ko00002",136037.KDR18854,53.8,4.01e-11,64.3,0.0,0.0,0.0,0.0,"c2 domain-containing protein, partial [Nephila pilipes]",,"38BAR@33154,3CPXX@33208,3E635@33213,3T0JQ@50557,42B5M@6656,KOG0169@1,KOG0169@2759","C2,EF-hand_like,PH_12,PI-PLC-X,PI-PLC-Y",0.0,0.0,3_Effector,Phospholipase C-beta (PLCβ / NorpA),Hydrolysis of PIP2 -> DAG + IP3,No
,GFT84662.1,,,,,,,7165.AGAP009379-PA,27.1,6.46e-06,54.7,0.0,0.0,0.0,0.0,alpha-tocopherol transfer protein-like [Nephila pilipes],,"39Y0Z@33154,3BG5Z@33208,3CW94@33213,3SHC7@50557,41YF4@6656,456BV@7147,45EWW@7148,KOG1471@1,KOG1471@2759",CRAL_TRIO,0.0,0.0,7_Chromophore_Cycle,Retinal Binding & Isomerase,Chromophore 11-cis Regeneration,No
,GFT84663.1,,,,,,,7165.AGAP009379-PA,29.4,7.21e-09,62.8,0.0,0.0,0.0,0.0,alpha-tocopherol transfer protein-like [Nephila pilipes],,"39Y0Z@33154,3BG5Z@33208,3CW94@33213,3SHC7@50557,41YF4@6656,456BV@7147,45EWW@7148,KOG1471@1,KOG1471@2759",CRAL_TRIO,0.0,0.0,7_Chromophore_Cycle,Retinal Binding & Isomerase,Chromophore 11-cis Regeneration,No
,GFT84664.1,AND_004508,,,,,,43151.ADAC004508-PA,29.9,2.17e-14,77.4,0.0,0.0,0.0,0.0,alpha-tocopherol transfer protein-like [Nephila pilipes],,"39Y0Z@33154,3BG5Z@33208,3CW94@33213,3SHC7@50557,41YF4@6656,456BV@7147,45HFQ@7148,KOG1471@1,KOG1471@2759",CRAL_TRIO,0.0,0.0,7_Chromophore_Cycle,Retinal Binding & Isomerase,Chromophore 11-cis Regeneration,No
,GFT84665.1,,,,,,,126957.SMAR004840-PA,31.1,1.23e-20,95.5,0.0,0.0,0.0,0.0,clavesin-1 [Nephila pilipes],,"39K53@33154,3BBSK@33208,3CU7Z@33213,41Y3U@6656,KOG1471@1,KOG1471@2759","CRAL_TRIO,CRAL_TRIO_N",0.0,0.0,7_Chromophore_Cycle,Retinal Binding & Isomerase,Chromophore 11-cis Regeneration,No
,GFT84698.1,L798_10369,,,,,,136037.KDR15276,34.3,1.22e-70,265.0,0.0,0.0,0.0,0.0,sorbin and SH3 domain-containing protein 1 [Nephila pilipes],,"38XSH@33154,3BC17@33208,3E4IG@33213,3SGZ8@50557,41WQH@6656,KOG4225@1,KOG4225@2759","PDZ,SH3_9",0.0,0.0,4_Scaffold,INAD Signalplex Scaffold,Multi-PDZ Macromolecular Assembly,No
,GFT84700.1,8237764,,,,,,121225.PHUM221170-PA,31.1,3.58e-13,75.1,0.0,0.0,0.0,0.0,PDZ domain-containing protein [Nephila pilipes],,"KOG1703@1,KOG1703@2759",PDZ,0.0,0.0,4_Scaffold,INAD Signalplex Scaffold,Multi-PDZ Macromolecular Assembly,No
,GFT84987.1,WD_1086,ko:K11749,"ko02024,map02024,map04112,ko04112",,,"ko01002,ko01000,ko00001,ko00000",163164.WD_1086,97.8,4.07e-256,707.0,0.0,0.0,0.0,0.0,putative zinc metalloprotease mll0638 [Nephila pilipes],,"1MU91@1224,2TQXJ@28211,47F3Q@766,COG0750@1,COG0750@2","PDZ_2,Peptidase_M50",0.0,0.0,4_Scaffold,INAD Signalplex Scaffold,Multi-PDZ Macromolecular Assembly,No
,GFT85488.1,,,,,,,126957.SMAR009052-PA,53.9,0.0,1045.0,0.0,0.0,0.0,0.0,"1-phosphatidylinositol 4,5-bisphosphate phosphodiesterase classes I and II [Nephila pilipes]",,"3ASPT@33154,3BB4P@33208,3CUHB@33213,41UZY@6656,KOG0169@1,KOG1265@2759","EF-hand_like,PI-PLC-X,PI-PLC-Y,PLC-beta_C",0.0,0.0,3_Effector,Phospholipase C-beta (PLCβ / NorpA),Hydrolysis of PIP2 -> DAG + IP3,No
,GFT85490.1,,,,,,,126957.SMAR009052-PA,54.0,0.0,1043.0,0.0,0.0,0.0,0.0,"1-phosphatidylinositol 4,5-bisphosphate phosphodiesterase classes I and II [Nephila pilipes]",,"3ASPT@33154,3BB4P@33208,3CUHB@33213,41UZY@6656,KOG0169@1,KOG1265@2759","EF-hand_like,PI-PLC-X,PI-PLC-Y,PLC-beta_C",0.0,0.0,3_Effector,Phospholipase C-beta (PLCβ / NorpA),Hydrolysis of PIP2 -> DAG + IP3,No
,GFT85491.1,,,,,,,7159.AAEL017393-PA,61.6,5.39e-162,476.0,0.0,0.0,0.0,0.0,"1-phosphatidylinositol 4,5-bisphosphate phosphodiesterase classes I and II [Nephila pilipes]",,"3ASPT@33154,3BB4P@33208,3CUHB@33213,3SJY5@50557,41UZY@6656,44XD5@7147,45DRH@7148,KOG0169@1,KOG1265@2759","EF-hand_like,PI-PLC-X",0.0,0.0,3_Effector,Phospholipase C-beta (PLCβ / NorpA),Hydrolysis of PIP2 -> DAG + IP3,No
,GFT85494.1,,,,,,,126957.SMAR014151-PA,71.4,0.0,1523.0,0.0,0.0,0.0,0.0,"1-phosphatidylinositol 4,5-bisphosphate phosphodiesterase beta-4 [Nephila pilipes]",,"3ASPT@33154,3BB4P@33208,3CUHB@33213,41TXN@6656,KOG0169@1,KOG1265@2759","DUF1154,EF-hand_like,PI-PLC-X,PI-PLC-Y",0.0,0.0,3_Effector,Phospholipase C-beta (PLCβ / NorpA),Hydrolysis of PIP2 -> DAG + IP3,No
,GFT85996.1,GPR64,,,,,,8049.ENSGMOP00000002283,29.8,4.17e-05,50.1,0.0,0.0,0.0,0.0,"g-protein coupled receptor 126, partial [Nephila pilipes]",,"38BU2@33154,3BJP4@33208,3CUR3@33213,48653@7711,493PT@7742,4A5VY@7898,KOG4193@1,KOG4193@2759","7tm_2,GPS",0.0,0.0,2_G_Protein,G-Protein Heterotrimer (Gq/11),Transduction of Activated Opsin Signal,No
,GFT86220.1,G5I_10913,,,,,,103372.F4WY56,38.5,3.05e-39,154.0,0.0,0.0,0.0,0.0,g-protein coupled receptor Mth2 [Nephila pilipes],,"2CR8W@1,2R7A7@2759,39MUF@33154,3CPDW@33208,3E5IN@33213,3T00G@50557,42AJX@6656,46H2K@7399","7tm_2,Methuselah_N",0.0,0.0,2_G_Protein,G-Protein Heterotrimer (Gq/11),Transduction of Activated Opsin Signal,No
,GFT86544.1,L798_09748,ko:K16449,,,,ko00000,136037.KDR15671,75.6,1.05e-71,229.0,0.0,0.0,0.0,0.0,regulator of G-protein signaling 7 [Nephila pilipes],,"38G0S@33154,3BAC2@33208,3CS6C@33213,3SFMN@50557,41XX7@6656,KOG3589@1,KOG3589@2759","DEP,G-gamma,RGS",0.0,0.0,2_G_Protein,G-Protein Heterotrimer (Gq/11),Transduction of Activated Opsin Signal,No
,GFT86547.1,L798_09748,ko:K16449,,,,ko00000,136037.KDR15671,76.9,2.62e-76,241.0,0.0,0.0,0.0,0.0,regulator of G-protein signaling 7 [Nephila pilipes],,"38G0S@33154,3BAC2@33208,3CS6C@33213,3SFMN@50557,41XX7@6656,KOG3589@1,KOG3589@2759","DEP,G-gamma,RGS",0.0,0.0,2_G_Protein,G-Protein Heterotrimer (Gq/11),Transduction of Activated Opsin Signal,No
,GFT87059.1,,,,,,,126957.SMAR009676-PA,49.1,7.3e-305,887.0,0.0,0.0,0.0,0.0,rap guanine nucleotide exchange factor 1 [Nephila pilipes],,"38FXA@33154,3BGQH@33208,3CV75@33213,41XYM@6656,KOG3417@1,KOG3417@2759","RasGEF,RasGEF_N",0.0,0.0,2_G_Protein,G-Protein Heterotrimer (Gq/11),Transduction of Activated Opsin Signal,No
,GFT87203.1,,ko:K04210,"ko04080,map04080",,,"ko04030,ko00001,ko00000",6669.EFX71100,48.7,1.51e-81,259.0,0.0,0.0,0.0,0.0,probable G-protein coupled receptor 83 [Nephila pilipes],,"39RCR@33154,3BIJ1@33208,3CS01@33213,429YV@6656,KOG3656@1,KOG3656@2759",7tm_1,0.0,0.0,2_G_Protein,G-Protein Heterotrimer (Gq/11),Transduction of Activated Opsin Signal,No
,GFT87608.1,,ko:K16779,,,,"ko03036,ko04131,ko00000",7739.XP_002607866.1,40.3,1.88e-57,199.0,0.0,0.0,0.0,0.0,guanine nucleotide exchange factor for Rab-3A [Nephila pilipes],,"38CXX@33154,3BFIS@33208,3CT8N@33213,485R7@7711,KOG4324@1,KOG4324@2759",Sec2p,0.0,0.0,2_G_Protein,G-Protein Heterotrimer (Gq/11),Transduction of Activated Opsin Signal,No
,GFT87955.1,L798_06306,ko:K05701,"ko05120,ko05110,map04540,ko05132,ko04530,map05120,map05132,ko04540,map04530,map04520,ko04520,map05110",,,"ko04812,ko00001,ko00000",136037.KDR19250,52.7,4.84e-222,671.0,0.0,0.0,0.0,0.0,"tight junction protein ZO-1, partial [Nephila pilipes]",,"38BH5@33154,3BEZ5@33208,3CW8I@33213,3SGRG@50557,41WTV@6656,KOG3580@1,KOG3580@2759","Guanylate_kin,PDZ,SH3_2,ZU5",0.0,0.0,4_Scaffold,INAD Signalplex Scaffold,Multi-PDZ Macromolecular Assembly,No
,GFT88426.1,,,,,,,6669.EFX85554,38.2,3.34e-24,103.0,0.0,0.0,0.0,0.0,SEC14-like protein 2 [Nephila pilipes],,"38H26@33154,3BB1Q@33208,3CUPE@33213,41XNK@6656,KOG1471@1,KOG1471@2759",CRAL_TRIO,0.0,0.0,7_Chromophore_Cycle,Retinal Binding & Isomerase,Chromophore 11-cis Regeneration,No
,GFT88559.1,107362681,ko:K21879,,,,"ko03036,ko00000",32264.tetur08g00300.1,53.1,8.15e-17,87.0,0.0,0.0,0.0,0.0,"PDZ domain-containing protein, partial [Nephila pilipes]",,"38CJ3@33154,3BFF4@33208,3CVCB@33213,41VG1@6656,KOG3528@1,KOG3528@2759",PDZ,0.0,0.0,4_Scaffold,INAD Signalplex Scaffold,Multi-PDZ Macromolecular Assembly,No
,GFT88563.1,,,,,,,126957.SMAR006552-PA,61.7,8.24e-119,364.0,0.0,0.0,0.0,0.0,"SEC14-like protein 5, partial [Nephila pilipes]",,"38H26@33154,3BFRV@33208,3CR81@33213,41TU3@6656,KOG1471@1,KOG1471@2759","CRAL_TRIO,PRELI",0.0,0.0,7_Chromophore_Cycle,Retinal Binding & Isomerase,Chromophore 11-cis Regeneration,No
,GFT88758.1,,,,,,,34740.HMEL022527-PA,43.4,1.01e-68,228.0,0.0,0.0,0.0,0.0,"opsin, ultraviolet-sensitive [Nephila pilipes]",,"3A021@33154,3BPP6@33208,3D69Z@33213,3SKEZ@50557,41YSW@6656,449AV@7088,KOG3656@1,KOG3656@2759",7tm_1,0.0,0.0,1_Photopigment,Rhabdomeric Opsins (Rh1/Rh2/UV/LWS),Light Absorption & Photoisomerization,No
,GFT89169.1,,,,,,,6500.XP_005100649.1,46.7,1.9900000000000003e-21,95.9,0.0,0.0,0.0,0.0,"retinal-binding protein, partial [Nephila pilipes]",,"38H26@33154,3BB1Q@33208,3CUPE@33213,COG2801@1,KOG0017@2759,KOG1471@1,KOG1471@2759","CRAL_TRIO,RVT_1",0.0,0.0,7_Chromophore_Cycle,Retinal Binding & Isomerase,Chromophore 11-cis Regeneration,No
,GFT89463.1,ptrh2,,,,,,48698.ENSPFOP00000020108,53.4,1.34e-45,154.0,0.0,0.0,0.0,0.0,"peptidyl-tRNA hydrolase 2, mitochondrial [Nephila pilipes]",,"3A5QT@33154,3BIPK@33208,3D6I7@33213,480R5@7711,495TP@7742,4A34X@7898,COG1990@1,KOG3282@2759",PTH2,0.0,0.0,1_Photopigment,Rhabdomeric Opsins (Rh1/Rh2/UV/LWS),Light Absorption & Photoisomerization,No
,GFT89888.1,G5I_09878,,,,,,103372.F4WVE0,38.0,2.29e-08,57.4,0.0,0.0,0.0,0.0,guanine nucleotide-binding protein-like 1 [Nephila pilipes],,"38D1C@33154,3BDW5@33208,3CWRQ@33213,3SK08@50557,41UEV@6656,46GV2@7399,COG1161@1,KOG1424@2759",MMR_HSR1,0.0,0.0,2_G_Protein,G-Protein Heterotrimer (Gq/11),Transduction of Activated Opsin Signal,No
,GFT90017.1,,ko:K04967,"map04745,ko04745,ko04360,map04360",,,"ko00001,ko04040,ko00000",10224.XP_002733765.1,58.4,1.4100000000000002e-164,498.0,0.0,0.0,0.0,0.0,transient-receptor-potential-like protein [Nephila pilipes],,"38BJZ@33154,3B9NF@33208,3CRT8@33213,KOG3609@1,KOG3609@2759","Ank_2,Ion_trans,TRP_2",0.0,0.0,5_Channels,TRP / TRPL Cation Channels,Ca2+ / Na+ Influx & Depolarization,No
,GFT90086.1,8233405,ko:K05701,"ko05120,ko05110,map04540,ko05132,ko04530,map05120,map05132,ko04540,map04530,map04520,ko04520,map05110",,,"ko04812,ko00001,ko00000",121225.PHUM359090-PA,60.2,3.5499999999999997e-40,150.0,0.0,0.0,0.0,0.0,"tight junction protein ZO-1, partial [Nephila pilipes]",,"38BH5@33154,3BEZ5@33208,3CW8I@33213,3E7D0@33342,3SGRG@50557,41WTV@6656,KOG3580@1,KOG3580@2759","Guanylate_kin,PDZ,SH3_2,ZU5",0.0,0.0,4_Scaffold,INAD Signalplex Scaffold,Multi-PDZ Macromolecular Assembly,No
,GFT90380.1,,,,,,,6500.XP_005100649.1,46.1,3.1100000000000004e-26,110.0,0.0,0.0,0.0,0.0,"SEC14-like protein 2, partial [Nephila pilipes]",,"38H26@33154,3BB1Q@33208,3CUPE@33213,COG2801@1,KOG0017@2759,KOG1471@1,KOG1471@2759","CRAL_TRIO,RVT_1",0.0,0.0,7_Chromophore_Cycle,Retinal Binding & Isomerase,Chromophore 11-cis Regeneration,No
,GFT90882.1,,,,,,,126957.SMAR014857-PA,53.6,6.3999999999999986e-152,463.0,0.0,0.0,0.0,0.0,cyclic nucleotide-gated channel rod photoreceptor subunit alpha [Nephila pilipes],,"38CC1@33154,3BAEP@33208,3CUYQ@33213,41UXR@6656,KOG0500@1,KOG0500@2759","Ion_trans,cNMP_binding",0.0,0.0,5_Channels,TRP / TRPL Cation Channels,Ca2+ / Na+ Influx & Depolarization,No
,GFT91097.1,,,,,,,126957.SMAR011629-PA,47.6,8.17e-57,189.0,0.0,0.0,0.0,0.0,"alpha-tocopherol transfer protein-like, partial [Nephila pilipes]",,"39K53@33154,3BBSK@33208,3CU7Z@33213,41Y3U@6656,KOG1471@1,KOG1471@2759","CRAL_TRIO,CRAL_TRIO_N",0.0,0.0,7_Chromophore_Cycle,Retinal Binding & Isomerase,Chromophore 11-cis Regeneration,No
,GFT91216.1,,,,,,,126957.SMAR009052-PA,66.2,5.05e-236,691.0,0.0,0.0,0.0,0.0,"1-phosphatidylinositol 4,5-bisphosphate phosphodiesterase classes I and II, partial [Nephila pilipes]",,"3ASPT@33154,3BB4P@33208,3CUHB@33213,41UZY@6656,KOG0169@1,KOG1265@2759","EF-hand_like,PI-PLC-X,PI-PLC-Y,PLC-beta_C",0.0,0.0,3_Effector,Phospholipase C-beta (PLCβ / NorpA),Hydrolysis of PIP2 -> DAG + IP3,No
,GFT91622.1,LOC655987,ko:K16449,,,,ko00000,7070.TC004691-PA,67.8,3.3500000000000003e-77,246.0,0.0,0.0,0.0,0.0,regulator of G-protein signaling 7 [Nephila pilipes],,"38G0S@33154,3BAC2@33208,3CS6C@33213,3SFMN@50557,41XX7@6656,KOG3589@1,KOG3589@2759","DEP,G-gamma,RGS",0.0,0.0,2_G_Protein,G-Protein Heterotrimer (Gq/11),Transduction of Activated Opsin Signal,No
,GFT91624.1,L798_09748,ko:K16449,,,,ko00000,136037.KDR15671,88.7,5.22e-93,285.0,0.0,0.0,0.0,0.0,regulator of G-protein signaling 7 [Nephila pilipes],,"38G0S@33154,3BAC2@33208,3CS6C@33213,3SFMN@50557,41XX7@6656,KOG3589@1,KOG3589@2759","DEP,G-gamma,RGS",0.0,0.0,2_G_Protein,G-Protein Heterotrimer (Gq/11),Transduction of Activated Opsin Signal,No
,GFT91848.1,,,,,,,13735.ENSPSIP00000013069,69.0,1.82e-65,211.0,0.0,0.0,0.0,0.0,potassium voltage-gated channel subfamily KQT member 1 [Nephila pilipes],,"38BBJ@33154,3BA2P@33208,3CR7B@33213,488CB@7711,4914F@7742,4CIK1@8459,COG2126@1,KOG1419@2759",Ion_trans,0.0,0.0,5_Channels,TRP / TRPL Cation Channels,Ca2+ / Na+ Influx & Depolarization,No
,GFT92085.1,107359800,ko:K04977,"ko04621,map04921,map04621,ko04921",,3.6.1.13,"ko01000,ko00001,ko04040,ko00000",32264.tetur04g05640.1,48.7,7.04e-45,166.0,0.0,0.0,0.0,0.0,"transient receptor potential cation channel subfamily M member 6, partial [Nephila pilipes]",,"38D2H@33154,3BASE@33208,3CSW8@33213,41UGV@6656,KOG3614@1,KOG3614@2759,KOG4195@1,KOG4195@2759",,0.0,0.0,5_Channels,TRP / TRPL Cation Channels,Ca2+ / Na+ Influx & Depolarization,No
,GFT92125.1,,,,,,,126957.SMAR014891-PA,34.9,5.359999999999999e-54,199.0,0.0,0.0,0.0,0.0,g-protein coupled receptor Mth2 [Nephila pilipes],,"28Z7Y@1,2R627@2759,39MTC@33154,3CPD4@33208,3D007@33213,42AIY@6656",7tm_2,0.0,0.0,2_G_Protein,G-Protein Heterotrimer (Gq/11),Transduction of Activated Opsin Signal,No
,GFT92706.1,GOPC,,,,,,9685.ENSFCAP00000022118,57.9,8.81e-99,305.0,0.0,0.0,0.0,0.0,golgi-associated PDZ and coiled-coil motif-containing protein [Nephila pilipes],,"38BA3@33154,3BI55@33208,3CY58@33213,3EJEY@33554,3J6K6@40674,4852M@7711,491RX@7742,KOG3528@1,KOG3528@2759",PDZ,0.0,0.0,4_Scaffold,INAD Signalplex Scaffold,Multi-PDZ Macromolecular Assembly,No
,GFT92712.1,,,,,,,126957.SMAR006146-PA,63.9,2.0100000000000003e-23,99.4,0.0,0.0,0.0,0.0,golgi-associated PDZ and coiled-coil motif-containing protein [Nephila pilipes],,"38BA3@33154,3BI55@33208,3CY58@33213,41VD9@6656,KOG3528@1,KOG3528@2759",PDZ,0.0,0.0,4_Scaffold,INAD Signalplex Scaffold,Multi-PDZ Macromolecular Assembly,No
,GFT92745.1,6044735,ko:K04255,,,,"ko04030,ko00000",7176.CPIJ011571-PA,59.6,1.64e-22,104.0,0.0,0.0,0.0,0.0,lateral eye opsin [Nephila pilipes],,"395S3@33154,3BCHK@33208,3CVQF@33213,3SI0Y@50557,41US7@6656,458DC@7147,45MHV@7148,KOG3656@1,KOG3656@2759",7tm_1,0.0,0.0,1_Photopigment,Rhabdomeric Opsins (Rh1/Rh2/UV/LWS),Light Absorption & Photoisomerization,No
,GFT93201.1,,,,,,,126957.SMAR006477-PA,53.4,1.15e-78,266.0,0.0,0.0,0.0,0.0,"transient receptor potential cation channel subfamily M member 6, partial [Nephila pilipes]",,"38D2H@33154,3BASE@33208,3CSW8@33213,41UGV@6656,KOG3614@1,KOG3614@2759",,0.0,0.0,5_Channels,TRP / TRPL Cation Channels,Ca2+ / Na+ Influx & Depolarization,No
,GFT93203.1,,,,,,,126957.SMAR006477-PA,52.3,4.62e-46,167.0,0.0,0.0,0.0,0.0,"transient receptor potential cation channel subfamily M member 6, partial [Nephila pilipes]",,"38D2H@33154,3BASE@33208,3CSW8@33213,41UGV@6656,KOG3614@1,KOG3614@2759",,0.0,0.0,5_Channels,TRP / TRPL Cation Channels,Ca2+ / Na+ Influx & Depolarization,No
,GFT93453.1,,,,,,,13249.RPRC004224-PA,55.3,5.64e-39,143.0,0.0,0.0,0.0,0.0,rho guanine nucleotide exchange factor 10-like protein [Nephila pilipes],,"2CXJS@1,2RY1K@2759,39VGM@33154,3BJCI@33208,3CWQ6@33213,41Z93@6656",DDE_Tnp_1_7,0.0,0.0,2_G_Protein,G-Protein Heterotrimer (Gq/11),Transduction of Activated Opsin Signal,No
,GFT93856.1,GF12127,ko:K04946,,,,"ko04040,ko00000",7217.FBpp0115319,88.1,1.8e-53,183.0,0.0,0.0,0.0,0.0,"potassium channel subfamily T member 2, partial [Nephila pilipes]",,"38E39@33154,3B9HM@33208,3CSWY@33213,3SJBC@50557,41YGT@6656,452CA@7147,45NCK@7214,KOG3193@1,KOG3193@2759","BK_channel_a,Ion_trans_2",0.0,0.0,5_Channels,TRP / TRPL Cation Channels,Ca2+ / Na+ Influx & Depolarization,No
,GFT94004.1,,ko:K04946,,,,"ko04040,ko00000",32264.tetur18g00390.1,84.0,2.59e-87,286.0,0.0,0.0,0.0,0.0,"potassium channel subfamily T member 1, partial [Nephila pilipes]",,"38E39@33154,3B9HM@33208,3CSWY@33213,41YGT@6656,KOG3193@1,KOG3193@2759","BK_channel_a,Ion_trans_2",0.0,0.0,5_Channels,TRP / TRPL Cation Channels,Ca2+ / Na+ Influx & Depolarization,No
,GFT94256.1,,,,,,,126957.SMAR009711-PA,59.7,2.09e-75,233.0,0.0,0.0,0.0,0.0,regulator of G-protein signaling 3 [Nephila pilipes],,"38I6B@33154,3BA7T@33208,3CRJ7@33213,41ZZE@6656,KOG3589@1,KOG3589@2759",RGS,0.0,0.0,2_G_Protein,G-Protein Heterotrimer (Gq/11),Transduction of Activated Opsin Signal,No
,GFT95283.1,,,,,,,13249.RPRC011268-PA,57.8,2.61e-119,357.0,0.0,0.0,0.0,0.0,g-protein coupled receptor moody [Nephila pilipes],,"39T1Q@33154,3BHDI@33208,3D42J@33213,3E9NS@33342,3SFTC@50557,41UJ3@6656,KOG3656@1,KOG3656@2759",7tm_1,0.0,0.0,2_G_Protein,G-Protein Heterotrimer (Gq/11),Transduction of Activated Opsin Signal,No
,GFT95621.1,,ko:K04854,"map04927,ko04934,map04010,ko04020,map04713,map04020,ko04927,ko04010,ko04925,map04925,ko04713,map04934,map04930,ko04930",,,"ko00001,ko04040,ko00000",6669.EFX84159,79.6,3.17e-141,428.0,0.0,0.0,0.0,0.0,voltage-dependent T-type calcium channel subunit alpha-1G [Nephila pilipes],,"3ARFA@33154,3C2IT@33208,3DHPC@33213,41TTH@6656,KOG2301@1,KOG2302@2759",Ion_trans,0.0,0.0,5_Channels,TRP / TRPL Cation Channels,Ca2+ / Na+ Influx & Depolarization,No
,GFT95624.1,,,,,,,126957.SMAR011172-PA,43.4,1.4100000000000002e-132,438.0,0.0,0.0,0.0,0.0,voltage-dependent T-type calcium channel subunit alpha-1H [Nephila pilipes],,"3ARFA@33154,3C2IT@33208,3DHPC@33213,41TTH@6656,KOG2301@1,KOG2302@2759",Ion_trans,0.0,0.0,5_Channels,TRP / TRPL Cation Channels,Ca2+ / Na+ Influx & Depolarization,No
,GFT95626.1,,,,,,,126957.SMAR011172-PA,64.0,3.4e-150,479.0,0.0,0.0,0.0,0.0,voltage-dependent T-type calcium channel subunit alpha-1G [Nephila pilipes],,"3ARFA@33154,3C2IT@33208,3DHPC@33213,41TTH@6656,KOG2301@1,KOG2302@2759",Ion_trans,0.0,0.0,5_Channels,TRP / TRPL Cation Channels,Ca2+ / Na+ Influx & Depolarization,No
,GFT95629.1,,,,,,,126957.SMAR011172-PA,62.3,7.66e-143,458.0,0.0,0.0,0.0,0.0,voltage-dependent T-type calcium channel subunit alpha-1G [Nephila pilipes],,"3ARFA@33154,3C2IT@33208,3DHPC@33213,41TTH@6656,KOG2301@1,KOG2302@2759",Ion_trans,0.0,0.0,5_Channels,TRP / TRPL Cation Channels,Ca2+ / Na+ Influx & Depolarization,No
,GFT95653.1,,,,,,,126957.SMAR012728-PA,34.6,8.369999999999999e-90,303.0,0.0,0.0,0.0,0.0,probable G-protein coupled receptor Mth-like 3 [Nephila pilipes],,"2CY1C@1,2S1AD@2759,3A4FF@33154,3BRID@33208,3D8J7@33213,422EM@6656",7tm_2,0.0,0.0,2_G_Protein,G-Protein Heterotrimer (Gq/11),Transduction of Activated Opsin Signal,No
,GFT95674.1,,,,,,,10228.TriadP29265,37.3,3.8000000000000005e-38,142.0,0.0,0.0,0.0,0.0,retinal-binding protein [Nephila pilipes],,"38H26@33154,3BB1Q@33208,KOG1471@1,KOG1471@2759","CRAL_TRIO,GOLD_2",0.0,0.0,7_Chromophore_Cycle,Retinal Binding & Isomerase,Chromophore 11-cis Regeneration,No
,GFT95675.1,,,,,,,10224.XP_006811139.1,48.2,3.16e-29,121.0,0.0,0.0,0.0,0.0,SEC14-like protein 3 [Nephila pilipes],,"38H26@33154,3BB1Q@33208,3CUPE@33213,KOG1471@1,KOG1471@2759","CRAL_TRIO,CRAL_TRIO_N",0.0,0.0,7_Chromophore_Cycle,Retinal Binding & Isomerase,Chromophore 11-cis Regeneration,No
,GFT96169.1,,,,,,,126957.SMAR004706-PA,45.0,0.0,1471.0,0.0,0.0,0.0,0.0,afadin [Nephila pilipes],,"3976T@33154,3BCJ6@33208,3CTWW@33213,41WBU@6656,KOG1892@1,KOG1892@2759","DIL,FHA,PDZ,RA",0.0,0.0,4_Scaffold,INAD Signalplex Scaffold,Multi-PDZ Macromolecular Assembly,No
,GFT96171.1,,,,,,,126957.SMAR004706-PA,45.3,0.0,1476.0,0.0,0.0,0.0,0.0,afadin [Nephila pilipes],,"3976T@33154,3BCJ6@33208,3CTWW@33213,41WBU@6656,KOG1892@1,KOG1892@2759","DIL,FHA,PDZ,RA",0.0,0.0,4_Scaffold,INAD Signalplex Scaffold,Multi-PDZ Macromolecular Assembly,No
,GFT96547.1,,,,,,,7739.XP_002611338.1,36.9,8.939999999999999e-83,269.0,0.0,0.0,0.0,0.0,motile sperm domain-containing protein 2 [Nephila pilipes],,"39MFQ@33154,3BBUE@33208,3CTGN@33213,484TN@7711,COG5066@1,KOG0439@2759,KOG1471@1,KOG1471@2759","CRAL_TRIO,Motile_Sperm",0.0,0.0,7_Chromophore_Cycle,Retinal Binding & Isomerase,Chromophore 11-cis Regeneration,No
,GFT96549.1,,,,,,,7739.XP_002611338.1,37.4,3.55e-81,265.0,0.0,0.0,0.0,0.0,motile sperm domain-containing protein 2 [Nephila pilipes],,"39MFQ@33154,3BBUE@33208,3CTGN@33213,484TN@7711,COG5066@1,KOG0439@2759,KOG1471@1,KOG1471@2759","CRAL_TRIO,Motile_Sperm",0.0,0.0,7_Chromophore_Cycle,Retinal Binding & Isomerase,Chromophore 11-cis Regeneration,No
,GFT96645.1,107359800,ko:K04977,"ko04621,map04921,map04621,ko04921",,3.6.1.13,"ko01000,ko00001,ko04040,ko00000",32264.tetur04g05640.1,47.4,1.2299999999999999e-55,198.0,0.0,0.0,0.0,0.0,"transient receptor potential cation channel subfamily M member 3, partial [Nephila pilipes]",,"38D2H@33154,3BASE@33208,3CSW8@33213,41UGV@6656,KOG3614@1,KOG3614@2759,KOG4195@1,KOG4195@2759",,0.0,0.0,5_Channels,TRP / TRPL Cation Channels,Ca2+ / Na+ Influx & Depolarization,No
,GFT96840.1,,,,,,,126957.SMAR015289-PA,50.8,0.0,1024.0,0.0,0.0,0.0,0.0,guanine nucleotide exchange factor DBS [Nephila pilipes],,"38FZU@33154,3B969@33208,3CUZQ@33213,41XGA@6656,KOG4240@1,KOG4240@2759","CRAL_TRIO_2,PH,RhoGEF,SH3_1",0.0,0.0,2_G_Protein,G-Protein Heterotrimer (Gq/11),Transduction of Activated Opsin Signal,No
,GFT97190.1,,,,,,,69319.XP_008547350.1,46.8,3.14e-10,63.9,0.0,0.0,0.0,0.0,"arrestin, partial [Nephila pilipes]",,"39YKZ@33154,3BAJF@33208,3D5UA@33213,3SHXI@50557,41U8J@6656,46E0H@7399,KOG3865@1,KOG3865@2759","Arrestin_C,Arrestin_N",0.0,0.0,6_Deactivation,Visual Arrestins (Arr1/Arr2),Opsin Quenching & Inactivation,No
,GFT97386.1,,,,,,,126957.SMAR005640-PA,57.5,9.85e-273,772.0,0.0,0.0,0.0,0.0,tyrosine-protein phosphatase non-receptor type 9 [Nephila pilipes],,"2QR81@2759,38V9A@33154,3BEVC@33208,3CSG4@33213,41W74@6656,COG5599@1","CRAL_TRIO,Y_phosphatase",0.0,0.0,7_Chromophore_Cycle,Retinal Binding & Isomerase,Chromophore 11-cis Regeneration,No
,GFT97934.1,L798_06829,,,,,,136037.KDR19461,37.8,1.4e-49,187.0,0.0,0.0,0.0,0.0,g-protein coupled receptor Mth2 [Nephila pilipes],,"28Z7Y@1,2R627@2759,39MTC@33154,3CPD4@33208,3D007@33213,3T039@50557,42AIY@6656",7tm_2,0.0,0.0,2_G_Protein,G-Protein Heterotrimer (Gq/11),Transduction of Activated Opsin Signal,No
,GFT97975.1,,ko:K04892,"map04726,ko04726",,,"ko00001,ko04040,ko00000",32264.tetur12g02230.1,85.8,4.719999999999998e-230,639.0,0.0,0.0,0.0,0.0,potassium voltage-gated channel protein Shal [Nephila pilipes],,"38EP9@33154,3BG05@33208,3CUHE@33213,41TSB@6656,COG2126@1,KOG4390@2759","BTB_2,Ion_trans,Shal-type",0.0,0.0,5_Channels,TRP / TRPL Cation Channels,Ca2+ / Na+ Influx & Depolarization,No
,GFT98389.1,G5I_03534,,,,,,103372.F4WD81,28.8,4.3200000000000005e-27,124.0,0.0,0.0,0.0,0.0,alpha-tocopherol transfer protein [Nephila pilipes],,"39K53@33154,3BBSK@33208,3CU7Z@33213,3SZDF@50557,41YQ8@6656,46N92@7399,KOG1471@1,KOG1471@2759",CRAL_TRIO,0.0,0.0,7_Chromophore_Cycle,Retinal Binding & Isomerase,Chromophore 11-cis Regeneration,No
,GFT98393.1,ttpa,,,,,,7994.ENSAMXP00000006346,35.6,7.48e-24,101.0,0.0,0.0,0.0,0.0,alpha-tocopherol transfer protein [Nephila pilipes],,"39MC8@33154,3BI8Q@33208,3CYGB@33213,481NM@7711,4944R@7742,49U4P@7898,KOG1471@1,KOG1471@2759","CRAL_TRIO,CRAL_TRIO_N",0.0,0.0,7_Chromophore_Cycle,Retinal Binding & Isomerase,Chromophore 11-cis Regeneration,No
,GFT99750.1,,,,,,,13249.RPRC014232-PA,55.9,3.1000000000000003e-185,535.0,0.0,0.0,0.0,0.0,gamma-2-syntrophin [Nephila pilipes],,"38DF3@33154,3BD4J@33208,3CTPQ@33213,3EAJX@33342,3SG9M@50557,41VKF@6656,KOG3549@1,KOG3549@2759",PDZ,0.0,0.0,4_Scaffold,INAD Signalplex Scaffold,Multi-PDZ Macromolecular Assembly,No
,GFT99874.1,,,,,,,69319.XP_008547350.1,44.1,2.48e-11,65.1,0.0,0.0,0.0,0.0,"arrestin, partial [Nephila pilipes]",,"39YKZ@33154,3BAJF@33208,3D5UA@33213,3SHXI@50557,41U8J@6656,46E0H@7399,KOG3865@1,KOG3865@2759","Arrestin_C,Arrestin_N",0.0,0.0,6_Deactivation,Visual Arrestins (Arr1/Arr2),Opsin Quenching & Inactivation,No
,GFU00004.1,,ko:K21862,,,,"ko02000,ko00000",10224.XP_006818874.1,24.0,9.27e-86,320.0,0.0,0.0,0.0,0.0,sodium channel protein PaFPC1 [Nephila pilipes],,"38BYK@33154,3B9I5@33208,3CRAE@33213,KOG2301@1,KOG2301@2759","GPHH,Ion_trans",0.0,0.0,5_Channels,TRP / TRPL Cation Channels,Ca2+ / Na+ Influx & Depolarization,No
,GFU00006.1,,ko:K21862,,,,"ko02000,ko00000",10224.XP_006818874.1,23.8,1.85e-84,315.0,0.0,0.0,0.0,0.0,sodium channel protein PaFPC1 [Nephila pilipes],,"38BYK@33154,3B9I5@33208,3CRAE@33213,KOG2301@1,KOG2301@2759","GPHH,Ion_trans",0.0,0.0,5_Channels,TRP / TRPL Cation Channels,Ca2+ / Na+ Influx & Depolarization,No
,GFU00009.1,,ko:K04834,"ko04742,map04742",,,"ko00001,ko04040,ko00000",7070.TC004126-PA,26.6,4.95e-37,160.0,0.0,0.0,0.0,0.0,sodium channel protein PaFPC1 [Nephila pilipes],,"38BYK@33154,3B9I5@33208,3CRAE@33213,3SIHT@50557,41TGE@6656,KOG2301@1,KOG2301@2759","Ion_trans,Na_trans_assoc,Na_trans_cytopl",0.0,0.0,5_Channels,TRP / TRPL Cation Channels,Ca2+ / Na+ Influx & Depolarization,No
,GFU00030.1,AAEL015076,,,,,,7159.AAEL015076-PA,34.7,1.06e-16,85.9,0.0,0.0,0.0,0.0,"PDZ domain-containing protein, partial [Nephila pilipes]",,"3A377@33154,3BR9K@33208,3D7PP@33213,3SMAV@50557,41ZJJ@6656,44XXC@7147,45HUR@7148,KOG3528@1,KOG3528@2759","DUF4749,PDZ_2",0.0,0.0,4_Scaffold,INAD Signalplex Scaffold,Multi-PDZ Macromolecular Assembly,No
,GFU00112.1,L798_13014,ko:K16449,,,,ko00000,136037.KDR13220,55.3,7.32e-166,500.0,0.0,0.0,0.0,0.0,regulator of G-protein signaling 6 [Nephila pilipes],,"38G0S@33154,3BCKG@33208,3CU6I@33213,3SK2Y@50557,41XX1@6656,KOG3589@1,KOG3589@2759","DEP,G-gamma,RGS",0.0,0.0,2_G_Protein,G-Protein Heterotrimer (Gq/11),Transduction of Activated Opsin Signal,No
,GFU00114.1,L798_13014,ko:K16449,,,,ko00000,136037.KDR13220,55.7,5.810000000000001e-167,502.0,0.0,0.0,0.0,0.0,regulator of G-protein signaling 6 [Nephila pilipes],,"38G0S@33154,3BCKG@33208,3CU6I@33213,3SK2Y@50557,41XX1@6656,KOG3589@1,KOG3589@2759","DEP,G-gamma,RGS",0.0,0.0,2_G_Protein,G-Protein Heterotrimer (Gq/11),Transduction of Activated Opsin Signal,No
,GFU00116.1,L798_13014,ko:K16449,,,,ko00000,136037.KDR13220,55.1,3.730000000000001e-167,503.0,0.0,0.0,0.0,0.0,regulator of G-protein signaling 6 [Nephila pilipes],,"38G0S@33154,3BCKG@33208,3CU6I@33213,3SK2Y@50557,41XX1@6656,KOG3589@1,KOG3589@2759","DEP,G-gamma,RGS",0.0,0.0,2_G_Protein,G-Protein Heterotrimer (Gq/11),Transduction of Activated Opsin Signal,No
,GFU00208.1,CMQ_4387,,,,,,226899.F0XUG0,29.6,1.59e-22,103.0,0.0,0.0,0.0,0.0,ras guanine nucleotide exchange factor C [Nephila pilipes],,"212WS@147550,38GRG@33154,3NUVS@4751,3QP0G@4890,3USDM@5151,KOG2070@1,KOG2070@2759,KOG3417@1,KOG3417@2759","RasGEF,RasGEF_N,SH3_1",0.0,0.0,2_G_Protein,G-Protein Heterotrimer (Gq/11),Transduction of Activated Opsin Signal,No
,GFU00242.1,,ko:K07249,"ko00830,map01100,map00830,ko01100",,1.2.1.36,"ko01000,ko00001,ko00000",10224.XP_002736989.1,69.8,1.25e-251,702.0,0.0,0.0,0.0,0.0,retinal dehydrogenase 2 [Nephila pilipes],,"38CDB@33154,3BCJG@33208,3CU6J@33213,COG1012@1,KOG2450@2759",Aldedh,0.0,0.0,7_Chromophore_Cycle,Retinal Binding & Isomerase,Chromophore 11-cis Regeneration,No
,GFU00247.1,,ko:K04967,"map04745,ko04745,ko04360,map04360",,,"ko00001,ko04040,ko00000",132113.XP_003487407.1,43.5,6.52e-49,179.0,0.0,0.0,0.0,0.0,short transient receptor potential channel 3 [Nephila pilipes],,"39XEU@33154,3BHGU@33208,3D587@33213,3SGDG@50557,41VBV@6656,46JQV@7399,KOG3609@1,KOG3609@2759","Ank_3,Ion_trans,TRP_2",0.0,0.0,5_Channels,TRP / TRPL Cation Channels,Ca2+ / Na+ Influx & Depolarization,No
,GFU00250.1,8237585,,,,,,121225.PHUM391770-PA,38.1,3.13e-24,109.0,0.0,0.0,0.0,0.0,short transient receptor potential channel 6 [Nephila pilipes],,"39XEU@33154,3BHGU@33208,3D587@33213,3ECM5@33342,3SGDG@50557,41VBV@6656,KOG3609@1,KOG3609@2759","Ank_3,Ion_trans,TRP_2",0.0,0.0,5_Channels,TRP / TRPL Cation Channels,Ca2+ / Na+ Influx & Depolarization,No
,GFU00255.1,trp-1,ko:K04967,"map04745,ko04745,ko04360,map04360",,,"ko00001,ko04040,ko00000",6334.EFV57532,37.3,1.42e-20,96.3,0.0,0.0,0.0,0.0,short transient receptor potential channel 3 [Nephila pilipes],,"38BJZ@33154,3B9NF@33208,3CRT8@33213,40C9F@6231,KOG3609@1,KOG3609@2759",Ion_trans,0.0,0.0,5_Channels,TRP / TRPL Cation Channels,Ca2+ / Na+ Influx & Depolarization,No
,GFU00286.1,8237702,,,,,,121225.PHUM395600-PA,30.8,3.65e-31,125.0,0.0,0.0,0.0,0.0,alpha-tocopherol transfer protein-like [Nephila pilipes],,"39Y0Z@33154,3BG5Z@33208,3CW94@33213,3E9CU@33342,3SHC7@50557,41YF4@6656,KOG1471@1,KOG1471@2759",CRAL_TRIO,0.0,0.0,7_Chromophore_Cycle,Retinal Binding & Isomerase,Chromophore 11-cis Regeneration,No
,GFU00289.1,,,,,,,10224.XP_002735756.1,27.6,1.7e-11,70.5,0.0,0.0,0.0,0.0,alpha-tocopherol transfer protein-like [Nephila pilipes],,"39K53@33154,3BBSK@33208,3CU7Z@33213,KOG1471@1,KOG1471@2759",CRAL_TRIO,0.0,0.0,7_Chromophore_Cycle,Retinal Binding & Isomerase,Chromophore 11-cis Regeneration,No
,GFU00291.1,TTPA,,,,,,13735.ENSPSIP00000017699,33.3,6.15e-12,68.9,0.0,0.0,0.0,0.0,retinaldehyde-binding protein 1 [Nephila pilipes],,"39MC8@33154,3BI8Q@33208,3CYGB@33213,481NM@7711,4944R@7742,4CERE@8459,KOG1471@1,KOG1471@2759","CRAL_TRIO,CRAL_TRIO_N",0.0,0.0,7_Chromophore_Cycle,Retinal Binding & Isomerase,Chromophore 11-cis Regeneration,No
,GFU00478.1,107359800,ko:K04977,"ko04621,map04921,map04621,ko04921",,3.6.1.13,"ko01000,ko00001,ko04040,ko00000",32264.tetur04g05640.1,50.6,1.48e-15,78.2,0.0,0.0,0.0,0.0,transient receptor potential cation channel subfamily M member 6 [Nephila pilipes],,"38D2H@33154,3BASE@33208,3CSW8@33213,41UGV@6656,KOG3614@1,KOG3614@2759,KOG4195@1,KOG4195@2759",,0.0,0.0,5_Channels,TRP / TRPL Cation Channels,Ca2+ / Na+ Influx & Depolarization,No
,GFU00620.1,,,,,,,13249.RPRC008299-PA,81.2,1.23e-224,645.0,0.0,0.0,0.0,0.0,protein lin-10 [Nephila pilipes],,"38DKI@33154,3BCEM@33208,3CTMI@33213,3E917@33342,3SGK2@50557,41TW6@6656,KOG3605@1,KOG3605@2759","PDZ,PID",0.0,0.0,4_Scaffold,INAD Signalplex Scaffold,Multi-PDZ Macromolecular Assembly,No
,GFU00622.1,,,,,,,13249.RPRC008299-PA,92.2,9.53e-235,669.0,0.0,0.0,0.0,0.0,protein lin-10 [Nephila pilipes],,"38DKI@33154,3BCEM@33208,3CTMI@33213,3E917@33342,3SGK2@50557,41TW6@6656,KOG3605@1,KOG3605@2759","PDZ,PID",0.0,0.0,4_Scaffold,INAD Signalplex Scaffold,Multi-PDZ Macromolecular Assembly,No
,GFU01321.1,,,,,,,126957.SMAR011645-PA,41.3,2.19e-205,673.0,0.0,0.0,0.0,0.0,partitioning defective 3 homolog [Nephila pilipes],,"38HPQ@33154,3BE0C@33208,3CRMZ@33213,41XIW@6656,KOG3528@1,KOG3528@2759","DUF3534,PACT_coil_coil,PDZ",0.0,0.0,4_Scaffold,INAD Signalplex Scaffold,Multi-PDZ Macromolecular Assembly,No
,GFU01324.1,,,,,,,126957.SMAR011645-PA,41.4,1.3e-206,676.0,0.0,0.0,0.0,0.0,partitioning defective 3 homolog [Nephila pilipes],,"38HPQ@33154,3BE0C@33208,3CRMZ@33213,41XIW@6656,KOG3528@1,KOG3528@2759","DUF3534,PACT_coil_coil,PDZ",0.0,0.0,4_Scaffold,INAD Signalplex Scaffold,Multi-PDZ Macromolecular Assembly,No
,GFU01326.1,,,,,,,126957.SMAR011645-PA,41.4,2.46e-206,676.0,0.0,0.0,0.0,0.0,partitioning defective 3 homolog [Nephila pilipes],,"38HPQ@33154,3BE0C@33208,3CRMZ@33213,41XIW@6656,KOG3528@1,KOG3528@2759","DUF3534,PACT_coil_coil,PDZ",0.0,0.0,4_Scaffold,INAD Signalplex Scaffold,Multi-PDZ Macromolecular Assembly,No
,GFU01789.1,,ko:K04854,"map04927,ko04934,map04010,ko04020,map04713,map04020,ko04927,ko04010,ko04925,map04925,ko04713,map04934,map04930,ko04930",,,"ko00001,ko04040,ko00000",32264.tetur29g01770.1,82.5,9.08e-94,305.0,0.0,0.0,0.0,0.0,"voltage-dependent T-type calcium channel subunit alpha-1H, partial [Nephila pilipes]",,"3ARFA@33154,3C2IT@33208,3DHPC@33213,41TTH@6656,KOG2301@1,KOG2302@2759",Ion_trans,0.0,0.0,5_Channels,TRP / TRPL Cation Channels,Ca2+ / Na+ Influx & Depolarization,No
,GFU02367.1,KGM_201346,,,,,,13037.EHJ74660,33.5,2.1e-24,103.0,0.0,0.0,0.0,0.0,"clavesin-2, partial [Nephila pilipes]",,"39K53@33154,3BBSK@33208,3CU7Z@33213,3SI4D@50557,41YQ8@6656,449IC@7088,KOG1471@1,KOG1471@2759",CRAL_TRIO,0.0,0.0,7_Chromophore_Cycle,Retinal Binding & Isomerase,Chromophore 11-cis Regeneration,No
,GFU02605.1,Arr2,ko:K13805,"map04745,ko04745",,,"ko00001,ko00000",7070.TC009551-PA,59.3,5.599999999999999e-63,206.0,0.0,0.0,0.0,0.0,"arrestin, lateral eye, partial [Nephila pilipes]",,"39VIF@33154,3BJMQ@33208,3D33G@33213,3SIVK@50557,41TYM@6656,KOG3865@1,KOG3865@2759","Arrestin_C,Arrestin_N",0.0,0.0,6_Deactivation,Visual Arrestins (Arr1/Arr2),Opsin Quenching & Inactivation,No
,GFU02624.1,,,,,,,126957.SMAR015289-PA,53.2,0.0,1081.0,0.0,0.0,0.0,0.0,guanine nucleotide exchange factor DBS [Nephila pilipes],,"38FZU@33154,3B969@33208,3CUZQ@33213,41XGA@6656,KOG4240@1,KOG4240@2759","CRAL_TRIO_2,PH,RhoGEF,SH3_1",0.0,0.0,2_G_Protein,G-Protein Heterotrimer (Gq/11),Transduction of Activated Opsin Signal,No
,GFU02812.1,,,,,,,34740.HMEL013312-PA,33.3,0.000364,54.3,0.0,0.0,0.0,0.0,pro-interleukin-16 [Nephila pilipes],,"39W4Y@33154,3BCR3@33208,3CZWE@33213,3SGVD@50557,41U6W@6656,445TD@7088,KOG3528@1,KOG3528@2759",PDZ,0.0,0.0,4_Scaffold,INAD Signalplex Scaffold,Multi-PDZ Macromolecular Assembly,No
,GFU02814.1,,,,,,,13249.RPRC001733-PA,44.6,6.47e-58,201.0,0.0,0.0,0.0,0.0,pro-interleukin-16 [Nephila pilipes],,"39W4Y@33154,3BCR3@33208,3CZWE@33213,3EA65@33342,3SGVD@50557,41U6W@6656,KOG3528@1,KOG3528@2759",PDZ,0.0,0.0,4_Scaffold,INAD Signalplex Scaffold,Multi-PDZ Macromolecular Assembly,No
,GFU03285.1,,ko:K04967,"map04745,ko04745,ko04360,map04360",,,"ko00001,ko04040,ko00000",10224.XP_002733765.1,64.5,4.2e-93,301.0,0.0,0.0,0.0,0.0,transient-receptor-potential-like protein [Nephila pilipes],,"38BJZ@33154,3B9NF@33208,3CRT8@33213,KOG3609@1,KOG3609@2759","Ank_2,Ion_trans,TRP_2",0.0,0.0,5_Channels,TRP / TRPL Cation Channels,Ca2+ / Na+ Influx & Depolarization,No
,GFU03456.1,GPR64,,,,,,8049.ENSGMOP00000002283,29.8,5.97e-05,50.1,0.0,0.0,0.0,0.0,"g-protein coupled receptor 126, partial [Nephila pilipes]",,"38BU2@33154,3BJP4@33208,3CUR3@33213,48653@7711,493PT@7742,4A5VY@7898,KOG4193@1,KOG4193@2759","7tm_2,GPS",0.0,0.0,2_G_Protein,G-Protein Heterotrimer (Gq/11),Transduction of Activated Opsin Signal,No
,GFU03635.1,,ko:K21862,,,,"ko02000,ko00000",6669.EFX89321,29.8,1.81e-129,437.0,0.0,0.0,0.0,0.0,sodium channel protein PaFPC1 [Nephila pilipes],,"38BYK@33154,3B9I5@33208,3CRAE@33213,41UZ1@6656,KOG2301@1,KOG2301@2759","GPHH,Ion_trans",0.0,0.0,5_Channels,TRP / TRPL Cation Channels,Ca2+ / Na+ Influx & Depolarization,No
,GFU03637.1,GL11199,ko:K21862,,,,"ko02000,ko00000",7234.FBpp0175306,29.8,4.23e-79,283.0,0.0,0.0,0.0,0.0,sodium channel protein type 4 subunit alpha B [Nephila pilipes],,"38BYK@33154,3B9I5@33208,3CRAE@33213,3SJB5@50557,41UZ1@6656,44XWY@7147,KOG2301@1,KOG2301@2759","GPHH,Ion_trans",0.0,0.0,5_Channels,TRP / TRPL Cation Channels,Ca2+ / Na+ Influx & Depolarization,No
,GFU03640.1,GK20910,,,,,,7260.FBpp0250053,26.8,2.7e-64,239.0,0.0,0.0,0.0,0.0,sodium channel protein PaFPC1 [Nephila pilipes],,"38BYK@33154,3B9I5@33208,3CRAE@33213,3SJB5@50557,41UZ1@6656,44XWY@7147,KOG2301@1,KOG2301@2759","GPHH,Ion_trans",0.0,0.0,5_Channels,TRP / TRPL Cation Channels,Ca2+ / Na+ Influx & Depolarization,No
,GFU03646.1,,,,,,,126957.SMAR006802-PA,38.2,1.72e-63,228.0,0.0,0.0,0.0,0.0,sodium channel protein 60E [Nephila pilipes],,"38BYK@33154,3B9I5@33208,3CRAE@33213,41UZ1@6656,KOG2301@1,KOG2301@2759","Ion_trans,Na_trans_assoc",0.0,0.0,5_Channels,TRP / TRPL Cation Channels,Ca2+ / Na+ Influx & Depolarization,No
,GFU03648.1,,,,,,,126957.SMAR006802-PA,40.6,3.33e-50,184.0,0.0,0.0,0.0,0.0,sodium channel protein 60E [Nephila pilipes],,"38BYK@33154,3B9I5@33208,3CRAE@33213,41UZ1@6656,KOG2301@1,KOG2301@2759","Ion_trans,Na_trans_assoc",0.0,0.0,5_Channels,TRP / TRPL Cation Channels,Ca2+ / Na+ Influx & Depolarization,No
,GFU04372.1,,,,,,,51511.ENSCSAVP00000012595,48.1,7.700000000000001e-134,407.0,0.0,0.0,0.0,0.0,guanine nucleotide-binding protein-like 3 homolog [Nephila pilipes],,"38CBA@33154,3B9E7@33208,3CU6V@33213,4831D@7711,COG1161@1,KOG2484@2759","GN3L_Grn1,MMR_HSR1",0.0,0.0,2_G_Protein,G-Protein Heterotrimer (Gq/11),Transduction of Activated Opsin Signal,No
,GFU04650.1,,ko:K06693,,,,"ko00000,ko03051",10224.XP_002733721.1,42.0,1.5100000000000001e-43,151.0,0.0,0.0,0.0,0.0,26S proteasome non-ATPase regulatory subunit 9 [Nephila pilipes],,"38DI5@33154,3BHEE@33208,3D1IG@33213,COG0265@1,KOG3129@2759",PDZ_2,0.0,0.0,4_Scaffold,INAD Signalplex Scaffold,Multi-PDZ Macromolecular Assembly,No
,GFU04866.1,,,,,,,12957.ACEP27607-PA,92.5,1.68e-23,98.2,0.0,0.0,0.0,0.0,retinal homeobox protein Rax [Nephila pilipes],,"KOG0490@1,KOG0490@2759",Homeobox,0.0,0.0,7_Chromophore_Cycle,Retinal Binding & Isomerase,Chromophore 11-cis Regeneration,No
,GFU04977.1,107362681,ko:K21879,,,,"ko03036,ko00000",32264.tetur08g00300.1,53.1,8.15e-17,87.0,0.0,0.0,0.0,0.0,"PDZ domain-containing protein, partial [Nephila pilipes]",,"38CJ3@33154,3BFF4@33208,3CVCB@33213,41VG1@6656,KOG3528@1,KOG3528@2759",PDZ,0.0,0.0,4_Scaffold,INAD Signalplex Scaffold,Multi-PDZ Macromolecular Assembly,No
,GFU05426.1,AND_004508,,,,,,43151.ADAC004508-PA,31.7,2.59e-08,58.2,0.0,0.0,0.0,0.0,"CRAL-TRIO domain-containing protein, partial [Nephila pilipes]",,"39Y0Z@33154,3BG5Z@33208,3CW94@33213,3SHC7@50557,41YF4@6656,456BV@7147,45HFQ@7148,KOG1471@1,KOG1471@2759",CRAL_TRIO,0.0,0.0,7_Chromophore_Cycle,Retinal Binding & Isomerase,Chromophore 11-cis Regeneration,No
,GFU05428.1,G5I_03534,,,,,,103372.F4WD81,34.8,2.63e-40,157.0,0.0,0.0,0.0,0.0,retinaldehyde-binding protein 1 [Nephila pilipes],,"39K53@33154,3BBSK@33208,3CU7Z@33213,3SZDF@50557,41YQ8@6656,46N92@7399,KOG1471@1,KOG1471@2759",CRAL_TRIO,0.0,0.0,7_Chromophore_Cycle,Retinal Binding & Isomerase,Chromophore 11-cis Regeneration,No
,GFU05560.1,8232193,ko:K04439,"ko05032,ko04144,ko04740,map04010,map04340,ko04062,ko04926,map05032,ko04010,map04926,map04740,map04062,map04144,ko04340",,,"ko04131,ko00001,ko00000",121225.PHUM578800-PA,34.1,3.02e-34,131.0,0.0,0.0,0.0,0.0,arrestin homolog [Nephila pilipes],,"38CBU@33154,3BA04@33208,3CRUG@33213,3ECD6@33342,3SGBI@50557,41V58@6656,KOG3865@1,KOG3865@2759","Arrestin_C,Arrestin_N",0.0,0.0,6_Deactivation,Visual Arrestins (Arr1/Arr2),Opsin Quenching & Inactivation,No
,GFU06099.1,,,,,,,6669.EFX85366,35.2,5.99e-42,155.0,0.0,0.0,0.0,0.0,retinal-binding protein [Nephila pilipes],,"38H26@33154,3BB1Q@33208,3CUPE@33213,41XNK@6656,KOG1471@1,KOG1471@2759",CRAL_TRIO,0.0,0.0,7_Chromophore_Cycle,Retinal Binding & Isomerase,Chromophore 11-cis Regeneration,No
,GFU06166.1,,ko:K04920,"ko04971,map04971",,,"ko01009,ko00001,ko04040,ko00000",32264.tetur21g00580.1,45.9,2.24e-56,197.0,0.0,0.0,0.0,0.0,open rectifier potassium channel protein 1 [Nephila pilipes],,"39YPZ@33154,3BMBQ@33208,3CS9F@33213,41X5T@6656,KOG1418@1,KOG1418@2759",Ion_trans_2,0.0,0.0,5_Channels,TRP / TRPL Cation Channels,Ca2+ / Na+ Influx & Depolarization,No
,GFU06347.1,GPRGRK,ko:K08399,,,,"ko04030,ko00000",7159.AAEL004777-PA,41.6,4.26e-23,100.0,0.0,0.0,0.0,0.0,"leucine-rich repeat-containing G-protein coupled receptor 5, partial [Nephila pilipes]",,"38DRQ@33154,3B9GE@33208,3CSEC@33213,3SK59@50557,41VPE@6656,451C3@7147,45CEY@7148,COG4886@1,KOG0619@2759,KOG2087@1,KOG2087@2759","7tm_1,LRR_8",0.0,0.0,2_G_Protein,G-Protein Heterotrimer (Gq/11),Transduction of Activated Opsin Signal,No
,GFU07698.1,,,,,,,6669.EFX85367,33.6,4.68e-39,147.0,0.0,0.0,0.0,0.0,retinal-binding protein [Nephila pilipes],,"38H26@33154,3BB1Q@33208,3CUPE@33213,41XNK@6656,KOG1471@1,KOG1471@2759",CRAL_TRIO,0.0,0.0,7_Chromophore_Cycle,Retinal Binding & Isomerase,Chromophore 11-cis Regeneration,No
,GFU07951.1,,,,,,,7091.BGIBMGA013016-TA,22.2,1.57e-08,63.5,0.0,0.0,0.0,0.0,alpha-tocopherol transfer protein-like [Nephila pilipes],,"3AJP1@33154,3BZQ9@33208,3DFZK@33213,3SR00@50557,422D6@6656,444FA@7088,KOG1471@1,KOG1471@2759",CRAL_TRIO,0.0,0.0,7_Chromophore_Cycle,Retinal Binding & Isomerase,Chromophore 11-cis Regeneration,No
,GFU07953.1,,,,,,,126957.SMAR004840-PA,35.8,8.56e-37,138.0,0.0,0.0,0.0,0.0,clavesin-2 [Nephila pilipes],,"39K53@33154,3BBSK@33208,3CU7Z@33213,41Y3U@6656,KOG1471@1,KOG1471@2759","CRAL_TRIO,CRAL_TRIO_N",0.0,0.0,7_Chromophore_Cycle,Retinal Binding & Isomerase,Chromophore 11-cis Regeneration,No
,GFU07955.1,,,,,,,10224.XP_002735756.1,34.9,1.54e-09,62.4,0.0,0.0,0.0,0.0,clavesin-1 [Nephila pilipes],,"39K53@33154,3BBSK@33208,3CU7Z@33213,KOG1471@1,KOG1471@2759",CRAL_TRIO,0.0,0.0,7_Chromophore_Cycle,Retinal Binding & Isomerase,Chromophore 11-cis Regeneration,No
,GFU08201.1,,,,,,,126957.SMAR013106-PA,72.5,2.35e-23,99.4,0.0,0.0,0.0,0.0,guanine nucleotide-binding protein subunit gamma [Nephila pilipes],,"38F35@33154,3BAAA@33208,3CREC@33213,41VK5@6656,COG1100@1,COG5059@1,KOG0093@1,KOG0093@2759,KOG0395@2759,KOG4280@2759","G-gamma,Ras,Thioredoxin_7",0.0,0.0,2_G_Protein,G-Protein Heterotrimer (Gq/11),Transduction of Activated Opsin Signal,No
,GFU08503.1,GNL1,,,,,,7897.ENSLACP00000001917,40.7,7.66e-124,382.0,0.0,0.0,0.0,0.0,guanine nucleotide-binding protein-like 1 [Nephila pilipes],,"38D1C@33154,3BDW5@33208,3CWRQ@33213,485WC@7711,48YFF@7742,COG1161@1,KOG1424@2759",MMR_HSR1,0.0,0.0,2_G_Protein,G-Protein Heterotrimer (Gq/11),Transduction of Activated Opsin Signal,No
,GFU08626.1,,,,,,,126957.SMAR009557-PA,49.5,1.04e-93,292.0,0.0,0.0,0.0,0.0,probable G-protein coupled receptor AH9.1 [Nephila pilipes],,"39ZIF@33154,3BKI0@33208,3D48Y@33213,41W44@6656,KOG3656@1,KOG3656@2759",7tm_1,0.0,0.0,2_G_Protein,G-Protein Heterotrimer (Gq/11),Transduction of Activated Opsin Signal,No
,GFU08829.1,LOC657962,ko:K04944,"map04911,ko04911",,,"ko00001,ko04040,ko00000",7070.TC014196-PA,72.9,8.41e-66,218.0,0.0,0.0,0.0,0.0,small conductance calcium-activated potassium channel protein [Nephila pilipes],,"38ETT@33154,3B95G@33208,3CRM2@33213,3SHRX@50557,41VVN@6656,KOG3684@1,KOG3684@2759","CaMBD,Ion_trans_2,SK_channel",0.0,0.0,5_Channels,TRP / TRPL Cation Channels,Ca2+ / Na+ Influx & Depolarization,No
,GFU09953.1,,,,,,,126957.SMAR009052-PA,75.9,7.150000000000001e-21,92.0,0.0,0.0,0.0,0.0,"1-phosphatidylinositol 4,5-bisphosphate phosphodiesterase classes I and II, partial [Nephila pilipes]",,"3ASPT@33154,3BB4P@33208,3CUHB@33213,41UZY@6656,KOG0169@1,KOG1265@2759","EF-hand_like,PI-PLC-X,PI-PLC-Y,PLC-beta_C",0.0,0.0,3_Effector,Phospholipase C-beta (PLCβ / NorpA),Hydrolysis of PIP2 -> DAG + IP3,No
,GFU10194.1,,,,,,,32264.tetur20g00280.1,27.3,3.87e-54,214.0,0.0,0.0,0.0,0.0,"FERM and PDZ domain-containing protein 4, partial [Nephila pilipes]",,"38I54@33154,3B9FK@33208,3CSID@33213,41UGF@6656,KOG3552@1,KOG3552@2759","FERM_M,FERM_N,PDZ,WW",0.0,0.0,4_Scaffold,INAD Signalplex Scaffold,Multi-PDZ Macromolecular Assembly,No
,GFU10236.1,L798_09163,,,,,,136037.KDR15458,35.1,5.5e-108,338.0,0.0,0.0,0.0,0.0,SEC14-like protein 1 [Nephila pilipes],,"38H26@33154,3BFRV@33208,3CR81@33213,3SIRT@50557,41TU3@6656,KOG1471@1,KOG1471@2759","CRAL_TRIO,CRAL_TRIO_N,PRELI",0.0,0.0,7_Chromophore_Cycle,Retinal Binding & Isomerase,Chromophore 11-cis Regeneration,No
,GFU10316.1,,,,,,,51511.ENSCSAVP00000012595,48.1,7.700000000000001e-134,407.0,0.0,0.0,0.0,0.0,guanine nucleotide-binding protein-like 3 homolog [Nephila pilipes],,"38CBA@33154,3B9E7@33208,3CU6V@33213,4831D@7711,COG1161@1,KOG2484@2759","GN3L_Grn1,MMR_HSR1",0.0,0.0,2_G_Protein,G-Protein Heterotrimer (Gq/11),Transduction of Activated Opsin Signal,No
,GFU10457.1,,,,,,,126957.SMAR005460-PA,71.3,0.0,3790.0,0.0,0.0,0.0,0.0,"inositol 1,4,5-trisphosphate receptor type 1 [Nephila pilipes]",,"38BAI@33154,3BB2U@33208,3CTXJ@33213,41X95@6656,KOG3533@1,KOG3533@2759","Ins145_P3_rec,Ion_trans,MIR,RIH_assoc,RYDR_ITPR",0.0,0.0,5_Channels,TRP / TRPL Cation Channels,Ca2+ / Na+ Influx & Depolarization,No
,GFU10458.1,,,,,,,126957.SMAR005460-PA,72.2,0.0,3804.0,0.0,0.0,0.0,0.0,"inositol 1,4,5-trisphosphate receptor type 1 [Nephila pilipes]",,"38BAI@33154,3BB2U@33208,3CTXJ@33213,41X95@6656,KOG3533@1,KOG3533@2759","Ins145_P3_rec,Ion_trans,MIR,RIH_assoc,RYDR_ITPR",0.0,0.0,5_Channels,TRP / TRPL Cation Channels,Ca2+ / Na+ Influx & Depolarization,No
,GFU10459.1,,,,,,,126957.SMAR005460-PA,71.7,0.0,3808.0,0.0,0.0,0.0,0.0,"inositol 1,4,5-trisphosphate receptor type 1 [Nephila pilipes]",,"38BAI@33154,3BB2U@33208,3CTXJ@33213,41X95@6656,KOG3533@1,KOG3533@2759","Ins145_P3_rec,Ion_trans,MIR,RIH_assoc,RYDR_ITPR",0.0,0.0,5_Channels,TRP / TRPL Cation Channels,Ca2+ / Na+ Influx & Depolarization,No
,GFU10461.1,,,,,,,126957.SMAR005460-PA,71.7,0.0,3802.0,0.0,0.0,0.0,0.0,"inositol 1,4,5-trisphosphate receptor type 1 [Nephila pilipes]",,"38BAI@33154,3BB2U@33208,3CTXJ@33213,41X95@6656,KOG3533@1,KOG3533@2759","Ins145_P3_rec,Ion_trans,MIR,RIH_assoc,RYDR_ITPR",0.0,0.0,5_Channels,TRP / TRPL Cation Channels,Ca2+ / Na+ Influx & Depolarization,No
,GFU10671.1,kiss1ra,ko:K08374,"ko04080,map04080",,,"ko04030,ko00001,ko00000",7955.ENSDARP00000107676,52.3,9.71e-05,47.8,0.0,0.0,0.0,0.0,"g-protein coupled receptor 54, partial [Nephila pilipes]",,"38E76@33154,3B9VA@33208,3CXBS@33213,48AEH@7711,490MR@7742,4A1UI@7898,KOG3656@1,KOG3656@2759",7tm_1,0.0,0.0,2_G_Protein,G-Protein Heterotrimer (Gq/11),Transduction of Activated Opsin Signal,No
,GFU11178.1,KGM_215755,,,,,,13037.EHJ76054,80.5,1.4200000000000001e-66,203.0,0.0,0.0,0.0,0.0,tax1-binding protein 3 homolog [Nephila pilipes],,"3A1TQ@33154,3BQF7@33208,3D76F@33213,3SMG2@50557,41Z7R@6656,445ZD@7088,KOG3553@1,KOG3553@2759",PDZ,0.0,0.0,4_Scaffold,INAD Signalplex Scaffold,Multi-PDZ Macromolecular Assembly,No
,GFU11434.1,,,,,,,13249.RPRC007108-PA,59.3,1.27e-52,187.0,0.0,0.0,0.0,0.0,transient receptor potential cation channel trpm [Nephila pilipes],,"38D2H@33154,3BASE@33208,3CSW8@33213,3E96G@33342,3SHHK@50557,41UGV@6656,KOG3614@1,KOG3614@2759","Ion_trans,TRPM_tetra",0.0,0.0,5_Channels,TRP / TRPL Cation Channels,Ca2+ / Na+ Influx & Depolarization,No
,GFU12147.1,,ko:K04946,,,,"ko04040,ko00000",32264.tetur18g00390.1,90.4,4.23e-53,185.0,0.0,0.0,0.0,0.0,potassium channel subfamily T member 1 [Nephila pilipes],,"38E39@33154,3B9HM@33208,3CSWY@33213,41YGT@6656,KOG3193@1,KOG3193@2759","BK_channel_a,Ion_trans_2",0.0,0.0,5_Channels,TRP / TRPL Cation Channels,Ca2+ / Na+ Influx & Depolarization,No
,GFU12306.1,LOC657491,,,,,,7070.TC014097-PA,37.6,7.83e-49,172.0,0.0,0.0,0.0,0.0,alpha-tocopherol transfer protein-like [Nephila pilipes],,"39K53@33154,3BBSK@33208,3CU7Z@33213,3SJ6S@50557,41Y3U@6656,KOG1471@1,KOG1471@2759","CRAL_TRIO,CRAL_TRIO_N",0.0,0.0,7_Chromophore_Cycle,Retinal Binding & Isomerase,Chromophore 11-cis Regeneration,No
,GFU12315.1,LOC657491,,,,,,7070.TC014097-PA,35.2,1.8e-20,96.7,0.0,0.0,0.0,0.0,CRAL_TRIO_N domain-containing protein [Nephila pilipes],,"39K53@33154,3BBSK@33208,3CU7Z@33213,3SJ6S@50557,41Y3U@6656,KOG1471@1,KOG1471@2759","CRAL_TRIO,CRAL_TRIO_N",0.0,0.0,7_Chromophore_Cycle,Retinal Binding & Isomerase,Chromophore 11-cis Regeneration,No
,GFU12317.1,LOC657491,,,,,,7070.TC014097-PA,38.0,4.84e-52,181.0,0.0,0.0,0.0,0.0,alpha-tocopherol transfer protein-like [Nephila pilipes],,"39K53@33154,3BBSK@33208,3CU7Z@33213,3SJ6S@50557,41Y3U@6656,KOG1471@1,KOG1471@2759","CRAL_TRIO,CRAL_TRIO_N",0.0,0.0,7_Chromophore_Cycle,Retinal Binding & Isomerase,Chromophore 11-cis Regeneration,No
,GFU12447.1,,,,,,,132113.XP_003494169.1,60.4,4.41e-250,773.0,0.0,0.0,0.0,0.0,cyclic nucleotide-gated cation channel alpha-3 [Nephila pilipes],,"38CC1@33154,3BAEP@33208,3CZ4V@33213,3SIAP@50557,41TIE@6656,KOG0500@1,KOG0500@2759","Ion_trans,cNMP_binding",0.0,0.0,5_Channels,TRP / TRPL Cation Channels,Ca2+ / Na+ Influx & Depolarization,No
,GFU12450.1,,,,,,,132113.XP_003494169.1,60.4,1.1799999999999998e-250,773.0,0.0,0.0,0.0,0.0,cyclic nucleotide-gated cation channel alpha-3 [Nephila pilipes],,"38CC1@33154,3BAEP@33208,3CZ4V@33213,3SIAP@50557,41TIE@6656,KOG0500@1,KOG0500@2759","Ion_trans,cNMP_binding",0.0,0.0,5_Channels,TRP / TRPL Cation Channels,Ca2+ / Na+ Influx & Depolarization,No
,GFU12722.1,6031136,ko:K04946,,,,"ko04040,ko00000",7176.CPIJ000215-PA,83.7,6.17e-17,79.3,0.0,0.0,0.0,0.0,"potassium channel subfamily T member 1, partial [Nephila pilipes]",,"38E39@33154,3B9HM@33208,3CSWY@33213,3SJBC@50557,41YGT@6656,452CA@7147,45E04@7148,KOG3193@1,KOG3193@2759","BK_channel_a,Ion_trans_2",0.0,0.0,5_Channels,TRP / TRPL Cation Channels,Ca2+ / Na+ Influx & Depolarization,No
,GFU13128.1,LOC657491,,,,,,7070.TC014097-PA,32.6,1.16e-27,116.0,0.0,0.0,0.0,0.0,alpha-tocopherol transfer protein-like [Nephila pilipes],,"39K53@33154,3BBSK@33208,3CU7Z@33213,3SJ6S@50557,41Y3U@6656,KOG1471@1,KOG1471@2759","CRAL_TRIO,CRAL_TRIO_N",0.0,0.0,7_Chromophore_Cycle,Retinal Binding & Isomerase,Chromophore 11-cis Regeneration,No
,GFU13327.1,LOC657491,,,,,,7070.TC014097-PA,36.3,4.56e-36,135.0,0.0,0.0,0.0,0.0,clavesin-1 [Nephila pilipes],,"39K53@33154,3BBSK@33208,3CU7Z@33213,3SJ6S@50557,41Y3U@6656,KOG1471@1,KOG1471@2759","CRAL_TRIO,CRAL_TRIO_N",0.0,0.0,7_Chromophore_Cycle,Retinal Binding & Isomerase,Chromophore 11-cis Regeneration,No
,GFU13411.1,,,,,,,13249.RPRC004224-PA,55.3,5.64e-39,143.0,0.0,0.0,0.0,0.0,rho guanine nucleotide exchange factor 10-like protein [Nephila pilipes],,"2CXJS@1,2RY1K@2759,39VGM@33154,3BJCI@33208,3CWQ6@33213,41Z93@6656",DDE_Tnp_1_7,0.0,0.0,2_G_Protein,G-Protein Heterotrimer (Gq/11),Transduction of Activated Opsin Signal,No
,GFU14026.1,,,,,,,32264.tetur10g00860.1,52.7,1.11e-90,286.0,0.0,0.0,0.0,0.0,multiple PDZ domain protein [Nephila pilipes],,"38Q0G@33154,3BF0Y@33208,3CVXZ@33213,KOG3528@1,KOG3528@2759",PDZ,0.0,0.0,4_Scaffold,INAD Signalplex Scaffold,Multi-PDZ Macromolecular Assembly,No
,GFU14028.1,,,,,,,32264.tetur10g00860.1,52.4,3.8e-88,280.0,0.0,0.0,0.0,0.0,multiple PDZ domain protein [Nephila pilipes],,"38Q0G@33154,3BF0Y@33208,3CVXZ@33213,KOG3528@1,KOG3528@2759",PDZ,0.0,0.0,4_Scaffold,INAD Signalplex Scaffold,Multi-PDZ Macromolecular Assembly,No
,GFU16656.1,GE21130,,,,,,7245.FBpp0266140,32.1,2.63e-20,103.0,0.0,0.0,0.0,0.0,ion_trans_2 domain-containing protein [Nephila pilipes],,"39QTD@33154,3BG8M@33208,3CXH3@33213,3SKIG@50557,42A9S@6656,44XW9@7147,45QEI@7214,KOG1418@1,KOG1418@2759",Ion_trans_2,0.0,0.0,5_Channels,TRP / TRPL Cation Channels,Ca2+ / Na+ Influx & Depolarization,No
,GFU17277.1,,,,,,,6087.XP_004208340.1,45.7,2.16e-294,901.0,0.0,0.0,0.0,0.0,regulator of G-protein signaling 3 [Nephila pilipes],,"2CN0N@1,2QT5H@2759,38HD6@33154",,0.0,0.0,2_G_Protein,G-Protein Heterotrimer (Gq/11),Transduction of Activated Opsin Signal,No
,GFU17413.1,,,,,,,126957.SMAR003718-PA,67.1,1.48e-312,904.0,0.0,0.0,0.0,0.0,potassium voltage-gated channel subfamily H member 6 [Nephila pilipes],,"38CEY@33154,3BAE1@33208,3CYJC@33213,41V9J@6656,KOG0498@1,KOG0498@2759","Ion_trans,cNMP_binding",0.0,0.0,5_Channels,TRP / TRPL Cation Channels,Ca2+ / Na+ Influx & Depolarization,No
,GFU17415.1,,,,,,,126957.SMAR003718-PA,68.1,6.47e-306,886.0,0.0,0.0,0.0,0.0,potassium voltage-gated channel subfamily H member 6 [Nephila pilipes],,"38CEY@33154,3BAE1@33208,3CYJC@33213,41V9J@6656,KOG0498@1,KOG0498@2759","Ion_trans,cNMP_binding",0.0,0.0,5_Channels,TRP / TRPL Cation Channels,Ca2+ / Na+ Influx & Depolarization,No
,GFU17444.1,,,,,,,126957.SMAR013897-PA,38.7,0.0,1028.0,0.0,0.0,0.0,0.0,disks large homolog 5 [Nephila pilipes],,"38MWZ@33154,3BHXY@33208,3CW3K@33213,41WVV@6656,COG0194@1,KOG0708@2759,KOG3528@1,KOG3528@2759","CARD,Guanylate_kin,PDZ",0.0,0.0,4_Scaffold,INAD Signalplex Scaffold,Multi-PDZ Macromolecular Assembly,No
,GFU17884.1,,,,,,,6500.NP_001191637.1,36.3,3.8e-09,60.1,0.0,0.0,0.0,0.0,"sodium channel protein, partial [Nephila pilipes]",,"38BYK@33154,3B9I5@33208,3CRAE@33213,KOG2301@1,KOG2301@2759","Ion_trans,Na_trans_assoc,Na_trans_cytopl",0.0,0.0,5_Channels,TRP / TRPL Cation Channels,Ca2+ / Na+ Influx & Depolarization,No
,GFU18081.1,GPR64,,,,,,8049.ENSGMOP00000002283,29.8,4.17e-05,50.1,0.0,0.0,0.0,0.0,"g-protein coupled receptor 126, partial [Nephila pilipes]",,"38BU2@33154,3BJP4@33208,3CUR3@33213,48653@7711,493PT@7742,4A5VY@7898,KOG4193@1,KOG4193@2759","7tm_2,GPS",0.0,0.0,2_G_Protein,G-Protein Heterotrimer (Gq/11),Transduction of Activated Opsin Signal,No
,GFU18916.1,L798_07219,,,,,,136037.KDR18338,28.0,7.56e-27,114.0,0.0,0.0,0.0,0.0,alpha-tocopherol transfer protein-like [Nephila pilipes],,"3A12U@33154,3BQ0D@33208,3D6HD@33213,3SM9N@50557,429YC@6656,KOG1471@1,KOG1471@2759",CRAL_TRIO,0.0,0.0,7_Chromophore_Cycle,Retinal Binding & Isomerase,Chromophore 11-cis Regeneration,No
,GFU18917.1,LOC727007,,,,,,7460.GB45148-PA,30.5,2.22e-14,78.2,0.0,0.0,0.0,0.0,alpha-tocopherol transfer protein-like [Nephila pilipes],,"3A12U@33154,3BQ0D@33208,3D6HD@33213,3SM9N@50557,429YC@6656,46EVM@7399,KOG1471@1,KOG1471@2759",CRAL_TRIO,0.0,0.0,7_Chromophore_Cycle,Retinal Binding & Isomerase,Chromophore 11-cis Regeneration,No
,GFU19199.1,,,,,,,6669.EFX85364,34.1,3.02e-55,190.0,0.0,0.0,0.0,0.0,SEC14-like protein 4 [Nephila pilipes],,"38H26@33154,3BB1Q@33208,3CUPE@33213,41XNK@6656,KOG1471@1,KOG1471@2759",CRAL_TRIO,0.0,0.0,7_Chromophore_Cycle,Retinal Binding & Isomerase,Chromophore 11-cis Regeneration,No
,GFU19202.1,,,,,,,6669.EFX85366,34.5,5.97e-64,219.0,0.0,0.0,0.0,0.0,SEC14-like protein 4 [Nephila pilipes],,"38H26@33154,3BB1Q@33208,3CUPE@33213,41XNK@6656,KOG1471@1,KOG1471@2759",CRAL_TRIO,0.0,0.0,7_Chromophore_Cycle,Retinal Binding & Isomerase,Chromophore 11-cis Regeneration,No
,GFU19208.1,SEC14L2,,,,,,38654.XP_006016891.1,34.8,2.81e-58,202.0,0.0,0.0,0.0,0.0,SEC14-like protein 4 [Nephila pilipes],,"38H26@33154,3BB1Q@33208,3CUPE@33213,480KB@7711,495UQ@7742,KOG1471@1,KOG1471@2759",CRAL_TRIO,0.0,0.0,7_Chromophore_Cycle,Retinal Binding & Isomerase,Chromophore 11-cis Regeneration,No
,GFU19213.1,EH28_06806,,,,,,215358.XP_010749651.1,34.1,1.76e-66,224.0,0.0,0.0,0.0,0.0,SEC14-like protein 4 [Nephila pilipes],,"38H26@33154,3BB1Q@33208,3CUPE@33213,480KB@7711,495UQ@7742,49W5Z@7898,KOG1471@1,KOG1471@2759","CRAL_TRIO,CRAL_TRIO_N",0.0,0.0,7_Chromophore_Cycle,Retinal Binding & Isomerase,Chromophore 11-cis Regeneration,No
,GFU19254.1,107362681,ko:K21879,,,,"ko03036,ko00000",32264.tetur08g00300.1,53.1,8.15e-17,87.0,0.0,0.0,0.0,0.0,"PDZ domain-containing protein, partial [Nephila pilipes]",,"38CJ3@33154,3BFF4@33208,3CVCB@33213,41VG1@6656,KOG3528@1,KOG3528@2759",PDZ,0.0,0.0,4_Scaffold,INAD Signalplex Scaffold,Multi-PDZ Macromolecular Assembly,No
,GFU19492.1,,,,,,,13249.RPRC001238-PA,31.4,2.15e-06,54.7,0.0,0.0,0.0,0.0,"alpha-tocopherol transfer protein-like, partial [Nephila pilipes]",,"39K53@33154,3BBSK@33208,3CU7Z@33213,3EDEM@33342,3SJ6S@50557,41Y3U@6656,KOG1471@1,KOG1471@2759","CRAL_TRIO,CRAL_TRIO_N",0.0,0.0,7_Chromophore_Cycle,Retinal Binding & Isomerase,Chromophore 11-cis Regeneration,No
,GFU20964.1,,,,,,,6669.EFX85395,39.3,1.1400000000000001e-29,119.0,0.0,0.0,0.0,0.0,"retinal-binding protein, partial [Nephila pilipes]",,"38H26@33154,3BB1Q@33208,3CUPE@33213,41XNK@6656,KOG1471@1,KOG1471@2759",CRAL_TRIO,0.0,0.0,7_Chromophore_Cycle,Retinal Binding & Isomerase,Chromophore 11-cis Regeneration,No
,GFU20995.1,107359800,ko:K04977,"ko04621,map04921,map04621,ko04921",,3.6.1.13,"ko01000,ko00001,ko04040,ko00000",32264.tetur04g05640.1,48.7,7.04e-45,166.0,0.0,0.0,0.0,0.0,"transient receptor potential cation channel subfamily M member 6, partial [Nephila pilipes]",,"38D2H@33154,3BASE@33208,3CSW8@33213,41UGV@6656,KOG3614@1,KOG3614@2759,KOG4195@1,KOG4195@2759",,0.0,0.0,5_Channels,TRP / TRPL Cation Channels,Ca2+ / Na+ Influx & Depolarization,No
,GFU22547.1,,,,,,,126957.SMAR007018-PA,65.6,8.27e-101,333.0,0.0,0.0,0.0,0.0,protein prune homolog 2 [Nephila pilipes],,"38BDM@33154,3BC0T@33208,3CRK7@33213,41U5X@6656,COG1100@1,KOG0070@2759","Arf,BNIP2,CRAL_TRIO_2",0.0,0.0,7_Chromophore_Cycle,Retinal Binding & Isomerase,Chromophore 11-cis Regeneration,No
,GFU22549.1,,,,,,,126957.SMAR007018-PA,66.9,1.15e-97,324.0,0.0,0.0,0.0,0.0,protein prune homolog 2 [Nephila pilipes],,"38BDM@33154,3BC0T@33208,3CRK7@33213,41U5X@6656,COG1100@1,KOG0070@2759","Arf,BNIP2,CRAL_TRIO_2",0.0,0.0,7_Chromophore_Cycle,Retinal Binding & Isomerase,Chromophore 11-cis Regeneration,No
,GFU22587.1,,ko:K04349,"map04510,map04014,map04010,ko04014,ko04010,ko04510",,,"ko00001,ko00000",32264.tetur31g00190.1,58.7,0.0,1451.0,0.0,0.0,0.0,0.0,ras-specific guanine nucleotide-releasing factor 2 [Nephila pilipes],,"38I5C@33154,3BC6C@33208,3CTIN@33213,41UYS@6656,KOG3417@1,KOG3417@2759","PH,RasGEF,RasGEF_N,RhoGEF",0.0,0.0,2_G_Protein,G-Protein Heterotrimer (Gq/11),Transduction of Activated Opsin Signal,No
,GFU22590.1,,ko:K04349,"map04510,map04014,map04010,ko04014,ko04010,ko04510",,,"ko00001,ko00000",32264.tetur31g00190.1,58.2,0.0,1440.0,0.0,0.0,0.0,0.0,ras-specific guanine nucleotide-releasing factor 2 [Nephila pilipes],,"38I5C@33154,3BC6C@33208,3CTIN@33213,41UYS@6656,KOG3417@1,KOG3417@2759","PH,RasGEF,RasGEF_N,RhoGEF",0.0,0.0,2_G_Protein,G-Protein Heterotrimer (Gq/11),Transduction of Activated Opsin Signal,No
,GFU22882.1,GF11409,,,,,,7217.FBpp0114601,38.8,5.6400000000000004e-33,134.0,0.0,0.0,0.0,0.0,ras guanine nucleotide exchange factor C [Nephila pilipes],,"38HVP@33154,3BB33@33208,3CT9B@33213,3SJ7X@50557,41VYS@6656,44XVM@7147,45RKJ@7214,KOG3417@1,KOG3417@2759","PH,RasGEF",0.0,0.0,2_G_Protein,G-Protein Heterotrimer (Gq/11),Transduction of Activated Opsin Signal,No
,GFU24042.1,,,,,,,7668.SPU_016495-tr,63.8,3.99e-39,133.0,0.0,0.0,0.0,0.0,rap guanine nucleotide exchange factor 6 [Nephila pilipes],,"3A89U@33154,3BTW6@33208,3DAX5@33213,KOG3542@2759,KOG3629@1",,0.0,0.0,2_G_Protein,G-Protein Heterotrimer (Gq/11),Transduction of Activated Opsin Signal,No
,GFU24639.1,,,,,,,13249.RPRC004224-PA,48.1,1.16e-23,99.8,0.0,0.0,0.0,0.0,rho guanine nucleotide exchange factor 10-like protein [Nephila pilipes],,"2CXJS@1,2RY1K@2759,39VGM@33154,3BJCI@33208,3CWQ6@33213,41Z93@6656",DDE_Tnp_1_7,0.0,0.0,2_G_Protein,G-Protein Heterotrimer (Gq/11),Transduction of Activated Opsin Signal,No
,GFU25602.1,,,,,,,126957.SMAR003977-PA,48.6,1.3999999999999999e-176,521.0,0.0,0.0,0.0,0.0,rhophilin-2 [Nephila pilipes],,"38BZH@33154,3BEU9@33208,3CXJJ@33213,41UUC@6656,KOG2220@1,KOG2220@2759","BRO1,HR1,PDZ",0.0,0.0,4_Scaffold,INAD Signalplex Scaffold,Multi-PDZ Macromolecular Assembly,No
,GFU25764.1,107359800,ko:K04977,"ko04621,map04921,map04621,ko04921",,3.6.1.13,"ko01000,ko00001,ko04040,ko00000",32264.tetur04g05640.1,33.4,2.92e-255,785.0,0.0,0.0,0.0,0.0,transient receptor potential cation channel subfamily M member 2 [Nephila pilipes],,"38D2H@33154,3BASE@33208,3CSW8@33213,41UGV@6656,KOG3614@1,KOG3614@2759,KOG4195@1,KOG4195@2759",,0.0,0.0,5_Channels,TRP / TRPL Cation Channels,Ca2+ / Na+ Influx & Depolarization,No
,GFU25846.1,,,,,,,126957.SMAR005843-PA,34.9,1.65e-44,161.0,0.0,0.0,0.0,0.0,motile sperm domain-containing protein 2 [Nephila pilipes],,"39MFQ@33154,3BBUE@33208,3CTGN@33213,41W90@6656,COG5066@1,KOG0439@2759,KOG1471@1,KOG1471@2759","CRAL_TRIO,Motile_Sperm",0.0,0.0,7_Chromophore_Cycle,Retinal Binding & Isomerase,Chromophore 11-cis Regeneration,No
,GFU26125.1,,,,,,,126957.SMAR009001-PA,63.5,3.84e-290,892.0,0.0,0.0,0.0,0.0,ryanodine receptor [Nephila pilipes],,"38BST@33154,3BC6F@33208,3CVQC@33213,41UAK@6656,KOG2243@1,KOG2243@2759","Ion_trans,RIH_assoc,RR_TM4-6,RYDR_ITPR,RyR,SPRY",0.0,0.0,5_Channels,TRP / TRPL Cation Channels,Ca2+ / Na+ Influx & Depolarization,No
,GFU26409.1,,ko:K13805,"map04745,ko04745",,,"ko00001,ko00000",32264.tetur15g03290.1,55.2,4.43e-28,105.0,0.0,0.0,0.0,0.0,"arrestin, lateral eye [Nephila pilipes]",,"KOG3865@1,KOG3865@2759",,0.0,0.0,6_Deactivation,Visual Arrestins (Arr1/Arr2),Opsin Quenching & Inactivation,No
,GFU26438.1,,,,,,,48698.ENSPFOP00000018995,33.8,2.3e-72,239.0,0.0,0.0,0.0,0.0,SEC14-like protein 2 [Nephila pilipes],,"38H26@33154,3BB1Q@33208,3CUPE@33213,480KB@7711,49E8Z@7742,4A59N@7898,KOG1471@1,KOG1471@2759",CRAL_TRIO,0.0,0.0,7_Chromophore_Cycle,Retinal Binding & Isomerase,Chromophore 11-cis Regeneration,No
,GFU26518.1,,,,,,,32264.tetur20g00280.1,27.3,8.699999999999999e-54,213.0,0.0,0.0,0.0,0.0,FERM and PDZ domain-containing protein 4 [Nephila pilipes],,"38I54@33154,3B9FK@33208,3CSID@33213,41UGF@6656,KOG3552@1,KOG3552@2759","FERM_M,FERM_N,PDZ,WW",0.0,0.0,4_Scaffold,INAD Signalplex Scaffold,Multi-PDZ Macromolecular Assembly,No
,GFU27087.1,,,,,,,13249.RPRC005650-PA,34.0,1.84e-52,190.0,0.0,0.0,0.0,0.0,TWiK family of potassium channels protein 7 [Nephila pilipes],,"39TQP@33154,3BNGG@33208,3CV2V@33213,3E96P@33342,3SHWP@50557,41VS2@6656,KOG1418@1,KOG1418@2759",Ion_trans_2,0.0,0.0,5_Channels,TRP / TRPL Cation Channels,Ca2+ / Na+ Influx & Depolarization,No
,GFU27611.1,,,,,,,126957.SMAR008627-PA,78.2,5.2899999999999985e-264,748.0,0.0,0.0,0.0,0.0,disks large homolog 2 [Nephila pilipes],,"38EMW@33154,3BE6T@33208,3CR79@33213,41VVE@6656,COG0194@1,KOG0708@2759","Guanylate_kin,PDZ,SH3_2",0.0,0.0,4_Scaffold,INAD Signalplex Scaffold,Multi-PDZ Macromolecular Assembly,No
,GFU27619.1,,,,,,,7460.GB40647-PA,76.3,8.61e-96,293.0,0.0,0.0,0.0,0.0,disks large 1 tumor suppressor protein [Nephila pilipes],,"3A0AB@33154,3BPVI@33208,3D6YD@33213,3SQE7@50557,421ZC@6656,COG0194@1,KOG0708@2759",PDZ,0.0,0.0,4_Scaffold,INAD Signalplex Scaffold,Multi-PDZ Macromolecular Assembly,No
,GFU28158.1,107368974,,,,,,32264.tetur01g02220.1,61.6,2.6e-188,542.0,0.0,0.0,0.0,0.0,rho GTPase-activating protein 1 [Nephila pilipes],,"38DDC@33154,3BCGA@33208,3CRHD@33213,41Y7S@6656,KOG4406@1,KOG4406@2759","CRAL_TRIO_2,RhoGAP",0.0,0.0,7_Chromophore_Cycle,Retinal Binding & Isomerase,Chromophore 11-cis Regeneration,No
,GFU28167.1,LOC658349,ko:K15009,"ko04724,map04724",,,"ko00001,ko00000",7070.TC007761-PA,42.3,9.21e-05,47.8,0.0,0.0,0.0,0.0,SH3 and multiple ankyrin repeat domains protein 1 [Nephila pilipes],,"38D44@33154,3BAUX@33208,3CVP4@33213,3SHVU@50557,41W9R@6656,COG0666@1,KOG0504@2759,KOG3528@1,KOG3528@2759","Ank_2,FERM_f0,PDZ,SH3_2",0.0,0.0,4_Scaffold,INAD Signalplex Scaffold,Multi-PDZ Macromolecular Assembly,No
,GFU28351.1,,,,,,,126957.SMAR014891-PA,37.3,2.05e-144,449.0,0.0,0.0,0.0,0.0,g-protein coupled receptor Mth2 [Nephila pilipes],,"28Z7Y@1,2R627@2759,39MTC@33154,3CPD4@33208,3D007@33213,42AIY@6656",7tm_2,0.0,0.0,2_G_Protein,G-Protein Heterotrimer (Gq/11),Transduction of Activated Opsin Signal,No
,GFU28633.1,,,,,,,13249.RPRC004224-PA,56.7,8.71e-75,238.0,0.0,0.0,0.0,0.0,rho guanine nucleotide exchange factor 10-like protein [Nephila pilipes],,"2CXJS@1,2RY1K@2759,39VGM@33154,3BJCI@33208,3CWQ6@33213,41Z93@6656",DDE_Tnp_1_7,0.0,0.0,2_G_Protein,G-Protein Heterotrimer (Gq/11),Transduction of Activated Opsin Signal,No
,GFU28754.1,L798_04148,ko:K16727,,,,"ko03036,ko04131,ko00000",136037.KDR21446,44.7,3.23e-309,919.0,0.0,0.0,0.0,0.0,rho guanine nucleotide exchange factor 10 [Nephila pilipes],,"38VJ5@33154,3BCXI@33208,3CU9B@33213,3SH8H@50557,41YAQ@6656,KOG3522@1,KOG3522@2759",RhoGEF,0.0,0.0,2_G_Protein,G-Protein Heterotrimer (Gq/11),Transduction of Activated Opsin Signal,No
,GFU28757.1,L798_04148,ko:K16727,,,,"ko03036,ko04131,ko00000",136037.KDR21446,44.7,1.16e-309,919.0,0.0,0.0,0.0,0.0,rho guanine nucleotide exchange factor 10 [Nephila pilipes],,"38VJ5@33154,3BCXI@33208,3CU9B@33213,3SH8H@50557,41YAQ@6656,KOG3522@1,KOG3522@2759",RhoGEF,0.0,0.0,2_G_Protein,G-Protein Heterotrimer (Gq/11),Transduction of Activated Opsin Signal,No
,GFU28946.1,,,,,,,13735.ENSPSIP00000013069,69.0,9.8e-66,211.0,0.0,0.0,0.0,0.0,"potassium voltage-gated channel subfamily KQT member 1, partial [Nephila pilipes]",,"38BBJ@33154,3BA2P@33208,3CR7B@33213,488CB@7711,4914F@7742,4CIK1@8459,COG2126@1,KOG1419@2759",Ion_trans,0.0,0.0,5_Channels,TRP / TRPL Cation Channels,Ca2+ / Na+ Influx & Depolarization,No
,GFU29397.1,,,,,,,32264.tetur03g09080.1,57.4,5.57e-215,667.0,0.0,0.0,0.0,0.0,voltage-dependent calcium channel type A subunit alpha-1 [Nephila pilipes],,"38BYK@33154,3BAHQ@33208,3CSUW@33213,41Y1S@6656,KOG2301@1,KOG2301@2759","Ca_chan_IQ,GPHH,Ion_trans",0.0,0.0,5_Channels,TRP / TRPL Cation Channels,Ca2+ / Na+ Influx & Depolarization,No
,GFU29399.1,,,,,,,32264.tetur03g09080.1,57.6,7.26e-217,672.0,0.0,0.0,0.0,0.0,voltage-dependent calcium channel type A subunit alpha-1 [Nephila pilipes],,"38BYK@33154,3BAHQ@33208,3CSUW@33213,41Y1S@6656,KOG2301@1,KOG2301@2759","Ca_chan_IQ,GPHH,Ion_trans",0.0,0.0,5_Channels,TRP / TRPL Cation Channels,Ca2+ / Na+ Influx & Depolarization,No
,GFU29424.1,,,,,,,69319.XP_008554365.1,72.9,0.0,1424.0,0.0,0.0,0.0,0.0,voltage-dependent calcium channel type A subunit alpha-1 [Nephila pilipes],,"38BYK@33154,3BAHQ@33208,3CSUW@33213,3SI30@50557,41Y1S@6656,46HUQ@7399,KOG2301@1,KOG2301@2759","Ca_chan_IQ,GPHH,Ion_trans",0.0,0.0,5_Channels,TRP / TRPL Cation Channels,Ca2+ / Na+ Influx & Depolarization,No
,GFU29428.1,,,,,,,6669.EFX65595,72.4,0.0,1458.0,0.0,0.0,0.0,0.0,voltage-dependent calcium channel type A subunit alpha-1 [Nephila pilipes],,"38BYK@33154,3BAHQ@33208,3CSUW@33213,41Y1S@6656,KOG2301@1,KOG2301@2759","Ca_chan_IQ,GPHH,Ion_trans",0.0,0.0,5_Channels,TRP / TRPL Cation Channels,Ca2+ / Na+ Influx & Depolarization,No
,GFU29859.1,,,,,,,126957.SMAR007972-PA,40.4,2.03e-43,159.0,0.0,0.0,0.0,0.0,PDZ and LIM domain protein Zasp [Nephila pilipes],,"3A377@33154,3BR9K@33208,3D7PP@33213,41ZJJ@6656,KOG3528@1,KOG3528@2759","DUF4749,PDZ",0.0,0.0,4_Scaffold,INAD Signalplex Scaffold,Multi-PDZ Macromolecular Assembly,No
,GFU29877.1,,,,,,,126957.SMAR001405-PA,42.2,2.63e-227,712.0,0.0,0.0,0.0,0.0,rho guanine nucleotide exchange factor 28 [Nephila pilipes],,"38EVD@33154,3B9V5@33208,3CZ7I@33213,41WAR@6656,COG5422@1,KOG3520@2759",RhoGEF,0.0,0.0,2_G_Protein,G-Protein Heterotrimer (Gq/11),Transduction of Activated Opsin Signal,No
,GFU29882.1,,,,,,,6500.XP_005089220.1,49.0,3.01e-234,684.0,0.0,0.0,0.0,0.0,two pore calcium channel protein 1 [Nephila pilipes],,"38C6H@33154,3B9ZU@33208,3CSBT@33213,KOG2301@1,KOG2301@2759",Ion_trans,0.0,0.0,5_Channels,TRP / TRPL Cation Channels,Ca2+ / Na+ Influx & Depolarization,No
,GFU30417.1,,ko:K06095,"ko04530,map04530,ko04391,map04391",,,"ko00001,ko00000",7029.ACYPI50578-PA,36.1,5.920000000000001e-291,898.0,0.0,0.0,0.0,0.0,multiple PDZ domain protein [Nephila pilipes],,"38Q0G@33154,3BF0Y@33208,3CVXZ@33213,3E7Z3@33342,3SI7M@50557,41XQ2@6656,KOG3528@1,KOG3528@2759",PDZ,0.0,0.0,4_Scaffold,INAD Signalplex Scaffold,Multi-PDZ Macromolecular Assembly,No
,GFU30431.1,,,,,,,69319.XP_008545189.1,47.3,0.0,1247.0,0.0,0.0,0.0,0.0,sodium channel protein 60E [Nephila pilipes],,"38BYK@33154,3B9I5@33208,3CRAE@33213,3SJB5@50557,41UZ1@6656,46JHJ@7399,KOG2301@1,KOG2301@2759","GPHH,Ion_trans",0.0,0.0,5_Channels,TRP / TRPL Cation Channels,Ca2+ / Na+ Influx & Depolarization,No
,GFU30433.1,,,,,,,9258.ENSOANP00000014924,39.3,5.32e-08,59.3,0.0,0.0,0.0,0.0,sodium channel protein [Nephila pilipes],,"38BYK@33154,3B9I5@33208,3CRAE@33213,3J6N9@40674,4829E@7711,48XM5@7742,KOG2301@1,KOG2301@2759",Ion_trans,0.0,0.0,5_Channels,TRP / TRPL Cation Channels,Ca2+ / Na+ Influx & Depolarization,No
,GFU30720.1,,,,,,,13735.ENSPSIP00000013069,69.0,9.8e-66,211.0,0.0,0.0,0.0,0.0,"potassium voltage-gated channel subfamily KQT member 1, partial [Nephila pilipes]",,"38BBJ@33154,3BA2P@33208,3CR7B@33213,488CB@7711,4914F@7742,4CIK1@8459,COG2126@1,KOG1419@2759",Ion_trans,0.0,0.0,5_Channels,TRP / TRPL Cation Channels,Ca2+ / Na+ Influx & Depolarization,No
,GFU31096.1,,,,,,,126957.SMAR009978-PA,64.9,0.0,1123.0,0.0,0.0,0.0,0.0,tyrosine-protein phosphatase non-receptor type 4 [Nephila pilipes],,"38DFT@33154,3BFXV@33208,3CRZX@33213,41TGP@6656,COG5599@1,KOG0792@2759","FERM_M,FERM_N,PDZ,Y_phosphatase",0.0,0.0,4_Scaffold,INAD Signalplex Scaffold,Multi-PDZ Macromolecular Assembly,No
,GFU31097.1,,,,,,,126957.SMAR009978-PA,78.7,9.31e-241,688.0,0.0,0.0,0.0,0.0,tyrosine-protein phosphatase non-receptor type 4 [Nephila pilipes],,"38DFT@33154,3BFXV@33208,3CRZX@33213,41TGP@6656,COG5599@1,KOG0792@2759","FERM_M,FERM_N,PDZ,Y_phosphatase",0.0,0.0,4_Scaffold,INAD Signalplex Scaffold,Multi-PDZ Macromolecular Assembly,No
,GFU31098.1,PTPN4,ko:K18037,,,3.1.3.48,"ko01000,ko01009,ko00000",7460.GB44779-PA,59.0,6.86e-177,526.0,0.0,0.0,0.0,0.0,tyrosine-protein phosphatase non-receptor type 4 [Nephila pilipes],,"38DFT@33154,3BFXV@33208,3CRZX@33213,3SFQC@50557,41TGP@6656,46FB0@7399,COG5599@1,KOG0792@2759","FA,FERM_C,FERM_M,FERM_N,PDZ,Y_phosphatase",0.0,0.0,4_Scaffold,INAD Signalplex Scaffold,Multi-PDZ Macromolecular Assembly,No
,GFU31099.1,PTPN4,ko:K18037,,,3.1.3.48,"ko01000,ko01009,ko00000",7460.GB44779-PA,59.2,1e-178,530.0,0.0,0.0,0.0,0.0,tyrosine-protein phosphatase non-receptor type 4 [Nephila pilipes],,"38DFT@33154,3BFXV@33208,3CRZX@33213,3SFQC@50557,41TGP@6656,46FB0@7399,COG5599@1,KOG0792@2759","FA,FERM_C,FERM_M,FERM_N,PDZ,Y_phosphatase",0.0,0.0,4_Scaffold,INAD Signalplex Scaffold,Multi-PDZ Macromolecular Assembly,No
,GFU31363.1,,,,,,,48698.ENSPFOP00000018995,35.7,1.74e-19,91.7,0.0,0.0,0.0,0.0,"SEC14-like protein 2, partial [Nephila pilipes]",,"38H26@33154,3BB1Q@33208,3CUPE@33213,480KB@7711,49E8Z@7742,4A59N@7898,KOG1471@1,KOG1471@2759",CRAL_TRIO,0.0,0.0,7_Chromophore_Cycle,Retinal Binding & Isomerase,Chromophore 11-cis Regeneration,No
,GFU31582.1,20195673,ko:K20007,,,,"ko04040,ko00000",6412.HelroP116717,35.7,3.56e-11,66.6,0.0,0.0,0.0,0.0,TWiK family of potassium channels protein 7 [Nephila pilipes],,"39QTD@33154,3BG8M@33208,3CXH3@33213,KOG1418@1,KOG1418@2759",Ion_trans_2,0.0,0.0,5_Channels,TRP / TRPL Cation Channels,Ca2+ / Na+ Influx & Depolarization,No
,GFU32301.1,,,,,,,126957.SMAR014151-PA,69.9,0.0,1462.0,0.0,0.0,0.0,0.0,"1-phosphatidylinositol 4,5-bisphosphate phosphodiesterase beta-4 [Nephila pilipes]",,"3ASPT@33154,3BB4P@33208,3CUHB@33213,41TXN@6656,KOG0169@1,KOG1265@2759","DUF1154,EF-hand_like,PI-PLC-X,PI-PLC-Y",0.0,0.0,3_Effector,Phospholipase C-beta (PLCβ / NorpA),Hydrolysis of PIP2 -> DAG + IP3,No
,GFU32563.1,,,,,,,126957.SMAR014485-PA,50.6,7.08e-179,522.0,0.0,0.0,0.0,0.0,ras-specific guanine nucleotide-releasing factor RalGPS1 [Nephila pilipes],,"38HVP@33154,3BB33@33208,3CT9B@33213,41VYS@6656,KOG3417@1,KOG3417@2759",RasGEF,0.0,0.0,2_G_Protein,G-Protein Heterotrimer (Gq/11),Transduction of Activated Opsin Signal,No
,GFU33473.1,,,,,,,126957.SMAR000911-PA,66.7,5.36e-77,239.0,0.0,0.0,0.0,0.0,arrestin domain-containing protein 3 [Nephila pilipes],,"38D4U@33154,3BHNQ@33208,3D3RI@33213,41TSA@6656,KOG3780@1,KOG3780@2759","Arrestin_C,Arrestin_N",0.0,0.0,6_Deactivation,Visual Arrestins (Arr1/Arr2),Opsin Quenching & Inactivation,No
,GFU33482.1,,,,,,,126957.SMAR012359-PA,81.8,1.87e-193,545.0,0.0,0.0,0.0,0.0,guanine nucleotide-binding protein subunit beta-5 [Nephila pilipes],,"39I9M@33154,3BCTF@33208,3CV20@33213,41WB9@6656,KOG0286@1,KOG0286@2759",WD40,0.0,0.0,2_G_Protein,G-Protein Heterotrimer (Gq/11),Transduction of Activated Opsin Signal,No
,GFU33484.1,,ko:K04539,"map05167,map04014,ko04062,map04371,ko04926,map04728,map04727,map04726,ko04713,map04724,map04723,map05032,ko05034,ko05032,map05200,map04926,map05034,ko04014,map04062,map04725,ko04151,map04713,ko05167,ko04728,ko04371,ko04724,ko04725,ko04726,ko04727,ko05200,map04151,ko04723",,,"ko04147,ko00001,ko04031,ko00000",32264.tetur04g01530.1,83.2,5.650000000000001e-194,546.0,0.0,0.0,0.0,0.0,guanine nucleotide-binding protein subunit beta-5 [Nephila pilipes],,"39I9M@33154,3BCTF@33208,3CV20@33213,41WB9@6656,KOG0286@1,KOG0286@2759",WD40,0.0,0.0,2_G_Protein,G-Protein Heterotrimer (Gq/11),Transduction of Activated Opsin Signal,No
,GFU33724.1,,ko:K15837,,,,"ko03036,ko00000",7159.AAEL008688-PA,60.7,1.99e-88,300.0,0.0,0.0,0.0,0.0,g-protein-signaling modulator 2 [Nephila pilipes],,"38BEC@33154,3BBV7@33208,3CSNR@33213,3SGJQ@50557,41TFF@6656,4504Z@7147,45GKZ@7148,KOG1130@1,KOG1130@2759","GoLoco,TPR_12,TPR_7",0.0,0.0,2_G_Protein,G-Protein Heterotrimer (Gq/11),Transduction of Activated Opsin Signal,No
,GFU33858.1,Y956_01622,,,,,,128390.XP_009458767.1,44.8,1.4e-10,64.3,0.0,0.0,0.0,0.0,c-opsin [Nephila pilipes],,"38GKH@33154,3BKH3@33208,3CZMH@33213,481IR@7711,495WD@7742,4GW29@8782,KOG3656@1,KOG3656@2759",7tm_1,0.0,0.0,1_Photopigment,Rhabdomeric Opsins (Rh1/Rh2/UV/LWS),Light Absorption & Photoisomerization,No
,GFU34141.1,,,,,,,6669.EFX85563,41.8,8.61e-16,79.7,0.0,0.0,0.0,0.0,SEC14-like protein 2 [Nephila pilipes],,"38H26@33154,3BB1Q@33208,3CUPE@33213,41XNK@6656,KOG1471@1,KOG1471@2759",CRAL_TRIO,0.0,0.0,7_Chromophore_Cycle,Retinal Binding & Isomerase,Chromophore 11-cis Regeneration,No
,GFU34143.1,,,,,,,6669.EFX85363,37.7,6.19e-34,126.0,0.0,0.0,0.0,0.0,"retinal-binding protein, partial [Nephila pilipes]",,"38H26@33154,3BB1Q@33208,3CUPE@33213,41XNK@6656,KOG1471@1,KOG1471@2759",CRAL_TRIO,0.0,0.0,7_Chromophore_Cycle,Retinal Binding & Isomerase,Chromophore 11-cis Regeneration,No
,GFU34218.1,,,,,,,13249.RPRC004224-PA,47.7,1.07e-25,105.0,0.0,0.0,0.0,0.0,rho guanine nucleotide exchange factor 10-like protein [Nephila pilipes],,"2CXJS@1,2RY1K@2759,39VGM@33154,3BJCI@33208,3CWQ6@33213,41Z93@6656",DDE_Tnp_1_7,0.0,0.0,2_G_Protein,G-Protein Heterotrimer (Gq/11),Transduction of Activated Opsin Signal,No
,GFU34227.1,,ko:K04946,,,,"ko04040,ko00000",32264.tetur18g00390.1,84.0,2.21e-87,286.0,0.0,0.0,0.0,0.0,"potassium channel subfamily T member 1, partial [Nephila pilipes]",,"38E39@33154,3B9HM@33208,3CSWY@33213,41YGT@6656,KOG3193@1,KOG3193@2759","BK_channel_a,Ion_trans_2",0.0,0.0,5_Channels,TRP / TRPL Cation Channels,Ca2+ / Na+ Influx & Depolarization,No
,GFU34416.1,,,,,,,126957.SMAR009001-PA,63.1,0.0,990.0,0.0,0.0,0.0,0.0,ryanodine receptor [Nephila pilipes],,"38BST@33154,3BC6F@33208,3CVQC@33213,41UAK@6656,KOG2243@1,KOG2243@2759","Ion_trans,RIH_assoc,RR_TM4-6,RYDR_ITPR,RyR,SPRY",0.0,0.0,5_Channels,TRP / TRPL Cation Channels,Ca2+ / Na+ Influx & Depolarization,No
,GFU35288.1,NosC,ko:K13240,"map01110,ko05010,map00330,map04371,ko04020,ko01110,ko04145,ko00330,map05010,map05014,map04926,map04145,ko04730,map01100,ko04970,map00220,ko05014,map04020,ko04713,ko00220,map04970,ko01100,map04713,ko04926,ko04371,map04730",,1.14.13.39,"ko01000,ko00001,ko00000",7739.XP_002605826.1,36.9,4.27e-14,78.2,0.0,0.0,0.0,0.0,PDZ domain-containing protein [Nephila pilipes],,"38GQ3@33154,3BE0N@33208,3CUVN@33213,47YV0@7711,COG0369@1,KOG1158@2759","FAD_binding_1,Flavodoxin_1,NAD_binding_1,NO_synthase,PDZ",0.0,0.0,4_Scaffold,INAD Signalplex Scaffold,Multi-PDZ Macromolecular Assembly,No
,GFU35968.1,,,,,,,126957.SMAR010671-PA,63.5,0.0,1062.0,0.0,0.0,0.0,0.0,rap guanine nucleotide exchange factor 4 [Nephila pilipes],,"39DVR@33154,3BBRB@33208,3CTHF@33213,41UAQ@6656,KOG2378@2759,KOG3629@1","DEP,RasGEF,cNMP_binding",0.0,0.0,2_G_Protein,G-Protein Heterotrimer (Gq/11),Transduction of Activated Opsin Signal,No
,GFU35969.1,,ko:K04351,"ko04261,map04261,map04015,ko04670,ko04024,map04911,map04024,ko04072,ko04015,map04670,map04072,ko04911",,,"ko04131,ko00001,ko00000",10224.XP_006822120.1,57.4,0.0,1068.0,0.0,0.0,0.0,0.0,rap guanine nucleotide exchange factor 4 [Nephila pilipes],,"39DVR@33154,3BBRB@33208,3CTHF@33213,KOG2378@2759,KOG3629@1","DEP,RasGEF,RasGEF_N,cNMP_binding",0.0,0.0,2_G_Protein,G-Protein Heterotrimer (Gq/11),Transduction of Activated Opsin Signal,No
,GFU35971.1,,,,,,,9823.ENSSSCP00000028090,59.3,9.66e-33,119.0,0.0,0.0,0.0,0.0,rap guanine nucleotide exchange factor 4 [Nephila pilipes],,"39DVR@33154,3C2ED@33208,3DB4U@33213,3JIM6@40674,48HCM@7711,49EUY@7742,4JCJY@91561,KOG2378@2759,KOG3629@1",cNMP_binding,0.0,0.0,2_G_Protein,G-Protein Heterotrimer (Gq/11),Transduction of Activated Opsin Signal,No
,GFU36125.1,,,,,,,126957.SMAR000065-PA,31.8,2.71e-71,244.0,0.0,0.0,0.0,0.0,potassium voltage-gated channel subfamily KQT member 1 [Nephila pilipes],,"38BBJ@33154,3BA2P@33208,3CR7B@33213,41XRB@6656,COG2126@1,KOG1419@2759","Ion_trans,Ion_trans_2,KCNQ_channel",0.0,0.0,5_Channels,TRP / TRPL Cation Channels,Ca2+ / Na+ Influx & Depolarization,No
,GFU36140.1,,,,,,,13249.RPRC004224-PA,63.9,7.02e-25,104.0,0.0,0.0,0.0,0.0,rho guanine nucleotide exchange factor 10-like protein [Nephila pilipes],,"2CXJS@1,2RY1K@2759,39VGM@33154,3BJCI@33208,3CWQ6@33213,41Z93@6656",DDE_Tnp_1_7,0.0,0.0,2_G_Protein,G-Protein Heterotrimer (Gq/11),Transduction of Activated Opsin Signal,No
,GFU36174.1,,,,,,,215358.XP_010736654.1,60.6,4.04e-40,135.0,0.0,0.0,0.0,0.0,"guanine nucleotide exchange factor VAV3, partial [Nephila pilipes]",,"38DEP@33154,3B9EP@33208,3CUHQ@33213,47YWQ@7711,48Y61@7742,49UHI@7898,KOG2996@1,KOG2996@2759",CAMSAP_CH,0.0,0.0,2_G_Protein,G-Protein Heterotrimer (Gq/11),Transduction of Activated Opsin Signal,No
,GFU36535.1,AAEL010334,,,,,,7159.AAEL010334-PA,41.3,5.93e-09,58.5,0.0,0.0,0.0,0.0,"alpha-tocopherol transfer protein-like, partial [Nephila pilipes]",,"39K53@33154,3BBSK@33208,3CU7Z@33213,3SJ6S@50557,41Y3U@6656,45684@7147,45CQT@7148,KOG1471@1,KOG1471@2759","CRAL_TRIO,CRAL_TRIO_N",0.0,0.0,7_Chromophore_Cycle,Retinal Binding & Isomerase,Chromophore 11-cis Regeneration,No
,GFU36816.1,6044737,ko:K04255,,,,"ko04030,ko00000",7176.CPIJ011573-PA,64.2,6.72e-61,199.0,0.0,0.0,0.0,0.0,"ocellar opsin, partial [Nephila pilipes]",,"395S3@33154,3BCHK@33208,3CVQF@33213,3SI0Y@50557,41US7@6656,4512H@7147,45C67@7148,KOG3656@1,KOG3656@2759",7tm_1,0.0,0.0,1_Photopigment,Rhabdomeric Opsins (Rh1/Rh2/UV/LWS),Light Absorption & Photoisomerization,No
,GFU37939.1,107359800,ko:K04977,"ko04621,map04921,map04621,ko04921",,3.6.1.13,"ko01000,ko00001,ko04040,ko00000",32264.tetur04g05640.1,66.1,7.67e-42,154.0,0.0,0.0,0.0,0.0,"transient receptor potential cation channel subfamily M member 6, partial [Nephila pilipes]",,"38D2H@33154,3BASE@33208,3CSW8@33213,41UGV@6656,KOG3614@1,KOG3614@2759,KOG4195@1,KOG4195@2759",,0.0,0.0,5_Channels,TRP / TRPL Cation Channels,Ca2+ / Na+ Influx & Depolarization,No
,GFU38246.1,,ko:K04210,"ko04080,map04080",,,"ko04030,ko00001,ko00000",6669.EFX71100,48.1,6.66e-89,280.0,0.0,0.0,0.0,0.0,probable G-protein coupled receptor 83 [Nephila pilipes],,"39RCR@33154,3BIJ1@33208,3CS01@33213,429YV@6656,KOG3656@1,KOG3656@2759",7tm_1,0.0,0.0,2_G_Protein,G-Protein Heterotrimer (Gq/11),Transduction of Activated Opsin Signal,No
,GFU38931.1,L798_10549,ko:K01116,"map05214,map04666,map04650,ko00562,map04750,ko05120,map04015,map04014,map04659,map04658,ko04919,ko04666,map04012,map04370,ko04066,ko04064,map04072,map04070,map05167,map04670,ko04650,ko05167,map05231,ko05200,map04919,ko01521,ko04659,ko04670,map05200,ko04750,ko04020,ko04360,ko04933,map05225,ko04660,ko05214,map04722,map05223,map05110,map01100,map05206,map04664,ko05110,map04660,map00562,ko05205,ko04070,ko05231,ko04072,ko04015,ko04012,map04360,map05169,map04064,map04066,map05205,ko05225,ko05223,ko04664,ko01100,ko04014,ko04658,map05120,ko04370,map04020,ko05206,map01521,ko05169,map04933,ko04722",M00130,3.1.4.11,"ko04131,ko01000,ko00001,ko00000,ko00002",136037.KDR14243,60.8,0.0,1269.0,0.0,0.0,0.0,0.0,"1-phosphatidylinositol 4,5-bisphosphate phosphodiesterase gamma-1 [Nephila pilipes]",,"38F9A@33154,3BCKY@33208,3CYZY@33213,3SGHW@50557,41THN@6656,KOG0169@1,KOG1264@2759","C2,PI-PLC-X,PI-PLC-Y,SH2,SH3_1",0.0,0.0,3_Effector,Phospholipase C-beta (PLCβ / NorpA),Hydrolysis of PIP2 -> DAG + IP3,No
,GFU38938.1,LOC579102,ko:K01116,"map05214,map04666,map04650,ko00562,map04750,ko05120,map04015,map04014,map04659,map04658,ko04919,ko04666,map04012,map04370,ko04066,ko04064,map04072,map04070,map05167,map04670,ko04650,ko05167,map05231,ko05200,map04919,ko01521,ko04659,ko04670,map05200,ko04750,ko04020,ko04360,ko04933,map05225,ko04660,ko05214,map04722,map05223,map05110,map01100,map05206,map04664,ko05110,map04660,map00562,ko05205,ko04070,ko05231,ko04072,ko04015,ko04012,map04360,map05169,map04064,map04066,map05205,ko05225,ko05223,ko04664,ko01100,ko04014,ko04658,map05120,ko04370,map04020,ko05206,map01521,ko05169,map04933,ko04722",M00130,3.1.4.11,"ko04131,ko01000,ko00001,ko00000,ko00002",7668.SPU_006056-tr,60.5,4.08e-56,196.0,0.0,0.0,0.0,0.0,"1-phosphatidylinositol 4,5-bisphosphate phosphodiesterase gamma-1 [Nephila pilipes]",,"38F9A@33154,3BCKY@33208,3CYZY@33213,KOG0169@1,KOG1264@2759","C2,PI-PLC-Y,SH3_1",0.0,0.0,3_Effector,Phospholipase C-beta (PLCβ / NorpA),Hydrolysis of PIP2 -> DAG + IP3,No
,GFU38940.1,LOC579102,ko:K01116,"map05214,map04666,map04650,ko00562,map04750,ko05120,map04015,map04014,map04659,map04658,ko04919,ko04666,map04012,map04370,ko04066,ko04064,map04072,map04070,map05167,map04670,ko04650,ko05167,map05231,ko05200,map04919,ko01521,ko04659,ko04670,map05200,ko04750,ko04020,ko04360,ko04933,map05225,ko04660,ko05214,map04722,map05223,map05110,map01100,map05206,map04664,ko05110,map04660,map00562,ko05205,ko04070,ko05231,ko04072,ko04015,ko04012,map04360,map05169,map04064,map04066,map05205,ko05225,ko05223,ko04664,ko01100,ko04014,ko04658,map05120,ko04370,map04020,ko05206,map01521,ko05169,map04933,ko04722",M00130,3.1.4.11,"ko04131,ko01000,ko00001,ko00000,ko00002",7668.SPU_006056-tr,60.5,7.640000000000001e-56,196.0,0.0,0.0,0.0,0.0,"1-phosphatidylinositol 4,5-bisphosphate phosphodiesterase gamma-1 [Nephila pilipes]",,"38F9A@33154,3BCKY@33208,3CYZY@33213,KOG0169@1,KOG1264@2759","C2,PI-PLC-Y,SH3_1",0.0,0.0,3_Effector,Phospholipase C-beta (PLCβ / NorpA),Hydrolysis of PIP2 -> DAG + IP3,No
,GFU38982.1,SEC14L2,,,,,,7897.ENSLACP00000006951,35.2,1.28e-34,134.0,0.0,0.0,0.0,0.0,"SEC14-like protein 2, partial [Nephila pilipes]",,"38H26@33154,3BB1Q@33208,3CUPE@33213,480KB@7711,495UQ@7742,KOG1471@1,KOG1471@2759",CRAL_TRIO,0.0,0.0,7_Chromophore_Cycle,Retinal Binding & Isomerase,Chromophore 11-cis Regeneration,No
,GFU39081.1,LOC657491,,,,,,7070.TC014097-PA,38.0,1.74e-49,173.0,0.0,0.0,0.0,0.0,alpha-tocopherol transfer protein-like [Nephila pilipes],,"39K53@33154,3BBSK@33208,3CU7Z@33213,3SJ6S@50557,41Y3U@6656,KOG1471@1,KOG1471@2759","CRAL_TRIO,CRAL_TRIO_N",0.0,0.0,7_Chromophore_Cycle,Retinal Binding & Isomerase,Chromophore 11-cis Regeneration,No
,GFU39096.1,,,,,,,126957.SMAR005186-PA,58.1,8.45e-235,675.0,0.0,0.0,0.0,0.0,"g-protein coupled receptor, partial [Nephila pilipes]",,"39U7W@33154,3BG7M@33208,3D3Y2@33213,41UDQ@6656,KOG3597@1,KOG3597@2759",,0.0,0.0,2_G_Protein,G-Protein Heterotrimer (Gq/11),Transduction of Activated Opsin Signal,No
,GFU39115.1,G5I_03798,,,,,,103372.F4WDX3,55.9,5.01e-117,347.0,0.0,0.0,0.0,0.0,g-protein coupled receptor 52 [Nephila pilipes],,"38FXC@33154,3BK8J@33208,3CRPN@33213,3SJGN@50557,41UAP@6656,46HB4@7399,KOG3656@1,KOG3656@2759",7tm_1,0.0,0.0,2_G_Protein,G-Protein Heterotrimer (Gq/11),Transduction of Activated Opsin Signal,No
,GFU39595.1,ttpal,,,,,,48698.ENSPFOP00000000130,38.6,8.75e-18,84.7,0.0,0.0,0.0,0.0,"CRAL_TRIO_N domain-containing protein, partial [Nephila pilipes]",,"39K53@33154,3BBSK@33208,3CU7Z@33213,480RT@7711,48VHS@7742,4A09W@7898,KOG1471@1,KOG1471@2759","CRAL_TRIO,CRAL_TRIO_N",0.0,0.0,7_Chromophore_Cycle,Retinal Binding & Isomerase,Chromophore 11-cis Regeneration,No
,GFU39609.1,,,,,,,32507.XP_006782595.1,28.0,3.67e-51,201.0,0.0,0.0,0.0,0.0,e3 ubiquitin-protein ligase PDZRN3 [Nephila pilipes],,"38G4Y@33154,3BB0I@33208,3CYMJ@33213,47ZZE@7711,493UK@7742,49W44@7898,KOG0312@1,KOG0312@2759",PDZ,0.0,0.0,4_Scaffold,INAD Signalplex Scaffold,Multi-PDZ Macromolecular Assembly,No
,GFU41296.1,,,,,,,6500.XP_005100649.1,46.1,3.1100000000000004e-26,110.0,0.0,0.0,0.0,0.0,"SEC14-like protein 2, partial [Nephila pilipes]",,"38H26@33154,3BB1Q@33208,3CUPE@33213,COG2801@1,KOG0017@2759,KOG1471@1,KOG1471@2759","CRAL_TRIO,RVT_1",0.0,0.0,7_Chromophore_Cycle,Retinal Binding & Isomerase,Chromophore 11-cis Regeneration,No
,GFU41359.1,,ko:K04255,,,,"ko04030,ko00000",32264.tetur07g05150.1,44.3,4.12e-51,177.0,0.0,0.0,0.0,0.0,opsin-2 [Nephila pilipes],,"3A021@33154,3BPP6@33208,3D69Z@33213,41YSW@6656,KOG3656@1,KOG3656@2759",7tm_1,0.0,0.0,1_Photopigment,Rhabdomeric Opsins (Rh1/Rh2/UV/LWS),Light Absorption & Photoisomerization,No
,GFU41539.1,L798_09427,ko:K05631,"map05165,map04015,ko05165,ko04530,ko04015,map04530",,,"ko04516,ko00001,ko00000",136037.KDR15614,46.8,0.0,941.0,0.0,0.0,0.0,0.0,"membrane-associated guanylate kinase, WW and PDZ domain-containing protein 1 [Nephila pilipes]",,"38CPU@33154,3B9PA@33208,3CRUM@33213,3SIFU@50557,41UBJ@6656,COG5021@1,KOG3209@2759","Guanylate_kin,PDZ,WW",0.0,0.0,4_Scaffold,INAD Signalplex Scaffold,Multi-PDZ Macromolecular Assembly,No
,GFU41548.1,L798_09427,ko:K05631,"map05165,map04015,ko05165,ko04530,ko04015,map04530",,,"ko04516,ko00001,ko00000",136037.KDR15614,50.0,2.43e-32,129.0,0.0,0.0,0.0,0.0,PDZ domain-containing protein [Nephila pilipes],,"38CPU@33154,3B9PA@33208,3CRUM@33213,3SIFU@50557,41UBJ@6656,COG5021@1,KOG3209@2759","Guanylate_kin,PDZ,WW",0.0,0.0,4_Scaffold,INAD Signalplex Scaffold,Multi-PDZ Macromolecular Assembly,No
,GFU41594.1,,,,,,,126957.SMAR001256-PA,48.5,8.889999999999999e-270,798.0,0.0,0.0,0.0,0.0,rho GTPase-activating protein 100F [Nephila pilipes],,"38IYE@33154,3BEB1@33208,3D369@33213,41VCE@6656,KOG1452@1,KOG1452@2759","C2,PDZ,RhoGAP",0.0,0.0,4_Scaffold,INAD Signalplex Scaffold,Multi-PDZ Macromolecular Assembly,No
,GFU41730.1,L798_01231,,,,,,136037.KDR08474,75.8,1.56e-214,600.0,0.0,0.0,0.0,0.0,arrestin domain-containing protein 17 [Nephila pilipes],,"38D4U@33154,3BJG5@33208,3D0Q6@33213,3SGJY@50557,41Y09@6656,KOG3780@1,KOG3780@2759","Arrestin_C,Arrestin_N",0.0,0.0,6_Deactivation,Visual Arrestins (Arr1/Arr2),Opsin Quenching & Inactivation,No
,GFU42543.1,,,,,,,126957.SMAR009001-PA,61.9,2.8e-211,660.0,0.0,0.0,0.0,0.0,ryanodine receptor [Nephila pilipes],,"38BST@33154,3BC6F@33208,3CVQC@33213,41UAK@6656,KOG2243@1,KOG2243@2759","Ion_trans,RIH_assoc,RR_TM4-6,RYDR_ITPR,RyR,SPRY",0.0,0.0,5_Channels,TRP / TRPL Cation Channels,Ca2+ / Na+ Influx & Depolarization,No
,GFU42857.1,UNOP2,ko:K04255,,,,"ko04030,ko00000",6669.EFX70796,45.9,1.15e-17,84.0,0.0,0.0,0.0,0.0,opsin-3 [Nephila pilipes],,"3A021@33154,3BPP6@33208,3D69Z@33213,41YSW@6656,KOG3656@1,KOG3656@2759",7tm_1,0.0,0.0,1_Photopigment,Rhabdomeric Opsins (Rh1/Rh2/UV/LWS),Light Absorption & Photoisomerization,No
,GFU43083.1,107362681,ko:K21879,,,,"ko03036,ko00000",32264.tetur08g00300.1,53.1,8.15e-17,87.0,0.0,0.0,0.0,0.0,"PDZ domain-containing protein, partial [Nephila pilipes]",,"38CJ3@33154,3BFF4@33208,3CVCB@33213,41VG1@6656,KOG3528@1,KOG3528@2759",PDZ,0.0,0.0,4_Scaffold,INAD Signalplex Scaffold,Multi-PDZ Macromolecular Assembly,No
,GFU43094.1,107359800,ko:K04977,"ko04621,map04921,map04621,ko04921",,3.6.1.13,"ko01000,ko00001,ko04040,ko00000",32264.tetur04g05640.1,48.7,7.04e-45,166.0,0.0,0.0,0.0,0.0,"transient receptor potential cation channel subfamily M member 6, partial [Nephila pilipes]",,"38D2H@33154,3BASE@33208,3CSW8@33213,41UGV@6656,KOG3614@1,KOG3614@2759,KOG4195@1,KOG4195@2759",,0.0,0.0,5_Channels,TRP / TRPL Cation Channels,Ca2+ / Na+ Influx & Depolarization,No
,GFU43587.1,,,,,,,6500.XP_005100649.1,40.6,1.32e-21,99.0,0.0,0.0,0.0,0.0,SEC14-like protein 2 [Nephila pilipes],,"38H26@33154,3BB1Q@33208,3CUPE@33213,COG2801@1,KOG0017@2759,KOG1471@1,KOG1471@2759","CRAL_TRIO,RVT_1",0.0,0.0,7_Chromophore_Cycle,Retinal Binding & Isomerase,Chromophore 11-cis Regeneration,No
,GFU43623.1,101893910,,,,,,7370.XP_005179204.1,32.0,2.59e-10,66.6,0.0,0.0,0.0,0.0,"alpha-tocopherol transfer protein-like, partial [Nephila pilipes]",,"39XD4@33154,3BJZB@33208,3D2PQ@33213,3SM3X@50557,41YTK@6656,KOG1471@1,KOG1471@2759",CRAL_TRIO,0.0,0.0,7_Chromophore_Cycle,Retinal Binding & Isomerase,Chromophore 11-cis Regeneration,No
,GFU44112.1,,,,,,,34740.HMEL022527-PA,44.1,1.53e-64,216.0,0.0,0.0,0.0,0.0,"opsin, ultraviolet-sensitive [Nephila pilipes]",,"3A021@33154,3BPP6@33208,3D69Z@33213,3SKEZ@50557,41YSW@6656,449AV@7088,KOG3656@1,KOG3656@2759",7tm_1,0.0,0.0,1_Photopigment,Rhabdomeric Opsins (Rh1/Rh2/UV/LWS),Light Absorption & Photoisomerization,No
,GFU44123.1,,,,,,,10224.XP_006822514.1,35.9,4.61e-34,132.0,0.0,0.0,0.0,0.0,"alpha-tocopherol transfer protein-like, partial [Nephila pilipes]",,"39K53@33154,3BBSK@33208,3CU7Z@33213,KOG1471@1,KOG1471@2759","CRAL_TRIO,CRAL_TRIO_N",0.0,0.0,7_Chromophore_Cycle,Retinal Binding & Isomerase,Chromophore 11-cis Regeneration,No
,GFU45000.1,107359800,ko:K04977,"ko04621,map04921,map04621,ko04921",,3.6.1.13,"ko01000,ko00001,ko04040,ko00000",32264.tetur04g05640.1,58.5,5.96e-30,120.0,0.0,0.0,0.0,0.0,transient receptor potential cation channel subfamily M member 6 [Nephila pilipes],,"38D2H@33154,3BASE@33208,3CSW8@33213,41UGV@6656,KOG3614@1,KOG3614@2759,KOG4195@1,KOG4195@2759",,0.0,0.0,5_Channels,TRP / TRPL Cation Channels,Ca2+ / Na+ Influx & Depolarization,No
,GFU45085.1,,,,,,,126957.SMAR009214-PA,74.4,0.0,3899.0,0.0,0.0,0.0,0.0,neurofibromin [Nephila pilipes],,"38EMB@33154,3BBWX@33208,3CW2Y@33213,41VM7@6656,KOG1826@1,KOG1826@2759","CRAL_TRIO_2,RasGAP",0.0,0.0,7_Chromophore_Cycle,Retinal Binding & Isomerase,Chromophore 11-cis Regeneration,No
,GFU45090.1,,,,,,,126957.SMAR009214-PA,74.5,3.73e-41,153.0,0.0,0.0,0.0,0.0,neurofibromin [Nephila pilipes],,"38EMB@33154,3BBWX@33208,3CW2Y@33213,41VM7@6656,KOG1826@1,KOG1826@2759","CRAL_TRIO_2,RasGAP",0.0,0.0,7_Chromophore_Cycle,Retinal Binding & Isomerase,Chromophore 11-cis Regeneration,No
,GFU45118.1,,ko:K04967,"map04745,ko04745,ko04360,map04360",,,"ko00001,ko04040,ko00000",225400.XP_006765755.1,34.5,4.26e-106,348.0,0.0,0.0,0.0,0.0,short transient receptor potential channel 4 [Nephila pilipes],,"38BJZ@33154,3B9NF@33208,3CRT8@33213,3J3V2@40674,4814X@7711,48X0N@7742,KOG3609@1,KOG3609@2759","Ion_trans,TRP_2",0.0,0.0,5_Channels,TRP / TRPL Cation Channels,Ca2+ / Na+ Influx & Depolarization,No
,GFU45121.1,,ko:K04967,"map04745,ko04745,ko04360,map04360",,,"ko00001,ko04040,ko00000",225400.XP_006765755.1,34.1,3.25e-108,354.0,0.0,0.0,0.0,0.0,short transient receptor potential channel 4 [Nephila pilipes],,"38BJZ@33154,3B9NF@33208,3CRT8@33213,3J3V2@40674,4814X@7711,48X0N@7742,KOG3609@1,KOG3609@2759","Ion_trans,TRP_2",0.0,0.0,5_Channels,TRP / TRPL Cation Channels,Ca2+ / Na+ Influx & Depolarization,No
,GFU45468.1,,,,,,,126957.SMAR011047-PA,29.2,1.53e-77,280.0,0.0,0.0,0.0,0.0,adhesion G-protein coupled receptor G6 [Nephila pilipes],,"38BU2@33154,3BJP4@33208,3CUR3@33213,41Z7M@6656,KOG4193@1,KOG4193@2759","7tm_2,GPS",0.0,0.0,2_G_Protein,G-Protein Heterotrimer (Gq/11),Transduction of Activated Opsin Signal,No
,GFU45907.1,8236346,,,,,,121225.PHUM500920-PA,37.6,6.94e-36,142.0,0.0,0.0,0.0,0.0,ras guanine nucleotide exchange factor C [Nephila pilipes],,"38HVP@33154,3BB33@33208,3CT9B@33213,3ECW7@33342,3SJ7X@50557,41VYS@6656,KOG3417@1,KOG3417@2759","PH,RasGEF",0.0,0.0,2_G_Protein,G-Protein Heterotrimer (Gq/11),Transduction of Activated Opsin Signal,No
,GFU45909.1,,,,,,,126957.SMAR003458-PA,34.6,1.03e-123,396.0,0.0,0.0,0.0,0.0,g-protein coupled receptor Mth2 [Nephila pilipes],,"28Z7Y@1,2R627@2759,39MTC@33154,3CPD4@33208,3D007@33213,42AIY@6656",7tm_2,0.0,0.0,2_G_Protein,G-Protein Heterotrimer (Gq/11),Transduction of Activated Opsin Signal,No
,GFU46024.1,L798_14087,ko:K05743,"map04666,map04810,ko04666,ko04810,ko04360,map04360",,2.7.11.1,"ko01000,ko01001,ko00001,ko00000",136037.KDR12013,65.0,3.86e-300,842.0,0.0,0.0,0.0,0.0,LIM domain kinase 1 [Nephila pilipes],,"38BXH@33154,3BEDK@33208,3CU22@33213,3SGHK@50557,41TPX@6656,COG0515@1,KOG1187@2759","LIM,PDZ,Pkinase_Tyr",0.0,0.0,4_Scaffold,INAD Signalplex Scaffold,Multi-PDZ Macromolecular Assembly,No
,GFU46362.1,,ko:K04946,,,,"ko04040,ko00000",32264.tetur18g00390.1,84.0,2.21e-87,286.0,0.0,0.0,0.0,0.0,"potassium channel subfamily T member 1, partial [Nephila pilipes]",,"38E39@33154,3B9HM@33208,3CSWY@33213,41YGT@6656,KOG3193@1,KOG3193@2759","BK_channel_a,Ion_trans_2",0.0,0.0,5_Channels,TRP / TRPL Cation Channels,Ca2+ / Na+ Influx & Depolarization,No
,GFU47504.1,,,,,,,10224.XP_002735744.1,33.1,7.650000000000001e-37,140.0,0.0,0.0,0.0,0.0,alpha-tocopherol transfer protein-like [Nephila pilipes],,"KOG1471@1,KOG1471@2759","CRAL_TRIO,CRAL_TRIO_N",0.0,0.0,7_Chromophore_Cycle,Retinal Binding & Isomerase,Chromophore 11-cis Regeneration,No
,GFU47574.1,,,,,,,126957.SMAR003391-PA,61.0,4.93e-49,178.0,0.0,0.0,0.0,0.0,"1-phosphatidylinositol 4,5-bisphosphate phosphodiesterase epsilon-1, partial [Nephila pilipes]",,"38BAR@33154,3BDE8@33208,3CSQY@33213,41UEG@6656,KOG0169@1,KOG0169@2759","C2,EF-hand_like,PI-PLC-X,PI-PLC-Y,RA,RasGEF",0.0,0.0,3_Effector,Phospholipase C-beta (PLCβ / NorpA),Hydrolysis of PIP2 -> DAG + IP3,No
,GFU47911.1,,ko:K04253,,,,"ko04030,ko00000",32264.tetur04g04260.1,53.0,1.55e-94,288.0,0.0,0.0,0.0,0.0,visual pigment-like receptor peropsin [Nephila pilipes],,"38GKH@33154,3BKH3@33208,3CZMH@33213,41TUA@6656,KOG3656@1,KOG3656@2759",7tm_1,0.0,0.0,1_Photopigment,Rhabdomeric Opsins (Rh1/Rh2/UV/LWS),Light Absorption & Photoisomerization,No
,GFU47992.1,,,,,,,6500.XP_005093850.1,61.0,5.69e-233,668.0,0.0,0.0,0.0,0.0,cyclic nucleotide-gated cation channel subunit A [Nephila pilipes],,"38CC1@33154,3BAEP@33208,3CUYQ@33213,KOG0500@1,KOG0500@2759","CLZ,Ion_trans,cNMP_binding",0.0,0.0,5_Channels,TRP / TRPL Cation Channels,Ca2+ / Na+ Influx & Depolarization,No
,GFU48734.1,,ko:K16449,,,,ko00000,7070.TC009818-PA,32.3,7.280000000000002e-144,485.0,0.0,0.0,0.0,0.0,regulator of G-protein signaling loco [Nephila pilipes],,"38BHQ@33154,3BFQI@33208,3D2D2@33213,3SJMZ@50557,41YDS@6656,KOG3528@1,KOG3528@2759,KOG3589@1,KOG3589@2759","PDZ,RBD,RGS",0.0,0.0,2_G_Protein,G-Protein Heterotrimer (Gq/11),Transduction of Activated Opsin Signal,No
,GFU48736.1,,ko:K16449,,,,ko00000,7070.TC009818-PA,32.4,1.64e-143,484.0,0.0,0.0,0.0,0.0,regulator of G-protein signaling loco [Nephila pilipes],,"38BHQ@33154,3BFQI@33208,3D2D2@33213,3SJMZ@50557,41YDS@6656,KOG3528@1,KOG3528@2759,KOG3589@1,KOG3589@2759","PDZ,RBD,RGS",0.0,0.0,2_G_Protein,G-Protein Heterotrimer (Gq/11),Transduction of Activated Opsin Signal,No
,GFU48949.1,L798_06627,ko:K20689,,,,"ko04131,ko00000",136037.KDR18646,46.4,2.87e-233,688.0,0.0,0.0,0.0,0.0,rho guanine nucleotide exchange factor 17 [Nephila pilipes],,"38NVS@33154,3BBYF@33208,3CZDI@33213,3SK9K@50557,41UHY@6656,KOG3522@1,KOG3522@2759",RhoGEF,0.0,0.0,2_G_Protein,G-Protein Heterotrimer (Gq/11),Transduction of Activated Opsin Signal,No
,GFU49451.1,,ko:K20056,,,,"ko04131,ko00000",6669.EFX69627,79.5,3.44e-65,209.0,0.0,0.0,0.0,0.0,PDZ domain-containing protein GIPC1 [Nephila pilipes],,"38M7W@33154,3BG5S@33208,3CY72@33213,41WKD@6656,KOG3938@1,KOG3938@2759",PDZ,0.0,0.0,4_Scaffold,INAD Signalplex Scaffold,Multi-PDZ Macromolecular Assembly,No
,GFU49454.1,,ko:K20056,,,,"ko04131,ko00000",6669.EFX69627,68.3,3.94e-51,171.0,0.0,0.0,0.0,0.0,PDZ domain-containing protein GIPC2 [Nephila pilipes],,"38M7W@33154,3BG5S@33208,3CY72@33213,41WKD@6656,KOG3938@1,KOG3938@2759",PDZ,0.0,0.0,4_Scaffold,INAD Signalplex Scaffold,Multi-PDZ Macromolecular Assembly,No
,GFU50065.1,EH28_06806,,,,,,215358.XP_010749651.1,34.2,1.12e-66,227.0,0.0,0.0,0.0,0.0,SEC14-like protein 4 [Nephila pilipes],,"38H26@33154,3BB1Q@33208,3CUPE@33213,480KB@7711,495UQ@7742,49W5Z@7898,KOG1471@1,KOG1471@2759","CRAL_TRIO,CRAL_TRIO_N",0.0,0.0,7_Chromophore_Cycle,Retinal Binding & Isomerase,Chromophore 11-cis Regeneration,No
,GFU50374.1,,,,,,,69319.XP_008547350.1,46.8,3.14e-10,63.9,0.0,0.0,0.0,0.0,"arrestin, partial [Nephila pilipes]",,"39YKZ@33154,3BAJF@33208,3D5UA@33213,3SHXI@50557,41U8J@6656,46E0H@7399,KOG3865@1,KOG3865@2759","Arrestin_C,Arrestin_N",0.0,0.0,6_Deactivation,Visual Arrestins (Arr1/Arr2),Opsin Quenching & Inactivation,No
,GFU51235.1,,,,,,,7029.ACYPI40637-PA,44.4,8.67e-07,55.5,0.0,0.0,0.0,0.0,rho guanine nucleotide exchange factor 10-like protein [Nephila pilipes],,"2CXJS@1,2RY1K@2759,39VGM@33154,3BJCI@33208,3DGD1@33213,3SQYC@50557,427UJ@6656",DDE_Tnp_1_7,0.0,0.0,2_G_Protein,G-Protein Heterotrimer (Gq/11),Transduction of Activated Opsin Signal,No
,GFU51251.1,8239659,ko:K04255,,,,"ko04030,ko00000",121225.PHUM596710-PA,44.7,1.2e-52,186.0,0.0,0.0,0.0,0.0,opsin-3 [Nephila pilipes],,"3A021@33154,3BPP6@33208,3D69Z@33213,3E90M@33342,3SKEZ@50557,41YSW@6656,KOG3656@1,KOG3656@2759",7tm_1,0.0,0.0,1_Photopigment,Rhabdomeric Opsins (Rh1/Rh2/UV/LWS),Light Absorption & Photoisomerization,No
,GFU51730.1,,,,,,,6669.EFX85363,39.6,1.49e-35,130.0,0.0,0.0,0.0,0.0,"retinal-binding protein, partial [Nephila pilipes]",,"38H26@33154,3BB1Q@33208,3CUPE@33213,41XNK@6656,KOG1471@1,KOG1471@2759",CRAL_TRIO,0.0,0.0,7_Chromophore_Cycle,Retinal Binding & Isomerase,Chromophore 11-cis Regeneration,No
,GFU51826.1,v1g110929,,,,,,45351.EDO39298,29.8,3.97e-15,79.0,0.0,0.0,0.0,0.0,"SEC14-like protein 2, partial [Nephila pilipes]",,"38H26@33154,3BB1Q@33208,KOG1471@1,KOG1471@2759",CRAL_TRIO,0.0,0.0,7_Chromophore_Cycle,Retinal Binding & Isomerase,Chromophore 11-cis Regeneration,No
,GFU53417.1,,ko:K04962,"map04371,ko05412,map04921,ko05414,ko04024,ko05410,ko04020,ko04261,ko04260,ko04713,ko04911,ko04972,map04260,map04261,map04024,map04020,map05414,map05412,map05410,map04972,map04713,ko04921,ko04371,map04911",,,"ko00001,ko04040,ko00000",7070.TC002610-PA,65.5,0.0,1454.0,0.0,0.0,0.0,0.0,"ryanodine receptor, partial [Nephila pilipes]",,"38BST@33154,3BC6F@33208,3CVQC@33213,3SIT8@50557,41UAK@6656,KOG2243@1,KOG2243@2759","Ins145_P3_rec,Ion_trans,MIR,RIH_assoc,RR_TM4-6,RYDR_ITPR,RyR,SPRY",0.0,0.0,5_Channels,TRP / TRPL Cation Channels,Ca2+ / Na+ Influx & Depolarization,No
,GFU53419.1,,ko:K04962,"map04371,ko05412,map04921,ko05414,ko04024,ko05410,ko04020,ko04261,ko04260,ko04713,ko04911,ko04972,map04260,map04261,map04024,map04020,map05414,map05412,map05410,map04972,map04713,ko04921,ko04371,map04911",,,"ko00001,ko04040,ko00000",7070.TC002610-PA,66.6,0.0,1462.0,0.0,0.0,0.0,0.0,"ryanodine receptor, partial [Nephila pilipes]",,"38BST@33154,3BC6F@33208,3CVQC@33213,3SIT8@50557,41UAK@6656,KOG2243@1,KOG2243@2759","Ins145_P3_rec,Ion_trans,MIR,RIH_assoc,RR_TM4-6,RYDR_ITPR,RyR,SPRY",0.0,0.0,5_Channels,TRP / TRPL Cation Channels,Ca2+ / Na+ Influx & Depolarization,No
,GFU53421.1,,ko:K04962,"map04371,ko05412,map04921,ko05414,ko04024,ko05410,ko04020,ko04261,ko04260,ko04713,ko04911,ko04972,map04260,map04261,map04024,map04020,map05414,map05412,map05410,map04972,map04713,ko04921,ko04371,map04911",,,"ko00001,ko04040,ko00000",7070.TC002610-PA,67.2,0.0,1477.0,0.0,0.0,0.0,0.0,"ryanodine receptor, partial [Nephila pilipes]",,"38BST@33154,3BC6F@33208,3CVQC@33213,3SIT8@50557,41UAK@6656,KOG2243@1,KOG2243@2759","Ins145_P3_rec,Ion_trans,MIR,RIH_assoc,RR_TM4-6,RYDR_ITPR,RyR,SPRY",0.0,0.0,5_Channels,TRP / TRPL Cation Channels,Ca2+ / Na+ Influx & Depolarization,No
,GFU54513.1,,,,,,,132113.XP_003485267.1,36.7,5.08e-269,837.0,0.0,0.0,0.0,0.0,rho guanine nucleotide exchange factor 12 [Nephila pilipes],,"38G5M@33154,3BF3M@33208,3CRSK@33213,3SFQR@50557,41USD@6656,46JNT@7399,COG5422@1,KOG3520@2759","C1_1,PDZ,RGS-like,RhoGEF",0.0,0.0,2_G_Protein,G-Protein Heterotrimer (Gq/11),Transduction of Activated Opsin Signal,No
,GFU54515.1,,,,,,,132113.XP_003485267.1,37.9,1.5599999999999998e-277,857.0,0.0,0.0,0.0,0.0,rho guanine nucleotide exchange factor 12 [Nephila pilipes],,"38G5M@33154,3BF3M@33208,3CRSK@33213,3SFQR@50557,41USD@6656,46JNT@7399,COG5422@1,KOG3520@2759","C1_1,PDZ,RGS-like,RhoGEF",0.0,0.0,2_G_Protein,G-Protein Heterotrimer (Gq/11),Transduction of Activated Opsin Signal,No
,GFU54973.1,,,,,,,126957.SMAR003371-PA,55.2,0.0,1056.0,0.0,0.0,0.0,0.0,MAGUK p55 subfamily member 5 [Nephila pilipes],,"38CU2@33154,3BA43@33208,3CWSF@33213,41TBQ@6656,COG0194@1,KOG0609@2759","Guanylate_kin,PDZ,SH3_2",0.0,0.0,4_Scaffold,INAD Signalplex Scaffold,Multi-PDZ Macromolecular Assembly,No
,GFU55323.1,,,,,,,126957.SMAR011645-PA,31.6,8.68e-131,462.0,0.0,0.0,0.0,0.0,partitioning defective 3 homolog [Nephila pilipes],,"38HPQ@33154,3BE0C@33208,3CRMZ@33213,41XIW@6656,KOG3528@1,KOG3528@2759","DUF3534,PACT_coil_coil,PDZ",0.0,0.0,4_Scaffold,INAD Signalplex Scaffold,Multi-PDZ Macromolecular Assembly,No
,GFU55324.1,,,,,,,126957.SMAR011645-PA,32.2,5.69e-134,471.0,0.0,0.0,0.0,0.0,partitioning defective 3 homolog [Nephila pilipes],,"38HPQ@33154,3BE0C@33208,3CRMZ@33213,41XIW@6656,KOG3528@1,KOG3528@2759","DUF3534,PACT_coil_coil,PDZ",0.0,0.0,4_Scaffold,INAD Signalplex Scaffold,Multi-PDZ Macromolecular Assembly,No
,GFU58041.1,,,,,,,126957.SMAR009484-PA,53.1,7.739999999999999e-250,715.0,0.0,0.0,0.0,0.0,g-protein coupled receptor-associated protein LMBRD2 [Nephila pilipes],,"39FGF@33154,3BEBK@33208,3CV8E@33213,41WJ9@6656,KOG2296@1,KOG2296@2759",LMBR1,0.0,0.0,2_G_Protein,G-Protein Heterotrimer (Gq/11),Transduction of Activated Opsin Signal,No
,GFU58043.1,,,,,,,126957.SMAR009484-PA,53.5,3.17e-179,528.0,0.0,0.0,0.0,0.0,g-protein coupled receptor-associated protein LMBRD2 [Nephila pilipes],,"39FGF@33154,3BEBK@33208,3CV8E@33213,41WJ9@6656,KOG2296@1,KOG2296@2759",LMBR1,0.0,0.0,2_G_Protein,G-Protein Heterotrimer (Gq/11),Transduction of Activated Opsin Signal,No
,GFU58104.1,,,,,,,126957.SMAR004359-PA,66.6,2.13e-166,476.0,0.0,0.0,0.0,0.0,potassium channel subfamily K member 9 [Nephila pilipes],,"38E24@33154,3BE49@33208,3CUY9@33213,41V9I@6656,KOG4404@1,KOG4404@2759",Ion_trans_2,0.0,0.0,5_Channels,TRP / TRPL Cation Channels,Ca2+ / Na+ Influx & Depolarization,No
,GFU58724.1,,,,,,,126957.SMAR004840-PA,33.0,2.5200000000000003e-43,157.0,0.0,0.0,0.0,0.0,alpha-tocopherol transfer protein [Nephila pilipes],,"39K53@33154,3BBSK@33208,3CU7Z@33213,41Y3U@6656,KOG1471@1,KOG1471@2759","CRAL_TRIO,CRAL_TRIO_N",0.0,0.0,7_Chromophore_Cycle,Retinal Binding & Isomerase,Chromophore 11-cis Regeneration,No
,GFU58763.1,GPROP8,ko:K04255,,,,"ko04030,ko00000",7165.AGAP006126-PA,50.7,1.69e-111,338.0,0.0,0.0,0.0,0.0,"opsin, ultraviolet-sensitive [Nephila pilipes]",,"395S3@33154,3BCHK@33208,3CVQF@33213,3SH7P@50557,41UK4@6656,44Y31@7147,45GYF@7148,KOG3656@1,KOG3656@2759",7tm_1,0.0,0.0,1_Photopigment,Rhabdomeric Opsins (Rh1/Rh2/UV/LWS),Light Absorption & Photoisomerization,No
,GFU58845.1,,,,,,,126957.SMAR006489-PA,77.0,6.12e-231,643.0,0.0,0.0,0.0,0.0,beta-arrestin-2 [Nephila pilipes],,"38CBU@33154,3BA04@33208,3CRUG@33213,41V58@6656,KOG3865@1,KOG3865@2759","Arrestin_C,Arrestin_N",0.0,0.0,6_Deactivation,Visual Arrestins (Arr1/Arr2),Opsin Quenching & Inactivation,No
,GFU59321.1,,,,,,,6669.EFX85397,31.3,1.09e-52,187.0,0.0,0.0,0.0,0.0,SEC14-like protein 2 [Nephila pilipes],,"38H26@33154,3BB1Q@33208,3CUPE@33213,41XNK@6656,KOG1471@1,KOG1471@2759",CRAL_TRIO,0.0,0.0,7_Chromophore_Cycle,Retinal Binding & Isomerase,Chromophore 11-cis Regeneration,No
,GFU59905.1,,,,,,,32264.tetur03g09080.1,63.4,0.0,1578.0,0.0,0.0,0.0,0.0,voltage-dependent calcium channel type A subunit alpha-1 [Nephila pilipes],,"38BYK@33154,3BAHQ@33208,3CSUW@33213,41Y1S@6656,KOG2301@1,KOG2301@2759","Ca_chan_IQ,GPHH,Ion_trans",0.0,0.0,5_Channels,TRP / TRPL Cation Channels,Ca2+ / Na+ Influx & Depolarization,No
,GFU59907.1,,,,,,,32264.tetur03g09080.1,63.7,0.0,1585.0,0.0,0.0,0.0,0.0,voltage-dependent calcium channel type A subunit alpha-1 [Nephila pilipes],,"38BYK@33154,3BAHQ@33208,3CSUW@33213,41Y1S@6656,KOG2301@1,KOG2301@2759","Ca_chan_IQ,GPHH,Ion_trans",0.0,0.0,5_Channels,TRP / TRPL Cation Channels,Ca2+ / Na+ Influx & Depolarization,No
,GFU59910.1,,,,,,,32264.tetur03g09080.1,63.7,0.0,1586.0,0.0,0.0,0.0,0.0,voltage-dependent calcium channel type A subunit alpha-1 [Nephila pilipes],,"38BYK@33154,3BAHQ@33208,3CSUW@33213,41Y1S@6656,KOG2301@1,KOG2301@2759","Ca_chan_IQ,GPHH,Ion_trans",0.0,0.0,5_Channels,TRP / TRPL Cation Channels,Ca2+ / Na+ Influx & Depolarization,No
,GFU59912.1,,,,,,,69319.XP_008554365.1,79.8,6.61e-154,486.0,0.0,0.0,0.0,0.0,voltage-dependent calcium channel type A subunit alpha-1 [Nephila pilipes],,"38BYK@33154,3BAHQ@33208,3CSUW@33213,3SI30@50557,41Y1S@6656,46HUQ@7399,KOG2301@1,KOG2301@2759","Ca_chan_IQ,GPHH,Ion_trans",0.0,0.0,5_Channels,TRP / TRPL Cation Channels,Ca2+ / Na+ Influx & Depolarization,No
,GFU60410.1,,,,,,,6669.EFX85363,34.8,2.3999999999999997e-41,147.0,0.0,0.0,0.0,0.0,SEC14-like protein 2 [Nephila pilipes],,"38H26@33154,3BB1Q@33208,3CUPE@33213,41XNK@6656,KOG1471@1,KOG1471@2759",CRAL_TRIO,0.0,0.0,7_Chromophore_Cycle,Retinal Binding & Isomerase,Chromophore 11-cis Regeneration,No
,GFU60412.1,,,,,,,7425.NV11732-PA,49.3,1.31e-14,75.5,0.0,0.0,0.0,0.0,SEC14-like protein 2 [Nephila pilipes],,"38H26@33154,3BB1Q@33208,3CUPE@33213,3SFPE@50557,41XNK@6656,46HIC@7399,KOG1471@1,KOG1471@2759","CRAL_TRIO,CRAL_TRIO_N",0.0,0.0,7_Chromophore_Cycle,Retinal Binding & Isomerase,Chromophore 11-cis Regeneration,No
,GFU60414.1,,,,,,,7425.NV11732-PA,49.3,1.51e-14,75.5,0.0,0.0,0.0,0.0,SEC14-like protein 2 [Nephila pilipes],,"38H26@33154,3BB1Q@33208,3CUPE@33213,3SFPE@50557,41XNK@6656,46HIC@7399,KOG1471@1,KOG1471@2759","CRAL_TRIO,CRAL_TRIO_N",0.0,0.0,7_Chromophore_Cycle,Retinal Binding & Isomerase,Chromophore 11-cis Regeneration,No
,GFU62513.1,,,,,,,32264.tetur02g12670.1,68.3,5.41e-113,349.0,0.0,0.0,0.0,0.0,"g-protein coupled receptor, partial [Nephila pilipes]",,"39U7W@33154,3BG7M@33208,3D3Y2@33213,41UDQ@6656,KOG3597@1,KOG3597@2759",,0.0,0.0,2_G_Protein,G-Protein Heterotrimer (Gq/11),Transduction of Activated Opsin Signal,No
