"","Chr","Start","End","Strand","Length","NPFM1","NPFM2","NPFM3","NPFM4","baseMean","log2FoldChange","lfcSE","stat","pvalue","padj","FoldChange"
"NPIL_80394","BMAW01000086.1;BMAW01000086.1","625574;625652","625619;625689","-;-",84,1,4,0,0,1.64029316559157,-4.00945481751339,4.21311935857714,-0.951659441917039,0.34126972479272,0.891821718895381,-16.1052016287556
"NPIL_80395","BMAW01000181.1","15556","15629","-",74,0,0,0,0,0,NA,NA,NA,NA,NA,NA
"NPIL_80396","BMAW01000220.1","106819","106890","-",72,0,0,0,0,0,NA,NA,NA,NA,NA,NA
"NPIL_80397","BMAW01000441.1","179","260","+",82,0,0,0,0,0,NA,NA,NA,NA,NA,NA
"NPIL_80159","BMAW01000801.1","19475","21738","-",2264,11,5,11,26,13.4954706935176,1.59250629085328,2.97784097139139,0.534785539641893,0.592798163390302,0.891821718895381,3.01572795514583
"NPIL_80160","BMAW01000801.1","21569","21732","-",164,0,0,0,0,0,NA,NA,NA,NA,NA,NA
"NPIL_80161","BMAW01000801.1","23091","24752","-",1662,0,2,0,0,0.75270571412621,-2.86399280466654,4.85926394632269,-0.589388194653206,0.555600893974388,0.891821718895381,-7.28027428273396
"NPIL_80398","BMAW01000858.1","7317","7387","+",71,0,0,1,0,0.268841825352858,1.71066871988845,4.99654001345877,0.342370663555293,0.732071963045407,0.891821718895381,3.27312504586027
"NPIL_80399","BMAW01000858.1","7860","7930","+",71,0,0,0,0,0,NA,NA,NA,NA,NA,NA
"NPIL_80400","BMAW01000884.1","3767","3838","+",72,0,0,0,0,0,NA,NA,NA,NA,NA,NA
"NPIL_80401","BMAW01000884.1","4433","4504","+",72,0,0,0,0,0,NA,NA,NA,NA,NA,NA
"NPIL_80402","BMAW01000884.1","6243","6314","+",72,0,0,0,0,0,NA,NA,NA,NA,NA,NA
"NPIL_80403","BMAW01000884.1","9092","9163","+",72,0,0,0,0,0,NA,NA,NA,NA,NA,NA
"NPIL_80404","BMAW01000899.1","2523","2596","-",74,0,0,0,0,0,NA,NA,NA,NA,NA,NA
"NPIL_80266","BMAW01000901.1","9375","10501","+",1127,45,15,14,29,23.4791284888066,0.00572826911259354,2.93267089510007,0.00195326012276536,0.998441524895803,0.998441524895803,1.00397842659639
"NPIL_80267","BMAW01000901.1","10503","11018","+",516,0,0,0,0,0,NA,NA,NA,NA,NA,NA
"NPIL_80268","BMAW01000901.1","11898","13402","+",1505,0,0,0,0,0,NA,NA,NA,NA,NA,NA
"NPIL_80405","BMAW01001021.1","706","777","+",72,0,0,0,0,0,NA,NA,NA,NA,NA,NA
"NPIL_80406","BMAW01001021.1","1401","1472","+",72,0,0,0,0,0,NA,NA,NA,NA,NA,NA
"NPIL_80407","BMAW01001021.1","4769","4840","+",72,0,0,0,0,0,NA,NA,NA,NA,NA,NA
"NPIL_80408","BMAW01001021.1","5272","5343","+",72,0,0,0,0,0,NA,NA,NA,NA,NA,NA
"NPIL_80409","BMAW01001021.1","5955","6026","+",72,0,0,0,0,0,NA,NA,NA,NA,NA,NA
"NPIL_80410","BMAW01001021.1","8575","8646","+",72,0,0,0,0,0,NA,NA,NA,NA,NA,NA
"NPIL_80418","BMAW01001021.1","306159","306230","-",72,0,0,0,0,0,NA,NA,NA,NA,NA,NA
"NPIL_80417","BMAW01001021.1","314332","314403","-",72,0,0,0,0,0,NA,NA,NA,NA,NA,NA
"NPIL_80416","BMAW01001021.1","317648","317719","-",72,0,0,0,0,0,NA,NA,NA,NA,NA,NA
"NPIL_80415","BMAW01001021.1","320404","320475","-",72,0,0,0,0,0,NA,NA,NA,NA,NA,NA
"NPIL_80414","BMAW01001021.1","323112","323183","-",72,0,0,0,0,0,NA,NA,NA,NA,NA,NA
"NPIL_80413","BMAW01001021.1","325719","325790","-",72,0,0,2,0,0.537683650705716,2.69917582783982,4.89353184775603,0.551580312913985,0.581235927740693,0.891821718895381,6.4943080906042
"NPIL_80411","BMAW01001021.1","437364","437437","+",74,0,1,3,0,1.18287833312168,1.29158594151956,4.36476305410181,0.2959120404728,0.767297255677436,0.900339757197484,2.44797010805858
"NPIL_80412","BMAW01001021.1","835557","835628","-",72,0,0,1,0,0.268841825352858,1.71066871988845,4.99654001345877,0.342370663555293,0.732071963045407,0.891821718895381,3.27312504586027
"NPIL_80419","BMAW01001040.1","129524","129595","-",72,0,0,2,0,0.537683650705716,2.69917582783982,4.89353184775603,0.551580312913985,0.581235927740693,0.891821718895381,6.4943080906042
"NPIL_80422","BMAW01001128.1","58820","58891","-",72,2,0,3,0,1.07628895073688,1.36684730127398,4.35420680375946,0.313914189857457,0.753586212811798,0.900339757197484,2.57906351184163
"NPIL_80421","BMAW01001128.1","61749","61820","-",72,0,0,1,2,0.820591611398242,3.30690522884662,4.51069964404429,0.73312467905348,0.463482389258249,0.891821718895381,9.8964097094499
"NPIL_80420","BMAW01001128.1","62873","62944","+",72,0,2,2,0,1.29038936483193,-0.427078948446214,4.29983812078598,-0.0993244248851272,0.920880686048255,0.976999608286085,-1.34450856753788
"NPIL_80423","BMAW01001207.1","490","561","+",72,0,0,0,0,0,NA,NA,NA,NA,NA,NA
"NPIL_80424","BMAW01001207.1","2181","2252","+",72,0,0,0,0,0,NA,NA,NA,NA,NA,NA
"NPIL_80427","BMAW01001315.1","462","536","-",75,0,0,0,0,0,NA,NA,NA,NA,NA,NA
"NPIL_80426","BMAW01001315.1","1395","1467","-",73,0,0,0,0,0,NA,NA,NA,NA,NA,NA
"NPIL_80425","BMAW01001315.1","1798","1870","-",73,0,0,0,0,0,NA,NA,NA,NA,NA,NA
"NPIL_80293","BMAW01001332.1","98285","99029","-",745,0,0,0,0,0,NA,NA,NA,NA,NA,NA
"NPIL_80151","BMAW01001739.1","141973","143779","+",1807,218,21,30,127,80.4089949127283,0.206979987524824,2.96295337038529,0.0698559719479853,0.944308296771575,0.982431541686559,1.15426940585298
"NPIL_80152","BMAW01001739.1","145037","147608","+",2572,12000,57,1884,3983,3245.34065879661,-0.0308634888930845,3.10544863703579,-0.00993849601149555,0.992070358015059,0.994958481328058,-1.02162340979527
"NPIL_80153","BMAW01001739.1","145042","145199","+",158,0,0,0,0,0,NA,NA,NA,NA,NA,NA
"NPIL_80154","BMAW01001739.1","148935","149679","+",745,9,5,1,1,3.64041663974346,-2.50147548561155,3.25666166040391,-0.768110337044131,0.442421636153952,0.891821718895381,-5.66264263610754
"NPIL_80428","BMAW01001756.1","176485","176557","+",73,0,0,0,0,0,NA,NA,NA,NA,NA,NA
"NPIL_80429","BMAW01001996.1","10001","10071","-",71,0,0,0,0,0,NA,NA,NA,NA,NA,NA
"NPIL_80430","BMAW01002027.1","1639","1710","+",72,0,0,0,0,0,NA,NA,NA,NA,NA,NA
"NPIL_80431","BMAW01002240.1;BMAW01002240.1","1051;1121","1088;1166","+;+",84,0,0,1,0,0.268841825352858,1.71066871988845,4.99654001345877,0.342370663555293,0.732071963045407,0.891821718895381,3.27312504586027
"NPIL_80432","BMAW01002303.1","675","747","+",73,0,0,13,0,3.49494372958715,5.39820797599054,4.43515228425302,1.21714151623538,0.223550377162044,0.891821718895381,42.171837423852
"NPIL_80433","BMAW01002303.1","879","951","+",73,0,0,20,0,5.37683650705716,6.01950620615373,4.79573867052496,1.25517811117402,0.209414109694143,0.891821718895381,64.8711993233381
"NPIL_80434","BMAW01002303.1","3231","3299","+",69,0,0,0,0,0,NA,NA,NA,NA,NA,NA
"NPIL_80435","BMAW01002303.1","242163","242246","-",84,0,6,8,0,4.40885174520149,-0.0488672046012564,3.9757695350587,-0.012291256867467,0.990193242839173,0.994523533988615,-1.03445235915239
"NPIL_80436","BMAW01002361.1","51141","51212","+",72,0,0,0,0,0,NA,NA,NA,NA,NA,NA
"NPIL_80437","BMAW01002361.1","51583","51654","+",72,0,0,0,0,0,NA,NA,NA,NA,NA,NA
"NPIL_80279","BMAW01002365.1","855","965","+",111,0,0,0,0,0,NA,NA,NA,NA,NA,NA
"NPIL_80280","BMAW01002365.1","2146","2256","+",111,0,0,0,0,0,NA,NA,NA,NA,NA,NA
"NPIL_80281","BMAW01002365.1","3778","3882","+",105,0,0,0,0,0,NA,NA,NA,NA,NA,NA
"NPIL_80438","BMAW01002432.1","597363","597434","+",72,0,0,0,0,0,NA,NA,NA,NA,NA,NA
"NPIL_80439","BMAW01002432.1","597884","597955","+",72,0,0,0,0,0,NA,NA,NA,NA,NA,NA
"NPIL_80440","BMAW01002533.1","826","898","-",73,0,3,7,0,3.01095134865932,0.778614737542059,4.02617660454484,0.19338812327883,0.846655016121669,0.954738635201031,1.71548289098066
"NPIL_80441","BMAW01002717.1;BMAW01002717.1","1878;1934","1911;1970","-;-",71,0,2,0,0,0.75270571412621,-2.86399280466654,4.85926394632269,-0.589388194653206,0.555600893974388,0.891821718895381,-7.28027428273396
"NPIL_80289","BMAW01002718.1","3235","3901","+",667,5,0,6,2,2.8392094248583,1.60762975321931,3.56337998816123,0.451153050912449,0.651879244535192,0.891821718895381,3.0475074616756
"NPIL_80442","BMAW01002762.1","553","625","+",73,0,0,0,0,0,NA,NA,NA,NA,NA,NA
"NPIL_80446","BMAW01002845.1","521","592","-",72,0,0,1,0,0.268841825352858,1.71066871988845,4.99654001345877,0.342370663555293,0.732071963045407,0.891821718895381,3.27312504586027
"NPIL_80445","BMAW01002845.1","2416","2487","-",72,0,0,0,0,0,NA,NA,NA,NA,NA,NA
"NPIL_80444","BMAW01002845.1","4398","4469","-",72,0,0,0,0,0,NA,NA,NA,NA,NA,NA
"NPIL_80443","BMAW01002845.1","4847","4918","-",72,0,0,0,0,0,NA,NA,NA,NA,NA,NA
"NPIL_80447","BMAW01002856.1","2013","2082","-",70,0,0,0,0,0,NA,NA,NA,NA,NA,NA
"NPIL_80448","BMAW01002887.1","281067","281140","+",74,0,0,0,0,0,NA,NA,NA,NA,NA,NA
"NPIL_80201","BMAW01003025.1","696900","697607","-",708,0,0,0,0,0,NA,NA,NA,NA,NA,NA
"NPIL_80449","BMAW01003107.1","6305","6376","-",72,0,0,0,0,0,NA,NA,NA,NA,NA,NA
"NPIL_80292","BMAW01003148.1","891","997","+",107,0,0,0,0,0,NA,NA,NA,NA,NA,NA
"NPIL_80450","BMAW01003461.1","6458","6530","-",73,0,0,0,0,0,NA,NA,NA,NA,NA,NA
"NPIL_80452","BMAW01003760.1","376","448","-",73,0,0,0,0,0,NA,NA,NA,NA,NA,NA
"NPIL_80451","BMAW01003760.1","996","1068","-",73,0,0,0,0,0,NA,NA,NA,NA,NA,NA
"NPIL_80453","BMAW01003762.1","96","173","-",78,0,0,29,0,7.79641293523288,6.55548945592502,4.79232708690358,1.3679136121238,0.171339118428479,0.891821718895381,94.0586979409445
"NPIL_80455","BMAW01003766.1","1295","1366","-",72,0,0,0,0,0,NA,NA,NA,NA,NA,NA
"NPIL_80454","BMAW01003766.1","1372","1443","-",72,0,0,0,0,0,NA,NA,NA,NA,NA,NA
"NPIL_80456","BMAW01003804.1","42","136","-",95,0,0,0,0,0,NA,NA,NA,NA,NA,NA
"NPIL_80457","BMAW01003871.1","172966","173047","+",82,0,0,0,0,0,NA,NA,NA,NA,NA,NA
"NPIL_80458","BMAW01003926.1;BMAW01003926.1","3968;4017","4004;4063","+;+",84,0,0,2,0,0.537683650705716,2.69917582783982,4.89353184775603,0.551580312913985,0.581235927740693,0.891821718895381,6.4943080906042
"NPIL_80215","BMAW01003929.1","34456","34566","-",111,0,0,2,0,0.537683650705716,2.69917582783982,4.89353184775603,0.551580312913985,0.581235927740693,0.891821718895381,6.4943080906042
"NPIL_80459","BMAW01004020.1","2142","2213","-",72,0,0,0,0,0,NA,NA,NA,NA,NA,NA
"NPIL_80460","BMAW01004083.1","20822","20894","+",73,0,0,1,0,0.268841825352858,1.71066871988845,4.99654001345877,0.342370663555293,0.732071963045407,0.891821718895381,3.27312504586027
"NPIL_80461","BMAW01004083.1","383802","383873","+",72,0,0,0,0,0,NA,NA,NA,NA,NA,NA
"NPIL_80463","BMAW01004083.1","384484","384555","-",72,0,0,0,0,0,NA,NA,NA,NA,NA,NA
"NPIL_80462","BMAW01004083.1","429601","429672","-",72,0,2,0,0,0.75270571412621,-2.86399280466654,4.85926394632269,-0.589388194653206,0.555600893974388,0.891821718895381,-7.28027428273396
"NPIL_80464","BMAW01004141.1","164","236","+",73,0,0,0,0,0,NA,NA,NA,NA,NA,NA
"NPIL_80465","BMAW01004141.1","3240","3312","+",73,0,0,2,0,0.537683650705716,2.69917582783982,4.89353184775603,0.551580312913985,0.581235927740693,0.891821718895381,6.4943080906042
"NPIL_80466","BMAW01004141.1","4780","4850","+",71,0,0,1,0,0.268841825352858,1.71066871988845,4.99654001345877,0.342370663555293,0.732071963045407,0.891821718895381,3.27312504586027
"NPIL_80467","BMAW01004141.1","7818","7884","+",67,0,0,0,0,0,NA,NA,NA,NA,NA,NA
"NPIL_80470","BMAW01004209.1","293500","293579","-",80,0,0,3,0,0.806525476058573,3.28359165010455,4.85756473614397,0.675974861574595,0.499056605713363,0.891821718895381,9.73777151628258
"NPIL_80469","BMAW01004209.1","294009","294081","-",73,0,0,0,0,0,NA,NA,NA,NA,NA,NA
"NPIL_80468","BMAW01004209.1","350469","350541","+",73,0,0,1,0,0.268841825352858,1.71066871988845,4.99654001345877,0.342370663555293,0.732071963045407,0.891821718895381,3.27312504586027
"NPIL_80471","BMAW01004299.1","31064","31136","+",73,0,2,14,0,4.51649126906622,2.38454791845219,3.99002472652078,0.597627353685966,0.550088608323698,0.891821718895381,5.22180259285323
"NPIL_80472","BMAW01004299.1","31147","31218","+",72,0,2,0,0,0.75270571412621,-2.86399280466654,4.85926394632269,-0.589388194653206,0.555600893974388,0.891821718895381,-7.28027428273396
"NPIL_80474","BMAW01004562.1;BMAW01004562.1","2934;2988","2969;3025","-;-",74,0,0,0,0,0,NA,NA,NA,NA,NA,NA
"NPIL_80473","BMAW01004562.1;BMAW01004562.1","135863;135917","135898;135953","-;-",73,0,1,0,0,0.376352857063105,-1.74918591944753,4.93135297991929,-0.354707100986342,0.722809030610026,0.891821718895381,-3.36168820023485
"NPIL_80475","BMAW01004623.1","18673","18743","+",71,0,0,0,0,0,NA,NA,NA,NA,NA,NA
"NPIL_80476","BMAW01004735.1","81104","81176","+",73,0,0,0,0,0,NA,NA,NA,NA,NA,NA
"NPIL_80477","BMAW01004868.1;BMAW01004868.1","740;796","777;831","+;+",74,0,0,0,0,0,NA,NA,NA,NA,NA,NA
"NPIL_80478","BMAW01004893.1","3237","3308","-",72,0,0,10,0,2.68841825352858,5.01979173912096,4.48252748366902,1.11985743699494,0.262774518491331,0.891821718895381,32.4420198331592
"NPIL_80479","BMAW01004897.1","9495","9581","+",87,0,0,0,0,0,NA,NA,NA,NA,NA,NA
"NPIL_80480","BMAW01004959.1","39049","39122","+",74,0,0,0,0,0,NA,NA,NA,NA,NA,NA
"NPIL_80481","BMAW01004959.1","39992","40065","+",74,0,0,0,0,0,NA,NA,NA,NA,NA,NA
"NPIL_80482","BMAW01005340.1","6998","7071","-",74,0,0,0,0,0,NA,NA,NA,NA,NA,NA
"NPIL_80493","BMAW01005367.1","34","105","-",72,0,0,0,0,0,NA,NA,NA,NA,NA,NA
"NPIL_80492","BMAW01005367.1","2287","2358","-",72,0,0,0,0,0,NA,NA,NA,NA,NA,NA
"NPIL_80491","BMAW01005367.1","2749","2820","-",72,0,0,0,0,0,NA,NA,NA,NA,NA,NA
"NPIL_80490","BMAW01005367.1","5915","5986","-",72,0,0,0,0,0,NA,NA,NA,NA,NA,NA
"NPIL_80489","BMAW01005367.1","7777","7848","-",72,0,0,0,0,0,NA,NA,NA,NA,NA,NA
"NPIL_80488","BMAW01005367.1","12433","12504","-",72,0,0,0,0,0,NA,NA,NA,NA,NA,NA
"NPIL_80487","BMAW01005367.1","14520","14591","-",72,0,0,0,0,0,NA,NA,NA,NA,NA,NA
"NPIL_80483","BMAW01005367.1","26294","26365","+",72,0,0,0,0,0,NA,NA,NA,NA,NA,NA
"NPIL_80484","BMAW01005367.1","34688","34759","+",72,0,0,0,0,0,NA,NA,NA,NA,NA,NA
"NPIL_80485","BMAW01005367.1","36601","36672","+",72,0,0,0,0,0,NA,NA,NA,NA,NA,NA
"NPIL_80486","BMAW01005367.1","40325","40396","+",72,0,0,0,0,0,NA,NA,NA,NA,NA,NA
"NPIL_80494","BMAW01005374.1","2019","2090","+",72,0,0,0,0,0,NA,NA,NA,NA,NA,NA
"NPIL_80495","BMAW01005436.1","447193","447272","+",80,0,0,1,0,0.268841825352858,1.71066871988845,4.99654001345877,0.342370663555293,0.732071963045407,0.891821718895381,3.27312504586027
"NPIL_80496","BMAW01005436.1","447555","447634","+",80,0,2,0,0,0.75270571412621,-2.86399280466654,4.85926394632269,-0.589388194653206,0.555600893974388,0.891821718895381,-7.28027428273396
"NPIL_80497","BMAW01005436.1","449078","449159","+",82,0,0,0,0,0,NA,NA,NA,NA,NA,NA
"NPIL_80498","BMAW01005704.1","283054","283126","-",73,0,0,1,0,0.268841825352858,1.71066871988845,4.99654001345877,0.342370663555293,0.732071963045407,0.891821718895381,3.27312504586027
"NPIL_80499","BMAW01005757.1;BMAW01005757.1","11911;11967","11946;12004","-;-",74,0,0,0,0,0,NA,NA,NA,NA,NA,NA
"NPIL_80500","BMAW01006016.1","11209","11284","-",76,0,0,0,0,0,NA,NA,NA,NA,NA,NA
"NPIL_80501","BMAW01006328.1;BMAW01006328.1","1384;1437","1420;1472","+;+",73,0,0,5,0,1.34420912676429,4.02013983356769,4.69792207260442,0.85572722821667,0.392148675749104,0.891821718895381,16.2249242051548
"NPIL_80502","BMAW01006439.1","1606","1683","-",78,0,0,0,0,0,NA,NA,NA,NA,NA,NA
"NPIL_80503","BMAW01006474.1","5065","5151","+",87,0,0,6,0,1.61305095211715,4.28306827202617,4.62524315841106,0.926020130257878,0.354435518922147,0.891821718895381,19.4684790146603
"NPIL_80504","BMAW01006499.1","1060","1130","+",71,0,0,0,0,0,NA,NA,NA,NA,NA,NA
"NPIL_80249","BMAW01006633.1","9798","9899","+",102,0,0,8,0,2.15073460282286,4.69795996455743,4.53500157820756,1.03593347952357,0.300233177185137,0.891821718895381,25.9553486957577
"NPIL_80505","BMAW01006734.1","424993","425064","+",72,0,0,0,0,0,NA,NA,NA,NA,NA,NA
"NPIL_80509","BMAW01006734.1","1207005","1207076","-",72,0,0,0,0,0,NA,NA,NA,NA,NA,NA
"NPIL_80508","BMAW01006734.1","1207081","1207152","-",72,0,0,0,0,0,NA,NA,NA,NA,NA,NA
"NPIL_80507","BMAW01006734.1","1305938","1306009","-",72,0,0,0,0,0,NA,NA,NA,NA,NA,NA
"NPIL_80506","BMAW01006734.1","1306014","1306085","-",72,0,0,0,0,0,NA,NA,NA,NA,NA,NA
"NPIL_80510","BMAW01006807.1;BMAW01006807.1","497;553","530;589","-;-",71,0,0,0,0,0,NA,NA,NA,NA,NA,NA
"NPIL_80512","BMAW01006936.1","254448","254519","-",72,0,0,0,0,0,NA,NA,NA,NA,NA,NA
"NPIL_80511","BMAW01006936.1","255215","255286","+",72,0,0,0,0,0,NA,NA,NA,NA,NA,NA
"NPIL_80174","BMAW01006954.1","49878","49967","+",90,0,0,0,0,0,NA,NA,NA,NA,NA,NA
"NPIL_80514","BMAW01007012.1","855618","855699","-",82,0,0,0,0,0,NA,NA,NA,NA,NA,NA
"NPIL_80513","BMAW01007012.1","858777","858849","+",73,0,2,3,0,1.55923119018478,0.158669708282786,4.20946555413706,0.0376935518873281,0.969932017193463,0.985668377354419,1.11625737590065
"NPIL_80515","BMAW01007366.1","73","144","+",72,0,0,0,0,0,NA,NA,NA,NA,NA,NA
"NPIL_80516","BMAW01007483.1","4640","4713","+",74,0,0,2,0,0.537683650705716,2.69917582783982,4.89353184775603,0.551580312913985,0.581235927740693,0.891821718895381,6.4943080906042
"NPIL_80519","BMAW01007695.1","4262","4333","-",72,0,0,0,0,0,NA,NA,NA,NA,NA,NA
"NPIL_80518","BMAW01007695.1","5288","5359","-",72,0,0,0,0,0,NA,NA,NA,NA,NA,NA
"NPIL_80517","BMAW01007695.1","8809","8880","-",72,0,0,0,0,0,NA,NA,NA,NA,NA,NA
"NPIL_80520","BMAW01007760.1","6426","6497","+",72,0,0,0,0,0,NA,NA,NA,NA,NA,NA
"NPIL_80521","BMAW01007809.1","4810","4881","+",72,0,0,0,0,0,NA,NA,NA,NA,NA,NA
"NPIL_80522","BMAW01007957.1","128330","128400","+",71,0,1,0,0,0.376352857063105,-1.74918591944753,4.93135297991929,-0.354707100986342,0.722809030610026,0.891821718895381,-3.36168820023485
"NPIL_80523","BMAW01008184.1","18696","18767","+",72,0,0,0,0,0,NA,NA,NA,NA,NA,NA
"NPIL_80524","BMAW01008415.1","44573","44646","-",74,0,0,0,0,0,NA,NA,NA,NA,NA,NA
"NPIL_80526","BMAW01008817.1","643","714","-",72,0,0,0,0,0,NA,NA,NA,NA,NA,NA
"NPIL_80525","BMAW01008817.1","3218","3289","-",72,0,0,0,0,0,NA,NA,NA,NA,NA,NA
"NPIL_80527","BMAW01008995.1","1673","1752","-",80,0,0,0,0,0,NA,NA,NA,NA,NA,NA
"NPIL_80529","BMAW01009045.1","11121","11194","-",74,0,0,0,0,0,NA,NA,NA,NA,NA,NA
"NPIL_80528","BMAW01009045.1","825140","825212","+",73,0,0,0,0,0,NA,NA,NA,NA,NA,NA
"NPIL_80539","BMAW01009222.1","10090","10161","-",72,0,3,0,0,1.12905857118931,-3.46360091259568,4.81676337878583,-0.719072256663094,0.472096400208687,0.891821718895381,-11.0318352566182
"NPIL_80538","BMAW01009222.1","15883","15954","-",72,0,0,0,0,0,NA,NA,NA,NA,NA,NA
"NPIL_80537","BMAW01009222.1","16472","16543","-",72,0,0,0,0,0,NA,NA,NA,NA,NA,NA
"NPIL_80530","BMAW01009222.1","29510","29583","+",74,0,0,0,0,0,NA,NA,NA,NA,NA,NA
"NPIL_80531","BMAW01009222.1","30869","30940","+",72,0,0,2,0,0.537683650705716,2.69917582783982,4.89353184775603,0.551580312913985,0.581235927740693,0.891821718895381,6.4943080906042
"NPIL_80532","BMAW01009222.1","32920","32991","+",72,0,0,0,0,0,NA,NA,NA,NA,NA,NA
"NPIL_80533","BMAW01009222.1","33655","33728","+",74,0,0,0,0,0,NA,NA,NA,NA,NA,NA
"NPIL_80534","BMAW01009222.1","39752","39825","+",74,0,0,1,0,0.268841825352858,1.71066871988845,4.99654001345877,0.342370663555293,0.732071963045407,0.891821718895381,3.27312504586027
"NPIL_80536","BMAW01009222.1","225661","225732","-",72,0,2,2,0,1.29038936483193,-0.427078948446214,4.29983812078598,-0.0993244248851272,0.920880686048255,0.976999608286085,-1.34450856753788
"NPIL_80535","BMAW01009222.1","370851","370922","-",72,0,0,0,0,0,NA,NA,NA,NA,NA,NA
"NPIL_80540","BMAW01009304.1","2486","2557","-",72,0,0,0,0,0,NA,NA,NA,NA,NA,NA
"NPIL_80541","BMAW01009473.1","6768","6840","-",73,0,2,5,0,2.0969148408905,0.896977776861171,4.1118602762515,0.218144031313944,0.827316891375442,0.945309018503614,1.86216095488718
"NPIL_80542","BMAW01009525.1","304688","304760","+",73,0,0,2,0,0.537683650705716,2.69917582783982,4.89353184775603,0.551580312913985,0.581235927740693,0.891821718895381,6.4943080906042
"NPIL_80543","BMAW01009525.1","514719","514790","+",72,0,0,0,0,0,NA,NA,NA,NA,NA,NA
"NPIL_80544","BMAW01009577.1","5735","5816","+",82,1,0,3,0,0.941407213397727,2.01039764872886,4.45494693887111,0.451273085025406,0.651792740764262,0.891821718895381,4.02893253822949
"NPIL_80220","BMAW01009615.1","58249","60172","-",1924,1704,123,56,674,477.124701961734,-0.45834351251223,3.02286268840512,-0.151625647526205,0.879482203490104,0.96553388221426,-1.37396334165466
"NPIL_80545","BMAW01009692.1","27103","27175","+",73,0,0,0,0,0,NA,NA,NA,NA,NA,NA
"NPIL_80546","BMAW01009692.1","28583","28655","+",73,0,1,2,1,1.18991140079151,1.33833062235179,3.980560849821,0.3362165968175,0.736707538236839,0.891821718895381,2.5285856063509
"NPIL_80547","BMAW01009692.1","29363","29435","+",73,0,2,6,0,2.36575666624336,1.16050182137952,4.08232818153611,0.284274504589888,0.776200022895944,0.900339757197484,2.23535167688468
"NPIL_80548","BMAW01009692.1","30727","30799","+",73,0,1,2,0,0.91403650776882,0.698848229026016,4.5098790662041,0.154959416597888,0.876853311627851,0.96553388221426,1.62320839206183
"NPIL_80555","BMAW01009692.1","47328","47393","-",66,0,0,2,0,0.537683650705716,2.69917582783982,4.89353184775603,0.551580312913985,0.581235927740693,0.891821718895381,6.4943080906042
"NPIL_80554","BMAW01009692.1","58714","58786","-",73,0,0,9,0,2.41957642817572,4.86783234049204,4.50561191740474,1.08039316961323,0.279967136168575,0.891821718895381,29.1987021757515
"NPIL_80553","BMAW01009692.1","59312","59384","-",73,0,0,0,0,0,NA,NA,NA,NA,NA,NA
"NPIL_80549","BMAW01009692.1","65931","66003","+",73,0,0,7,0,1.88189277747,4.50537950442079,4.57339525730654,0.98512795219764,0.324561224801803,0.891821718895381,22.7119473461765
"NPIL_80552","BMAW01009692.1","80014","80084","-",71,0,0,1,0,0.268841825352858,1.71066871988845,4.99654001345877,0.342370663555293,0.732071963045407,0.891821718895381,3.27312504586027
"NPIL_80550","BMAW01009692.1","90741","90810","+",70,0,0,3,0,0.806525476058573,3.28359165010455,4.85756473614397,0.675974861574595,0.499056605713363,0.891821718895381,9.73777151628258
"NPIL_80551","BMAW01009692.1","91426","91498","+",73,0,0,0,0,0,NA,NA,NA,NA,NA,NA
"NPIL_80557","BMAW01009798.1","1305","1376","-",72,0,0,0,0,0,NA,NA,NA,NA,NA,NA
"NPIL_80556","BMAW01009798.1","1382","1453","-",72,0,0,0,0,0,NA,NA,NA,NA,NA,NA
"NPIL_80558","BMAW01009831.1","30372","30444","+",73,0,0,0,0,0,NA,NA,NA,NA,NA,NA
"NPIL_80559","BMAW01009837.1","153384","153456","+",73,0,0,0,0,0,NA,NA,NA,NA,NA,NA
"NPIL_80560","BMAW01010021.1","47859","47959","-",101,0,0,0,0,0,NA,NA,NA,NA,NA,NA
"NPIL_80561","BMAW01010225.1","16509","16580","+",72,0,0,0,0,0,NA,NA,NA,NA,NA,NA
"NPIL_80562","BMAW01010452.1","3845","3917","-",73,0,0,1,0,0.268841825352858,1.71066871988845,4.99654001345877,0.342370663555293,0.732071963045407,0.891821718895381,3.27312504586027
"NPIL_80563","BMAW01010517.1","1005","1081","+",77,0,0,0,0,0,NA,NA,NA,NA,NA,NA
"NPIL_80564","BMAW01010517.1","4521","4592","-",72,0,0,0,0,0,NA,NA,NA,NA,NA,NA
"NPIL_80565","BMAW01010560.1;BMAW01010560.1","737;793","774;828","+;+",74,0,0,0,0,0,NA,NA,NA,NA,NA,NA
"NPIL_80566","BMAW01010655.1","6692","6765","+",74,0,0,0,0,0,NA,NA,NA,NA,NA,NA
"NPIL_80567","BMAW01010655.1","15776","15849","-",74,0,0,0,0,0,NA,NA,NA,NA,NA,NA
"NPIL_80568","BMAW01010812.1;BMAW01010812.1","14718;14771","14754;14806","+;+",73,0,0,0,0,0,NA,NA,NA,NA,NA,NA
"NPIL_80569","BMAW01010866.1","1","72","+",72,0,0,0,0,0,NA,NA,NA,NA,NA,NA
"NPIL_80570","BMAW01010866.1","4885","4956","+",72,0,0,0,0,0,NA,NA,NA,NA,NA,NA
"NPIL_80257","BMAW01010876.1","2","2208","-",2207,241500,9554,5738,2502,38402.468140004,-4.01771248089366,2.97143728773393,-1.35211081097984,0.17633986938283,0.891821718895381,-16.1976485170156
"NPIL_80258","BMAW01010876.1","2045","2202","-",158,0,0,0,0,0,NA,NA,NA,NA,NA,NA
"NPIL_80571","BMAW01010901.1","104","177","+",74,0,0,3,0,0.806525476058573,3.28359165010455,4.85756473614397,0.675974861574595,0.499056605713363,0.891821718895381,9.73777151628258
"NPIL_80572","BMAW01010901.1","2895","2968","+",74,0,0,9,0,2.41957642817572,4.86783234049204,4.50561191740474,1.08039316961323,0.279967136168575,0.891821718895381,29.1987021757515
"NPIL_80573","BMAW01011016.1","44536","44607","+",72,0,0,0,0,0,NA,NA,NA,NA,NA,NA
"NPIL_80574","BMAW01011071.1;BMAW01011071.1","205188;205244","205224;205279","+;+",73,0,0,0,0,0,NA,NA,NA,NA,NA,NA
"NPIL_80575","BMAW01011071.1","210780","210851","+",72,0,0,0,0,0,NA,NA,NA,NA,NA,NA
"NPIL_80576","BMAW01011071.1","210858","210929","+",72,0,0,0,0,0,NA,NA,NA,NA,NA,NA
"NPIL_80587","BMAW01011354.1","1180935","1181005","-",71,0,0,0,0,0,NA,NA,NA,NA,NA,NA
"NPIL_80586","BMAW01011354.1","1181390","1181460","-",71,0,0,0,0,0,NA,NA,NA,NA,NA,NA
"NPIL_80585","BMAW01011354.1","1181550","1181620","-",71,0,0,0,0,0,NA,NA,NA,NA,NA,NA
"NPIL_80584","BMAW01011354.1","1181702","1181772","-",71,0,0,1,0,0.268841825352858,1.71066871988845,4.99654001345877,0.342370663555293,0.732071963045407,0.891821718895381,3.27312504586027
"NPIL_80577","BMAW01011354.1","1229131","1229201","+",71,0,0,0,0,0,NA,NA,NA,NA,NA,NA
"NPIL_80578","BMAW01011354.1","1229571","1229641","+",71,0,0,0,0,0,NA,NA,NA,NA,NA,NA
"NPIL_80579","BMAW01011354.1","1230005","1230075","+",71,0,0,0,0,0,NA,NA,NA,NA,NA,NA
"NPIL_80580","BMAW01011354.1","1230462","1230532","+",71,0,0,0,0,0,NA,NA,NA,NA,NA,NA
"NPIL_80583","BMAW01011354.1","1373426","1373496","-",71,0,0,0,0,0,NA,NA,NA,NA,NA,NA
"NPIL_80582","BMAW01011354.1","1374658","1374728","-",71,0,0,0,0,0,NA,NA,NA,NA,NA,NA
"NPIL_80581","BMAW01011354.1","1564919","1564992","+",74,0,0,0,0,0,NA,NA,NA,NA,NA,NA
"NPIL_80588","BMAW01011355.1","6747","6819","-",73,0,0,0,0,0,NA,NA,NA,NA,NA,NA
"NPIL_80590","BMAW01011659.1","193932","194005","-",74,0,0,1,0,0.268841825352858,1.71066871988845,4.99654001345877,0.342370663555293,0.732071963045407,0.891821718895381,3.27312504586027
"NPIL_80589","BMAW01011659.1","571269","571360","+",92,0,0,2,0,0.537683650705716,2.69917582783982,4.89353184775603,0.551580312913985,0.581235927740693,0.891821718895381,6.4943080906042
"NPIL_80592","BMAW01011864.1;BMAW01011864.1","337;403","382;440","-;-",84,0,0,12,0,3.22610190423429,5.28275808308375,4.44773735581812,1.18774056569985,0.234935636533782,0.891821718895381,38.9285872266366
"NPIL_80591","BMAW01011864.1;BMAW01011864.1","883;953","920;998","+;+",84,0,0,1,0,0.268841825352858,1.71066871988845,4.99654001345877,0.342370663555293,0.732071963045407,0.891821718895381,3.27312504586027
"NPIL_80593","BMAW01011920.1","309","392","+",84,0,0,0,0,0,NA,NA,NA,NA,NA,NA
"NPIL_80594","BMAW01011924.1","456","529","-",74,0,0,0,0,0,NA,NA,NA,NA,NA,NA
"NPIL_80595","BMAW01012099.1;BMAW01012099.1","6346;6391","6381;6427","-;-",73,0,0,0,0,0,NA,NA,NA,NA,NA,NA
"NPIL_80596","BMAW01012174.1;BMAW01012174.1","774;833","810;866","+;+",71,0,0,1,0,0.268841825352858,1.71066871988845,4.99654001345877,0.342370663555293,0.732071963045407,0.891821718895381,3.27312504586027
"NPIL_80599","BMAW01012191.1","40408","40480","-",73,0,0,0,0,0,NA,NA,NA,NA,NA,NA
"NPIL_80597","BMAW01012191.1","77462","77533","+",72,0,0,2,0,0.537683650705716,2.69917582783982,4.89353184775603,0.551580312913985,0.581235927740693,0.891821718895381,6.4943080906042
"NPIL_80598","BMAW01012191.1","114845","114928","+",84,0,0,0,0,0,NA,NA,NA,NA,NA,NA
"NPIL_80600","BMAW01012816.1","31365","31439","+",75,0,0,1,0,0.268841825352858,1.71066871988845,4.99654001345877,0.342370663555293,0.732071963045407,0.891821718895381,3.27312504586027
"NPIL_80601","BMAW01013113.1","643787","643858","-",72,0,0,0,0,0,NA,NA,NA,NA,NA,NA
"NPIL_80602","BMAW01013180.1","545623","545695","-",73,0,0,2,0,0.537683650705716,2.69917582783982,4.89353184775603,0.551580312913985,0.581235927740693,0.891821718895381,6.4943080906042
"NPIL_80603","BMAW01013514.1","2","73","-",72,0,0,0,0,0,NA,NA,NA,NA,NA,NA
"NPIL_80184","BMAW01013521.1","39012","40811","+",1800,43,10,13,16,17.4723852941649,-0.27592647369869,2.94096618563471,-0.0938217090174193,0.925250786446724,0.977696096790372,-1.21077137596165
"NPIL_80185","BMAW01013521.1","42000","43843","+",1844,26,5,26,14,16.2408254176255,1.0054540243722,2.95862276396281,0.339838534543512,0.733978126754607,0.891821718895381,2.00757519299813
"NPIL_80186","BMAW01013521.1","42006","42154","+",149,0,0,0,0,0,NA,NA,NA,NA,NA,NA
"NPIL_80187","BMAW01013521.1","43890","44721","+",832,321,39,26,20,70.4821844309576,-2.21329996181626,2.92221429621302,-0.757405083085294,0.448807211748889,0.891821718895381,-4.63734789403798
"NPIL_80604","BMAW01013572.1","2141","2212","-",72,0,0,0,0,0,NA,NA,NA,NA,NA,NA
"NPIL_80605","BMAW01013762.1","1173","1246","+",74,0,0,9,0,2.41957642817572,4.86783234049204,4.50561191740474,1.08039316961323,0.279967136168575,0.891821718895381,29.1987021757515
"NPIL_80606","BMAW01013762.1","3116","3189","+",74,0,0,18,0,4.83915285635144,5.86759750281111,4.39591465527025,1.33478421738158,0.181946980455291,0.891821718895381,58.3878993663697
"NPIL_80607","BMAW01013762.1","5289","5362","+",74,0,0,24,0,6.45220380846859,6.28250382725041,4.79390686112083,1.31051854140144,0.19002047596814,0.891821718895381,77.8434543697117
"NPIL_80608","BMAW01013762.1","7168","7238","+",71,0,0,0,0,0,NA,NA,NA,NA,NA,NA
"NPIL_80611","BMAW01013855.1","12117","12190","-",74,0,0,0,0,0,NA,NA,NA,NA,NA,NA
"NPIL_80609","BMAW01013855.1","27511","27583","+",73,0,0,0,0,0,NA,NA,NA,NA,NA,NA
"NPIL_80610","BMAW01013855.1","31632","31704","+",73,0,0,0,0,0,NA,NA,NA,NA,NA,NA
"NPIL_80612","BMAW01014000.1","2574009","2574081","-",73,2,0,0,0,0.269763474678307,-1.63527295492516,4.93518650102935,-0.331349778693081,0.740380294932015,0.891821718895381,-3.10646318083294
"NPIL_80613","BMAW01014055.1","308601","308672","+",72,0,0,0,0,0,NA,NA,NA,NA,NA,NA
"NPIL_80182","BMAW01014641.1","2160","3442","+",1283,0,0,0,0,0,NA,NA,NA,NA,NA,NA
"NPIL_80614","BMAW01014679.1","12883","12954","-",72,0,0,0,0,0,NA,NA,NA,NA,NA,NA
"NPIL_80618","BMAW01014760.1","56","137","-",82,0,0,5,0,1.34420912676429,4.02013983356769,4.69792207260442,0.85572722821667,0.392148675749104,0.891821718895381,16.2249242051548
"NPIL_80617","BMAW01014760.1","806","890","-",85,0,0,1,0,0.268841825352858,1.71066871988845,4.99654001345877,0.342370663555293,0.732071963045407,0.891821718895381,3.27312504586027
"NPIL_80616","BMAW01014760.1","3468","3549","-",82,0,0,2,0,0.537683650705716,2.69917582783982,4.89353184775603,0.551580312913985,0.581235927740693,0.891821718895381,6.4943080906042
"NPIL_80615","BMAW01014760.1","3706","3787","-",82,0,0,5,0,1.34420912676429,4.02013983356769,4.69792207260442,0.85572722821667,0.392148675749104,0.891821718895381,16.2249242051548
"NPIL_80619","BMAW01014999.1","171361","171433","-",73,0,0,0,0,0,NA,NA,NA,NA,NA,NA
"NPIL_80620","BMAW01015210.1","2119","2190","+",72,0,1,7,0,2.25824563453311,2.52766368753535,4.14758360052513,0.609430437331106,0.542239168130067,0.891821718895381,5.76637110710458
"NPIL_80223","BMAW01015302.1","3094","3203","+",110,1,0,19,0,5.24287641904345,4.66967358782283,4.0181981193928,1.16213124616376,0.245182157004585,0.891821718895381,25.4514084047639
"NPIL_80621","BMAW01015411.1","792816","792888","+",73,0,0,5,0,1.34420912676429,4.02013983356769,4.69792207260442,0.85572722821667,0.392148675749104,0.891821718895381,16.2249242051548
"NPIL_80622","BMAW01015424.1","203604","203676","-",73,0,0,0,0,0,NA,NA,NA,NA,NA,NA
"NPIL_80624","BMAW01015479.1","59481","59567","-",87,0,0,0,0,0,NA,NA,NA,NA,NA,NA
"NPIL_80623","BMAW01015479.1","61792","61879","-",88,2,0,0,0,0.269763474678307,-1.63527295492516,4.93518650102935,-0.331349778693081,0.740380294932015,0.891821718895381,-3.10646318083294
"NPIL_80625","BMAW01015602.1;BMAW01015602.1","1345;1399","1380;1436","-;-",74,0,0,2,0,0.537683650705716,2.69917582783982,4.89353184775603,0.551580312913985,0.581235927740693,0.891821718895381,6.4943080906042
"NPIL_80627","BMAW01015635.1","190","271","-",82,0,0,3,0,0.806525476058573,3.28359165010455,4.85756473614397,0.675974861574595,0.499056605713363,0.891821718895381,9.73777151628258
"NPIL_80626","BMAW01015635.1","7553","7634","-",82,0,0,2,0,0.537683650705716,2.69917582783982,4.89353184775603,0.551580312913985,0.581235927740693,0.891821718895381,6.4943080906042
"NPIL_80628","BMAW01015738.1","75210","75281","-",72,0,2,2,0,1.29038936483193,-0.427078948446214,4.29983812078598,-0.0993244248851272,0.920880686048255,0.976999608286085,-1.34450856753788
"NPIL_80629","BMAW01015873.1","6119","6190","-",72,0,0,0,0,0,NA,NA,NA,NA,NA,NA
"NPIL_80631","BMAW01016039.1","1392","1463","-",72,6,13,117,8,39.3633702763212,2.57128979876832,3.07502387837015,0.836185311227949,0.40305066055706,0.891821718895381,5.94340543360655
"NPIL_80630","BMAW01016039.1","2000","2071","-",72,0,0,60,1,16.4063844141942,7.62886687975133,3.95847235471472,1.92722499897341,0.0539515957912948,0.891821718895381,197.932797905633
"NPIL_80632","BMAW01016149.1","51143","51214","+",72,0,0,0,0,0,NA,NA,NA,NA,NA,NA
"NPIL_80633","BMAW01016149.1","51585","51656","+",72,0,0,0,0,0,NA,NA,NA,NA,NA,NA
"NPIL_80634","BMAW01016158.1","548764","548836","+",73,0,1,0,0,0.376352857063105,-1.74918591944753,4.93135297991929,-0.354707100986342,0.722809030610026,0.891821718895381,-3.36168820023485
"NPIL_80635","BMAW01016158.1","700613","700684","+",72,0,0,0,0,0,NA,NA,NA,NA,NA,NA
"NPIL_80637","BMAW01016227.1","243704","243785","-",82,0,0,2,0,0.537683650705716,2.69917582783982,4.89353184775603,0.551580312913985,0.581235927740693,0.891821718895381,6.4943080906042
"NPIL_80636","BMAW01016227.1","353585","353666","-",82,0,0,0,0,0,NA,NA,NA,NA,NA,NA
"NPIL_80638","BMAW01016277.1","1514","1585","-",72,0,0,0,0,0,NA,NA,NA,NA,NA,NA
"NPIL_80639","BMAW01016409.1","1336","1407","-",72,0,0,0,0,0,NA,NA,NA,NA,NA,NA
"NPIL_80259","BMAW01016620.1","177","2093","-",1917,51,12,20,32,25.6000359728374,0.316393604810758,2.92681960713903,0.10810150514197,0.913915174221884,0.976999608286085,1.24521391585576
"NPIL_80640","BMAW01016703.1","955885","955956","-",72,4,2,0,0,1.29223266348282,-3.68329911669473,4.23252070128285,-0.870237708601957,0.384170512536988,0.891821718895381,-12.8464614245354
"NPIL_80641","BMAW01016770.1;BMAW01016770.1","638114;638157","638149;638206","+;+",86,0,0,1,0,0.268841825352858,1.71066871988845,4.99654001345877,0.342370663555293,0.732071963045407,0.891821718895381,3.27312504586027
"NPIL_80643","BMAW01016895.1","29764","29835","-",72,0,0,0,0,0,NA,NA,NA,NA,NA,NA
"NPIL_80642","BMAW01016895.1","30208","30279","-",72,0,0,0,2,0.551749786045384,2.73304445395152,4.89103494176563,0.558786532194536,0.57630741495506,0.891821718895381,6.64857175290645
"NPIL_80645","BMAW01017168.1","9638","9710","-",73,0,0,0,0,0,NA,NA,NA,NA,NA,NA
"NPIL_80644","BMAW01017168.1","11058","11130","+",73,0,0,0,0,0,NA,NA,NA,NA,NA,NA
"NPIL_80248","BMAW01017231.1","63882","63960","+",79,0,0,0,0,0,NA,NA,NA,NA,NA,NA
"NPIL_80646","BMAW01017409.1","63469","63542","-",74,0,0,0,0,0,NA,NA,NA,NA,NA,NA
"NPIL_80651","BMAW01017455.1","78","149","-",72,0,0,8,0,2.15073460282286,4.69795996455743,4.53500157820756,1.03593347952357,0.300233177185137,0.891821718895381,25.9553486957577
"NPIL_80650","BMAW01017455.1","298","369","-",72,0,0,3,0,0.806525476058573,3.28359165010455,4.85756473614397,0.675974861574595,0.499056605713363,0.891821718895381,9.73777151628258
"NPIL_80649","BMAW01017455.1","3877","3948","-",72,0,0,41,0,11.0225148394672,7.05501150349974,4.79010671115775,1.4728297152684,0.14079695764951,0.891821718895381,132.975025509986
"NPIL_80648","BMAW01017455.1","4451","4522","-",72,0,0,1,0,0.268841825352858,1.71066871988845,4.99654001345877,0.342370663555293,0.732071963045407,0.891821718895381,3.27312504586027
"NPIL_80647","BMAW01017455.1","4671","4742","-",72,0,0,0,0,0,NA,NA,NA,NA,NA,NA
"NPIL_80652","BMAW01017637.1","560308","560391","+",84,0,0,2,0,0.537683650705716,2.69917582783982,4.89353184775603,0.551580312913985,0.581235927740693,0.891821718895381,6.4943080906042
"NPIL_80653","BMAW01017729.1","327453","327523","-",71,0,0,0,0,0,NA,NA,NA,NA,NA,NA
"NPIL_80654","BMAW01017734.1","16867","16952","+",86,0,0,0,0,0,NA,NA,NA,NA,NA,NA
"NPIL_80198","BMAW01018403.1","1641","1752","+",112,0,98,53,0,51.1311967358857,-1.37100932731961,4.56802090299348,-0.300132017001318,0.764076458264992,0.900339757197484,-2.58651458606871
"NPIL_80655","BMAW01018452.1;BMAW01018452.1","321;391","358;436","+;+",84,0,0,16,0,4.30146920564573,5.69770449220414,4.40809721213524,1.29255418336027,0.19616529451338,0.891821718895381,51.9015058621051
"NPIL_80227","BMAW01018698.1","111375","111480","+",106,0,3,6,0,2.74210952330646,0.556120477000182,4.04254790616437,0.137566824168532,0.890582776661848,0.967841534889611,1.47031011435031
"NPIL_80658","BMAW01018703.1","214","285","-",72,0,0,4,0,1.07536730141143,3.69835447649903,4.80822345381341,0.769172754141835,0.441790762514931,0.891821718895381,12.981223641005
"NPIL_80657","BMAW01018703.1;BMAW01018703.1","574;627","609;663","-;-",73,0,0,5,0,1.34420912676429,4.02013983356769,4.69792207260442,0.85572722821667,0.392148675749104,0.891821718895381,16.2249242051548
"NPIL_80656","BMAW01018703.1","1508","1579","-",72,0,0,0,0,0,NA,NA,NA,NA,NA,NA
"NPIL_80659","BMAW01018800.1","283387","283467","-",81,0,0,0,0,0,NA,NA,NA,NA,NA,NA
"NPIL_80660","BMAW01018803.1","36113","36184","+",72,0,0,0,0,0,NA,NA,NA,NA,NA,NA
"NPIL_80661","BMAW01018810.1","1436329","1436400","-",72,0,0,0,0,0,NA,NA,NA,NA,NA,NA
"NPIL_80663","BMAW01018847.1","6487","6558","-",72,0,0,0,0,0,NA,NA,NA,NA,NA,NA
"NPIL_80662","BMAW01018847.1;BMAW01018847.1","9509;9565","9545;9597","+;+",70,0,0,0,0,0,NA,NA,NA,NA,NA,NA
"NPIL_80664","BMAW01018914.1","60","132","+",73,1,0,11,2,3.64389160226597,4.12462615853322,3.6387960441063,1.13351397235188,0.256998476970035,0.891821718895381,17.4436030256627
"NPIL_80203","BMAW01019051.1","231864","232765","+",902,0,0,0,0,0,NA,NA,NA,NA,NA,NA
"NPIL_80666","BMAW01019065.1","1308","1379","-",72,0,2,0,0,0.75270571412621,-2.86399280466654,4.85926394632269,-0.589388194653206,0.555600893974388,0.891821718895381,-7.28027428273396
"NPIL_80665","BMAW01019065.1","5236","5307","-",72,0,0,1,0,0.268841825352858,1.71066871988845,4.99654001345877,0.342370663555293,0.732071963045407,0.891821718895381,3.27312504586027
"NPIL_80668","BMAW01019136.1","24924","24995","-",72,0,0,0,0,0,NA,NA,NA,NA,NA,NA
"NPIL_80667","BMAW01019136.1","172675","172746","+",72,0,0,2,0,0.537683650705716,2.69917582783982,4.89353184775603,0.551580312913985,0.581235927740693,0.891821718895381,6.4943080906042
"NPIL_80669","BMAW01019140.1;BMAW01019140.1","30681;30990","30718;31026","-;-",75,1,2,0,3,1.71521213053344,-0.0610770926049507,3.7852885681667,-0.0161353861152339,0.987126383147647,0.992890624801064,-1.04324433938926
"NPIL_80670","BMAW01019286.1","4783","4854","+",72,0,1,0,0,0.376352857063105,-1.74918591944753,4.93135297991929,-0.354707100986342,0.722809030610026,0.891821718895381,-3.36168820023485
"NPIL_80671","BMAW01019302.1","34210","34291","+",82,0,0,0,0,0,NA,NA,NA,NA,NA,NA
"NPIL_80672","BMAW01019302.1","34459","34540","+",82,0,0,15,0,4.03262738029287,5.6046138448281,4.41570021492298,1.26924690808655,0.204353015571233,0.891821718895381,48.658294366215
"NPIL_80673","BMAW01019302.1","34697","34778","+",82,0,1,10,0,3.06477111059168,3.04611578775384,4.09128870465563,0.744536992534298,0.456551670093844,0.891821718895381,8.25985117602937
"NPIL_80674","BMAW01019390.1","63539","63611","-",73,0,0,0,0,0,NA,NA,NA,NA,NA,NA
"NPIL_80254","BMAW01019486.1","282404","283374","+",971,18805,97,3261,6745,5310.42664371163,0.0894437753717264,3.09944589295751,0.0288579889634333,0.976977851605589,0.989439933946866,1.0639598983809
"NPIL_80675","BMAW01019486.1","456711","456782","+",72,0,0,0,0,0,NA,NA,NA,NA,NA,NA
"NPIL_80676","BMAW01019527.1","6015","6088","-",74,0,0,0,0,0,NA,NA,NA,NA,NA,NA
"NPIL_80677","BMAW01019573.1","7272","7352","-",81,0,0,0,0,0,NA,NA,NA,NA,NA,NA
"NPIL_80678","BMAW01019610.1","4864","4936","+",73,0,0,1,0,0.268841825352858,1.71066871988845,4.99654001345877,0.342370663555293,0.732071963045407,0.891821718895381,3.27312504586027
"NPIL_80679","BMAW01019660.1","377873","377946","-",74,0,0,0,0,0,NA,NA,NA,NA,NA,NA
"NPIL_80681","BMAW01019744.1;BMAW01019744.1","15062;15376","15109;15412","-;-",85,20,2,5,9,7.2774236248778,0.13681175759294,3.05371197771736,0.0448017883124677,0.964265299658656,0.985668377354419,1.09947268109623
"NPIL_80680","BMAW01019744.1;BMAW01019744.1","24020;24340","24065;24376","-;-",83,46,94,40,6,53.9906508537834,-1.74303657877663,3.01370738880439,-0.578369547505452,0.563014649118073,0.891821718895381,-3.34738984097266
"NPIL_80682","BMAW01019956.1","30753","30824","+",72,0,0,0,0,0,NA,NA,NA,NA,NA,NA
"NPIL_80683","BMAW01019956.1","144937","145008","+",72,0,3,21,0,6.77473690359933,2.3526051939645,4.62487326979092,0.508685331840641,0.610972805525318,0.891821718895381,5.10745714548416
"NPIL_80684","BMAW01019956.1","186730","186801","+",72,0,0,0,0,0,NA,NA,NA,NA,NA,NA
"NPIL_80686","BMAW01020031.1;BMAW01020031.1","3522;3574","3554;3610","-;-",70,0,0,0,0,0,NA,NA,NA,NA,NA,NA
"NPIL_80685","BMAW01020031.1","6561","6632","+",72,0,0,0,0,0,NA,NA,NA,NA,NA,NA
"NPIL_80687","BMAW01020105.1","123103","123175","-",73,0,0,0,0,0,NA,NA,NA,NA,NA,NA
"NPIL_80688","BMAW01020145.1","2762","2833","-",72,0,0,0,0,0,NA,NA,NA,NA,NA,NA
"NPIL_80689","BMAW01020197.1","1095","1167","-",73,0,0,0,0,0,NA,NA,NA,NA,NA,NA
"NPIL_80690","BMAW01020378.1","3285","3356","+",72,0,0,0,0,0,NA,NA,NA,NA,NA,NA
"NPIL_80691","BMAW01020412.1","478876","478957","+",82,0,0,0,0,0,NA,NA,NA,NA,NA,NA
"NPIL_80222","BMAW01020412.1","1024298","1024406","-",109,0,0,0,0,0,NA,NA,NA,NA,NA,NA
"NPIL_80693","BMAW01020412.1","1029921","1029992","-",72,0,2,8,0,2.90344031694907,1.57619213846588,4.04414901855894,0.389746305398886,0.696724152041462,0.891821718895381,2.98181786636165
"NPIL_80692","BMAW01020412.1","1030004","1030076","-",73,0,0,0,0,0,NA,NA,NA,NA,NA,NA
"NPIL_80694","BMAW01020490.1","406790","406861","-",72,0,0,0,0,0,NA,NA,NA,NA,NA,NA
"NPIL_80695","BMAW01020717.1","531775","531856","+",82,0,7,2,0,3.17215365014745,-2.27237306907719,4.05386216296521,-0.560545222735214,0.575107602649164,0.891821718895381,-4.83117150566475
"NPIL_80696","BMAW01020717.1","642522","642603","-",82,0,0,0,0,0,NA,NA,NA,NA,NA,NA
"NPIL_80697","BMAW01020776.1;BMAW01020776.1","354219;354262","354252;354293","-;-",66,0,0,0,0,0,NA,NA,NA,NA,NA,NA
"NPIL_80698","BMAW01020779.1;BMAW01020779.1","514;566","550;601","+;+",73,0,0,0,0,0,NA,NA,NA,NA,NA,NA
"NPIL_80699","BMAW01021002.1","32360","32432","+",73,0,0,7,1,2.1577676704927,4.7026534820604,4.10375509355946,1.14593911548008,0.251820345017172,0.891821718895381,26.0399266949046
"NPIL_80700","BMAW01021002.1","33154","33226","+",73,0,2,81,0,22.5288935677077,4.899803676476,4.64297917912366,1.05531459165424,0.291281469773921,0.891821718895381,29.8529930247118
"NPIL_80701","BMAW01021002.1","34828","34896","+",69,0,0,15,0,4.03262738029287,5.6046138448281,4.41570021492298,1.26924690808655,0.204353015571233,0.891821718895381,48.658294366215
"NPIL_80702","BMAW01021002.1","41642","41715","+",74,0,0,0,0,0,NA,NA,NA,NA,NA,NA
"NPIL_80703","BMAW01021002.1","67680","67759","+",80,0,0,0,0,0,NA,NA,NA,NA,NA,NA
"NPIL_80707","BMAW01021079.1","1940","2011","-",72,0,0,0,0,0,NA,NA,NA,NA,NA,NA
"NPIL_80706","BMAW01021079.1","11599","11670","-",72,0,0,0,0,0,NA,NA,NA,NA,NA,NA
"NPIL_80705","BMAW01021079.1","26338","26409","-",72,0,0,0,0,0,NA,NA,NA,NA,NA,NA
"NPIL_80704","BMAW01021079.1","35793","35864","-",72,0,0,0,0,0,NA,NA,NA,NA,NA,NA
"NPIL_80708","BMAW01021184.1","63688","63759","-",72,2,4,4,0,2.85054220434216,-0.69890450961397,3.60938619570333,-0.193635280825853,0.846461470891852,0.954738635201031,-1.62327171584269
"NPIL_80709","BMAW01021299.1","28234","28307","+",74,0,0,0,0,0,NA,NA,NA,NA,NA,NA
"NPIL_80710","BMAW01021428.1","183786","183857","+",72,0,0,0,0,0,NA,NA,NA,NA,NA,NA
"NPIL_80711","BMAW01021515.1","568659","568731","+",73,0,1,3,0,1.18287833312168,1.29158594151956,4.36476305410181,0.2959120404728,0.767297255677436,0.900339757197484,2.44797010805858
"NPIL_80712","BMAW01021539.1","8590","8657","+",68,0,0,0,0,0,NA,NA,NA,NA,NA,NA
"NPIL_80713","BMAW01021644.1","452510","452584","+",75,0,0,0,0,0,NA,NA,NA,NA,NA,NA
"NPIL_80714","BMAW01021706.1;BMAW01021706.1","737;793","774;828","+;+",74,0,0,0,0,0,NA,NA,NA,NA,NA,NA
"NPIL_80715","BMAW01021818.1","187","266","-",80,0,0,2,0,0.537683650705716,2.69917582783982,4.89353184775603,0.551580312913985,0.581235927740693,0.891821718895381,6.4943080906042
"NPIL_80717","BMAW01021843.1","22177","22248","-",72,0,0,0,0,0,NA,NA,NA,NA,NA,NA
"NPIL_80716","BMAW01021843.1","22253","22324","-",72,0,0,0,0,0,NA,NA,NA,NA,NA,NA
"NPIL_80723","BMAW01021863.1","13135","13215","-",81,0,0,0,0,0,NA,NA,NA,NA,NA,NA
"NPIL_80722","BMAW01021863.1","13310","13391","-",82,0,0,0,0,0,NA,NA,NA,NA,NA,NA
"NPIL_80721","BMAW01021863.1","14694","14775","-",82,0,0,1,0,0.268841825352858,1.71066871988845,4.99654001345877,0.342370663555293,0.732071963045407,0.891821718895381,3.27312504586027
"NPIL_80720","BMAW01021863.1","15003","15084","-",82,0,0,11,0,2.95726007888144,5.15725874089103,4.46294306249121,1.15557350131468,0.247855652045836,0.891821718895381,35.6853184273729
"NPIL_80719","BMAW01021863.1","16497","16578","-",82,0,0,0,0,0,NA,NA,NA,NA,NA,NA
"NPIL_80718","BMAW01021863.1","16806","16887","-",82,0,0,2,0,0.537683650705716,2.69917582783982,4.89353184775603,0.551580312913985,0.581235927740693,0.891821718895381,6.4943080906042
"NPIL_80724","BMAW01021970.1","422","496","+",75,0,0,0,0,0,NA,NA,NA,NA,NA,NA
"NPIL_80725","BMAW01022014.1","19423","19494","-",72,0,0,0,0,0,NA,NA,NA,NA,NA,NA
"NPIL_80726","BMAW01022152.1","1401","1472","+",72,0,0,0,0,0,NA,NA,NA,NA,NA,NA
"NPIL_80727","BMAW01022152.1;BMAW01022152.1","2699;2753","2735;2788","+;+",73,0,0,3,0,0.806525476058573,3.28359165010455,4.85756473614397,0.675974861574595,0.499056605713363,0.891821718895381,9.73777151628258
"NPIL_80728","BMAW01022152.1","3073","3141","+",69,0,0,0,0,0,NA,NA,NA,NA,NA,NA
"NPIL_80729","BMAW01022152.1","3147","3220","+",74,0,0,0,0,0,NA,NA,NA,NA,NA,NA
"NPIL_80735","BMAW01022614.1","4231","4302","-",72,0,0,0,0,0,NA,NA,NA,NA,NA,NA
"NPIL_80734","BMAW01022614.1","5299","5370","-",72,0,0,0,0,0,NA,NA,NA,NA,NA,NA
"NPIL_80730","BMAW01022614.1","8012","8083","+",72,0,0,0,0,0,NA,NA,NA,NA,NA,NA
"NPIL_80731","BMAW01022614.1","11412","11483","+",72,0,0,0,0,0,NA,NA,NA,NA,NA,NA
"NPIL_80732","BMAW01022614.1","12084","12155","+",72,0,0,3,0,0.806525476058573,3.28359165010455,4.85756473614397,0.675974861574595,0.499056605713363,0.891821718895381,9.73777151628258
"NPIL_80733","BMAW01022614.1","15036","15107","+",72,0,0,1,0,0.268841825352858,1.71066871988845,4.99654001345877,0.342370663555293,0.732071963045407,0.891821718895381,3.27312504586027
"NPIL_80736","BMAW01022659.1","358992","359063","+",72,0,0,0,0,0,NA,NA,NA,NA,NA,NA
"NPIL_80246","BMAW01022678.1","6540","6645","-",106,0,0,0,0,0,NA,NA,NA,NA,NA,NA
"NPIL_80737","BMAW01022832.1;BMAW01022832.1","1289;1347","1326;1382","+;+",74,0,0,0,0,0,NA,NA,NA,NA,NA,NA
"NPIL_80738","BMAW01022856.1;BMAW01022856.1","25371;25424","25407;25459","+;+",73,0,0,0,0,0,NA,NA,NA,NA,NA,NA
"NPIL_80739","BMAW01022856.1;BMAW01022856.1","130079;130132","130115;130167","+;+",73,0,0,2,0,0.537683650705716,2.69917582783982,4.89353184775603,0.551580312913985,0.581235927740693,0.891821718895381,6.4943080906042
"NPIL_80740","BMAW01022856.1;BMAW01022856.1","147120;147173","147156;147208","+;+",73,0,0,3,2,1.35827526210396,4.03459257967944,4.21613137695123,0.956941854738155,0.338596603944474,0.891821718895381,16.3882804277631
"NPIL_80741","BMAW01022856.1;BMAW01022856.1","150148;150201","150184;150239","+;+",76,0,0,0,0,0,NA,NA,NA,NA,NA,NA
"NPIL_80743","BMAW01022856.1;BMAW01022856.1","182045;182097","182080;182133","-;-",73,0,1,4,0,1.45172015847454,1.71182225991296,4.27772223998234,0.400171437947318,0.689030250155573,0.891821718895381,3.27574319488495
"NPIL_80742","BMAW01022856.1;BMAW01022856.1","190320;190372","190355;190408","-;-",73,0,0,0,0,0,NA,NA,NA,NA,NA,NA
"NPIL_80744","BMAW01022890.1","488820","488901","-",82,9,2,4,2,3.59375843763541,-0.281648063437346,3.1575905255775,-0.0891971461010875,0.928925233420319,0.977696096790372,-1.21558271310117
"NPIL_80747","BMAW01022912.1","120625","120699","-",75,11,0,13,0,4.97864284031784,1.2058719056896,3.90908400473734,0.308479404440588,0.757717569506915,0.900339757197484,2.30676638736861
"NPIL_80745","BMAW01022912.1","121771","121843","+",73,2,0,1,0,0.538605300031165,-0.198717720687926,4.89460465738588,-0.0405993404161997,0.967615309996296,0.985668377354419,-1.14767783596664
"NPIL_80746","BMAW01022912.1;BMAW01022912.1","130910;130962","130946;130997","+;+",73,0,0,1,0,0.268841825352858,1.71066871988845,4.99654001345877,0.342370663555293,0.732071963045407,0.891821718895381,3.27312504586027
"NPIL_80748","BMAW01023313.1","272225","272288","+",64,0,0,0,0,0,NA,NA,NA,NA,NA,NA
"NPIL_80749","BMAW01023331.1;BMAW01023331.1","248735;248798","248779;248834","-;-",82,0,0,0,0,0,NA,NA,NA,NA,NA,NA
"NPIL_80136","BMAW01023433.1","99752","99832","-",81,0,0,1,0,0.268841825352858,1.71066871988845,4.99654001345877,0.342370663555293,0.732071963045407,0.891821718895381,3.27312504586027
"NPIL_80750","BMAW01023678.1","756216","756288","+",73,0,0,0,0,0,NA,NA,NA,NA,NA,NA
"NPIL_80751","BMAW01023678.1","756299","756370","+",72,0,0,1,0,0.268841825352858,1.71066871988845,4.99654001345877,0.342370663555293,0.732071963045407,0.891821718895381,3.27312504586027
"NPIL_80753","BMAW01023678.1","762520","762591","-",72,0,0,1,0,0.268841825352858,1.71066871988845,4.99654001345877,0.342370663555293,0.732071963045407,0.891821718895381,3.27312504586027
"NPIL_80752","BMAW01023678.1","762602","762674","-",73,0,0,0,0,0,NA,NA,NA,NA,NA,NA
"NPIL_80756","BMAW01023689.1","105015","105086","-",72,0,0,0,0,0,NA,NA,NA,NA,NA,NA
"NPIL_80755","BMAW01023689.1","122051","122122","-",72,0,0,0,0,0,NA,NA,NA,NA,NA,NA
"NPIL_80754","BMAW01023689.1","122128","122199","-",72,0,0,0,0,0,NA,NA,NA,NA,NA,NA
"NPIL_80757","BMAW01023690.1","2168","2241","+",74,0,0,0,0,0,NA,NA,NA,NA,NA,NA
"NPIL_80758","BMAW01023838.1","867","939","+",73,0,0,2,0,0.537683650705716,2.69917582783982,4.89353184775603,0.551580312913985,0.581235927740693,0.891821718895381,6.4943080906042
"NPIL_80759","BMAW01023846.1","1095","1167","-",73,0,0,0,0,0,NA,NA,NA,NA,NA,NA
"NPIL_80217","BMAW01023919.1","1524284","1524417","-",134,0,0,0,0,0,NA,NA,NA,NA,NA,NA
"NPIL_80255","BMAW01024102.1","7115","7227","+",113,0,0,0,1,0.275874893022692,1.72943856790818,4.99520260504393,0.346219904306159,0.729177457202404,0.891821718895381,3.31598749878361
"NPIL_80760","BMAW01024151.1","745902","745974","-",73,0,0,0,0,0,NA,NA,NA,NA,NA,NA
"NPIL_80761","BMAW01024190.1","15717","15789","-",73,0,0,0,0,0,NA,NA,NA,NA,NA,NA
"NPIL_80762","BMAW01024300.1;BMAW01024300.1","408620;408676","408657;408711","+;+",74,0,0,1,0,0.268841825352858,1.71066871988845,4.99654001345877,0.342370663555293,0.732071963045407,0.891821718895381,3.27312504586027
"NPIL_80763","BMAW01024627.1","158937","159020","+",84,0,0,0,0,0,NA,NA,NA,NA,NA,NA
"NPIL_80764","BMAW01024868.1","934659","934726","-",68,0,0,1,0,0.268841825352858,1.71066871988845,4.99654001345877,0.342370663555293,0.732071963045407,0.891821718895381,3.27312504586027
"NPIL_80282","BMAW01024870.1","129122","130222","-",1101,0,2,0,4,1.85620528621698,0.609482926301812,4.1483727472663,0.14692096478154,0.883194403988535,0.96590626087,1.5257122831985
"NPIL_80765","BMAW01024908.1","73","144","+",72,0,0,0,0,0,NA,NA,NA,NA,NA,NA
"NPIL_80766","BMAW01025008.1","3542","3613","+",72,0,0,0,0,0,NA,NA,NA,NA,NA,NA
"NPIL_80767","BMAW01025030.1","2144","2215","+",72,0,0,44,0,11.8290403155257,7.15688266634089,4.78974074271531,1.49421086667911,0.135120513243304,0.891821718895381,142.704069475271
"NPIL_80768","BMAW01025337.1;BMAW01025337.1","5328;5384","5365;5419","+;+",74,0,12,44,0,16.345274600283,1.39691851646558,4.58024526016422,0.304987710726978,0.760375512127799,0.900339757197484,2.63338510611104
"NPIL_80769","BMAW01025337.1;BMAW01025337.1","5901;5957","5938;5992","+;+",74,0,0,14,0,3.76378555494001,5.50509925571382,4.42461353026796,1.24419889286476,0.213426371139891,0.891821718895381,45.4150717942009
"NPIL_80770","BMAW01025337.1;BMAW01025337.1","7345;7399","7379;7433","+;+",70,0,0,0,0,0,NA,NA,NA,NA,NA,NA
"NPIL_80771","BMAW01025337.1;BMAW01025337.1","8768;8819","8802;8853","+;+",70,0,0,0,0,0,NA,NA,NA,NA,NA,NA
"NPIL_80772","BMAW01025337.1;BMAW01025337.1","10166;10222","10203;10257","+;+",74,0,0,2,0,0.537683650705716,2.69917582783982,4.89353184775603,0.551580312913985,0.581235927740693,0.891821718895381,6.4943080906042
"NPIL_80773","BMAW01025337.1;BMAW01025337.1","11146;11202","11183;11237","+;+",74,0,0,11,0,2.95726007888144,5.15725874089103,4.46294306249121,1.15557350131468,0.247855652045836,0.891821718895381,35.6853184273729
"NPIL_80777","BMAW01025337.1;BMAW01025337.1","12867;12918","12900;12954","-;-",71,0,0,0,0,0,NA,NA,NA,NA,NA,NA
"NPIL_80776","BMAW01025337.1;BMAW01025337.1","13785;13837","13821;13877","-;-",78,0,0,0,0,0,NA,NA,NA,NA,NA,NA
"NPIL_80774","BMAW01025337.1;BMAW01025337.1","15735;15791","15772;15826","+;+",74,0,1,5,0,1.72056198382739,2.03738272782765,4.22026623413152,0.48276165881438,0.62926497741819,0.891821718895381,4.10500143925789
"NPIL_80775","BMAW01025337.1;BMAW01025337.1","16715;16771","16752;16806","+;+",74,0,1,23,0,6.55971484017884,4.25238518659124,4.02322508124858,1.05695930521281,0.290530160372413,0.891821718895381,19.0587974379856
"NPIL_80778","BMAW01025354.1","37873","37944","-",72,0,0,0,0,0,NA,NA,NA,NA,NA,NA
"NPIL_80779","BMAW01025470.1","35518","35589","-",72,0,0,0,0,0,NA,NA,NA,NA,NA,NA
"NPIL_80780","BMAW01025517.1","593474","593546","-",73,0,0,0,0,0,NA,NA,NA,NA,NA,NA
"NPIL_80782","BMAW01025626.1","50478","50549","-",72,0,0,0,0,0,NA,NA,NA,NA,NA,NA
"NPIL_80781","BMAW01025626.1","58033","58104","-",72,0,0,0,0,0,NA,NA,NA,NA,NA,NA
"NPIL_80783","BMAW01025762.1","1678","1757","-",80,0,0,0,0,0,NA,NA,NA,NA,NA,NA
"NPIL_80784","BMAW01025954.1;BMAW01025954.1","22728;22771","22761;22809","+;+",73,0,0,0,0,0,NA,NA,NA,NA,NA,NA
"NPIL_80785","BMAW01026010.1","2529","2600","-",72,0,0,0,0,0,NA,NA,NA,NA,NA,NA
"NPIL_80786","BMAW01026059.1","461258","461328","+",71,2,0,0,2,0.821513260723691,0.818441764554173,4.51783128071688,0.181158107441388,0.856243475895944,0.959851402387593,1.76350023077032
"NPIL_80787","BMAW01026059.1","1260014","1260084","+",71,2,0,0,0,0.269763474678307,-1.63527295492516,4.93518650102935,-0.331349778693081,0.740380294932015,0.891821718895381,-3.10646318083294
"NPIL_80788","BMAW01026136.1","1527","1598","-",72,0,0,0,0,0,NA,NA,NA,NA,NA,NA
"NPIL_80789","BMAW01026235.1","4356","4427","+",72,0,0,0,0,0,NA,NA,NA,NA,NA,NA
"NPIL_80790","BMAW01026256.1","5533","5605","+",73,0,0,2,0,0.537683650705716,2.69917582783982,4.89353184775603,0.551580312913985,0.581235927740693,0.891821718895381,6.4943080906042
"NPIL_80791","BMAW01026256.1","9260","9332","-",73,0,0,0,0,0,NA,NA,NA,NA,NA,NA
"NPIL_80792","BMAW01026473.1;BMAW01026473.1","691;761","728;806","+;+",84,0,0,1,0,0.268841825352858,1.71066871988845,4.99654001345877,0.342370663555293,0.732071963045407,0.891821718895381,3.27312504586027
"NPIL_80273","BMAW01026504.1","47","111","+",65,0,2,0,0,0.75270571412621,-2.86399280466654,4.85926394632269,-0.589388194653206,0.555600893974388,0.891821718895381,-7.28027428273396
"NPIL_80793","BMAW01026525.1","30385","30457","+",73,0,0,0,0,0,NA,NA,NA,NA,NA,NA
"NPIL_80795","BMAW01026561.1","23643","23714","-",72,0,0,0,0,0,NA,NA,NA,NA,NA,NA
"NPIL_80794","BMAW01026561.1","24694","24765","-",72,0,0,0,0,0,NA,NA,NA,NA,NA,NA
"NPIL_80796","BMAW01026619.1","769","841","+",73,0,2,6,0,2.36575666624336,1.16050182137952,4.08232818153611,0.284274504589888,0.776200022895944,0.900339757197484,2.23535167688468
"NPIL_80797","BMAW01026740.1","270542","270635","-",94,0,0,1,0,0.268841825352858,1.71066871988845,4.99654001345877,0.342370663555293,0.732071963045407,0.891821718895381,3.27312504586027
"NPIL_80798","BMAW01027093.1","1984426","1984496","+",71,0,0,0,0,0,NA,NA,NA,NA,NA,NA
"NPIL_80799","BMAW01027093.1","2189095","2189166","-",72,0,0,0,0,0,NA,NA,NA,NA,NA,NA
"NPIL_80800","BMAW01027112.1","32668","32749","+",82,0,0,0,0,0,NA,NA,NA,NA,NA,NA
"NPIL_80801","BMAW01027112.1","32919","32997","+",79,0,0,0,0,0,NA,NA,NA,NA,NA,NA
"NPIL_80802","BMAW01027112.1","33154","33235","+",82,0,0,0,0,0,NA,NA,NA,NA,NA,NA
"NPIL_80803","BMAW01027132.1","87381","87453","-",73,0,0,0,0,0,NA,NA,NA,NA,NA,NA
"NPIL_80804","BMAW01027151.1","884","956","+",73,0,0,0,0,0,NA,NA,NA,NA,NA,NA
"NPIL_80805","BMAW01027151.1","1287","1359","+",73,0,0,0,0,0,NA,NA,NA,NA,NA,NA
"NPIL_80806","BMAW01027154.1;BMAW01027154.1","5969;6018","6005;6059","+;+",79,0,0,0,0,0,NA,NA,NA,NA,NA,NA
"NPIL_80807","BMAW01027279.1","4081","4162","+",82,0,0,2,0,0.537683650705716,2.69917582783982,4.89353184775603,0.551580312913985,0.581235927740693,0.891821718895381,6.4943080906042
"NPIL_80808","BMAW01027736.1","1508916","1508997","+",82,0,0,0,0,0,NA,NA,NA,NA,NA,NA
"NPIL_80169","BMAW01027736.1","2742378","2742455","+",78,0,2,2,0,1.29038936483193,-0.427078948446214,4.29983812078598,-0.0993244248851272,0.920880686048255,0.976999608286085,-1.34450856753788
"NPIL_80809","BMAW01028089.1","1629025","1629097","+",73,0,0,0,0,0,NA,NA,NA,NA,NA,NA
"NPIL_80810","BMAW01028096.1","355454","355525","+",72,0,0,0,0,0,NA,NA,NA,NA,NA,NA
"NPIL_80811","BMAW01028096.1","360322","360394","+",73,0,0,0,0,0,NA,NA,NA,NA,NA,NA
"NPIL_80812","BMAW01028154.1","85924","85995","-",72,0,0,0,0,0,NA,NA,NA,NA,NA,NA
"NPIL_80228","BMAW01028313.1","330329","332095","+",1767,5,0,1,3,1.7708751911167,0.629471565322585,3.7187279027089,0.169270670452669,0.86558374464991,0.961914838812561,1.54699825058389
"NPIL_80229","BMAW01028313.1","333512","337535","+",4024,7,9,4,11,8.44133899960306,-0.0656104889479494,3.04305379835488,-0.0215607390784282,0.982798351922183,0.989982550401146,-1.04652769339937
"NPIL_80230","BMAW01028313.1","333518","333674","+",157,0,0,0,0,0,NA,NA,NA,NA,NA,NA
"NPIL_80814","BMAW01028316.1","192111","192183","-",73,0,0,0,0,0,NA,NA,NA,NA,NA,NA
"NPIL_80813","BMAW01028316.1","195183","195255","-",73,0,0,0,0,0,NA,NA,NA,NA,NA,NA
"NPIL_80815","BMAW01028358.1","517","589","+",73,0,0,0,0,0,NA,NA,NA,NA,NA,NA
"NPIL_80816","BMAW01028585.1","414606","414669","+",64,0,2,0,4,1.85620528621698,0.609482926301812,4.1483727472663,0.14692096478154,0.883194403988535,0.96590626087,1.5257122831985
"NPIL_80817","BMAW01028692.1","3767","3838","+",72,0,0,0,0,0,NA,NA,NA,NA,NA,NA
"NPIL_80818","BMAW01028692.1","4433","4504","+",72,0,0,0,0,0,NA,NA,NA,NA,NA,NA
"NPIL_80819","BMAW01028692.1","6231","6302","+",72,0,0,2,0,0.537683650705716,2.69917582783982,4.89353184775603,0.551580312913985,0.581235927740693,0.891821718895381,6.4943080906042
"NPIL_80820","BMAW01028692.1","9090","9161","+",72,0,0,0,0,0,NA,NA,NA,NA,NA,NA
"NPIL_80827","BMAW01028819.1","326536","326606","-",71,0,1,0,0,0.376352857063105,-1.74918591944753,4.93135297991929,-0.354707100986342,0.722809030610026,0.891821718895381,-3.36168820023485
"NPIL_80821","BMAW01028819.1","501207","501277","+",71,0,0,0,0,0,NA,NA,NA,NA,NA,NA
"NPIL_80822","BMAW01028819.1","501360","501430","+",71,0,0,0,0,0,NA,NA,NA,NA,NA,NA
"NPIL_80823","BMAW01028819.1","501509","501579","+",71,0,0,0,0,0,NA,NA,NA,NA,NA,NA
"NPIL_80824","BMAW01028819.1","501659","501729","+",71,0,0,0,0,0,NA,NA,NA,NA,NA,NA
"NPIL_80825","BMAW01028819.1","501809","501879","+",71,0,0,0,0,0,NA,NA,NA,NA,NA,NA
"NPIL_80826","BMAW01028819.1","569633","569703","+",71,0,0,0,0,0,NA,NA,NA,NA,NA,NA
"NPIL_80828","BMAW01028859.1","34249","34321","+",73,0,0,0,0,0,NA,NA,NA,NA,NA,NA
"NPIL_80829","BMAW01028930.1","269521","269593","+",73,0,0,0,0,0,NA,NA,NA,NA,NA,NA
"NPIL_80830","BMAW01029115.1","6854","6926","+",73,0,0,2,0,0.537683650705716,2.69917582783982,4.89353184775603,0.551580312913985,0.581235927740693,0.891821718895381,6.4943080906042
"NPIL_80831","BMAW01029200.1","1210","1289","+",80,0,0,0,0,0,NA,NA,NA,NA,NA,NA
"NPIL_80833","BMAW01029388.1","9654","9726","-",73,0,0,0,0,0,NA,NA,NA,NA,NA,NA
"NPIL_80832","BMAW01029388.1","11074","11146","+",73,0,0,1,0,0.268841825352858,1.71066871988845,4.99654001345877,0.342370663555293,0.732071963045407,0.891821718895381,3.27312504586027
"NPIL_80835","BMAW01029422.1","4772","4843","-",72,0,0,0,0,0,NA,NA,NA,NA,NA,NA
"NPIL_80834","BMAW01029422.1","5327","5398","-",72,0,0,0,0,0,NA,NA,NA,NA,NA,NA
"NPIL_80837","BMAW01029610.1","8604","8676","-",73,0,0,0,0,0,NA,NA,NA,NA,NA,NA
"NPIL_80836","BMAW01029610.1","9415","9487","-",73,3,0,0,0,0.404645212017461,-2.08527808025581,4.91070681777757,-0.424639091201038,0.671099791559192,0.891821718895381,-4.24356883685501
"NPIL_80155","BMAW01029631.1","169944","170041","+",98,0,0,0,0,0,NA,NA,NA,NA,NA,NA
"NPIL_80841","BMAW01029706.1;BMAW01029706.1","7496;7550","7530;7586","-;-",72,0,0,0,0,0,NA,NA,NA,NA,NA,NA
"NPIL_80838","BMAW01029706.1","10237","10308","+",72,0,0,0,0,0,NA,NA,NA,NA,NA,NA
"NPIL_80839","BMAW01029706.1","10883","10954","+",72,0,0,0,0,0,NA,NA,NA,NA,NA,NA
"NPIL_80840","BMAW01029706.1","14391","14462","+",72,0,0,0,0,0,NA,NA,NA,NA,NA,NA
"NPIL_80851","BMAW01029797.1","249428","249500","-",73,0,0,0,0,0,NA,NA,NA,NA,NA,NA
"NPIL_80842","BMAW01029797.1","337005","337077","+",73,0,0,0,0,0,NA,NA,NA,NA,NA,NA
"NPIL_80850","BMAW01029797.1","353766","353838","-",73,0,0,0,0,0,NA,NA,NA,NA,NA,NA
"NPIL_80849","BMAW01029797.1","364209","364281","-",73,0,0,0,0,0,NA,NA,NA,NA,NA,NA
"NPIL_80843","BMAW01029797.1","370448","370520","+",73,0,0,0,0,0,NA,NA,NA,NA,NA,NA
"NPIL_80844","BMAW01029797.1","372751","372823","+",73,0,0,0,0,0,NA,NA,NA,NA,NA,NA
"NPIL_80845","BMAW01029797.1","376424","376496","+",73,0,0,0,0,0,NA,NA,NA,NA,NA,NA
"NPIL_80848","BMAW01029797.1","461816","461888","-",73,0,0,0,0,0,NA,NA,NA,NA,NA,NA
"NPIL_80847","BMAW01029797.1","480430","480502","-",73,0,0,0,0,0,NA,NA,NA,NA,NA,NA
"NPIL_80846","BMAW01029797.1","488538","488610","-",73,0,0,0,0,0,NA,NA,NA,NA,NA,NA
"NPIL_80852","BMAW01030171.1","165952","166025","+",74,0,0,3,0,0.806525476058573,3.28359165010455,4.85756473614397,0.675974861574595,0.499056605713363,0.891821718895381,9.73777151628258
"NPIL_80853","BMAW01030182.1;BMAW01030182.1","17996;18044","18032;18099","+;+",93,0,0,0,0,0,NA,NA,NA,NA,NA,NA
"NPIL_80854","BMAW01030404.1;BMAW01030404.1","158848;159076","158894;159118","+;+",90,0,0,3,0,0.806525476058573,3.28359165010455,4.85756473614397,0.675974861574595,0.499056605713363,0.891821718895381,9.73777151628258
"NPIL_80856","BMAW01030573.1","54131","54202","-",72,0,0,0,0,0,NA,NA,NA,NA,NA,NA
"NPIL_80855","BMAW01030573.1","54207","54278","-",72,0,0,1,0,0.268841825352858,1.71066871988845,4.99654001345877,0.342370663555293,0.732071963045407,0.891821718895381,3.27312504586027
"NPIL_80857","BMAW01030660.1","586","658","-",73,0,0,0,0,0,NA,NA,NA,NA,NA,NA
"NPIL_80858","BMAW01030665.1","1896","1968","-",73,0,0,0,0,0,NA,NA,NA,NA,NA,NA
"NPIL_80859","BMAW01030690.1","385536","385608","+",73,0,0,0,0,0,NA,NA,NA,NA,NA,NA
"NPIL_80860","BMAW01030690.1","385619","385690","+",72,0,0,0,0,0,NA,NA,NA,NA,NA,NA
"NPIL_80224","BMAW01030909.1","86361","87108","+",748,0,0,0,0,0,NA,NA,NA,NA,NA,NA
"NPIL_80225","BMAW01030909.1","123672","124415","-",744,0,0,0,0,0,NA,NA,NA,NA,NA,NA
"NPIL_80862","BMAW01031217.1;BMAW01031217.1","341;395","376;433","-;-",75,0,0,1,0,0.268841825352858,1.71066871988845,4.99654001345877,0.342370663555293,0.732071963045407,0.891821718895381,3.27312504586027
"NPIL_80861","BMAW01031217.1;BMAW01031217.1","1320;1374","1355;1411","-;-",74,0,0,1,0,0.268841825352858,1.71066871988845,4.99654001345877,0.342370663555293,0.732071963045407,0.891821718895381,3.27312504586027
"NPIL_80863","BMAW01031423.1;BMAW01031423.1","59626;59678","59661;59714","-;-",73,0,0,0,0,0,NA,NA,NA,NA,NA,NA
"NPIL_80864","BMAW01031503.1","705443","705515","+",73,0,0,0,0,0,NA,NA,NA,NA,NA,NA
"NPIL_80866","BMAW01031705.1","164999","165085","-",87,0,0,0,0,0,NA,NA,NA,NA,NA,NA
"NPIL_80865","BMAW01031705.1","167303","167389","-",87,0,0,0,0,0,NA,NA,NA,NA,NA,NA
"NPIL_80867","BMAW01031803.1","6335","6430","+",96,0,0,4,0,1.07536730141143,3.69835447649903,4.80822345381341,0.769172754141835,0.441790762514931,0.891821718895381,12.981223641005
"NPIL_80868","BMAW01031966.1","12130","12202","-",73,1,0,1,0,0.403723562692011,0.439279670665621,4.96153547243239,0.0885370412257205,0.929449845279671,0.977696096790372,1.35592715178028
"NPIL_80872","BMAW01031969.1","1131","1202","-",72,0,0,0,0,0,NA,NA,NA,NA,NA,NA
"NPIL_80871","BMAW01031969.1","2533","2604","-",72,0,0,0,0,0,NA,NA,NA,NA,NA,NA
"NPIL_80870","BMAW01031969.1","5396","5467","-",72,0,0,0,0,0,NA,NA,NA,NA,NA,NA
"NPIL_80869","BMAW01031969.1","9281","9352","-",72,0,0,0,0,0,NA,NA,NA,NA,NA,NA
"NPIL_80873","BMAW01032228.1","25436","25508","+",73,0,0,0,0,0,NA,NA,NA,NA,NA,NA
"NPIL_80874","BMAW01032284.1","458","531","-",74,0,0,0,0,0,NA,NA,NA,NA,NA,NA
"NPIL_80875","BMAW01032430.1","776","847","+",72,0,0,0,0,0,NA,NA,NA,NA,NA,NA
"NPIL_80876","BMAW01032463.1","18800","18883","-",84,0,0,0,0,0,NA,NA,NA,NA,NA,NA
"NPIL_80884","BMAW01032666.1","7057","7129","-",73,0,0,1,0,0.268841825352858,1.71066871988845,4.99654001345877,0.342370663555293,0.732071963045407,0.891821718895381,3.27312504586027
"NPIL_80883","BMAW01032666.1","15994","16066","-",73,0,0,0,0,0,NA,NA,NA,NA,NA,NA
"NPIL_80882","BMAW01032666.1","25339","25411","-",73,0,0,0,0,0,NA,NA,NA,NA,NA,NA
"NPIL_80881","BMAW01032666.1","31472","31544","-",73,0,0,0,0,0,NA,NA,NA,NA,NA,NA
"NPIL_80880","BMAW01032666.1","573195","573268","-",74,1,1,0,0,0.511234594402258,-2.32111400437873,4.89227440213714,-0.474444770179853,0.635182773698573,0.891821718895381,-4.997179373189
"NPIL_80877","BMAW01032666.1","573991","574061","+",71,0,7,3,0,3.44099547550031,-1.68819003853938,4.01814736369689,-0.42014139496023,0.674382164161706,0.891821718895381,-3.22252162186086
"NPIL_80879","BMAW01032666.1","603410","603482","-",73,0,0,2,0,0.537683650705716,2.69917582783982,4.89353184775603,0.551580312913985,0.581235927740693,0.891821718895381,6.4943080906042
"NPIL_80878","BMAW01032666.1","606189","606261","+",73,0,0,0,0,0,NA,NA,NA,NA,NA,NA
"NPIL_80885","BMAW01032714.1;BMAW01032714.1","36250;36469","36295;36506","-;-",84,0,0,2,0,0.537683650705716,2.69917582783982,4.89353184775603,0.551580312913985,0.581235927740693,0.891821718895381,6.4943080906042
"NPIL_80886","BMAW01032782.1","50418","50490","-",73,0,0,0,0,0,NA,NA,NA,NA,NA,NA
"NPIL_80887","BMAW01032912.1","1071","1143","-",73,0,0,0,0,0,NA,NA,NA,NA,NA,NA
"NPIL_80888","BMAW01032952.1","51847","51918","+",72,0,0,0,0,0,NA,NA,NA,NA,NA,NA
"NPIL_80889","BMAW01032952.1","52291","52362","+",72,0,0,2,0,0.537683650705716,2.69917582783982,4.89353184775603,0.551580312913985,0.581235927740693,0.891821718895381,6.4943080906042
"NPIL_80205","BMAW01032963.1","50793","50942","-",150,0,0,0,0,0,NA,NA,NA,NA,NA,NA
"NPIL_80891","BMAW01033030.1","13461","13534","-",74,0,2,2,2,1.84213915087731,0.606093847027957,3.74786328764588,0.161717170694521,0.871528582271158,0.965407062998116,1.52213239203098
"NPIL_80890","BMAW01033030.1;BMAW01033030.1","294693;294740","294729;294787","+;+",85,0,0,0,0,0,NA,NA,NA,NA,NA,NA
"NPIL_80900","BMAW01033304.1","56455","56527","-",73,0,0,0,0,0,NA,NA,NA,NA,NA,NA
"NPIL_80892","BMAW01033304.1","58143","58215","+",73,0,0,3,0,0.806525476058573,3.28359165010455,4.85756473614397,0.675974861574595,0.499056605713363,0.891821718895381,9.73777151628258
"NPIL_80893","BMAW01033304.1","60949","61021","+",73,0,0,0,0,0,NA,NA,NA,NA,NA,NA
"NPIL_80894","BMAW01033304.1","73505","73577","+",73,0,0,1,0,0.268841825352858,1.71066871988845,4.99654001345877,0.342370663555293,0.732071963045407,0.891821718895381,3.27312504586027
"NPIL_80895","BMAW01033304.1","81028","81100","+",73,0,3,3,0,1.93558404724789,-0.444168976814566,4.13333990824091,-0.107460065389009,0.914424005022164,0.976999608286085,-1.36053019626533
"NPIL_80896","BMAW01033304.1","90799","90871","+",73,0,0,1,0,0.268841825352858,1.71066871988845,4.99654001345877,0.342370663555293,0.732071963045407,0.891821718895381,3.27312504586027
"NPIL_80897","BMAW01033304.1","92652","92724","+",73,0,1,0,0,0.376352857063105,-1.74918591944753,4.93135297991929,-0.354707100986342,0.722809030610026,0.891821718895381,-3.36168820023485
"NPIL_80899","BMAW01033304.1","94578","94650","-",73,0,0,0,0,0,NA,NA,NA,NA,NA,NA
"NPIL_80898","BMAW01033304.1","98632","98704","-",73,0,0,0,0,0,NA,NA,NA,NA,NA,NA
"NPIL_80902","BMAW01033385.1","305766","305838","-",73,0,4,0,0,1.50541142825242,-3.88489952190352,4.68671048122916,-0.828918179918091,0.407150707357564,0.891821718895381,-14.7730880477358
"NPIL_80901","BMAW01033385.1","386451","386522","+",72,0,0,7,0,1.88189277747,4.50537950442079,4.57339525730654,0.98512795219764,0.324561224801803,0.891821718895381,22.7119473461765
"NPIL_80905","BMAW01033480.1","1362","1433","-",72,0,0,0,0,0,NA,NA,NA,NA,NA,NA
"NPIL_80903","BMAW01033480.1","1577","1648","+",72,0,0,0,0,0,NA,NA,NA,NA,NA,NA
"NPIL_80904","BMAW01033480.1","5548","5619","+",72,0,0,0,0,0,NA,NA,NA,NA,NA,NA
"NPIL_80906","BMAW01033652.1","12845","12916","-",72,0,0,0,0,0,NA,NA,NA,NA,NA,NA
"NPIL_80909","BMAW01033653.1","1184","1265","-",82,0,0,0,0,0,NA,NA,NA,NA,NA,NA
"NPIL_80908","BMAW01033653.1","1422","1500","-",79,0,0,0,0,0,NA,NA,NA,NA,NA,NA
"NPIL_80907","BMAW01033653.1","1670","1751","-",82,0,0,0,0,0,NA,NA,NA,NA,NA,NA
"NPIL_80910","BMAW01034187.1","1867","1939","+",73,0,0,0,0,0,NA,NA,NA,NA,NA,NA
"NPIL_80911","BMAW01034213.1","2258","2330","-",73,0,0,0,0,0,NA,NA,NA,NA,NA,NA
"NPIL_80912","BMAW01034271.1;BMAW01034271.1","455;522","512;558","-;-",95,0,0,4,0,1.07536730141143,3.69835447649903,4.80822345381341,0.769172754141835,0.441790762514931,0.891821718895381,12.981223641005
"NPIL_80917","BMAW01034321.1","343946","344027","-",82,0,0,0,0,0,NA,NA,NA,NA,NA,NA
"NPIL_80916","BMAW01034321.1","352107","352188","-",82,0,0,1,0,0.268841825352858,1.71066871988845,4.99654001345877,0.342370663555293,0.732071963045407,0.891821718895381,3.27312504586027
"NPIL_80913","BMAW01034321.1","388143","388224","+",82,0,0,1,0,0.268841825352858,1.71066871988845,4.99654001345877,0.342370663555293,0.732071963045407,0.891821718895381,3.27312504586027
"NPIL_80914","BMAW01034321.1","395419","395500","+",82,0,0,0,0,0,NA,NA,NA,NA,NA,NA
"NPIL_80915","BMAW01034321.1","431279","431360","-",82,0,0,9,0,2.41957642817572,4.86783234049204,4.50561191740474,1.08039316961323,0.279967136168575,0.891821718895381,29.1987021757515
"NPIL_80918","BMAW01034483.1","510","580","+",71,0,0,0,0,0,NA,NA,NA,NA,NA,NA
"NPIL_80923","BMAW01034514.1","46283","46354","-",72,0,0,0,0,0,NA,NA,NA,NA,NA,NA
"NPIL_80922","BMAW01034514.1","67418","67497","-",80,0,0,0,0,0,NA,NA,NA,NA,NA,NA
"NPIL_80921","BMAW01034514.1","74906","74977","-",72,0,0,0,0,0,NA,NA,NA,NA,NA,NA
"NPIL_80919","BMAW01034514.1","102776","102848","+",73,2,0,0,0,0.269763474678307,-1.63527295492516,4.93518650102935,-0.331349778693081,0.740380294932015,0.891821718895381,-3.10646318083294
"NPIL_80920","BMAW01034514.1","201710","201782","-",73,0,0,1,0,0.268841825352858,1.71066871988845,4.99654001345877,0.342370663555293,0.732071963045407,0.891821718895381,3.27312504586027
"NPIL_80924","BMAW01034630.1","25672","25743","+",72,0,0,0,0,0,NA,NA,NA,NA,NA,NA
"NPIL_80158","BMAW01034849.1","603359","603444","-",86,0,9,0,0,3.38717571356794,-5.06723099913662,4.47665763958772,-1.13192283330456,0.257666878180599,0.891821718895381,-33.5265237837539
"NPIL_80925","BMAW01034875.1;BMAW01034875.1","1989031;1989210","1989067;1989248","+;+",76,0,0,0,0,0,NA,NA,NA,NA,NA,NA
"NPIL_80926","BMAW01035014.1","1221","1293","+",73,0,0,4,0,1.07536730141143,3.69835447649903,4.80822345381341,0.769172754141835,0.441790762514931,0.891821718895381,12.981223641005
"NPIL_80927","BMAW01035014.1","1901","1973","+",73,0,0,3,0,0.806525476058573,3.28359165010455,4.85756473614397,0.675974861574595,0.499056605713363,0.891821718895381,9.73777151628258
"NPIL_80928","BMAW01035014.1","2443","2515","+",73,0,0,5,0,1.34420912676429,4.02013983356769,4.69792207260442,0.85572722821667,0.392148675749104,0.891821718895381,16.2249242051548
"NPIL_80929","BMAW01035204.1","1244","1315","+",72,0,0,2,0,0.537683650705716,2.69917582783982,4.89353184775603,0.551580312913985,0.581235927740693,0.891821718895381,6.4943080906042
"NPIL_80930","BMAW01035204.1","1694","1765","+",72,0,0,0,0,0,NA,NA,NA,NA,NA,NA
"NPIL_80931","BMAW01035204.1","3692","3763","+",72,0,0,0,0,0,NA,NA,NA,NA,NA,NA
"NPIL_80932","BMAW01035204.1","5578","5649","+",72,0,0,0,0,0,NA,NA,NA,NA,NA,NA
"NPIL_80937","BMAW01035204.1","16353","16424","-",72,0,0,0,0,0,NA,NA,NA,NA,NA,NA
"NPIL_80936","BMAW01035204.1","24949","25020","-",72,0,0,0,0,0,NA,NA,NA,NA,NA,NA
"NPIL_80935","BMAW01035204.1","39495","39566","-",72,0,2,2,0,1.29038936483193,-0.427078948446214,4.29983812078598,-0.0993244248851272,0.920880686048255,0.976999608286085,-1.34450856753788
"NPIL_80934","BMAW01035204.1","41340","41411","-",72,0,0,0,0,0,NA,NA,NA,NA,NA,NA
"NPIL_80933","BMAW01035204.1","42358","42429","-",72,0,0,0,0,0,NA,NA,NA,NA,NA,NA
"NPIL_80939","BMAW01035239.1","432","503","-",72,0,0,8,0,2.15073460282286,4.69795996455743,4.53500157820756,1.03593347952357,0.300233177185137,0.891821718895381,25.9553486957577
"NPIL_80938","BMAW01035239.1","509","580","-",72,0,0,0,0,0,NA,NA,NA,NA,NA,NA
"NPIL_80940","BMAW01035249.1","3744","3815","-",72,0,0,0,0,0,NA,NA,NA,NA,NA,NA
"NPIL_80941","BMAW01035407.1","17278","17349","-",72,0,0,0,0,0,NA,NA,NA,NA,NA,NA
"NPIL_80942","BMAW01035414.1","85","157","+",73,0,0,0,0,0,NA,NA,NA,NA,NA,NA
"NPIL_80943","BMAW01035486.1","64516","64588","+",73,0,0,1,0,0.268841825352858,1.71066871988845,4.99654001345877,0.342370663555293,0.732071963045407,0.891821718895381,3.27312504586027
"NPIL_80944","BMAW01035591.1","414","502","+",89,0,0,4,0,1.07536730141143,3.69835447649903,4.80822345381341,0.769172754141835,0.441790762514931,0.891821718895381,12.981223641005
"NPIL_80945","BMAW01035646.1","894","966","+",73,0,0,0,0,0,NA,NA,NA,NA,NA,NA
"NPIL_80946","BMAW01035729.1","739583","739655","+",73,0,0,0,0,0,NA,NA,NA,NA,NA,NA
"NPIL_80951_1","BMAW01035729.1","740503","740584","-",82,0,0,0,0,0,NA,NA,NA,NA,NA,NA
"NPIL_80947","BMAW01035729.1","742850","742931","+",82,0,0,0,0,0,NA,NA,NA,NA,NA,NA
"NPIL_80950","BMAW01035729.1","752048","752129","-",82,1,1,4,0,1.58660189581369,1.11993803146045,3.84133666647334,0.291549043653246,0.770631440678944,0.900339757197484,2.17337636931981
"NPIL_80949","BMAW01035729.1","754153","754234","-",82,0,0,0,0,0,NA,NA,NA,NA,NA,NA
"NPIL_80948","BMAW01035729.1;BMAW01035729.1","1112291;1112362","1112328;1112407","+;+",84,0,2,5,0,2.0969148408905,0.896977776861171,4.1118602762515,0.218144031313944,0.827316891375442,0.945309018503614,1.86216095488718
"NPIL_80952","BMAW01035804.1","3808","3879","+",72,0,4,0,0,1.50541142825242,-3.88489952190352,4.68671048122916,-0.828918179918091,0.407150707357564,0.891821718895381,-14.7730880477358
"NPIL_80953","BMAW01035870.1;BMAW01035870.1","979879;980102","979915;980137","+;+",73,0,0,0,0,0,NA,NA,NA,NA,NA,NA
"NPIL_80955","BMAW01035870.1","1260139","1260211","-",73,0,0,0,0,0,NA,NA,NA,NA,NA,NA
"NPIL_80954","BMAW01035870.1","1275046","1275118","+",73,0,0,0,0,0,NA,NA,NA,NA,NA,NA
"NPIL_80956","BMAW01036070.1","19724","19796","-",73,0,0,0,0,0,NA,NA,NA,NA,NA,NA
"NPIL_80957","BMAW01036291.1","132561","132632","+",72,0,0,2,0,0.537683650705716,2.69917582783982,4.89353184775603,0.551580312913985,0.581235927740693,0.891821718895381,6.4943080906042
"NPIL_80959","BMAW01036402.1","85","157","-",73,0,0,0,0,0,NA,NA,NA,NA,NA,NA
"NPIL_80958","BMAW01036402.1","1766","1838","-",73,0,0,0,0,0,NA,NA,NA,NA,NA,NA
"NPIL_80960","BMAW01036437.1","30456","30519","-",64,0,0,0,0,0,NA,NA,NA,NA,NA,NA
"NPIL_80961","BMAW01036529.1","37402","37472","+",71,0,0,0,0,0,NA,NA,NA,NA,NA,NA
"NPIL_80962","BMAW01036546.1","356","427","+",72,0,0,0,0,0,NA,NA,NA,NA,NA,NA
"NPIL_80963","BMAW01036546.1","8736","8807","+",72,0,0,0,0,0,NA,NA,NA,NA,NA,NA
"NPIL_80964","BMAW01036546.1","46519","46590","+",72,0,0,0,0,0,NA,NA,NA,NA,NA,NA
"NPIL_80965","BMAW01036546.1","51063","51134","+",72,0,0,0,0,0,NA,NA,NA,NA,NA,NA
"NPIL_80967","BMAW01036546.1","53154","53225","-",72,0,0,0,0,0,NA,NA,NA,NA,NA,NA
"NPIL_80966","BMAW01036546.1","76685","76756","-",72,0,0,0,0,0,NA,NA,NA,NA,NA,NA
"NPIL_80968","BMAW01036580.1","148","220","+",73,0,0,10,0,2.68841825352858,5.01979173912096,4.48252748366902,1.11985743699494,0.262774518491331,0.891821718895381,32.4420198331592
"NPIL_80969","BMAW01036580.1","1279","1351","+",73,0,0,11,0,2.95726007888144,5.15725874089103,4.46294306249121,1.15557350131468,0.247855652045836,0.891821718895381,35.6853184273729
"NPIL_80970","BMAW01036580.1","1550","1622","+",73,0,0,32,1,8.87881330431414,6.7431342602454,3.95870346649763,1.70336937770467,0.0884989646311551,0.891821718895381,107.123727759809
"NPIL_80971","BMAW01036580.1","2149","2221","+",73,0,0,26,3,7.81751213824238,6.55948367146209,3.88550963854939,1.68819132666236,0.0913745076250044,0.891821718895381,94.3194677135459
"NPIL_80972","BMAW01036580.1","4079","4155","+",77,0,0,0,0,0,NA,NA,NA,NA,NA,NA
"NPIL_80973","BMAW01036580.1","14076","14147","+",72,0,0,0,0,0,NA,NA,NA,NA,NA,NA
"NPIL_80974","BMAW01036580.1","17027","17099","+",73,0,0,0,0,0,NA,NA,NA,NA,NA,NA
"NPIL_80235","BMAW01036787.1","3298","3408","+",111,0,0,0,0,0,NA,NA,NA,NA,NA,NA
"NPIL_80976","BMAW01036823.1","62","133","-",72,0,0,0,0,0,NA,NA,NA,NA,NA,NA
"NPIL_80975","BMAW01036823.1","282","353","-",72,0,2,0,0,0.75270571412621,-2.86399280466654,4.85926394632269,-0.589388194653206,0.555600893974388,0.891821718895381,-7.28027428273396
"NPIL_80977","BMAW01037273.1","323444","323516","-",73,0,0,0,0,0,NA,NA,NA,NA,NA,NA
"NPIL_80245","BMAW01037283.1","63897","63989","+",93,0,0,0,0,0,NA,NA,NA,NA,NA,NA
"NPIL_80978","BMAW01037286.1","56193","56264","-",72,0,0,0,0,0,NA,NA,NA,NA,NA,NA
"NPIL_80247","BMAW01037325.1","12892","13490","+",599,0,0,2,0,0.537683650705716,2.69917582783982,4.89353184775603,0.551580312913985,0.581235927740693,0.891821718895381,6.4943080906042
"NPIL_80979","BMAW01037382.1","7144","7215","-",72,0,0,0,0,0,NA,NA,NA,NA,NA,NA
"NPIL_80980","BMAW01037618.1","11740","11811","-",72,0,0,0,0,0,NA,NA,NA,NA,NA,NA
"NPIL_80981","BMAW01037728.1","4016","4097","+",82,0,0,0,0,0,NA,NA,NA,NA,NA,NA
"NPIL_80989","BMAW01037792.1;BMAW01037792.1","11373;11427","11408;11464","-;-",74,0,0,0,0,0,NA,NA,NA,NA,NA,NA
"NPIL_80982","BMAW01037792.1;BMAW01037792.1","71088;71144","71125;71179","+;+",74,0,0,0,0,0,NA,NA,NA,NA,NA,NA
"NPIL_80983","BMAW01037792.1;BMAW01037792.1","99224;99280","99261;99315","+;+",74,0,0,0,0,0,NA,NA,NA,NA,NA,NA
"NPIL_80988","BMAW01037792.1;BMAW01037792.1","162164;162218","162199;162255","-;-",74,0,0,0,0,0,NA,NA,NA,NA,NA,NA
"NPIL_80984","BMAW01037792.1;BMAW01037792.1","233318;233374","233355;233410","+;+",75,0,0,0,0,0,NA,NA,NA,NA,NA,NA
"NPIL_80987","BMAW01037792.1;BMAW01037792.1","269979;270033","270014;270070","-;-",74,0,0,0,0,0,NA,NA,NA,NA,NA,NA
"NPIL_80986","BMAW01037792.1;BMAW01037792.1","330289;330343","330324;330380","-;-",74,0,0,0,0,0,NA,NA,NA,NA,NA,NA
"NPIL_80985","BMAW01037792.1;BMAW01037792.1","379123;379177","379158;379214","-;-",74,0,0,0,0,0,NA,NA,NA,NA,NA,NA
"NPIL_80269","BMAW01037865.1","6540","6645","-",106,0,0,0,0,0,NA,NA,NA,NA,NA,NA
"NPIL_80990","BMAW01038177.1","453","524","+",72,0,0,0,0,0,NA,NA,NA,NA,NA,NA
"NPIL_80991_1","BMAW01038177.1","530","601","+",72,0,0,0,0,0,NA,NA,NA,NA,NA,NA
"NPIL_80992","BMAW01038178.1","66036","66107","+",72,0,0,0,0,0,NA,NA,NA,NA,NA,NA
"NPIL_80993","BMAW01038608.1","35876","35947","+",72,0,0,0,0,0,NA,NA,NA,NA,NA,NA
"NPIL_80994","BMAW01038608.1","35952","36023","+",72,0,0,0,0,0,NA,NA,NA,NA,NA,NA
"NPIL_80995","BMAW01038655.1","99180","99251","-",72,0,0,1,0,0.268841825352858,1.71066871988845,4.99654001345877,0.342370663555293,0.732071963045407,0.891821718895381,3.27312504586027
"NPIL_80996","BMAW01038879.1","62661","62738","+",78,0,0,0,0,0,NA,NA,NA,NA,NA,NA
"NPIL_80997","BMAW01038925.1;BMAW01038925.1","65549;65595","65583;65633","+;+",74,0,0,0,0,0,NA,NA,NA,NA,NA,NA
"NPIL_80998","BMAW01039077.1;BMAW01039077.1","965775;965824","965811;965877","+;+",91,0,0,0,0,0,NA,NA,NA,NA,NA,NA
"NPIL_80999","BMAW01039102.1","893344","893415","-",72,0,0,2,0,0.537683650705716,2.69917582783982,4.89353184775603,0.551580312913985,0.581235927740693,0.891821718895381,6.4943080906042
"NPIL_81000","BMAW01039227.1","5155","5227","+",73,0,0,0,0,0,NA,NA,NA,NA,NA,NA
"NPIL_81001_1","BMAW01039303.1","304342","304414","+",73,0,0,4,0,1.07536730141143,3.69835447649903,4.80822345381341,0.769172754141835,0.441790762514931,0.891821718895381,12.981223641005
"NPIL_81002","BMAW01039303.1","310209","310281","-",73,0,0,0,0,0,NA,NA,NA,NA,NA,NA
"NPIL_81008","BMAW01039401.1","268468","268539","-",72,0,0,0,0,0,NA,NA,NA,NA,NA,NA
"NPIL_81007","BMAW01039401.1","271373","271444","-",72,0,0,0,0,0,NA,NA,NA,NA,NA,NA
"NPIL_81006","BMAW01039401.1","272057","272128","-",72,0,0,0,0,0,NA,NA,NA,NA,NA,NA
"NPIL_81005","BMAW01039401.1","272562","272633","-",72,0,0,0,0,0,NA,NA,NA,NA,NA,NA
"NPIL_81004","BMAW01039401.1","276212","276283","-",72,0,0,0,0,0,NA,NA,NA,NA,NA,NA
"NPIL_81003","BMAW01039401.1","276926","276997","-",72,0,0,0,0,0,NA,NA,NA,NA,NA,NA
"NPIL_81009","BMAW01039592.1","6574","6645","-",72,0,0,0,0,0,NA,NA,NA,NA,NA,NA
"NPIL_81010","BMAW01039832.1","453","524","+",72,0,0,0,0,0,NA,NA,NA,NA,NA,NA
"NPIL_81011_1","BMAW01039832.1","530","601","+",72,0,0,0,0,0,NA,NA,NA,NA,NA,NA
"NPIL_81013","BMAW01039866.1","14204","14285","-",82,0,0,2,0,0.537683650705716,2.69917582783982,4.89353184775603,0.551580312913985,0.581235927740693,0.891821718895381,6.4943080906042
"NPIL_81012","BMAW01039866.1","44152","44233","-",82,0,0,0,0,0,NA,NA,NA,NA,NA,NA
"NPIL_81014","BMAW01039935.1","1060","1130","+",71,0,0,0,0,0,NA,NA,NA,NA,NA,NA
"NPIL_81015","BMAW01040174.1","26216","26288","+",73,0,2,10,0,3.44112396765479,1.89858119222029,4.01906448103866,0.47239381233556,0.6366457201564,0.891821718895381,3.72846343272886
"NPIL_81016","BMAW01040174.1","26827","26899","+",73,0,0,50,0,13.4420912676429,7.34129276895977,4.78914048714011,1.53290403333808,0.125299501964588,0.891821718895381,162.162089011413
"NPIL_81017","BMAW01040185.1","668111","668183","+",73,0,0,0,0,0,NA,NA,NA,NA,NA,NA
"NPIL_81018","BMAW01040185.1","668195","668266","+",72,0,0,0,0,0,NA,NA,NA,NA,NA,NA
"NPIL_81019","BMAW01040185.1","669246","669318","+",73,0,0,0,0,0,NA,NA,NA,NA,NA,NA
"NPIL_81020","BMAW01040185.1","669330","669401","+",72,0,0,4,0,1.07536730141143,3.69835447649903,4.80822345381341,0.769172754141835,0.441790762514931,0.891821718895381,12.981223641005
"NPIL_81021","BMAW01040185.1","756823","756895","+",73,0,0,3,0,0.806525476058573,3.28359165010455,4.85756473614397,0.675974861574595,0.499056605713363,0.891821718895381,9.73777151628258
"NPIL_81022","BMAW01040185.1","756907","756978","+",72,0,0,1,0,0.268841825352858,1.71066871988845,4.99654001345877,0.342370663555293,0.732071963045407,0.891821718895381,3.27312504586027
"NPIL_81023","BMAW01040185.1","764413","764485","+",73,0,0,0,1,0.275874893022692,1.72943856790818,4.99520260504393,0.346219904306159,0.729177457202404,0.891821718895381,3.31598749878361
"NPIL_81024","BMAW01040185.1","764498","764569","+",72,0,0,0,0,0,NA,NA,NA,NA,NA,NA
"NPIL_81026","BMAW01040220.1;BMAW01040220.1","317960;318190","318005;318226","-;-",83,0,0,2,0,0.537683650705716,2.69917582783982,4.89353184775603,0.551580312913985,0.581235927740693,0.891821718895381,6.4943080906042
"NPIL_81025","BMAW01040220.1;BMAW01040220.1","320021;320243","320066;320279","-;-",83,0,0,1,0,0.268841825352858,1.71066871988845,4.99654001345877,0.342370663555293,0.732071963045407,0.891821718895381,3.27312504586027
"NPIL_81027","BMAW01040301.1","834","905","+",72,0,0,5,0,1.34420912676429,4.02013983356769,4.69792207260442,0.85572722821667,0.392148675749104,0.891821718895381,16.2249242051548
"NPIL_81028","BMAW01040301.1","1839","1912","+",74,0,2,9,0,3.17228214230193,1.74636978945204,4.03031710314291,0.433308284375488,0.664790820445823,0.891821718895381,3.35513261017031
"NPIL_81029","BMAW01040498.1","2601","2672","+",72,0,0,0,0,0,NA,NA,NA,NA,NA,NA
"NPIL_81030","BMAW01040503.1","136448","136518","-",71,0,0,0,0,0,NA,NA,NA,NA,NA,NA
"NPIL_81031","BMAW01040709.1","7105","7177","+",73,0,0,6,0,1.61305095211715,4.28306827202617,4.62524315841106,0.926020130257878,0.354435518922147,0.891821718895381,19.4684790146603
"NPIL_81032","BMAW01040738.1","33945","34028","-",84,0,0,0,0,0,NA,NA,NA,NA,NA,NA
"NPIL_81034","BMAW01040746.1","209","281","-",73,0,0,0,0,0,NA,NA,NA,NA,NA,NA
"NPIL_81033","BMAW01040746.1","829","901","-",73,0,0,2,0,0.537683650705716,2.69917582783982,4.89353184775603,0.551580312913985,0.581235927740693,0.891821718895381,6.4943080906042
"NPIL_81036","BMAW01040763.1","124886","124957","-",72,0,0,0,0,0,NA,NA,NA,NA,NA,NA
"NPIL_81035","BMAW01040763.1","125793","125864","-",72,0,0,0,0,0,NA,NA,NA,NA,NA,NA
"NPIL_81037","BMAW01040818.1","74009","74081","+",73,0,0,0,0,0,NA,NA,NA,NA,NA,NA
"NPIL_81038","BMAW01040869.1","6697","6780","+",84,0,0,0,0,0,NA,NA,NA,NA,NA,NA
"NPIL_81039","BMAW01040927.1","2076305","2076376","+",72,4,6,4,0,3.87301139314667,-1.36449693962459,3.52872165028987,-0.38668307530363,0.698990847301851,0.891821718895381,-2.57486526012981
"NPIL_81040","BMAW01040927.1","2076711","2076782","+",72,0,0,3,0,0.806525476058573,3.28359165010455,4.85756473614397,0.675974861574595,0.499056605713363,0.891821718895381,9.73777151628258
"NPIL_81043","BMAW01040927.1","2083714","2083785","-",72,2,1,1,0,0.91495815709427,-1.23967773767325,4.12335589543518,-0.30064776582726,0.76368310367512,0.900339757197484,-2.3614577727834
"NPIL_81041","BMAW01040927.1","2083935","2084006","+",72,2,1,4,2,2.27323341919823,1.34909382088997,3.32673844005534,0.405530475328722,0.685087621926179,0.891821718895381,2.54752061482531
"NPIL_81042","BMAW01040927.1","2085912","2085983","-",72,0,0,0,0,0,NA,NA,NA,NA,NA,NA
"NPIL_81044","BMAW01041007.1;BMAW01041007.1","742;798","779;833","+;+",74,0,0,0,0,0,NA,NA,NA,NA,NA,NA
"NPIL_81045","BMAW01041113.1","25250","25323","-",74,0,0,0,0,0,NA,NA,NA,NA,NA,NA
"NPIL_81046","BMAW01041194.1","20603","20674","+",72,0,0,0,0,0,NA,NA,NA,NA,NA,NA
"NPIL_81047","BMAW01041392.1","3229","3299","+",71,0,0,0,0,0,NA,NA,NA,NA,NA,NA
"NPIL_81048","BMAW01041414.1","13149","13221","-",73,0,0,0,0,0,NA,NA,NA,NA,NA,NA
"NPIL_81049","BMAW01041425.1","1279","1350","+",72,0,0,0,0,0,NA,NA,NA,NA,NA,NA
"NPIL_81050","BMAW01041425.1","5541","5612","+",72,0,0,0,0,0,NA,NA,NA,NA,NA,NA
"NPIL_81051","BMAW01041573.1","184978","185050","+",73,0,0,2,0,0.537683650705716,2.69917582783982,4.89353184775603,0.551580312913985,0.581235927740693,0.891821718895381,6.4943080906042
"NPIL_81052","BMAW01041573.1","1259900","1259971","-",72,0,0,2,0,0.537683650705716,2.69917582783982,4.89353184775603,0.551580312913985,0.581235927740693,0.891821718895381,6.4943080906042
"NPIL_81053","BMAW01041578.1","4871","4942","+",72,0,0,0,0,0,NA,NA,NA,NA,NA,NA
"NPIL_81054","BMAW01041703.1","896465","896530","-",66,0,0,1,0,0.268841825352858,1.71066871988845,4.99654001345877,0.342370663555293,0.732071963045407,0.891821718895381,3.27312504586027
"NPIL_81055","BMAW01041808.1;BMAW01041808.1","84907;85147","84943;85180","+;+",71,9,0,0,0,1.21393563605238,-3.62689301862039,4.72497447706163,-0.767600552389838,0.44272453413148,0.891821718895381,-12.3538860073953
"NPIL_81056","BMAW01041808.1;BMAW01041808.1","85698;85926","85734;85960","+;+",72,2,0,3,4,2.17978852282765,2.59182343932535,3.66713041049898,0.706771548648766,0.479708458067417,0.891821718895381,6.02860179752158
"NPIL_81057","BMAW01041808.1;BMAW01041808.1","110832;111107","110869;111153","+;+",85,0,0,3,0,0.806525476058573,3.28359165010455,4.85756473614397,0.675974861574595,0.499056605713363,0.891821718895381,9.73777151628258
"NPIL_81058","BMAW01041846.1","879","950","+",72,0,0,1,0,0.268841825352858,1.71066871988845,4.99654001345877,0.342370663555293,0.732071963045407,0.891821718895381,3.27312504586027
"NPIL_81059","BMAW01041846.1","1908","1979","+",72,0,0,0,0,0,NA,NA,NA,NA,NA,NA
"NPIL_81060","BMAW01041846.1;BMAW01041846.1","2652;2705","2688;2740","+;+",73,0,0,0,0,0,NA,NA,NA,NA,NA,NA
"NPIL_81061","BMAW01042039.1","1261432","1261504","-",73,0,0,1,0,0.268841825352858,1.71066871988845,4.99654001345877,0.342370663555293,0.732071963045407,0.891821718895381,3.27312504586027
"NPIL_81062","BMAW01042222.1","2030","2101","+",72,0,0,0,0,0,NA,NA,NA,NA,NA,NA
"NPIL_81063","BMAW01042222.1","2585","2656","+",72,0,0,0,0,0,NA,NA,NA,NA,NA,NA
"NPIL_81064","BMAW01042472.1","2708","2791","-",84,0,0,0,0,0,NA,NA,NA,NA,NA,NA
"NPIL_80188","BMAW01042508.1","676875","676973","+",99,0,0,0,0,0,NA,NA,NA,NA,NA,NA
"NPIL_81065","BMAW01042648.1","404184","404256","+",73,0,0,0,0,0,NA,NA,NA,NA,NA,NA
"NPIL_80272","BMAW01042679.1","50966","51051","-",86,0,0,4,0,1.07536730141143,3.69835447649903,4.80822345381341,0.769172754141835,0.441790762514931,0.891821718895381,12.981223641005
"NPIL_81066","BMAW01043051.1","108732","108804","+",73,0,0,2,0,0.537683650705716,2.69917582783982,4.89353184775603,0.551580312913985,0.581235927740693,0.891821718895381,6.4943080906042
"NPIL_81067","BMAW01043051.1","190526","190598","+",73,0,0,3,0,0.806525476058573,3.28359165010455,4.85756473614397,0.675974861574595,0.499056605713363,0.891821718895381,9.73777151628258
"NPIL_81068","BMAW01043442.1","1514","1585","-",72,0,0,0,0,0,NA,NA,NA,NA,NA,NA
"NPIL_81069","BMAW01043643.1","8726","8797","-",72,0,0,0,0,0,NA,NA,NA,NA,NA,NA
"NPIL_81070","BMAW01043644.1","6367","6439","+",73,0,0,0,0,0,NA,NA,NA,NA,NA,NA
"NPIL_81071_1","BMAW01043658.1","459","532","+",74,0,0,0,0,0,NA,NA,NA,NA,NA,NA
"NPIL_81072","BMAW01043738.1","359275","359346","+",72,0,0,0,0,0,NA,NA,NA,NA,NA,NA
"NPIL_81073","BMAW01043738.1","363060","363131","+",72,0,0,0,0,0,NA,NA,NA,NA,NA,NA
"NPIL_81074","BMAW01043738.1","480395","480467","+",73,0,0,0,0,0,NA,NA,NA,NA,NA,NA
"NPIL_81075","BMAW01043815.1","25","96","-",72,0,0,0,0,0,NA,NA,NA,NA,NA,NA
"NPIL_81076","BMAW01043997.1;BMAW01043997.1","1384;1440","1421;1475","+;+",74,0,0,1,0,0.268841825352858,1.71066871988845,4.99654001345877,0.342370663555293,0.732071963045407,0.891821718895381,3.27312504586027
"NPIL_81077","BMAW01043997.1;BMAW01043997.1","1950;2006","1987;2041","+;+",74,0,2,16,0,5.05417491977193,2.56019105019007,4.65435233290267,0.550063868627113,0.582275567639735,0.891821718895381,5.89785784658936
"NPIL_80157","BMAW01044008.1","340338","340443","-",106,0,0,0,0,0,NA,NA,NA,NA,NA,NA
"NPIL_81078","BMAW01044174.1","142044","142115","-",72,0,0,2,0,0.537683650705716,2.69917582783982,4.89353184775603,0.551580312913985,0.581235927740693,0.891821718895381,6.4943080906042
"NPIL_81086","BMAW01044202.1","4341","4414","-",74,0,0,0,0,0,NA,NA,NA,NA,NA,NA
"NPIL_81085","BMAW01044202.1","6315","6386","-",72,0,0,0,0,0,NA,NA,NA,NA,NA,NA
"NPIL_81084","BMAW01044202.1","8213","8284","-",72,0,0,0,0,0,NA,NA,NA,NA,NA,NA
"NPIL_81079","BMAW01044202.1","10603","10674","+",72,0,0,0,0,0,NA,NA,NA,NA,NA,NA
"NPIL_81080","BMAW01044202.1","12293","12364","+",72,0,0,0,0,0,NA,NA,NA,NA,NA,NA
"NPIL_81081_1","BMAW01044202.1","15637","15708","+",72,0,0,0,0,0,NA,NA,NA,NA,NA,NA
"NPIL_81082","BMAW01044202.1","19810","19881","+",72,0,0,0,0,0,NA,NA,NA,NA,NA,NA
"NPIL_81083","BMAW01044202.1","20493","20564","+",72,0,0,0,0,0,NA,NA,NA,NA,NA,NA
"NPIL_81087","BMAW01044339.1","853693","853765","+",73,0,0,0,0,0,NA,NA,NA,NA,NA,NA
"NPIL_81088","BMAW01044410.1;BMAW01044410.1","1877;1933","1910;1969","-;-",71,0,0,0,0,0,NA,NA,NA,NA,NA,NA
"NPIL_80284","BMAW01044411.1","177","2093","-",1917,180,43,42,119,84.5823545092815,0.12446169846185,2.91653994196228,0.0426744364687532,0.965961057743045,0.985668377354419,1.09010091592896
"NPIL_81089","BMAW01044437.1;BMAW01044437.1","355909;355955","355947;355990","-;-",75,0,0,1,0,0.268841825352858,1.71066871988845,4.99654001345877,0.342370663555293,0.732071963045407,0.891821718895381,3.27312504586027
"NPIL_81090","BMAW01044454.1","343479","343552","+",74,0,0,4,2,1.62711708745682,4.29522248788563,4.14601029769691,1.035989343845,0.30020711392817,0.891821718895381,19.6331871708998
"NPIL_81091_1","BMAW01044496.1;BMAW01044496.1","418503;418709","418548;418744","-;-",82,0,0,0,0,0,NA,NA,NA,NA,NA,NA
"NPIL_81092","BMAW01044556.1","132207","132279","-",73,0,0,0,0,0,NA,NA,NA,NA,NA,NA
"NPIL_80226","BMAW01044723.1","1524","1635","+",112,0,8,12,0,6.23692476073913,0.111481249524117,4.60062010185744,0.0242317876842532,0.980667722664194,0.989439933946866,1.08033687499768
"NPIL_81093","BMAW01044727.1;BMAW01044727.1","434;487","470;522","+;+",73,0,0,0,0,0,NA,NA,NA,NA,NA,NA
"NPIL_81094","BMAW01044756.1","475","547","+",73,0,0,0,0,0,NA,NA,NA,NA,NA,NA
"NPIL_81095","BMAW01044884.1","106783","106856","+",74,0,6,10,0,4.94653539590721,0.272960034700186,3.96686404639163,0.0688100301668968,0.945140834095118,0.982431541686559,1.20828437123218
"NPIL_81096","BMAW01044884.1","555857","555930","+",74,0,0,0,0,0,NA,NA,NA,NA,NA,NA
"NPIL_81097","BMAW01045229.1;BMAW01045229.1","13058;13110","13093;13146","-;-",73,0,0,0,0,0,NA,NA,NA,NA,NA,NA
"NPIL_81098","BMAW01045237.1","1032","1104","-",73,0,0,0,0,0,NA,NA,NA,NA,NA,NA
"NPIL_81099","BMAW01045246.1","906","978","+",73,0,0,0,0,0,NA,NA,NA,NA,NA,NA
"NPIL_81100","BMAW01045321.1","18784","18867","-",84,0,0,0,0,0,NA,NA,NA,NA,NA,NA
"NPIL_80260","BMAW01045415.1","77019","77092","-",74,0,0,0,0,0,NA,NA,NA,NA,NA,NA
"NPIL_80143","BMAW01045457.1","298","1129","+",832,1,0,5,2,2.03084065014883,3.23731451601125,3.73770630975615,0.866123298013337,0.386422550053913,0.891821718895381,9.43037091478391
"NPIL_81101_1","BMAW01045527.1","1232","1305","+",74,0,0,3,0,0.806525476058573,3.28359165010455,4.85756473614397,0.675974861574595,0.499056605713363,0.891821718895381,9.73777151628258
"NPIL_81102","BMAW01045527.1","1393","1466","+",74,0,0,0,0,0,NA,NA,NA,NA,NA,NA
"NPIL_81103","BMAW01045541.1","3760","3831","-",72,0,0,0,0,0,NA,NA,NA,NA,NA,NA
"NPIL_81106","BMAW01045569.1","1183","1264","-",82,0,0,0,0,0,NA,NA,NA,NA,NA,NA
"NPIL_81105","BMAW01045569.1","1421","1499","-",79,0,0,0,0,0,NA,NA,NA,NA,NA,NA
"NPIL_81104","BMAW01045569.1","1669","1750","-",82,0,0,0,0,0,NA,NA,NA,NA,NA,NA
"NPIL_81107","BMAW01045826.1;BMAW01045826.1","732;778","767;815","-;-",74,0,0,0,0,0,NA,NA,NA,NA,NA,NA
"NPIL_81108","BMAW01046047.1","113987","114058","+",72,0,0,0,0,0,NA,NA,NA,NA,NA,NA
"NPIL_81109","BMAW01046157.1","86","157","-",72,0,0,0,0,0,NA,NA,NA,NA,NA,NA
"NPIL_80253","BMAW01046195.1","251288","251963","-",676,3,0,2,0,0.942328862723177,0.328799243588126,4.41558873018546,0.074463285346395,0.940641754081739,0.982431541686559,1.25596759639338
"NPIL_80147","BMAW01046400.1","3760","3873","-",114,0,0,0,0,0,NA,NA,NA,NA,NA,NA
"NPIL_80180","BMAW01046481.1","15988","16099","+",112,0,0,0,0,0,NA,NA,NA,NA,NA,NA
"NPIL_81110","BMAW01046526.1;BMAW01046526.1","14719;14772","14755;14807","+;+",73,0,0,0,0,0,NA,NA,NA,NA,NA,NA
"NPIL_81111","BMAW01046709.1","604","687","-",84,0,4,3,0,2.31193690431099,-0.868421774090456,4.08590452223717,-0.212540887669829,0.831685082607461,0.948726857477716,-1.82566463490927
"NPIL_81112","BMAW01046762.1","58182","58265","+",84,0,0,1,0,0.268841825352858,1.71066871988845,4.99654001345877,0.342370663555293,0.732071963045407,0.891821718895381,3.27312504586027
"NPIL_81116","BMAW01046762.1;BMAW01046762.1","108803;108881","108848;108917","-;-",83,0,0,0,0,0,NA,NA,NA,NA,NA,NA
"NPIL_81113","BMAW01046762.1;BMAW01046762.1","109359;109429","109396;109474","+;+",84,0,0,23,0,6.18336198311573,6.22111138998786,4.79430514704395,1.29760438670109,0.194423313989985,0.891821718895381,74.6003963291986
"NPIL_81115","BMAW01046762.1;BMAW01046762.1","110673;110751","110718;110787","-;-",83,0,0,1,0,0.268841825352858,1.71066871988845,4.99654001345877,0.342370663555293,0.732071963045407,0.891821718895381,3.27312504586027
"NPIL_81114","BMAW01046762.1;BMAW01046762.1","111219;111282","111255;111330","+;+",86,0,0,0,0,0,NA,NA,NA,NA,NA,NA
"NPIL_81117","BMAW01046855.1","43411","43482","+",72,0,0,0,0,0,NA,NA,NA,NA,NA,NA
"NPIL_81118","BMAW01046855.1","87272","87343","-",72,0,1,6,0,1.98940380918025,2.30323581520606,4.17785367288467,0.551296430067583,0.581430485318018,0.891821718895381,4.93563536583547
"NPIL_81119","BMAW01046990.1;BMAW01046990.1","37;107","74;152","+;+",84,0,0,1,0,0.268841825352858,1.71066871988845,4.99654001345877,0.342370663555293,0.732071963045407,0.891821718895381,3.27312504586027
"NPIL_81120","BMAW01046990.1;BMAW01046990.1","1353;1431","1398;1468","-;-",84,0,2,13,0,4.24764944371336,2.27753100925651,3.99554320019577,0.570017866192741,0.568665580433665,0.891821718895381,4.84847487970309
"NPIL_81121","BMAW01047037.1","9115","9186","+",72,0,0,0,0,0,NA,NA,NA,NA,NA,NA
"NPIL_81135","BMAW01047037.1","12502","12573","-",72,0,0,0,0,0,NA,NA,NA,NA,NA,NA
"NPIL_81134","BMAW01047037.1","27415","27486","-",72,0,0,1,0,0.268841825352858,1.71066871988845,4.99654001345877,0.342370663555293,0.732071963045407,0.891821718895381,3.27312504586027
"NPIL_81133","BMAW01047037.1","39194","39265","-",72,0,0,0,0,0,NA,NA,NA,NA,NA,NA
"NPIL_81122","BMAW01047037.1","58467","58538","+",72,0,0,0,0,0,NA,NA,NA,NA,NA,NA
"NPIL_81132","BMAW01047037.1","70645","70716","-",72,0,0,0,0,0,NA,NA,NA,NA,NA,NA
"NPIL_81123","BMAW01047037.1","77344","77415","+",72,0,0,1,0,0.268841825352858,1.71066871988845,4.99654001345877,0.342370663555293,0.732071963045407,0.891821718895381,3.27312504586027
"NPIL_81124","BMAW01047037.1","82386","82457","+",72,0,0,0,0,0,NA,NA,NA,NA,NA,NA
"NPIL_81131","BMAW01047037.1","92518","92589","-",72,0,0,0,0,0,NA,NA,NA,NA,NA,NA
"NPIL_81130","BMAW01047037.1","95131","95202","-",72,0,0,0,0,0,NA,NA,NA,NA,NA,NA
"NPIL_81125","BMAW01047037.1","100005","100076","+",72,0,0,0,0,0,NA,NA,NA,NA,NA,NA
"NPIL_81126","BMAW01047037.1","109133","109204","+",72,0,0,0,0,0,NA,NA,NA,NA,NA,NA
"NPIL_81127","BMAW01047037.1","121459","121530","+",72,0,0,0,0,0,NA,NA,NA,NA,NA,NA
"NPIL_81128","BMAW01047037.1","131229","131300","+",72,0,0,0,0,0,NA,NA,NA,NA,NA,NA
"NPIL_81129","BMAW01047037.1","150160","150231","+",72,0,0,0,0,0,NA,NA,NA,NA,NA,NA
"NPIL_81136","BMAW01047059.1;BMAW01047059.1","228325;228373","228363;228407","-;-",74,0,0,6,0,1.61305095211715,4.28306827202617,4.62524315841106,0.926020130257878,0.354435518922147,0.891821718895381,19.4684790146603
"NPIL_81144","BMAW01047162.1","4345","4417","-",73,0,0,0,0,0,NA,NA,NA,NA,NA,NA
"NPIL_81143","BMAW01047162.1","6312","6383","-",72,0,0,0,0,0,NA,NA,NA,NA,NA,NA
"NPIL_81142","BMAW01047162.1","8209","8280","-",72,0,0,0,0,0,NA,NA,NA,NA,NA,NA
"NPIL_81137","BMAW01047162.1","10657","10728","+",72,0,0,0,0,0,NA,NA,NA,NA,NA,NA
"NPIL_81138","BMAW01047162.1","12326","12402","+",77,0,0,0,0,0,NA,NA,NA,NA,NA,NA
"NPIL_81139","BMAW01047162.1","17794","17865","+",72,0,0,0,0,0,NA,NA,NA,NA,NA,NA
"NPIL_81140","BMAW01047162.1","21914","21985","+",72,0,0,0,0,0,NA,NA,NA,NA,NA,NA
"NPIL_81141_1","BMAW01047162.1","22596","22667","+",72,0,0,0,0,0,NA,NA,NA,NA,NA,NA
"NPIL_81145","BMAW01047321.1","1715","1787","-",73,0,0,0,0,0,NA,NA,NA,NA,NA,NA
"NPIL_81146","BMAW01047358.1","100087","100168","+",82,0,0,0,0,0,NA,NA,NA,NA,NA,NA
"NPIL_81147","BMAW01047437.1","176401","176474","+",74,0,0,0,0,0,NA,NA,NA,NA,NA,NA
"NPIL_81148","BMAW01047437.1","309082","309154","+",73,0,0,0,0,0,NA,NA,NA,NA,NA,NA
"NPIL_81149","BMAW01047447.1","1","72","+",72,0,0,0,0,0,NA,NA,NA,NA,NA,NA
"NPIL_81150","BMAW01047447.1","4874","4945","+",72,0,0,0,0,0,NA,NA,NA,NA,NA,NA
"NPIL_81151","BMAW01047518.1","556109","556180","+",72,0,0,0,0,0,NA,NA,NA,NA,NA,NA
"NPIL_80175","BMAW01047669.1","2952","3063","-",112,0,166,1608,19,500.013852407302,2.80892976199674,3.70468860612467,0.758209409922592,0.448325628830416,0.891821718895381,7.00764534309877
"NPIL_80238","BMAW01047790.1","5418","6275","+",858,0,2,14,0,4.51649126906622,2.38454791845219,3.99002472652078,0.597627353685966,0.550088608323698,0.891821718895381,5.22180259285323
"NPIL_81152","BMAW01047925.1","2104","2175","+",72,0,0,0,0,0,NA,NA,NA,NA,NA,NA
"NPIL_81155","BMAW01048216.1","448","529","-",82,0,1,29,0,8.17276579229598,4.53356155537763,4.71078114086317,0.962380000219439,0.335858756244812,0.891821718895381,23.1599712190898
"NPIL_81154","BMAW01048216.1","607","688","-",82,0,0,20,0,5.37683650705716,6.01950620615373,4.79573867052496,1.25517811117402,0.209414109694143,0.891821718895381,64.8711993233381
"NPIL_81153","BMAW01048216.1","783","864","-",82,0,2,38,0,10.9686950775348,3.80795729694019,4.64615046760522,0.819594053935782,0.41244756446217,0.891821718895381,14.0058467028361
"NPIL_81160","BMAW01048767.1","3957","4028","-",72,0,0,0,0,0,NA,NA,NA,NA,NA,NA
"NPIL_81159","BMAW01048767.1","6873","6944","-",72,0,0,2,0,0.537683650705716,2.69917582783982,4.89353184775603,0.551580312913985,0.581235927740693,0.891821718895381,6.4943080906042
"NPIL_81158","BMAW01048767.1","9967","10038","-",72,0,0,0,0,0,NA,NA,NA,NA,NA,NA
"NPIL_81157","BMAW01048767.1","18327","18398","-",72,0,0,0,0,0,NA,NA,NA,NA,NA,NA
"NPIL_81156","BMAW01048767.1","20442","20513","-",72,0,0,0,1,0.275874893022692,1.72943856790818,4.99520260504393,0.346219904306159,0.729177457202404,0.891821718895381,3.31598749878361
"NPIL_81161","BMAW01048791.1","240631","240703","+",73,0,0,2,0,0.537683650705716,2.69917582783982,4.89353184775603,0.551580312913985,0.581235927740693,0.891821718895381,6.4943080906042
"NPIL_81163","BMAW01048942.1","1305","1376","-",72,0,0,0,0,0,NA,NA,NA,NA,NA,NA
"NPIL_81162","BMAW01048942.1","1382","1453","-",72,0,0,0,0,0,NA,NA,NA,NA,NA,NA
"NPIL_81164","BMAW01049167.1;BMAW01049167.1","122;178","159;213","+;+",74,0,0,0,0,0,NA,NA,NA,NA,NA,NA
"NPIL_81165","BMAW01049345.1;BMAW01049345.1","845259;845318","845293;845354","-;-",72,2,0,2,0,0.807447125384023,0.785209518237602,4.52820754028007,0.173404048125638,0.86233384336418,0.959851402387593,1.72334257708203
"NPIL_81166","BMAW01049421.1","6362","6433","+",72,0,0,0,0,0,NA,NA,NA,NA,NA,NA
"NPIL_80263","BMAW01049540.1","15","772","-",758,0,0,2,0,0.537683650705716,2.69917582783982,4.89353184775603,0.551580312913985,0.581235927740693,0.891821718895381,6.4943080906042
"NPIL_81167","BMAW01049608.1","133178","133250","+",73,0,0,0,0,0,NA,NA,NA,NA,NA,NA
"NPIL_81168","BMAW01049681.1","63893","63965","-",73,0,0,0,0,0,NA,NA,NA,NA,NA,NA
"NPIL_80173","BMAW01049878.1","77362","77468","-",107,1,9,1,0,3.79089927625995,-3.68216854752359,3.7664744240066,-0.977616766505657,0.328263901691671,0.891821718895381,-12.836398227865
"NPIL_81169","BMAW01050160.1","146","218","+",73,0,0,0,0,0,NA,NA,NA,NA,NA,NA
"NPIL_81170","BMAW01050160.1","697","769","+",73,0,0,0,0,0,NA,NA,NA,NA,NA,NA
"NPIL_81171_1","BMAW01050394.1","420","492","-",73,0,0,0,0,0,NA,NA,NA,NA,NA,NA
"NPIL_81172","BMAW01050429.1","125091","125162","+",72,0,0,0,0,0,NA,NA,NA,NA,NA,NA
"NPIL_81173","BMAW01050492.1;BMAW01050492.1","22577;22631","22613;22669","+;+",76,0,0,0,0,0,NA,NA,NA,NA,NA,NA
"NPIL_81174","BMAW01050492.1","25772","25843","+",72,0,0,0,0,0,NA,NA,NA,NA,NA,NA
"NPIL_81176","BMAW01050505.1","80155","80227","-",73,0,0,0,0,0,NA,NA,NA,NA,NA,NA
"NPIL_81175","BMAW01050505.1","80490","80565","-",76,0,0,0,0,0,NA,NA,NA,NA,NA,NA
"NPIL_81177","BMAW01050640.1","188551","188622","+",72,0,0,0,0,0,NA,NA,NA,NA,NA,NA
"NPIL_81178","BMAW01050824.1","56476","56548","-",73,0,0,1,0,0.268841825352858,1.71066871988845,4.99654001345877,0.342370663555293,0.732071963045407,0.891821718895381,3.27312504586027
"NPIL_80189","BMAW01050877.1","15972","16083","+",112,0,0,0,0,0,NA,NA,NA,NA,NA,NA
"NPIL_81179","BMAW01051076.1","857","928","+",72,0,0,0,0,0,NA,NA,NA,NA,NA,NA
"NPIL_81180","BMAW01051076.1","1531","1602","+",72,0,0,0,0,0,NA,NA,NA,NA,NA,NA
"NPIL_81181","BMAW01051118.1","3297","3368","-",72,0,0,0,0,0,NA,NA,NA,NA,NA,NA
"NPIL_81182","BMAW01051451.1","660412","660483","-",72,0,2,3,0,1.55923119018478,0.158669708282786,4.20946555413706,0.0376935518873281,0.969932017193463,0.985668377354419,1.11625737590065
"NPIL_81183","BMAW01051479.1;BMAW01051479.1","346;399","382;434","+;+",73,0,0,19,0,5.1079946817043,5.94551702836148,4.79631697419797,1.2396005227231,0.2151231872298,0.891821718895381,61.6281264891577
"NPIL_81184","BMAW01051479.1","124664","124735","+",72,0,0,0,0,0,NA,NA,NA,NA,NA,NA
"NPIL_81185","BMAW01051479.1","154559","154631","-",73,0,0,0,0,0,NA,NA,NA,NA,NA,NA
"NPIL_81186","BMAW01051695.1","2151","2224","+",74,0,0,0,0,0,NA,NA,NA,NA,NA,NA
"NPIL_81187","BMAW01052015.1","410544","410625","+",82,0,0,3,0,0.806525476058573,3.28359165010455,4.85756473614397,0.675974861574595,0.499056605713363,0.891821718895381,9.73777151628258
"NPIL_81188","BMAW01052015.1","515674","515755","+",82,0,0,1,0,0.268841825352858,1.71066871988845,4.99654001345877,0.342370663555293,0.732071963045407,0.891821718895381,3.27312504586027
"NPIL_81189","BMAW01052015.1","523843","523924","+",82,0,0,0,2,0.551749786045384,2.73304445395152,4.89103494176563,0.558786532194536,0.57630741495506,0.891821718895381,6.64857175290645
"NPIL_81191","BMAW01052015.1","636801","636882","-",82,0,0,1,0,0.268841825352858,1.71066871988845,4.99654001345877,0.342370663555293,0.732071963045407,0.891821718895381,3.27312504586027
"NPIL_81190","BMAW01052015.1","687393","687473","+",81,0,0,1,0,0.268841825352858,1.71066871988845,4.99654001345877,0.342370663555293,0.732071963045407,0.891821718895381,3.27312504586027
"NPIL_81192","BMAW01052129.1","3652","3723","+",72,0,0,0,0,0,NA,NA,NA,NA,NA,NA
"NPIL_81193","BMAW01052251.1","286237","286308","+",72,0,2,7,0,2.63459849159621,1.38323835022286,4.0614357135475,0.340578664241531,0.733420793635803,0.891821718895381,2.60853239521236
"NPIL_81194","BMAW01052511.1","894","966","+",73,0,0,0,0,0,NA,NA,NA,NA,NA,NA
"NPIL_81195","BMAW01052611.1","6647","6720","+",74,0,2,4,0,1.82807301553764,0.574454591491154,4.15159450326075,0.138369629076242,0.889948298584572,0.967841534889611,1.48911439942507
"NPIL_80170","BMAW01052616.1","18545","20466","+",1922,1088,138,127,126,267.59117284038,-1.5280206167378,2.9047750845923,-0.526037497650964,0.598862153813664,0.891821718895381,-2.88389895479274
"NPIL_81196","BMAW01052625.1;BMAW01052625.1","13080;13132","13115;13168","-;-",73,0,0,0,0,0,NA,NA,NA,NA,NA,NA
"NPIL_81197","BMAW01052645.1","770007","770078","+",72,0,0,0,0,0,NA,NA,NA,NA,NA,NA
"NPIL_81198","BMAW01052699.1","4186","4258","+",73,0,0,12,3,4.05372658330237,5.61210049534213,3.92957998211565,1.42816802836028,0.153243500628586,0.891821718895381,48.9114556230829
"NPIL_81199","BMAW01052699.1","5967","6039","+",73,0,0,11,0,2.95726007888144,5.15725874089103,4.46294306249121,1.15557350131468,0.247855652045836,0.891821718895381,35.6853184273729
"NPIL_80242_1","BMAW01052721.1","91923","92017","-",95,0,0,1,0,0.268841825352858,1.71066871988845,4.99654001345877,0.342370663555293,0.732071963045407,0.891821718895381,3.27312504586027
"NPIL_81203","BMAW01052726.1","5840","5911","-",72,0,0,0,0,0,NA,NA,NA,NA,NA,NA
"NPIL_81200","BMAW01052726.1","30425","30496","+",72,0,0,0,0,0,NA,NA,NA,NA,NA,NA
"NPIL_81201","BMAW01052726.1","32628","32699","+",72,0,0,0,0,0,NA,NA,NA,NA,NA,NA
"NPIL_81202","BMAW01052726.1","40397","40468","+",72,0,0,0,0,0,NA,NA,NA,NA,NA,NA
"NPIL_81204","BMAW01052735.1","1712","1783","+",72,0,0,0,0,0,NA,NA,NA,NA,NA,NA
"NPIL_81205","BMAW01052742.1","291456","291528","-",73,0,0,0,0,0,NA,NA,NA,NA,NA,NA
"NPIL_81206","BMAW01052939.1","1065","1148","-",84,0,0,0,0,0,NA,NA,NA,NA,NA,NA
"NPIL_81208","BMAW01052957.1","499915","499986","-",72,0,0,0,0,0,NA,NA,NA,NA,NA,NA
"NPIL_81207","BMAW01052957.1","1829183","1829255","-",73,0,4,0,0,1.50541142825242,-3.88489952190352,4.68671048122916,-0.828918179918091,0.407150707357564,0.891821718895381,-14.7730880477358
"NPIL_81209","BMAW01053000.1","39371","39444","+",74,0,0,1,0,0.268841825352858,1.71066871988845,4.99654001345877,0.342370663555293,0.732071963045407,0.891821718895381,3.27312504586027
"NPIL_81210","BMAW01053000.1","42937","43010","+",74,0,0,2,0,0.537683650705716,2.69917582783982,4.89353184775603,0.551580312913985,0.581235927740693,0.891821718895381,6.4943080906042
"NPIL_81211","BMAW01053000.1","53871","53944","+",74,0,3,5,0,2.4732676979536,0.292978292905963,4.06372644266319,0.0720959683285074,0.942525534685782,0.982431541686559,1.22516689764631
"NPIL_81212","BMAW01053000.1","61630","61702","-",73,0,0,0,0,0,NA,NA,NA,NA,NA,NA
"NPIL_80164","BMAW01053014.1","815","926","-",112,9,54,94,1,47.0839963936514,0.249291827162834,3.24112469754254,0.0769152224694874,0.938690987642052,0.982431541686559,1.18862351452526
"NPIL_80165","BMAW01053014.1","3662","3773","-",112,3,53,100,0,47.2355291716478,0.404340927454685,3.6195551846337,0.111710115422817,0.911053258589266,0.976999608286085,1.32348415934193
"NPIL_81213","BMAW01053058.1","894","966","+",73,0,0,0,0,0,NA,NA,NA,NA,NA,NA
"NPIL_81219","BMAW01053069.1","21205","21277","-",73,0,0,2,0,0.537683650705716,2.69917582783982,4.89353184775603,0.551580312913985,0.581235927740693,0.891821718895381,6.4943080906042
"NPIL_81218","BMAW01053069.1","38455","38527","-",73,0,0,2,0,0.537683650705716,2.69917582783982,4.89353184775603,0.551580312913985,0.581235927740693,0.891821718895381,6.4943080906042
"NPIL_81217","BMAW01053069.1","46224","46295","-",72,0,0,0,0,0,NA,NA,NA,NA,NA,NA
"NPIL_81216","BMAW01053069.1","48571","48642","-",72,0,0,0,0,0,NA,NA,NA,NA,NA,NA
"NPIL_81214","BMAW01053069.1","51153","51224","+",72,0,0,0,0,0,NA,NA,NA,NA,NA,NA
"NPIL_81215","BMAW01053069.1","64283","64353","+",71,0,0,0,0,0,NA,NA,NA,NA,NA,NA
"NPIL_81220","BMAW01053223.1","131438","131510","-",73,0,0,0,0,0,NA,NA,NA,NA,NA,NA
"NPIL_81221","BMAW01053284.1","12398","12468","+",71,0,0,0,0,0,NA,NA,NA,NA,NA,NA
"NPIL_81226","BMAW01053525.1","342122","342193","-",72,0,0,1,0,0.268841825352858,1.71066871988845,4.99654001345877,0.342370663555293,0.732071963045407,0.891821718895381,3.27312504586027
"NPIL_81225","BMAW01053525.1","344657","344729","-",73,0,0,0,0,0,NA,NA,NA,NA,NA,NA
"NPIL_81224","BMAW01053525.1","843886","843958","-",73,0,4,0,1,1.78128632127511,-2.4243107111692,4.2676455738286,-0.568067490429928,0.569989141402779,0.891821718895381,-5.36772481427296
"NPIL_81222","BMAW01053525.1","847403","847474","+",72,0,0,0,0,0,NA,NA,NA,NA,NA,NA
"NPIL_81223","BMAW01053525.1","959698","959769","-",72,0,0,0,0,0,NA,NA,NA,NA,NA,NA
"NPIL_81227","BMAW01053544.1","8896","8979","+",84,0,0,0,4,1.10349957209077,3.73380719435367,4.79560773730683,0.778588950323643,0.436221890161292,0.891821718895381,13.3041754493871
"NPIL_81228","BMAW01053598.1","430562","430633","-",72,0,0,0,0,0,NA,NA,NA,NA,NA,NA
"NPIL_81229","BMAW01053664.1","316304","316376","+",73,0,0,8,0,2.15073460282286,4.69795996455743,4.53500157820756,1.03593347952357,0.300233177185137,0.891821718895381,25.9553486957577
"NPIL_81230","BMAW01053687.1","49854","49925","+",72,0,0,0,0,0,NA,NA,NA,NA,NA,NA
"NPIL_81231","BMAW01053746.1;BMAW01053746.1","38746;38802","38783;38837","+;+",74,0,0,0,0,0,NA,NA,NA,NA,NA,NA
"NPIL_81232","BMAW01053746.1;BMAW01053746.1","71908;71964","71945;71999","+;+",74,0,0,0,1,0.275874893022692,1.72943856790818,4.99520260504393,0.346219904306159,0.729177457202404,0.891821718895381,3.31598749878361
"NPIL_81233","BMAW01053770.1","5572","5644","-",73,0,0,0,0,0,NA,NA,NA,NA,NA,NA
"NPIL_80261","BMAW01054065.1","1946","2726","+",781,0,0,0,0,0,NA,NA,NA,NA,NA,NA
"NPIL_81234","BMAW01054125.1","1812641","1812714","-",74,0,0,0,2,0.551749786045384,2.73304445395152,4.89103494176563,0.558786532194536,0.57630741495506,0.891821718895381,6.64857175290645
"NPIL_81235","BMAW01054335.1;BMAW01054335.1","64316;64394","64361;64431","-;-",84,0,0,0,0,0,NA,NA,NA,NA,NA,NA
"NPIL_81236","BMAW01054511.1","1359","1430","+",72,0,0,0,0,0,NA,NA,NA,NA,NA,NA
"NPIL_81240","BMAW01054626.1;BMAW01054626.1","467;521","502;558","-;-",74,0,2,9,0,3.17228214230193,1.74636978945204,4.03031710314291,0.433308284375488,0.664790820445823,0.891821718895381,3.35513261017031
"NPIL_81239","BMAW01054626.1;BMAW01054626.1","1046;1100","1081;1137","-;-",74,0,0,0,0,0,NA,NA,NA,NA,NA,NA
"NPIL_81238","BMAW01054626.1;BMAW01054626.1","1524;1578","1559;1615","-;-",74,0,0,0,0,0,NA,NA,NA,NA,NA,NA
"NPIL_81237","BMAW01054626.1;BMAW01054626.1","2103;2157","2138;2194","-;-",74,0,0,0,0,0,NA,NA,NA,NA,NA,NA
"NPIL_81241","BMAW01054642.1","18862","18933","-",72,0,0,2,0,0.537683650705716,2.69917582783982,4.89353184775603,0.551580312913985,0.581235927740693,0.891821718895381,6.4943080906042
"NPIL_81242","BMAW01054757.1","446087","446166","+",80,0,0,0,0,0,NA,NA,NA,NA,NA,NA
"NPIL_81243","BMAW01054757.1","446432","446511","+",80,0,0,0,0,0,NA,NA,NA,NA,NA,NA
"NPIL_81244","BMAW01054757.1","447957","448038","+",82,0,0,0,0,0,NA,NA,NA,NA,NA,NA
"NPIL_81246","BMAW01054980.1","3188","3271","-",84,0,0,0,0,0,NA,NA,NA,NA,NA,NA
"NPIL_81245","BMAW01054980.1","4416","4499","-",84,0,0,0,0,0,NA,NA,NA,NA,NA,NA
"NPIL_81247","BMAW01055204.1","239841","239913","+",73,0,0,2,0,0.537683650705716,2.69917582783982,4.89353184775603,0.551580312913985,0.581235927740693,0.891821718895381,6.4943080906042
"NPIL_81248","BMAW01055204.1","243356","243428","+",73,0,0,1,0,0.268841825352858,1.71066871988845,4.99654001345877,0.342370663555293,0.732071963045407,0.891821718895381,3.27312504586027
"NPIL_81249","BMAW01055204.1","245765","245837","+",73,0,0,1,0,0.268841825352858,1.71066871988845,4.99654001345877,0.342370663555293,0.732071963045407,0.891821718895381,3.27312504586027
"NPIL_81252","BMAW01055204.1","268932","269004","-",73,0,0,1,0,0.268841825352858,1.71066871988845,4.99654001345877,0.342370663555293,0.732071963045407,0.891821718895381,3.27312504586027
"NPIL_81251","BMAW01055204.1","270945","271017","-",73,0,0,0,0,0,NA,NA,NA,NA,NA,NA
"NPIL_81250","BMAW01055204.1","367921","367993","+",73,0,0,2,0,0.537683650705716,2.69917582783982,4.89353184775603,0.551580312913985,0.581235927740693,0.891821718895381,6.4943080906042
"NPIL_81253","BMAW01055222.1","236","307","+",72,0,0,0,0,0,NA,NA,NA,NA,NA,NA
"NPIL_81254","BMAW01055577.1","3099","3170","-",72,0,0,0,0,0,NA,NA,NA,NA,NA,NA
"NPIL_80274","BMAW01055779.1","504","584","+",81,0,0,0,0,0,NA,NA,NA,NA,NA,NA
"NPIL_81256","BMAW01055871.1;BMAW01055871.1","23691;23745","23726;23782","-;-",74,0,0,2,0,0.537683650705716,2.69917582783982,4.89353184775603,0.551580312913985,0.581235927740693,0.891821718895381,6.4943080906042
"NPIL_81255","BMAW01055871.1;BMAW01055871.1","25753;25829","25798;25866","-;-",84,0,0,0,2,0.551749786045384,2.73304445395152,4.89103494176563,0.558786532194536,0.57630741495506,0.891821718895381,6.64857175290645
"NPIL_80145","BMAW01056048.1","311251","311793","+",543,0,0,0,0,0,NA,NA,NA,NA,NA,NA
"NPIL_81257","BMAW01056060.1;BMAW01056060.1","25151;25201","25187;25236","+;+",73,0,4,4,0,2.58077872966385,-0.453610996014479,4.05578603948681,-0.111842930469743,0.910947947451334,0.976999608286085,-1.36946367208049
"NPIL_81258","BMAW01056064.1","8641","8713","+",73,0,0,0,0,0,NA,NA,NA,NA,NA,NA
"NPIL_81259","BMAW01056117.1","479651","479732","+",82,0,1,8,0,2.52708745988597,2.72182857674408,4.12510110243119,0.659821058722642,0.509368667681011,0.891821718895381,6.5970844665293
"NPIL_81262","BMAW01056117.1","532868","532949","-",82,0,0,0,0,0,NA,NA,NA,NA,NA,NA
"NPIL_81261","BMAW01056117.1","620873","620954","-",82,0,0,0,0,0,NA,NA,NA,NA,NA,NA
"NPIL_81260","BMAW01056117.1","651766","651847","+",82,0,0,0,0,0,NA,NA,NA,NA,NA,NA
"NPIL_81264","BMAW01056138.1;BMAW01056138.1","350;428","395;465","-;-",84,0,0,2,0,0.537683650705716,2.69917582783982,4.89353184775603,0.551580312913985,0.581235927740693,0.891821718895381,6.4943080906042
"NPIL_81263","BMAW01056138.1;BMAW01056138.1","907;977","944;1022","+;+",84,0,0,13,0,3.49494372958715,5.39820797599054,4.43515228425302,1.21714151623538,0.223550377162044,0.891821718895381,42.171837423852
"NPIL_80146","BMAW01056356.1","891","997","+",107,0,0,0,0,0,NA,NA,NA,NA,NA,NA
"NPIL_80190","BMAW01056371.1","1079049","1079160","-",112,0,1,0,0,0.376352857063105,-1.74918591944753,4.93135297991929,-0.354707100986342,0.722809030610026,0.891821718895381,-3.36168820023485
"NPIL_81265","BMAW01056371.1","1503260","1503332","-",73,0,0,2,0,0.537683650705716,2.69917582783982,4.89353184775603,0.551580312913985,0.581235927740693,0.891821718895381,6.4943080906042
"NPIL_81267","BMAW01056388.1","4062","4133","-",72,0,0,0,0,0,NA,NA,NA,NA,NA,NA
"NPIL_81266","BMAW01056388.1","10849","10920","-",72,0,0,0,0,0,NA,NA,NA,NA,NA,NA
"NPIL_81268","BMAW01056636.1","31651","31723","-",73,0,0,2,0,0.537683650705716,2.69917582783982,4.89353184775603,0.551580312913985,0.581235927740693,0.891821718895381,6.4943080906042
"NPIL_80256","BMAW01056641.1","434509","434616","-",108,0,0,0,0,0,NA,NA,NA,NA,NA,NA
"NPIL_81269","BMAW01056694.1","393","466","+",74,0,0,0,0,0,NA,NA,NA,NA,NA,NA
"NPIL_81270","BMAW01056700.1","427599","427670","+",72,0,0,1,0,0.268841825352858,1.71066871988845,4.99654001345877,0.342370663555293,0.732071963045407,0.891821718895381,3.27312504586027
"NPIL_81271","BMAW01056700.1","436390","436461","+",72,0,0,0,0,0,NA,NA,NA,NA,NA,NA
"NPIL_81275","BMAW01056700.1","549528","549599","-",72,0,0,0,0,0,NA,NA,NA,NA,NA,NA
"NPIL_81272","BMAW01056700.1","958298","958369","+",72,0,0,0,0,0,NA,NA,NA,NA,NA,NA
"NPIL_81273","BMAW01056700.1","958590","958661","+",72,0,0,0,0,0,NA,NA,NA,NA,NA,NA
"NPIL_81274","BMAW01056700.1","1786043","1786115","+",73,0,0,0,0,0,NA,NA,NA,NA,NA,NA
"NPIL_81276","BMAW01056834.1","15054","15125","+",72,0,0,0,0,0,NA,NA,NA,NA,NA,NA
"NPIL_81277","BMAW01057046.1","5436","5517","+",82,0,0,0,0,0,NA,NA,NA,NA,NA,NA
"NPIL_81278","BMAW01057124.1;BMAW01057124.1","372;450","417;487","-;-",84,0,0,0,0,0,NA,NA,NA,NA,NA,NA
"NPIL_81282","BMAW01057178.1","115697","115768","-",72,0,3,4,0,2.20442587260075,-0.0290275166598641,4.09113900760174,-0.00709521641917524,0.994338883862367,0.995784143867981,-1.02032411980195
"NPIL_81281","BMAW01057178.1","204512","204583","-",72,0,0,0,0,0,NA,NA,NA,NA,NA,NA
"NPIL_81280","BMAW01057178.1","206507","206578","-",72,0,0,0,0,0,NA,NA,NA,NA,NA,NA
"NPIL_81279","BMAW01057178.1","208346","208417","-",72,0,0,0,0,0,NA,NA,NA,NA,NA,NA
"NPIL_81284","BMAW01057356.1;BMAW01057356.1","104384;104440","104417;104476","-;-",71,0,0,0,0,0,NA,NA,NA,NA,NA,NA
"NPIL_81283","BMAW01057356.1;BMAW01057356.1","161582;161640","161618;161673","+;+",71,0,0,0,0,0,NA,NA,NA,NA,NA,NA
"NPIL_81285","BMAW01057368.1","961182","961254","-",73,0,0,0,0,0,NA,NA,NA,NA,NA,NA
"NPIL_80244","BMAW01057434.1","54182","55161","+",980,0,0,0,0,0,NA,NA,NA,NA,NA,NA
"NPIL_81286","BMAW01057515.1","9313","9392","+",80,0,0,0,0,0,NA,NA,NA,NA,NA,NA
"NPIL_80243_1","BMAW01057806.1","1641","1752","+",112,2,285,67,0,125.542730036305,-2.57701592229066,3.69920992389976,-0.696639546093652,0.486028400648369,0.891821718895381,-5.96704196160665
"NPIL_81287","BMAW01057827.1","93260","93331","+",72,0,0,0,0,0,NA,NA,NA,NA,NA,NA
"NPIL_81288","BMAW01057827.1","149093","149164","+",72,0,0,1,0,0.268841825352858,1.71066871988845,4.99654001345877,0.342370663555293,0.732071963045407,0.891821718895381,3.27312504586027
"NPIL_81290","BMAW01057861.1;BMAW01057861.1","958057;958134","958102;958171","-;-",84,0,1,4,0,1.45172015847454,1.71182225991296,4.27772223998234,0.400171437947318,0.689030250155573,0.891821718895381,3.27574319488495
"NPIL_81289","BMAW01057861.1","1400027","1400098","+",72,0,0,2,0,0.537683650705716,2.69917582783982,4.89353184775603,0.551580312913985,0.581235927740693,0.891821718895381,6.4943080906042
"NPIL_81291","BMAW01058569.1","2510","2581","-",72,0,0,0,0,0,NA,NA,NA,NA,NA,NA
"NPIL_81292","BMAW01058641.1","937","1020","-",84,0,0,6,0,1.61305095211715,4.28306827202617,4.62524315841106,0.926020130257878,0.354435518922147,0.891821718895381,19.4684790146603
"NPIL_81295","BMAW01059155.1;BMAW01059155.1","169112;169335","169156;169371","-;-",82,0,0,0,0,0,NA,NA,NA,NA,NA,NA
"NPIL_81294","BMAW01059155.1;BMAW01059155.1","169951;170174","169986;170210","-;-",73,0,0,2,0,0.537683650705716,2.69917582783982,4.89353184775603,0.551580312913985,0.581235927740693,0.891821718895381,6.4943080906042
"NPIL_81293","BMAW01059155.1;BMAW01059155.1","194935;195159","194971;195194","+;+",73,0,0,1,0,0.268841825352858,1.71066871988845,4.99654001345877,0.342370663555293,0.732071963045407,0.891821718895381,3.27312504586027
"NPIL_81296","BMAW01059177.1;BMAW01059177.1","357119;357164","357155;357208","+;+",82,0,0,0,0,0,NA,NA,NA,NA,NA,NA
"NPIL_80285","BMAW01059186.1","2274","2383","-",110,0,0,0,0,0,NA,NA,NA,NA,NA,NA
"NPIL_81297","BMAW01059357.1","1577","1649","+",73,2,0,0,0,0.269763474678307,-1.63527295492516,4.93518650102935,-0.331349778693081,0.740380294932015,0.891821718895381,-3.10646318083294
"NPIL_81298","BMAW01059855.1","244681","244752","-",72,0,0,2,0,0.537683650705716,2.69917582783982,4.89353184775603,0.551580312913985,0.581235927740693,0.891821718895381,6.4943080906042
"NPIL_81299","BMAW01059929.1;BMAW01059929.1","419400;419455","419435;419492","-;-",74,0,0,1,0,0.268841825352858,1.71066871988845,4.99654001345877,0.342370663555293,0.732071963045407,0.891821718895381,3.27312504586027
"NPIL_81300","BMAW01060060.1;BMAW01060060.1","22095;22139","22127;22170","-;-",65,6,0,2,0,1.34697407474064,-0.636684074265685,4.21912456276859,-0.150904308416031,0.880051201786002,0.96553388221426,-1.55475157027158
"NPIL_81302","BMAW01060122.1","24","96","-",73,0,0,0,0,0,NA,NA,NA,NA,NA,NA
"NPIL_81301","BMAW01060122.1","644","716","-",73,0,0,0,0,0,NA,NA,NA,NA,NA,NA
"NPIL_81303","BMAW01060264.1;BMAW01060264.1","183;239","220;274","+;+",74,0,0,0,0,0,NA,NA,NA,NA,NA,NA
"NPIL_81304","BMAW01060264.1;BMAW01060264.1","1161;1218","1199;1253","+;+",75,0,0,0,0,0,NA,NA,NA,NA,NA,NA
"NPIL_81305","BMAW01060317.1","454","526","-",73,0,0,21,0,5.64567833241002,6.08988519136465,4.79521537582827,1.26999200537739,0.204087477910051,0.891821718895381,68.1142709765591
"NPIL_81307","BMAW01060516.1","2106","2178","-",73,0,0,0,0,0,NA,NA,NA,NA,NA,NA
"NPIL_81306","BMAW01060516.1","2273","2337","-",65,0,0,0,0,0,NA,NA,NA,NA,NA,NA
"NPIL_81308","BMAW01060662.1","2387113","2387194","-",82,0,0,2,0,0.537683650705716,2.69917582783982,4.89353184775603,0.551580312913985,0.581235927740693,0.891821718895381,6.4943080906042
"NPIL_81309","BMAW01061004.1","201930","202001","+",72,0,0,0,0,0,NA,NA,NA,NA,NA,NA
"NPIL_81310","BMAW01061339.1","1359","1430","+",72,0,0,0,0,0,NA,NA,NA,NA,NA,NA
"NPIL_80177","BMAW01061408.1","21222","21333","-",112,0,0,0,0,0,NA,NA,NA,NA,NA,NA
"NPIL_81315","BMAW01061471.1","63969","64040","-",72,0,0,0,0,0,NA,NA,NA,NA,NA,NA
"NPIL_81314","BMAW01061471.1","64046","64117","-",72,0,0,0,0,0,NA,NA,NA,NA,NA,NA
"NPIL_81313","BMAW01061471.1","65306","65377","-",72,2,0,1,0,0.538605300031165,-0.198717720687926,4.89460465738588,-0.0405993404161997,0.967615309996296,0.985668377354419,-1.14767783596664
"NPIL_81312","BMAW01061471.1","116414","116485","-",72,0,1,0,0,0.376352857063105,-1.74918591944753,4.93135297991929,-0.354707100986342,0.722809030610026,0.891821718895381,-3.36168820023485
"NPIL_81311","BMAW01061471.1","116491","116562","-",72,0,0,0,0,0,NA,NA,NA,NA,NA,NA
"NPIL_81316","BMAW01061797.1","3749","3820","+",72,0,0,0,0,0,NA,NA,NA,NA,NA,NA
"NPIL_81317","BMAW01061797.1","5561","5632","+",72,0,0,0,0,0,NA,NA,NA,NA,NA,NA
"NPIL_81318","BMAW01061797.1","8406","8477","+",72,0,0,0,0,0,NA,NA,NA,NA,NA,NA
"NPIL_81320","BMAW01061807.1;BMAW01061807.1","2141;2193","2173;2229","-;-",70,0,0,0,0,0,NA,NA,NA,NA,NA,NA
"NPIL_81319","BMAW01061807.1","5214","5285","+",72,0,0,0,0,0,NA,NA,NA,NA,NA,NA
"NPIL_81321","BMAW01061828.1","6682","6765","+",84,0,0,2,0,0.537683650705716,2.69917582783982,4.89353184775603,0.551580312913985,0.581235927740693,0.891821718895381,6.4943080906042
"NPIL_81322","BMAW01061900.1","9714","9785","+",72,0,0,0,0,0,NA,NA,NA,NA,NA,NA
"NPIL_81323","BMAW01062183.1","74093","74164","-",72,0,0,0,0,0,NA,NA,NA,NA,NA,NA
"NPIL_81324","BMAW01062186.1","836","907","+",72,0,0,0,0,0,NA,NA,NA,NA,NA,NA
"NPIL_81325","BMAW01062186.1","1506","1577","+",72,0,0,0,0,0,NA,NA,NA,NA,NA,NA
"NPIL_80172","BMAW01062245.1","194113","194269","-",157,0,0,2,0,0.537683650705716,2.69917582783982,4.89353184775603,0.551580312913985,0.581235927740693,0.891821718895381,6.4943080906042
"NPIL_81326","BMAW01062668.1;BMAW01062668.1","269658;269712","269693;269748","-;-",73,0,0,0,0,0,NA,NA,NA,NA,NA,NA
"NPIL_81327","BMAW01062726.1","187841","187919","-",79,2,6,29,6,11.979542910426,1.92654583326756,3.09453703975628,0.622563507405712,0.533571398249848,0.891821718895381,3.80143950668936
"NPIL_80167","BMAW01062767.1","394","505","-",112,15,396,1118,1,451.899993094595,0.994328325482862,3.4356793601761,0.289412433828487,0.772265781118759,0.900339757197484,1.99215282452627
"NPIL_81328","BMAW01062849.1","5625","5697","+",73,0,0,0,0,0,NA,NA,NA,NA,NA,NA
"NPIL_81329","BMAW01062927.1","375883","375956","-",74,0,0,0,0,0,NA,NA,NA,NA,NA,NA
"NPIL_81330","BMAW01062974.1;BMAW01062974.1","742;798","779;833","+;+",74,0,0,0,0,0,NA,NA,NA,NA,NA,NA
"NPIL_81331","BMAW01063022.1","62970","63040","+",71,0,0,0,0,0,NA,NA,NA,NA,NA,NA
"NPIL_81332","BMAW01063022.1","70766","70836","+",71,0,0,0,0,0,NA,NA,NA,NA,NA,NA
"NPIL_81336","BMAW01063022.1","178954","179024","-",71,0,0,0,0,0,NA,NA,NA,NA,NA,NA
"NPIL_81335","BMAW01063022.1","184941","185011","-",71,0,0,0,0,0,NA,NA,NA,NA,NA,NA
"NPIL_81334","BMAW01063022.1","295044","295114","-",71,0,0,0,0,0,NA,NA,NA,NA,NA,NA
"NPIL_81333","BMAW01063022.1","331324","331394","-",71,0,0,0,0,0,NA,NA,NA,NA,NA,NA
"NPIL_81338","BMAW01063029.1","56797","56869","-",73,0,0,4,0,1.07536730141143,3.69835447649903,4.80822345381341,0.769172754141835,0.441790762514931,0.891821718895381,12.981223641005
"NPIL_81337","BMAW01063029.1","72062","72134","-",73,0,0,0,0,0,NA,NA,NA,NA,NA,NA
"NPIL_81339","BMAW01063278.1","665303","665376","+",74,1,15,8,0,7.93090919610859,-1.41594280403187,3.58103446023543,-0.395400496631576,0.692547342597244,0.891821718895381,-2.66834055029959
"NPIL_81340","BMAW01063284.1","490","561","+",72,0,0,0,0,0,NA,NA,NA,NA,NA,NA
"NPIL_81341","BMAW01063284.1","2182","2253","+",72,0,0,0,0,0,NA,NA,NA,NA,NA,NA
"NPIL_81342","BMAW01063409.1","7104","7176","+",73,0,0,1,0,0.268841825352858,1.71066871988845,4.99654001345877,0.342370663555293,0.732071963045407,0.891821718895381,3.27312504586027
"NPIL_81343","BMAW01063589.1","247650","247723","+",74,0,0,0,0,0,NA,NA,NA,NA,NA,NA
"NPIL_81344","BMAW01063591.1","319129","319200","+",72,0,2,3,0,1.55923119018478,0.158669708282786,4.20946555413706,0.0376935518873281,0.969932017193463,0.985668377354419,1.11625737590065
"NPIL_81345","BMAW01063656.1","9770","9840","-",71,0,0,0,0,0,NA,NA,NA,NA,NA,NA
"NPIL_80291","BMAW01063748.1","3031","3141","+",111,0,0,0,0,0,NA,NA,NA,NA,NA,NA
"NPIL_81346","BMAW01063839.1","641","712","-",72,0,0,0,0,0,NA,NA,NA,NA,NA,NA
"NPIL_81347","BMAW01063989.1","684719","684790","+",72,0,0,0,0,0,NA,NA,NA,NA,NA,NA
"NPIL_80132","BMAW01064079.1","9108","10122","+",1015,526575,221653,135378,260231,262631.558584781,-0.513493505729975,2.88941769874633,-0.177715221289318,0.858946630677204,0.959851402387593,-1.42750273107355
"NPIL_81348","BMAW01064134.1","15101","15173","+",73,0,0,0,0,0,NA,NA,NA,NA,NA,NA
"NPIL_81349","BMAW01064144.1;BMAW01064144.1","134;183","170;224","+;+",79,0,0,0,0,0,NA,NA,NA,NA,NA,NA
"NPIL_81351","BMAW01064213.1","44343","44413","-",71,0,0,0,0,0,NA,NA,NA,NA,NA,NA
"NPIL_81350","BMAW01064213.1","56507","56577","-",71,0,0,0,0,0,NA,NA,NA,NA,NA,NA
"NPIL_81352","BMAW01064220.1","2439375","2439446","+",72,0,0,0,0,0,NA,NA,NA,NA,NA,NA
"NPIL_81359","BMAW01064441.1","460885","460958","-",74,2,0,0,0,0.269763474678307,-1.63527295492516,4.93518650102935,-0.331349778693081,0.740380294932015,0.891821718895381,-3.10646318083294
"NPIL_81353","BMAW01064441.1","461766","461836","+",71,0,0,6,0,1.61305095211715,4.28306827202617,4.62524315841106,0.926020130257878,0.354435518922147,0.891821718895381,19.4684790146603
"NPIL_81354","BMAW01064441.1","641645","641718","+",74,0,0,0,0,0,NA,NA,NA,NA,NA,NA
"NPIL_81358","BMAW01064441.1","675125","675198","-",74,0,0,5,0,1.34420912676429,4.02013983356769,4.69792207260442,0.85572722821667,0.392148675749104,0.891821718895381,16.2249242051548
"NPIL_81357","BMAW01064441.1","678291","678364","-",74,0,0,1,0,0.268841825352858,1.71066871988845,4.99654001345877,0.342370663555293,0.732071963045407,0.891821718895381,3.27312504586027
"NPIL_81356","BMAW01064441.1","679918","679991","-",74,0,0,0,0,0,NA,NA,NA,NA,NA,NA
"NPIL_81355","BMAW01064441.1","681527","681600","-",74,0,0,0,0,0,NA,NA,NA,NA,NA,NA
"NPIL_81360","BMAW01064457.1","661","732","+",72,0,0,0,0,0,NA,NA,NA,NA,NA,NA
"NPIL_81361","BMAW01064500.1","559269","559345","-",77,0,0,1,0,0.268841825352858,1.71066871988845,4.99654001345877,0.342370663555293,0.732071963045407,0.891821718895381,3.27312504586027
"NPIL_81362","BMAW01064715.1","199972","200044","+",73,0,0,0,0,0,NA,NA,NA,NA,NA,NA
"NPIL_81363","BMAW01064728.1","247196","247267","-",72,0,0,0,0,0,NA,NA,NA,NA,NA,NA
"NPIL_81364","BMAW01064750.1;BMAW01064750.1","763;822","799;855","+;+",71,0,0,0,0,0,NA,NA,NA,NA,NA,NA
"NPIL_81365","BMAW01064854.1","29157","29229","-",73,0,0,0,0,0,NA,NA,NA,NA,NA,NA
"NPIL_81366","BMAW01064980.1","791","863","-",73,0,0,0,0,0,NA,NA,NA,NA,NA,NA
"NPIL_81367","BMAW01065165.1","6362","6433","+",72,0,0,0,0,0,NA,NA,NA,NA,NA,NA
"NPIL_81369","BMAW01065500.1","6728","6798","-",71,0,0,0,0,0,NA,NA,NA,NA,NA,NA
"NPIL_81368","BMAW01065500.1","7995","8065","-",71,0,0,0,0,0,NA,NA,NA,NA,NA,NA
"NPIL_81371","BMAW01065638.1","1931263","1931334","-",72,0,0,0,0,0,NA,NA,NA,NA,NA,NA
"NPIL_81370","BMAW01065638.1","3019481","3019553","+",73,0,0,0,0,0,NA,NA,NA,NA,NA,NA
"NPIL_81372","BMAW01065717.1","1072","1143","+",72,0,0,0,0,0,NA,NA,NA,NA,NA,NA
"NPIL_80192","BMAW01065886.1","183120","183228","+",109,0,0,0,0,0,NA,NA,NA,NA,NA,NA
"NPIL_81373","BMAW01065903.1","1278","1350","-",73,3,0,0,0,0.404645212017461,-2.08527808025581,4.91070681777757,-0.424639091201038,0.671099791559192,0.891821718895381,-4.24356883685501
"NPIL_81374","BMAW01065961.1","17696","17780","+",85,0,0,0,0,0,NA,NA,NA,NA,NA,NA
"NPIL_81375","BMAW01065961.1","21501","21572","+",72,0,0,0,0,0,NA,NA,NA,NA,NA,NA
"NPIL_81376","BMAW01065961.1","76948","77019","+",72,0,0,0,0,0,NA,NA,NA,NA,NA,NA
"NPIL_81377","BMAW01066129.1","283362","283443","+",82,2,1,2,1,1.45967487546982,0.348328262028593,3.49588858949472,0.0996394058653166,0.920630608122035,0.976999608286085,1.27308457222082
"NPIL_81378","BMAW01066188.1","692","764","-",73,0,0,0,0,0,NA,NA,NA,NA,NA,NA
"NPIL_80142","BMAW01066290.1","18897","19008","-",112,0,0,0,0,0,NA,NA,NA,NA,NA,NA
"NPIL_81379","BMAW01066305.1","716667","716738","-",72,0,8,1,0,3.2796646818577,-3.45580892496085,4.1429189880742,-0.834148322694392,0.4041974076244,0.891821718895381,-10.9724129918242
"NPIL_81380","BMAW01066431.1","122073","122144","+",72,0,0,0,0,0,NA,NA,NA,NA,NA,NA
"NPIL_81381","BMAW01066493.1","52254","52325","+",72,0,0,0,0,0,NA,NA,NA,NA,NA,NA
"NPIL_81382","BMAW01066626.1","453","524","+",72,0,0,0,0,0,NA,NA,NA,NA,NA,NA
"NPIL_81383","BMAW01066626.1","530","601","+",72,0,0,0,0,0,NA,NA,NA,NA,NA,NA
"NPIL_81384","BMAW01066697.1","43801","43873","-",73,0,0,0,0,0,NA,NA,NA,NA,NA,NA
"NPIL_81385","BMAW01066862.1","278","349","+",72,0,0,1,0,0.268841825352858,1.71066871988845,4.99654001345877,0.342370663555293,0.732071963045407,0.891821718895381,3.27312504586027
"NPIL_81386","BMAW01066862.1","1074","1145","+",72,0,0,6,0,1.61305095211715,4.28306827202617,4.62524315841106,0.926020130257878,0.354435518922147,0.891821718895381,19.4684790146603
"NPIL_81387","BMAW01066862.1","1294","1363","+",70,0,0,5,0,1.34420912676429,4.02013983356769,4.69792207260442,0.85572722821667,0.392148675749104,0.891821718895381,16.2249242051548
"NPIL_81388","BMAW01066862.1","1859","1930","+",72,0,0,2,0,0.537683650705716,2.69917582783982,4.89353184775603,0.551580312913985,0.581235927740693,0.891821718895381,6.4943080906042
"NPIL_81389","BMAW01066862.1","2655","2726","+",72,0,0,2,0,0.537683650705716,2.69917582783982,4.89353184775603,0.551580312913985,0.581235927740693,0.891821718895381,6.4943080906042
"NPIL_81390","BMAW01066862.1","2875","2944","+",70,0,0,2,0,0.537683650705716,2.69917582783982,4.89353184775603,0.551580312913985,0.581235927740693,0.891821718895381,6.4943080906042
"NPIL_81391_1","BMAW01066862.1","4185","4253","+",69,0,0,0,0,0,NA,NA,NA,NA,NA,NA
"NPIL_81392","BMAW01066862.1","4399","4470","+",72,0,0,0,0,0,NA,NA,NA,NA,NA,NA
"NPIL_81393","BMAW01066862.1","67531","67602","-",72,0,0,2,0,0.537683650705716,2.69917582783982,4.89353184775603,0.551580312913985,0.581235927740693,0.891821718895381,6.4943080906042
"NPIL_81394","BMAW01067194.1","23676","23749","+",74,0,0,0,0,0,NA,NA,NA,NA,NA,NA
"NPIL_81395","BMAW01067194.1","31036","31109","-",74,0,0,0,0,0,NA,NA,NA,NA,NA,NA
"NPIL_81397","BMAW01067243.1","41535","41616","-",82,0,2,6,0,2.36575666624336,1.16050182137952,4.08232818153611,0.284274504589888,0.776200022895944,0.900339757197484,2.23535167688468
"NPIL_81396","BMAW01067243.1","222729","222801","-",73,0,0,0,0,0,NA,NA,NA,NA,NA,NA
"NPIL_81398","BMAW01067245.1","48647","48719","+",73,0,0,0,0,0,NA,NA,NA,NA,NA,NA
"NPIL_81399","BMAW01067304.1","836","907","+",72,0,0,0,0,0,NA,NA,NA,NA,NA,NA
"NPIL_80218","BMAW01067334.1","6540","6645","-",106,0,0,0,0,0,NA,NA,NA,NA,NA,NA
"NPIL_81400","BMAW01067680.1","42888","42967","-",80,0,0,0,0,0,NA,NA,NA,NA,NA,NA
"NPIL_81401_1","BMAW01067959.1;BMAW01067959.1","2388;2431","2418;2463","+;+",64,0,0,0,0,0,NA,NA,NA,NA,NA,NA
"NPIL_80196","BMAW01068012.1","1123821","1124648","+",828,0,0,2,0,0.537683650705716,2.69917582783982,4.89353184775603,0.551580312913985,0.581235927740693,0.891821718895381,6.4943080906042
"NPIL_80197","BMAW01068012.1","1123825","1123982","+",158,0,0,0,0,0,NA,NA,NA,NA,NA,NA
"NPIL_81402","BMAW01068039.1","103795","103861","+",67,0,0,0,0,0,NA,NA,NA,NA,NA,NA
"NPIL_81403","BMAW01068100.1","40820","40893","-",74,0,0,0,0,0,NA,NA,NA,NA,NA,NA
"NPIL_81405","BMAW01068449.1","9654","9726","-",73,0,0,0,0,0,NA,NA,NA,NA,NA,NA
"NPIL_81404","BMAW01068449.1","11074","11146","+",73,0,0,0,0,0,NA,NA,NA,NA,NA,NA
"NPIL_80231_1","BMAW01068505.1","653517","656506","-",2990,0,0,4,0,1.07536730141143,3.69835447649903,4.80822345381341,0.769172754141835,0.441790762514931,0.891821718895381,12.981223641005
"NPIL_80232","BMAW01068505.1","656362","656505","-",144,0,0,0,0,0,NA,NA,NA,NA,NA,NA
"NPIL_80233","BMAW01068505.1","657606","658436","-",831,0,0,0,0,0,NA,NA,NA,NA,NA,NA
"NPIL_81406","BMAW01068541.1","31086","31157","+",72,0,0,0,0,0,NA,NA,NA,NA,NA,NA
"NPIL_81407","BMAW01068570.1","2151","2224","+",74,0,0,0,0,0,NA,NA,NA,NA,NA,NA
"NPIL_80206","BMAW01068904.1","45327","46277","-",951,5,0,1,0,0.943250512048626,-1.36787927428676,4.47125635662846,-0.305927275285599,0.759660018275765,0.900339757197484,-2.58090899962683
"NPIL_80207","BMAW01068904.1","47170","48113","-",944,0,0,2,2,1.0894334367511,3.71620037226589,4.32368749179127,0.859497912215274,0.3900658713647,0.891821718895381,13.1427964550421
"NPIL_80208","BMAW01068904.1","48141","48792","-",652,7,1,5,3,3.49235882426955,0.695555027474861,3.18094640781993,0.218662919238417,0.826912636114533,0.945309018503614,1.61950736321803
"NPIL_81408","BMAW01069346.1","8445","8528","+",84,0,0,0,0,0,NA,NA,NA,NA,NA,NA
"NPIL_81409","BMAW01069354.1","3030","3101","-",72,0,0,0,0,0,NA,NA,NA,NA,NA,NA
"NPIL_81411_1","BMAW01069495.1","79273","79345","-",73,0,0,3,0,0.806525476058573,3.28359165010455,4.85756473614397,0.675974861574595,0.499056605713363,0.891821718895381,9.73777151628258
"NPIL_81410","BMAW01069495.1","81580","81652","-",73,0,0,9,0,2.41957642817572,4.86783234049204,4.50561191740474,1.08039316961323,0.279967136168575,0.891821718895381,29.1987021757515
"NPIL_81412","BMAW01069539.1","53839","53909","+",71,0,0,0,0,0,NA,NA,NA,NA,NA,NA
"NPIL_81413","BMAW01069539.1","55005","55075","+",71,0,0,4,0,1.07536730141143,3.69835447649903,4.80822345381341,0.769172754141835,0.441790762514931,0.891821718895381,12.981223641005
"NPIL_81414","BMAW01069633.1","1218","1301","-",84,0,0,0,0,0,NA,NA,NA,NA,NA,NA
"NPIL_81415","BMAW01070032.1;BMAW01070032.1","497;553","530;589","-;-",71,0,0,0,0,0,NA,NA,NA,NA,NA,NA
"NPIL_81416","BMAW01070036.1","819","893","-",75,0,0,0,0,0,NA,NA,NA,NA,NA,NA
"NPIL_81417","BMAW01070215.1;BMAW01070215.1","174;537","219;573","-;-",83,0,0,0,0,0,NA,NA,NA,NA,NA,NA
"NPIL_81418","BMAW01070227.1","115669","115740","-",72,0,0,0,0,0,NA,NA,NA,NA,NA,NA
"NPIL_81419","BMAW01070409.1","11811","11894","-",84,0,0,0,0,0,NA,NA,NA,NA,NA,NA
"NPIL_80287","BMAW01070488.1","976459","976570","-",112,0,0,0,0,0,NA,NA,NA,NA,NA,NA
"NPIL_81420","BMAW01070601.1","316","386","-",71,0,0,0,0,0,NA,NA,NA,NA,NA,NA
"NPIL_81421","BMAW01070657.1","138838","138911","+",74,0,2,4,0,1.82807301553764,0.574454591491154,4.15159450326075,0.138369629076242,0.889948298584572,0.967841534889611,1.48911439942507
"NPIL_81422","BMAW01070657.1","440386","440459","-",74,0,0,0,0,0,NA,NA,NA,NA,NA,NA
"NPIL_81423","BMAW01070799.1","2586","2656","-",71,0,0,0,0,0,NA,NA,NA,NA,NA,NA
"NPIL_81424","BMAW01070857.1","913302","913373","+",72,0,10,2,0,4.30121222133676,-2.79208227522285,4.01861378893473,-0.694787412244207,0.487188537945357,0.891821718895381,-6.92628751102792
"NPIL_81425","BMAW01071072.1","287724","287795","+",72,0,0,0,0,0,NA,NA,NA,NA,NA,NA
"NPIL_81426","BMAW01071096.1;BMAW01071096.1","104016;104060","104050;104096","-;-",72,0,0,0,0,0,NA,NA,NA,NA,NA,NA
"NPIL_81427","BMAW01071339.1","214093","214165","+",73,0,0,1,0,0.268841825352858,1.71066871988845,4.99654001345877,0.342370663555293,0.732071963045407,0.891821718895381,3.27312504586027
"NPIL_81428","BMAW01071339.1","216018","216091","+",74,0,0,0,0,0,NA,NA,NA,NA,NA,NA
"NPIL_81429","BMAW01071540.1;BMAW01071540.1","345610;345655","345646;345697","+;+",80,0,0,0,0,0,NA,NA,NA,NA,NA,NA
"NPIL_81430","BMAW01071868.1","15555","15628","-",74,0,0,0,0,0,NA,NA,NA,NA,NA,NA
"NPIL_81431","BMAW01071903.1","2733","2814","+",82,0,0,0,0,0,NA,NA,NA,NA,NA,NA
"NPIL_80250","BMAW01071990.1","2753","4021","+",1269,88,35,27,50,46.0944168187159,-0.250189384630699,2.90946387396911,-0.0859915762725692,0.931473113582799,0.978330754967299,-1.18936323415949
"NPIL_80251","BMAW01071990.1","5255","6858","+",1604,740,189,266,224,304.251077196844,-0.358800574027069,2.88577781537868,-0.124334095339903,0.901050752562916,0.976999608286085,-1.28235932799137
"NPIL_80252","BMAW01071990.1","5261","5418","+",158,0,0,0,0,0,NA,NA,NA,NA,NA,NA
"NPIL_81432","BMAW01072048.1","699435","699507","-",73,0,0,0,0,0,NA,NA,NA,NA,NA,NA
"NPIL_81433","BMAW01072050.1","147","218","+",72,2,0,1,0,0.538605300031165,-0.198717720687926,4.89460465738588,-0.0405993404161997,0.967615309996296,0.985668377354419,-1.14767783596664
"NPIL_81434","BMAW01072050.1","225","296","+",72,0,0,0,0,0,NA,NA,NA,NA,NA,NA
"NPIL_81435","BMAW01072243.1","556773","556856","+",84,0,0,2,0,0.537683650705716,2.69917582783982,4.89353184775603,0.551580312913985,0.581235927740693,0.891821718895381,6.4943080906042
"NPIL_81436","BMAW01072267.1","776","847","+",72,0,0,0,0,0,NA,NA,NA,NA,NA,NA
"NPIL_81441","BMAW01072503.1","152321","152404","-",84,0,0,0,0,0,NA,NA,NA,NA,NA,NA
"NPIL_81437","BMAW01072503.1","157273","157356","+",84,0,0,4,0,1.07536730141143,3.69835447649903,4.80822345381341,0.769172754141835,0.441790762514931,0.891821718895381,12.981223641005
"NPIL_81438","BMAW01072503.1","432780","432863","+",84,0,0,0,0,0,NA,NA,NA,NA,NA,NA
"NPIL_81440","BMAW01072503.1","436242","436325","-",84,0,0,0,0,0,NA,NA,NA,NA,NA,NA
"NPIL_81439","BMAW01072503.1","442170","442253","+",84,0,0,0,0,0,NA,NA,NA,NA,NA,NA
"NPIL_81442","BMAW01072587.1","9313","9392","+",80,0,0,0,0,0,NA,NA,NA,NA,NA,NA
"NPIL_81445","BMAW01072682.1","565","638","-",74,0,2,23,0,6.93606769724194,3.08367136308477,4.65004276421928,0.663149033125613,0.507235109728641,0.891821718895381,8.47769088220015
"NPIL_81444","BMAW01072682.1","726","799","-",74,0,0,2,0,0.537683650705716,2.69917582783982,4.89353184775603,0.551580312913985,0.581235927740693,0.891821718895381,6.4943080906042
"NPIL_81443","BMAW01072682.1","887","960","-",74,0,0,21,0,5.64567833241002,6.08988519136465,4.79521537582827,1.26999200537739,0.204087477910051,0.891821718895381,68.1142709765591
"NPIL_81446","BMAW01072736.1","1309","1381","+",73,0,0,0,0,0,NA,NA,NA,NA,NA,NA
"NPIL_81448","BMAW01072844.1","41906","41978","-",73,0,0,11,0,2.95726007888144,5.15725874089103,4.46294306249121,1.15557350131468,0.247855652045836,0.891821718895381,35.6853184273729
"NPIL_81447","BMAW01072844.1","43269","43342","+",74,0,0,12,0,3.22610190423429,5.28275808308375,4.44773735581812,1.18774056569985,0.234935636533782,0.891821718895381,38.9285872266366
"NPIL_81455","BMAW01073113.1","3403","3474","-",72,0,0,0,0,0,NA,NA,NA,NA,NA,NA
"NPIL_81454","BMAW01073113.1","9841","9912","-",72,0,0,0,0,0,NA,NA,NA,NA,NA,NA
"NPIL_81449","BMAW01073113.1","38778","38849","+",72,0,0,0,0,0,NA,NA,NA,NA,NA,NA
"NPIL_81450","BMAW01073113.1","49278","49349","+",72,0,0,3,0,0.806525476058573,3.28359165010455,4.85756473614397,0.675974861574595,0.499056605713363,0.891821718895381,9.73777151628258
"NPIL_81451","BMAW01073113.1","50992","51063","+",72,0,1,23,0,6.55971484017884,4.25238518659124,4.02322508124858,1.05695930521281,0.290530160372413,0.891821718895381,19.0587974379856
"NPIL_81452","BMAW01073113.1","51301","51372","+",72,0,0,27,0,7.25872928452716,6.45240778510272,4.79288885120122,1.34624607109042,0.178223171575597,0.891821718895381,87.5726087958208
"NPIL_81453","BMAW01073113.1","52509","52580","+",72,0,2,25,0,7.47375134794766,3.20395006952472,4.64925423433548,0.689132043127056,0.490740176993268,0.891821718895381,9.21478221732876
"NPIL_81456","BMAW01073150.1;BMAW01073150.1","2258;2520","2289;2556","-;-",69,0,0,0,0,0,NA,NA,NA,NA,NA,NA
"NPIL_81457","BMAW01073401.1","3851","3924","+",74,0,0,69,0,18.5500859493472,7.80592983386936,4.787928118035,1.63033563608991,0.103030579808148,0.891821718895381,223.7788429744
"NPIL_81459","BMAW01073712.1","1100","1171","-",72,0,0,14,1,4.0396604479627,5.60717444185547,4.00088122067511,1.4014848561061,0.161069132993667,0.891821718895381,48.7447332290291
"NPIL_81458","BMAW01073712.1","2067","2138","-",72,0,0,16,2,4.85321899169111,5.8718094476078,3.93618685193532,1.49175068879689,0.135764515411008,0.891821718895381,58.5586117779594
"NPIL_81461_1","BMAW01074179.1","708716","708788","-",73,0,0,0,0,0,NA,NA,NA,NA,NA,NA
"NPIL_81460","BMAW01074179.1","833717","833795","-",79,0,0,1,0,0.268841825352858,1.71066871988845,4.99654001345877,0.342370663555293,0.732071963045407,0.891821718895381,3.27312504586027
"NPIL_81462","BMAW01074253.1","21529","21599","+",71,0,0,0,0,0,NA,NA,NA,NA,NA,NA
"NPIL_81463","BMAW01074359.1;BMAW01074359.1","2169;2220","2204;2256","-;-",73,0,0,0,0,0,NA,NA,NA,NA,NA,NA
"NPIL_81464","BMAW01074512.1","3","88","-",86,0,0,0,0,0,NA,NA,NA,NA,NA,NA
"NPIL_80133","BMAW01074643.1","8941","10758","+",1818,576882,148775,151863,176704,223378.065929492,-0.578854831055549,2.88258220095613,-0.2008112139399,0.840846194086229,0.95130218017309,-1.49366315201901
"NPIL_80134","BMAW01074643.1","12697","16227","+",3531,293307,39033,27510,99015,88963.5299515783,-0.64418058387067,2.92996377223941,-0.21985957300022,0.825980521995708,0.945309018503614,-1.56285137208483
"NPIL_80135","BMAW01074643.1","12702","12859","+",158,0,0,0,0,0,NA,NA,NA,NA,NA,NA
"NPIL_81465","BMAW01074825.1","3439","3518","+",80,0,0,0,0,0,NA,NA,NA,NA,NA,NA
"NPIL_81466","BMAW01074892.1;BMAW01074892.1","515;567","551;602","+;+",73,0,0,0,0,0,NA,NA,NA,NA,NA,NA
"NPIL_81467","BMAW01074965.1","779","850","-",72,2,5,60,1,18.557912174188,2.95523409149491,3.23005959110135,0.914916275735727,0.360235584990615,0.891821718895381,7.75557685220245
"NPIL_81468","BMAW01075025.1","10105","10176","-",72,0,0,0,0,0,NA,NA,NA,NA,NA,NA
"NPIL_81469","BMAW01075031.1","1","72","+",72,0,0,0,0,0,NA,NA,NA,NA,NA,NA
"NPIL_81470","BMAW01075031.1","4885","4956","+",72,0,0,0,0,0,NA,NA,NA,NA,NA,NA
"NPIL_81471_1","BMAW01075111.1","202","274","+",73,0,0,0,0,0,NA,NA,NA,NA,NA,NA
"NPIL_80149","BMAW01075138.1","4853","4964","+",112,0,0,0,0,0,NA,NA,NA,NA,NA,NA
"NPIL_81472","BMAW01075178.1","1627","1700","+",74,0,0,1,0,0.268841825352858,1.71066871988845,4.99654001345877,0.342370663555293,0.732071963045407,0.891821718895381,3.27312504586027
"NPIL_81473","BMAW01075178.1","2999","3072","+",74,0,0,1,0,0.268841825352858,1.71066871988845,4.99654001345877,0.342370663555293,0.732071963045407,0.891821718895381,3.27312504586027
"NPIL_81475","BMAW01075419.1","618554","618625","-",72,0,0,0,0,0,NA,NA,NA,NA,NA,NA
"NPIL_81474","BMAW01075419.1","1536586","1536658","+",73,0,0,1,0,0.268841825352858,1.71066871988845,4.99654001345877,0.342370663555293,0.732071963045407,0.891821718895381,3.27312504586027
"NPIL_81476","BMAW01075578.1","5","76","+",72,0,0,0,0,0,NA,NA,NA,NA,NA,NA
"NPIL_81477","BMAW01075683.1","2125","2196","-",72,0,0,0,0,0,NA,NA,NA,NA,NA,NA
"NPIL_81479","BMAW01075693.1","997","1068","-",72,0,0,0,0,0,NA,NA,NA,NA,NA,NA
"NPIL_81478","BMAW01075693.1","4521","4592","-",72,0,0,0,0,0,NA,NA,NA,NA,NA,NA
"NPIL_81480","BMAW01075752.1","1095","1167","-",73,0,0,0,0,0,NA,NA,NA,NA,NA,NA
"NPIL_81483","BMAW01075819.1","67617","67688","-",72,0,0,0,0,0,NA,NA,NA,NA,NA,NA
"NPIL_81482","BMAW01075819.1","68057","68128","-",72,0,0,0,0,0,NA,NA,NA,NA,NA,NA
"NPIL_81481_1","BMAW01075819.1","92150","92221","+",72,0,0,0,0,0,NA,NA,NA,NA,NA,NA
"NPIL_80241_1","BMAW01076128.1","6366","6477","-",112,0,0,0,0,0,NA,NA,NA,NA,NA,NA
"NPIL_81484","BMAW01076232.1","31776","31848","+",73,0,0,0,0,0,NA,NA,NA,NA,NA,NA
"NPIL_81485","BMAW01076286.1","11863","11935","-",73,1,0,0,0,0.134881737339154,-0.997931149943542,4.96248992082659,-0.201094846713023,0.840624411417429,0.95130218017309,-1.99713402025654
"NPIL_81486","BMAW01076847.1;BMAW01076847.1","410493;410559","410546;410595","-;-",91,0,0,2,0,0.537683650705716,2.69917582783982,4.89353184775603,0.551580312913985,0.581235927740693,0.891821718895381,6.4943080906042
"NPIL_81487","BMAW01076928.1","321387","321459","+",73,0,0,5,0,1.34420912676429,4.02013983356769,4.69792207260442,0.85572722821667,0.392148675749104,0.891821718895381,16.2249242051548
"NPIL_81488","BMAW01076928.1","364576","364648","-",73,0,0,1,1,0.54471671837555,2.71619298456569,4.84059250598119,0.561128205113211,0.574710141700355,0.891821718895381,6.57136457703057
"NPIL_81489","BMAW01077216.1","136619","136690","+",72,0,0,0,0,0,NA,NA,NA,NA,NA,NA
"NPIL_81490","BMAW01077216.1","137734","137805","-",72,0,0,0,0,0,NA,NA,NA,NA,NA,NA
"NPIL_81491_1","BMAW01077256.1","1673","1752","-",80,0,0,0,0,0,NA,NA,NA,NA,NA,NA
"NPIL_80141_1","BMAW01077425.1","234239","234346","-",108,0,1,0,0,0.376352857063105,-1.74918591944753,4.93135297991929,-0.354707100986342,0.722809030610026,0.891821718895381,-3.36168820023485
"NPIL_81492","BMAW01077430.1","790599","790671","+",73,0,0,0,0,0,NA,NA,NA,NA,NA,NA
"NPIL_81495","BMAW01077577.1","117385","117456","-",72,0,0,1,0,0.268841825352858,1.71066871988845,4.99654001345877,0.342370663555293,0.732071963045407,0.891821718895381,3.27312504586027
"NPIL_81494","BMAW01077577.1","120204","120275","-",72,0,0,1,0,0.268841825352858,1.71066871988845,4.99654001345877,0.342370663555293,0.732071963045407,0.891821718895381,3.27312504586027
"NPIL_81493","BMAW01077577.1","121677","121748","-",72,0,0,0,0,0,NA,NA,NA,NA,NA,NA
"NPIL_81496","BMAW01077584.1","2019","2090","+",72,0,0,0,0,0,NA,NA,NA,NA,NA,NA
"NPIL_81497","BMAW01077615.1;BMAW01077615.1","36597;36648","36632;36684","-;-",73,0,0,2,0,0.537683650705716,2.69917582783982,4.89353184775603,0.551580312913985,0.581235927740693,0.891821718895381,6.4943080906042
"NPIL_81498","BMAW01077645.1;BMAW01077645.1","557958;558012","558000;558048","-;-",80,0,0,2,0,0.537683650705716,2.69917582783982,4.89353184775603,0.551580312913985,0.581235927740693,0.891821718895381,6.4943080906042
"NPIL_81499","BMAW01077650.1","6562","6633","+",72,0,0,0,0,0,NA,NA,NA,NA,NA,NA
"NPIL_81500","BMAW01077650.1","17326","17401","+",76,0,0,0,0,0,NA,NA,NA,NA,NA,NA
"NPIL_81501_1","BMAW01077650.1","23932","24003","+",72,4,0,4,0,1.61489425076805,0.925219995139463,4.14059663248253,0.223450888183894,0.823184602314677,0.945309018503614,1.89897379245871
"NPIL_81502","BMAW01077650.1","27866","27937","+",72,0,0,0,0,0,NA,NA,NA,NA,NA,NA
"NPIL_81503","BMAW01077650.1","30008","30079","+",72,0,0,1,0,0.268841825352858,1.71066871988845,4.99654001345877,0.342370663555293,0.732071963045407,0.891821718895381,3.27312504586027
"NPIL_81504","BMAW01077650.1","39960","40031","+",72,5,3,10,0,4.49188551141366,0.584850914159025,3.51333726062466,0.166465918519602,0.867790302007731,0.962814038781525,1.49988398562028
"NPIL_81505","BMAW01077650.1","43155","43226","+",72,0,0,0,0,0,NA,NA,NA,NA,NA,NA
"NPIL_81506","BMAW01077650.1","45338","45409","+",72,0,0,0,0,0,NA,NA,NA,NA,NA,NA
"NPIL_81507","BMAW01077650.1","50572","50643","+",72,2,5,3,0,2.9580532360524,-1.39313138041067,3.61218859096213,-0.385675151041766,0.699737268288562,0.891821718895381,-2.62648142301337
"NPIL_81508","BMAW01077650.1","54226","54297","+",72,0,0,0,0,0,NA,NA,NA,NA,NA,NA
"NPIL_81509","BMAW01077650.1","60786","60857","+",72,0,0,1,0,0.268841825352858,1.71066871988845,4.99654001345877,0.342370663555293,0.732071963045407,0.891821718895381,3.27312504586027
"NPIL_81513","BMAW01077650.1","96964","97035","-",72,0,1,0,0,0.376352857063105,-1.74918591944753,4.93135297991929,-0.354707100986342,0.722809030610026,0.891821718895381,-3.36168820023485
"NPIL_81512","BMAW01077650.1","99571","99642","-",72,2,0,0,0,0.269763474678307,-1.63527295492516,4.93518650102935,-0.331349778693081,0.740380294932015,0.891821718895381,-3.10646318083294
"NPIL_81511_1","BMAW01077650.1","115888","115959","-",72,0,0,0,0,0,NA,NA,NA,NA,NA,NA
"NPIL_81510","BMAW01077650.1","121620","121691","-",72,0,0,0,0,0,NA,NA,NA,NA,NA,NA
"NPIL_80210","BMAW01077876.1","5023","6733","-",1711,37,137,114,27,94.6475559010325,-0.568650789750453,3.01205425031311,-0.188791682517451,0.850256091007069,0.957232756052076,-1.48313589126583
"NPIL_80211_1","BMAW01077876.1","6805","7632","-",828,22,12,16,161,56.2009594885178,2.70480059232311,2.99697745436796,0.902509489479473,0.366786282801225,0.891821718895381,6.51967745449658
"NPIL_80212","BMAW01077876.1","7470","7627","-",158,0,0,0,0,0,NA,NA,NA,NA,NA,NA
"NPIL_80213","BMAW01077876.1","9338","11144","-",1807,228,31,41,148,94.2719736891089,0.288765310483218,2.94009209256577,0.0982164168304051,0.921760446745523,0.976999608286085,1.22159436340728
"NPIL_81514","BMAW01078043.1;BMAW01078043.1","225;277","260;313","-;-",73,0,0,0,0,0,NA,NA,NA,NA,NA,NA
"NPIL_80140","BMAW01078203.1","217677","217766","+",90,0,1,4,0,1.45172015847454,1.71182225991296,4.27772223998234,0.400171437947318,0.689030250155573,0.891821718895381,3.27574319488495
"NPIL_81515","BMAW01078500.1","3921","3992","-",72,0,0,0,0,0,NA,NA,NA,NA,NA,NA
"NPIL_81516","BMAW01078592.1","4064","4136","+",73,2,0,3,0,1.07628895073688,1.36684730127398,4.35420680375946,0.313914189857457,0.753586212811798,0.900339757197484,2.57906351184163
"NPIL_81518","BMAW01078623.1","7735","7807","-",73,0,0,0,0,0,NA,NA,NA,NA,NA,NA
"NPIL_81517","BMAW01078623.1","11665","11737","-",73,0,0,0,0,0,NA,NA,NA,NA,NA,NA
"NPIL_81519","BMAW01078714.1","44030","44111","-",82,0,0,2,0,0.537683650705716,2.69917582783982,4.89353184775603,0.551580312913985,0.581235927740693,0.891821718895381,6.4943080906042
"NPIL_81522","BMAW01078820.1","2932","3002","-",71,0,0,0,0,0,NA,NA,NA,NA,NA,NA
"NPIL_81521_1","BMAW01078820.1","3533","3605","-",73,0,0,0,0,0,NA,NA,NA,NA,NA,NA
"NPIL_81520","BMAW01078820.1","4154","4226","-",73,0,0,0,0,0,NA,NA,NA,NA,NA,NA
"NPIL_81525","BMAW01078933.1","154935","155016","-",82,0,0,2,0,0.537683650705716,2.69917582783982,4.89353184775603,0.551580312913985,0.581235927740693,0.891821718895381,6.4943080906042
"NPIL_81524","BMAW01078933.1","161767","161848","-",82,0,1,1,0,0.645194682415963,-0.303549482264933,4.80577217003751,-0.0631635191026054,0.949636294286282,0.982431541686559,-1.23417714392304
"NPIL_81523","BMAW01078933.1","167787","167868","+",82,0,0,0,0,0,NA,NA,NA,NA,NA,NA
"NPIL_81526","BMAW01078969.1","4699","4772","-",74,0,0,0,0,0,NA,NA,NA,NA,NA,NA
"NPIL_80265","BMAW01079125.1","58","169","-",112,0,0,4,0,1.07536730141143,3.69835447649903,4.80822345381341,0.769172754141835,0.441790762514931,0.891821718895381,12.981223641005
"NPIL_81527","BMAW01079194.1","1639","1710","+",72,0,0,0,0,0,NA,NA,NA,NA,NA,NA
"NPIL_80262","BMAW01079407.1","7196","7306","-",111,0,8,18,0,7.84997571285628,0.696329544266888,4.59425282361954,0.151565351538118,0.879529763088062,0.96553388221426,1.62037703585844
"NPIL_81528","BMAW01079834.1","8644","8716","+",73,0,0,0,0,0,NA,NA,NA,NA,NA,NA
"NPIL_81529","BMAW01079834.1","8728","8799","+",72,0,0,0,0,0,NA,NA,NA,NA,NA,NA
"NPIL_81538","BMAW01080001.1","645970","646042","-",73,0,0,0,0,0,NA,NA,NA,NA,NA,NA
"NPIL_81537","BMAW01080001.1","648180","648247","-",68,0,0,1,0,0.268841825352858,1.71066871988845,4.99654001345877,0.342370663555293,0.732071963045407,0.891821718895381,3.27312504586027
"NPIL_81536","BMAW01080001.1","649831","649903","-",73,0,0,0,0,0,NA,NA,NA,NA,NA,NA
"NPIL_81535","BMAW01080001.1","650797","650869","-",73,0,0,10,0,2.68841825352858,5.01979173912096,4.48252748366902,1.11985743699494,0.262774518491331,0.891821718895381,32.4420198331592
"NPIL_81534","BMAW01080001.1","651199","651271","-",73,0,0,18,0,4.83915285635144,5.86759750281111,4.39591465527025,1.33478421738158,0.181946980455291,0.891821718895381,58.3878993663697
"NPIL_81533","BMAW01080001.1","652148","652220","-",73,0,0,12,0,3.22610190423429,5.28275808308375,4.44773735581812,1.18774056569985,0.234935636533782,0.891821718895381,38.9285872266366
"NPIL_81532","BMAW01080001.1","652550","652622","-",73,0,4,2,0,2.04309507895813,-1.45287859080006,4.13927282520869,-0.350998509195104,0.725589466827283,0.891821718895381,-2.73753724056368
"NPIL_81531_1","BMAW01080001.1","653558","653630","-",73,0,0,0,0,0,NA,NA,NA,NA,NA,NA
"NPIL_81530","BMAW01080001.1","654507","654579","-",73,0,0,2,0,0.537683650705716,2.69917582783982,4.89353184775603,0.551580312913985,0.581235927740693,0.891821718895381,6.4943080906042
"NPIL_81539","BMAW01080144.1","14062","14133","-",72,0,0,0,0,0,NA,NA,NA,NA,NA,NA
"NPIL_81540","BMAW01080195.1","41621","41692","-",72,0,0,0,0,0,NA,NA,NA,NA,NA,NA
"NPIL_81541_1","BMAW01080403.1","637609","637680","+",72,0,0,2,0,0.537683650705716,2.69917582783982,4.89353184775603,0.551580312913985,0.581235927740693,0.891821718895381,6.4943080906042
"NPIL_81542","BMAW01080455.1","116135","116206","+",72,0,0,0,0,0,NA,NA,NA,NA,NA,NA
"NPIL_81543","BMAW01080764.1","2730","2801","-",72,0,0,0,0,0,NA,NA,NA,NA,NA,NA
"NPIL_81544","BMAW01080797.1","207105","207176","+",72,0,0,1,0,0.268841825352858,1.71066871988845,4.99654001345877,0.342370663555293,0.732071963045407,0.891821718895381,3.27312504586027
"NPIL_81545","BMAW01080797.1","207183","207254","+",72,0,0,0,0,0,NA,NA,NA,NA,NA,NA
"NPIL_81546","BMAW01080797.1","317654","317726","+",73,0,0,2,0,0.537683650705716,2.69917582783982,4.89353184775603,0.551580312913985,0.581235927740693,0.891821718895381,6.4943080906042
"NPIL_81547","BMAW01081017.1","206582","206653","-",72,0,0,2,0,0.537683650705716,2.69917582783982,4.89353184775603,0.551580312913985,0.581235927740693,0.891821718895381,6.4943080906042
"NPIL_81548","BMAW01081088.1","62874","62945","+",72,0,0,5,0,1.34420912676429,4.02013983356769,4.69792207260442,0.85572722821667,0.392148675749104,0.891821718895381,16.2249242051548
"NPIL_81549","BMAW01081159.1;BMAW01081159.1","856;908","891;944","-;-",73,0,0,0,0,0,NA,NA,NA,NA,NA,NA
"NPIL_81550","BMAW01081333.1;BMAW01081333.1","454163;454227","454216;454264","-;-",92,0,0,0,0,0,NA,NA,NA,NA,NA,NA
"NPIL_81552","BMAW01081457.1","1934","2015","-",82,0,0,0,0,0,NA,NA,NA,NA,NA,NA
"NPIL_81551_1","BMAW01081457.1","40686","40767","+",82,0,0,0,0,0,NA,NA,NA,NA,NA,NA
"NPIL_81553","BMAW01081462.1","2506","2579","-",74,0,0,0,0,0,NA,NA,NA,NA,NA,NA
"NPIL_81554","BMAW01081477.1","813699","813769","-",71,0,0,0,0,0,NA,NA,NA,NA,NA,NA
"NPIL_80237","BMAW01081507.1","989","1100","-",112,0,12,42,0,15.8075909495773,1.32980967285401,4.58049432492097,0.290320122354252,0.771571346044124,0.900339757197484,2.51369510863336
"NPIL_81555","BMAW01081627.1","17303","17374","-",72,0,0,0,0,0,NA,NA,NA,NA,NA,NA
"NPIL_81556","BMAW01081655.1","121267","121338","+",72,0,0,2,0,0.537683650705716,2.69917582783982,4.89353184775603,0.551580312913985,0.581235927740693,0.891821718895381,6.4943080906042
"NPIL_81557","BMAW01081662.1","202721","202793","-",73,0,0,0,0,0,NA,NA,NA,NA,NA,NA
"NPIL_80221_1","BMAW01081664.1","14647","14739","-",93,0,0,0,0,0,NA,NA,NA,NA,NA,NA
"NPIL_81558","BMAW01081831.1","1325","1396","+",72,0,0,0,0,0,NA,NA,NA,NA,NA,NA
"NPIL_81559","BMAW01082232.1;BMAW01082232.1","22738;22781","22771;22819","+;+",73,0,0,0,0,0,NA,NA,NA,NA,NA,NA
"NPIL_81560","BMAW01082237.1","84986","85057","-",72,0,0,0,0,0,NA,NA,NA,NA,NA,NA
"NPIL_81561_1","BMAW01082248.1","1928","1998","+",71,0,0,0,0,0,NA,NA,NA,NA,NA,NA
"NPIL_81566","BMAW01082248.1","12531","12601","-",71,0,0,0,0,0,NA,NA,NA,NA,NA,NA
"NPIL_81565","BMAW01082248.1","19202","19272","-",71,0,0,0,0,0,NA,NA,NA,NA,NA,NA
"NPIL_81564","BMAW01082248.1","37146","37216","-",71,0,0,0,0,0,NA,NA,NA,NA,NA,NA
"NPIL_81562","BMAW01082248.1","64974","65044","+",71,0,0,0,0,0,NA,NA,NA,NA,NA,NA
"NPIL_81563","BMAW01082248.1","149150","149220","+",71,0,0,0,0,0,NA,NA,NA,NA,NA,NA
"NPIL_81567","BMAW01082342.1;BMAW01082342.1","178163;178497","178200;178534","-;-",76,0,0,0,0,0,NA,NA,NA,NA,NA,NA
"NPIL_81569","BMAW01082345.1","1277","1349","-",73,0,0,0,0,0,NA,NA,NA,NA,NA,NA
"NPIL_81568","BMAW01082345.1","1662","1734","-",73,0,0,21,2,6.1974281184554,6.22449339632199,3.92038656759089,1.58772439630794,0.112348673895106,0.891821718895381,74.7754818186447
"NPIL_81571","BMAW01082354.1","2106","2178","-",73,0,0,0,0,0,NA,NA,NA,NA,NA,NA
"NPIL_81570","BMAW01082354.1","2273","2337","-",65,0,0,0,0,0,NA,NA,NA,NA,NA,NA
"NPIL_81572","BMAW01082478.1","85","157","+",73,0,0,0,0,0,NA,NA,NA,NA,NA,NA
"NPIL_81573","BMAW01082967.1","1658309","1658390","-",82,0,0,0,0,0,NA,NA,NA,NA,NA,NA
"NPIL_81574","BMAW01083020.1","2450","2522","+",73,0,0,0,0,0,NA,NA,NA,NA,NA,NA
"NPIL_81575","BMAW01083248.1","32492","32573","+",82,0,0,2,0,0.537683650705716,2.69917582783982,4.89353184775603,0.551580312913985,0.581235927740693,0.891821718895381,6.4943080906042
"NPIL_81579","BMAW01083248.1","166587","166658","-",72,0,0,1,0,0.268841825352858,1.71066871988845,4.99654001345877,0.342370663555293,0.732071963045407,0.891821718895381,3.27312504586027
"NPIL_81578","BMAW01083248.1;BMAW01083248.1","296577;296636","296623;296672","-;-",84,0,1,1,0,0.645194682415963,-0.303549482264933,4.80577217003751,-0.0631635191026054,0.949636294286282,0.982431541686559,-1.23417714392304
"NPIL_81577","BMAW01083248.1","309977","310048","-",72,0,0,0,0,0,NA,NA,NA,NA,NA,NA
"NPIL_81576","BMAW01083248.1","315334","315405","-",72,0,0,3,0,0.806525476058573,3.28359165010455,4.85756473614397,0.675974861574595,0.499056605713363,0.891821718895381,9.73777151628258
"NPIL_80275","BMAW01083363.1","1469183","1470242","-",1060,0,0,3,0,0.806525476058573,3.28359165010455,4.85756473614397,0.675974861574595,0.499056605713363,0.891821718895381,9.73777151628258
"NPIL_80276","BMAW01083363.1","1470565","1472693","-",2129,4,4,9,4,5.56801437787552,0.802737860431741,3.08557299545964,0.260158441110599,0.794741559911577,0.918753246273618,1.7444084214611
"NPIL_80277","BMAW01083363.1","1473137","1473293","-",157,0,0,1,0,0.268841825352858,1.71066871988845,4.99654001345877,0.342370663555293,0.732071963045407,0.891821718895381,3.27312504586027
"NPIL_80278","BMAW01083363.1","1474606","1475641","-",1036,2,0,2,0,0.807447125384023,0.785209518237602,4.52820754028007,0.173404048125638,0.86233384336418,0.959851402387593,1.72334257708203
"NPIL_81584","BMAW01083370.1","327385","327457","-",73,0,0,0,0,0,NA,NA,NA,NA,NA,NA
"NPIL_81583","BMAW01083370.1","350956","351028","-",73,0,2,0,0,0.75270571412621,-2.86399280466654,4.85926394632269,-0.589388194653206,0.555600893974388,0.891821718895381,-7.28027428273396
"NPIL_81582","BMAW01083370.1","351447","351519","-",73,0,0,0,0,0,NA,NA,NA,NA,NA,NA
"NPIL_81580","BMAW01083370.1","488243","488315","+",73,0,0,0,0,0,NA,NA,NA,NA,NA,NA
"NPIL_81581_1","BMAW01083370.1","489961","490033","+",73,0,0,0,2,0.551749786045384,2.73304445395152,4.89103494176563,0.558786532194536,0.57630741495506,0.891821718895381,6.64857175290645
"NPIL_81586","BMAW01083618.1","516076","516148","-",73,0,0,1,0,0.268841825352858,1.71066871988845,4.99654001345877,0.342370663555293,0.732071963045407,0.891821718895381,3.27312504586027
"NPIL_81585","BMAW01083618.1","521539","521611","-",73,0,0,1,0,0.268841825352858,1.71066871988845,4.99654001345877,0.342370663555293,0.732071963045407,0.891821718895381,3.27312504586027
"NPIL_81587","BMAW01083760.1","119","202","+",84,0,0,0,0,0,NA,NA,NA,NA,NA,NA
"NPIL_81588","BMAW01083767.1","505","578","+",74,0,0,0,0,0,NA,NA,NA,NA,NA,NA
"NPIL_81589","BMAW01083872.1;BMAW01083872.1","434;487","470;522","+;+",73,0,0,0,0,0,NA,NA,NA,NA,NA,NA
"NPIL_81593","BMAW01083904.1","42329","42412","-",84,0,0,0,0,0,NA,NA,NA,NA,NA,NA
"NPIL_81590","BMAW01083904.1","44280","44363","+",84,0,0,2,0,0.537683650705716,2.69917582783982,4.89353184775603,0.551580312913985,0.581235927740693,0.891821718895381,6.4943080906042
"NPIL_81591_1","BMAW01083904.1","208236","208307","+",72,0,0,0,0,0,NA,NA,NA,NA,NA,NA
"NPIL_81592","BMAW01083904.1","208311","208382","+",72,0,0,6,0,1.61305095211715,4.28306827202617,4.62524315841106,0.926020130257878,0.354435518922147,0.891821718895381,19.4684790146603
"NPIL_81594","BMAW01083945.1;BMAW01083945.1","62504;62582","62549;62619","-;-",84,0,0,0,0,0,NA,NA,NA,NA,NA,NA
"NPIL_81595","BMAW01083946.1","56313","56385","-",73,0,0,0,0,0,NA,NA,NA,NA,NA,NA
"NPIL_81596","BMAW01084288.1","125316","125387","-",72,0,2,1,0,1.02154753947907,-1.41784951768917,4.48809535735168,-0.315913411992612,0.752068231574408,0.900339757197484,-2.67186944918956
"NPIL_80216","BMAW01084364.1","90749","90857","+",109,0,0,0,0,0,NA,NA,NA,NA,NA,NA
"NPIL_81597","BMAW01084384.1","195618","195689","+",72,0,0,0,0,0,NA,NA,NA,NA,NA,NA
"NPIL_81598","BMAW01084426.1","2286","2358","-",73,0,0,0,0,0,NA,NA,NA,NA,NA,NA
"NPIL_81599","BMAW01084518.1","1065","1137","+",73,0,0,0,0,0,NA,NA,NA,NA,NA,NA
"NPIL_81600","BMAW01084724.1","91130","91201","+",72,0,0,0,0,0,NA,NA,NA,NA,NA,NA
"NPIL_81601","BMAW01084808.1","241","312","-",72,0,0,0,0,0,NA,NA,NA,NA,NA,NA
"NPIL_81603","BMAW01084865.1","2106","2178","-",73,0,0,0,0,0,NA,NA,NA,NA,NA,NA
"NPIL_81602","BMAW01084865.1","2273","2337","-",65,0,0,0,0,0,NA,NA,NA,NA,NA,NA
"NPIL_81604","BMAW01085341.1","3652","3723","+",72,0,0,0,0,0,NA,NA,NA,NA,NA,NA
"NPIL_81605","BMAW01085361.1;BMAW01085361.1","372;450","417;487","-;-",84,0,0,0,0,0,NA,NA,NA,NA,NA,NA
"NPIL_81606","BMAW01085731.1;BMAW01085731.1","2110;2161","2145;2197","-;-",73,0,0,0,0,0,NA,NA,NA,NA,NA,NA
"NPIL_81607","BMAW01086021.1","187","259","+",73,0,0,3,0,0.806525476058573,3.28359165010455,4.85756473614397,0.675974861574595,0.499056605713363,0.891821718895381,9.73777151628258
"NPIL_81608","BMAW01086038.1;BMAW01086038.1","12135;12191","12172;12226","+;+",74,0,0,0,0,0,NA,NA,NA,NA,NA,NA
"NPIL_81609","BMAW01086107.1","2762","2834","+",73,0,0,1,0,0.268841825352858,1.71066871988845,4.99654001345877,0.342370663555293,0.732071963045407,0.891821718895381,3.27312504586027
"NPIL_81610","BMAW01086107.1","5361","5433","+",73,0,0,6,0,1.61305095211715,4.28306827202617,4.62524315841106,0.926020130257878,0.354435518922147,0.891821718895381,19.4684790146603
"NPIL_81611_1","BMAW01086107.1","8285","8357","+",73,0,0,0,0,0,NA,NA,NA,NA,NA,NA
"NPIL_81612","BMAW01086240.1","182773","182844","-",72,0,0,0,0,0,NA,NA,NA,NA,NA,NA
"NPIL_80193","BMAW01086517.1","679","790","-",112,8,5,32,1,11.8396314883429,1.59126785642904,3.1467431033435,0.505687246835712,0.613076222506518,0.891821718895381,3.01314031280557
"NPIL_81613","BMAW01086725.1","12474","12545","+",72,0,1,5,2,2.27231176987278,2.58020440271836,3.73206902129246,0.691360311933567,0.489339138685319,0.891821718895381,5.98024422250616
"NPIL_81614","BMAW01086737.1","23639","23712","+",74,0,0,0,0,0,NA,NA,NA,NA,NA,NA
"NPIL_81615","BMAW01086737.1","32723","32796","-",74,0,0,0,0,0,NA,NA,NA,NA,NA,NA
"NPIL_81616","BMAW01086791.1","422","496","+",75,0,0,0,0,0,NA,NA,NA,NA,NA,NA
"NPIL_81617","BMAW01087014.1;BMAW01087014.1","20042;20112","20079;20157","+;+",84,0,0,0,0,0,NA,NA,NA,NA,NA,NA
"NPIL_81618","BMAW01087110.1","198827","198899","-",73,0,0,1,0,0.268841825352858,1.71066871988845,4.99654001345877,0.342370663555293,0.732071963045407,0.891821718895381,3.27312504586027
"NPIL_81622","BMAW01087456.1;BMAW01087456.1","803738;803816","803783;803853","-;-",84,0,0,0,0,0,NA,NA,NA,NA,NA,NA
"NPIL_81621","BMAW01087456.1;BMAW01087456.1","1171375;1171453","1171420;1171490","-;-",84,0,0,8,0,2.15073460282286,4.69795996455743,4.53500157820756,1.03593347952357,0.300233177185137,0.891821718895381,25.9553486957577
"NPIL_81619","BMAW01087456.1;BMAW01087456.1","1191516;1191587","1191553;1191632","+;+",84,0,0,1,0,0.268841825352858,1.71066871988845,4.99654001345877,0.342370663555293,0.732071963045407,0.891821718895381,3.27312504586027
"NPIL_81620","BMAW01087456.1;BMAW01087456.1","1229257;1229327","1229294;1229372","+;+",84,0,0,1,0,0.268841825352858,1.71066871988845,4.99654001345877,0.342370663555293,0.732071963045407,0.891821718895381,3.27312504586027
"NPIL_81623","BMAW01087696.1","228579","228660","+",82,0,0,0,0,0,NA,NA,NA,NA,NA,NA
"NPIL_81626","BMAW01087696.1","256197","256278","-",82,0,0,2,0,0.537683650705716,2.69917582783982,4.89353184775603,0.551580312913985,0.581235927740693,0.891821718895381,6.4943080906042
"NPIL_81624","BMAW01087696.1","262760","262841","+",82,0,0,0,0,0,NA,NA,NA,NA,NA,NA
"NPIL_81625","BMAW01087696.1","276103","276184","-",82,0,0,0,0,0,NA,NA,NA,NA,NA,NA
"NPIL_81627","BMAW01087746.1","1612161","1612233","+",73,0,0,0,0,0,NA,NA,NA,NA,NA,NA
"NPIL_81628","BMAW01088272.1","2019","2090","+",72,0,0,0,0,0,NA,NA,NA,NA,NA,NA
"NPIL_81629","BMAW01088339.1","115850","115931","-",82,0,0,4,0,1.07536730141143,3.69835447649903,4.80822345381341,0.769172754141835,0.441790762514931,0.891821718895381,12.981223641005
"NPIL_81630","BMAW01088412.1;BMAW01088412.1","5784;6043","5820;6076","+;+",71,0,0,0,0,0,NA,NA,NA,NA,NA,NA
"NPIL_81631","BMAW01088412.1","7084","7155","+",72,0,0,31,0,8.33409658593859,6.6516943095082,4.79183774830613,1.38813012019439,0.165097426266461,0.891821718895381,100.544775594288
"NPIL_81632","BMAW01088412.1","9460","9536","+",77,0,0,0,0,0,NA,NA,NA,NA,NA,NA
"NPIL_81633","BMAW01088578.1","6390","6461","+",72,0,0,0,0,0,NA,NA,NA,NA,NA,NA
"NPIL_81634","BMAW01088594.1","248070","248142","+",73,0,0,0,0,0,NA,NA,NA,NA,NA,NA
"NPIL_81635","BMAW01088594.1","248660","248732","+",73,0,0,0,0,0,NA,NA,NA,NA,NA,NA
"NPIL_81636","BMAW01088735.1","2168","2241","+",74,0,0,0,0,0,NA,NA,NA,NA,NA,NA
"NPIL_81637","BMAW01088925.1","310585","310656","-",72,0,0,0,0,0,NA,NA,NA,NA,NA,NA
"NPIL_81639","BMAW01088967.1","44722","44793","-",72,0,0,0,0,0,NA,NA,NA,NA,NA,NA
"NPIL_81638","BMAW01088967.1","47100","47171","+",72,0,0,4,0,1.07536730141143,3.69835447649903,4.80822345381341,0.769172754141835,0.441790762514931,0.891821718895381,12.981223641005
"NPIL_81640","BMAW01089043.1","2168","2241","+",74,0,0,0,0,0,NA,NA,NA,NA,NA,NA
"NPIL_81641","BMAW01089051.1","3162","3243","+",82,0,0,0,0,0,NA,NA,NA,NA,NA,NA
"NPIL_81642","BMAW01089211.1;BMAW01089211.1","213;437","255;483","-;-",90,0,0,7,0,1.88189277747,4.50537950442079,4.57339525730654,0.98512795219764,0.324561224801803,0.891821718895381,22.7119473461765
"NPIL_81643","BMAW01089212.1","663","735","+",73,0,0,0,0,0,NA,NA,NA,NA,NA,NA
"NPIL_81644","BMAW01089323.1","1866","1949","+",84,0,0,0,0,0,NA,NA,NA,NA,NA,NA
"NPIL_81645","BMAW01089397.1","161467","161538","+",72,0,0,0,0,0,NA,NA,NA,NA,NA,NA
"NPIL_81646","BMAW01089420.1","10012","10085","-",74,11,2,16,6,8.19312338863878,1.40234198549412,3.03951693815519,0.461370018337605,0.644533158048123,0.891821718895381,2.64330332227977
"NPIL_81648","BMAW01089558.1","678","750","-",73,2,3,57,1,16.9986809840032,3.50980100646017,3.23019233470925,1.08656099785343,0.277230869623387,0.891821718895381,11.3908302985625
"NPIL_81647","BMAW01089558.1","6803","6875","+",73,0,0,0,0,0,NA,NA,NA,NA,NA,NA
"NPIL_81649","BMAW01089733.1","2163","2234","+",72,0,0,0,0,0,NA,NA,NA,NA,NA,NA
"NPIL_81650","BMAW01089816.1","190561","190633","-",73,0,2,1,0,1.02154753947907,-1.41784951768917,4.48809535735168,-0.315913411992612,0.752068231574408,0.900339757197484,-2.67186944918956
"NPIL_81651","BMAW01090199.1;BMAW01090199.1","228242;228290","228280;228326","-;-",76,0,0,1,0,0.268841825352858,1.71066871988845,4.99654001345877,0.342370663555293,0.732071963045407,0.891821718895381,3.27312504586027
"NPIL_81652","BMAW01090222.1;BMAW01090222.1","134119;134196","134164;134233","-;-",84,0,0,0,0,0,NA,NA,NA,NA,NA,NA
"NPIL_80178","BMAW01090424.1","62783","62889","-",107,0,0,1,0,0.268841825352858,1.71066871988845,4.99654001345877,0.342370663555293,0.732071963045407,0.891821718895381,3.27312504586027
"NPIL_81653","BMAW01090520.1;BMAW01090520.1","1877;1933","1910;1969","-;-",71,0,0,0,0,0,NA,NA,NA,NA,NA,NA
"NPIL_81654","BMAW01090686.1","31768","31839","+",72,0,0,1,0,0.268841825352858,1.71066871988845,4.99654001345877,0.342370663555293,0.732071963045407,0.891821718895381,3.27312504586027
"NPIL_81655","BMAW01090686.1","68653","68724","-",72,0,0,0,0,0,NA,NA,NA,NA,NA,NA
"NPIL_81656","BMAW01090765.1","15555","15628","-",74,0,0,0,0,0,NA,NA,NA,NA,NA,NA
"NPIL_81657","BMAW01090980.1","1768","1836","+",69,0,0,0,0,0,NA,NA,NA,NA,NA,NA
"NPIL_81658","BMAW01091307.1","522295","522367","-",73,0,0,0,0,0,NA,NA,NA,NA,NA,NA
"NPIL_81659","BMAW01091358.1","11321","11392","+",72,0,0,0,0,0,NA,NA,NA,NA,NA,NA
"NPIL_81660","BMAW01091358.1","37179","37250","-",72,0,0,0,0,0,NA,NA,NA,NA,NA,NA
"NPIL_81661","BMAW01091514.1;BMAW01091514.1","19950;20020","19987;20065","+;+",84,0,0,0,0,0,NA,NA,NA,NA,NA,NA
"NPIL_81662","BMAW01091570.1","1526","1597","-",72,0,0,0,0,0,NA,NA,NA,NA,NA,NA
"NPIL_81663","BMAW01091807.1","713461","713544","+",84,0,2,6,0,2.36575666624336,1.16050182137952,4.08232818153611,0.284274504589888,0.776200022895944,0.900339757197484,2.23535167688468
"NPIL_81664","BMAW01091807.1","716556","716639","+",84,0,0,0,0,0,NA,NA,NA,NA,NA,NA
"NPIL_81665","BMAW01092049.1","2151","2224","+",74,0,0,0,0,0,NA,NA,NA,NA,NA,NA
"NPIL_81666","BMAW01092496.1","96838","96909","+",72,0,0,0,0,0,NA,NA,NA,NA,NA,NA
"NPIL_81669","BMAW01092613.1","1093586","1093657","-",72,0,0,0,0,0,NA,NA,NA,NA,NA,NA
"NPIL_81668","BMAW01092613.1;BMAW01092613.1","1107672;1107725","1107707;1107761","-;-",73,0,0,0,0,0,NA,NA,NA,NA,NA,NA
"NPIL_81667","BMAW01092613.1","1270449","1270520","-",72,0,0,1,0,0.268841825352858,1.71066871988845,4.99654001345877,0.342370663555293,0.732071963045407,0.891821718895381,3.27312504586027
"NPIL_81670","BMAW01092618.1;BMAW01092618.1","67457;67798","67499;67834","-;-",80,0,0,0,0,0,NA,NA,NA,NA,NA,NA
"NPIL_81672","BMAW01092737.1;BMAW01092737.1","713436;713483","713471;713526","-;-",80,0,0,0,0,0,NA,NA,NA,NA,NA,NA
"NPIL_81671","BMAW01092737.1;BMAW01092737.1","1119490;1119536","1119527;1119571","-;-",74,0,0,2,0,0.537683650705716,2.69917582783982,4.89353184775603,0.551580312913985,0.581235927740693,0.891821718895381,6.4943080906042
"NPIL_81673","BMAW01092742.1","7022","7095","-",74,0,0,0,0,0,NA,NA,NA,NA,NA,NA
"NPIL_81676","BMAW01092799.1","2600","2671","-",72,0,0,0,0,0,NA,NA,NA,NA,NA,NA
"NPIL_81675","BMAW01092799.1","5456","5527","-",72,0,0,0,0,0,NA,NA,NA,NA,NA,NA
"NPIL_81674","BMAW01092799.1","7268","7339","-",72,0,0,0,0,0,NA,NA,NA,NA,NA,NA
"NPIL_81677","BMAW01092910.1","1325","1396","+",72,0,0,0,0,0,NA,NA,NA,NA,NA,NA
"NPIL_81678","BMAW01092939.1","1688","1759","+",72,0,0,0,0,0,NA,NA,NA,NA,NA,NA
"NPIL_80214","BMAW01093231.1","1307","1418","-",112,0,0,0,0,0,NA,NA,NA,NA,NA,NA
"NPIL_81679","BMAW01093492.1","126","197","+",72,0,0,0,0,0,NA,NA,NA,NA,NA,NA
"NPIL_81680","BMAW01093492.1","4155","4226","+",72,0,0,0,0,0,NA,NA,NA,NA,NA,NA
"NPIL_81681","BMAW01093492.1","7018","7089","+",72,0,0,0,0,0,NA,NA,NA,NA,NA,NA
"NPIL_81682","BMAW01093492.1","8420","8491","+",72,0,0,0,0,0,NA,NA,NA,NA,NA,NA
"NPIL_81683","BMAW01093515.1","1514","1585","+",72,0,0,0,0,0,NA,NA,NA,NA,NA,NA
"NPIL_81684","BMAW01093685.1","3018","3089","+",72,0,0,0,0,0,NA,NA,NA,NA,NA,NA
"NPIL_81685","BMAW01093955.1","92847","92920","-",74,0,0,0,0,0,NA,NA,NA,NA,NA,NA
"NPIL_81686","BMAW01094064.1","3652","3723","+",72,0,0,0,0,0,NA,NA,NA,NA,NA,NA
"NPIL_81688","BMAW01094152.1","997","1068","-",72,0,0,0,0,0,NA,NA,NA,NA,NA,NA
"NPIL_81687","BMAW01094152.1","4521","4592","-",72,0,0,0,0,0,NA,NA,NA,NA,NA,NA
"NPIL_81689","BMAW01094462.1","9770","9840","-",71,0,0,0,0,0,NA,NA,NA,NA,NA,NA
"NPIL_81692","BMAW01094788.1;BMAW01094788.1","100442;100498","100475;100534","-;-",71,0,0,0,0,0,NA,NA,NA,NA,NA,NA
"NPIL_81690","BMAW01094788.1;BMAW01094788.1","159300;159358","159336;159391","+;+",71,0,0,0,0,0,NA,NA,NA,NA,NA,NA
"NPIL_81691","BMAW01094788.1;BMAW01094788.1","711672;711732","711708;711766","+;+",72,2,0,2,0,0.807447125384023,0.785209518237602,4.52820754028007,0.173404048125638,0.86233384336418,0.959851402387593,1.72334257708203
"NPIL_81693","BMAW01094866.1","1183","1255","+",73,0,0,1,0,0.268841825352858,1.71066871988845,4.99654001345877,0.342370663555293,0.732071963045407,0.891821718895381,3.27312504586027
"NPIL_81694","BMAW01095300.1","1639","1710","+",72,0,0,0,0,0,NA,NA,NA,NA,NA,NA
"NPIL_81695","BMAW01095439.1","700","772","+",73,0,0,0,0,0,NA,NA,NA,NA,NA,NA
"NPIL_81696","BMAW01095439.1","1735","1814","+",80,0,0,0,0,0,NA,NA,NA,NA,NA,NA
"NPIL_81697","BMAW01095439.1","2784","2863","+",80,0,0,0,0,0,NA,NA,NA,NA,NA,NA
"NPIL_81698","BMAW01095463.1","373","446","+",74,0,0,3,0,0.806525476058573,3.28359165010455,4.85756473614397,0.675974861574595,0.499056605713363,0.891821718895381,9.73777151628258
"NPIL_81699","BMAW01095560.1","130","202","+",73,0,0,0,0,0,NA,NA,NA,NA,NA,NA
"NPIL_81700","BMAW01096290.1","2771","2842","+",72,0,0,0,0,0,NA,NA,NA,NA,NA,NA
"NPIL_81703","BMAW01096330.1;BMAW01096330.1","29;81","64;117","-;-",73,0,0,0,0,0,NA,NA,NA,NA,NA,NA
"NPIL_81702","BMAW01096330.1","790","861","-",72,0,0,0,0,0,NA,NA,NA,NA,NA,NA
"NPIL_81701","BMAW01096330.1","1819","1890","-",72,0,0,0,0,0,NA,NA,NA,NA,NA,NA
"NPIL_80236","BMAW01096359.1","11454","11561","-",108,0,0,2,0,0.537683650705716,2.69917582783982,4.89353184775603,0.551580312913985,0.581235927740693,0.891821718895381,6.4943080906042
"NPIL_81704","BMAW01096771.1","1976","2049","+",74,3,2,0,0,1.15735092614367,-3.5186380264713,4.29034567725338,-0.820129260242705,0.412142423339144,0.891821718895381,-11.460817312486
"NPIL_81706","BMAW01097014.1","1305","1376","-",72,0,0,0,0,0,NA,NA,NA,NA,NA,NA
"NPIL_81705","BMAW01097014.1","1382","1453","-",72,0,0,0,0,0,NA,NA,NA,NA,NA,NA
"NPIL_81707","BMAW01097070.1","65623","65695","+",73,0,0,2,0,0.537683650705716,2.69917582783982,4.89353184775603,0.551580312913985,0.581235927740693,0.891821718895381,6.4943080906042
"NPIL_80191_1","BMAW01097070.1","222253","222364","+",112,0,0,0,0,0,NA,NA,NA,NA,NA,NA
"NPIL_81708","BMAW01097073.1","414758","414831","-",74,0,0,1,0,0.268841825352858,1.71066871988845,4.99654001345877,0.342370663555293,0.732071963045407,0.891821718895381,3.27312504586027
"NPIL_81709","BMAW01097493.1","4810","4881","+",72,0,0,1,0,0.268841825352858,1.71066871988845,4.99654001345877,0.342370663555293,0.732071963045407,0.891821718895381,3.27312504586027
"NPIL_81711_1","BMAW01097542.1;BMAW01097542.1","259996;260238","260041;260274","-;-",83,0,0,0,0,0,NA,NA,NA,NA,NA,NA
"NPIL_81710","BMAW01097542.1;BMAW01097542.1","261613;261868","261658;261904","-;-",83,288,2,3,0,40.405171543861,-5.61698622650152,3.52432040572615,-1.59377853880008,0.110985646003197,0.891821718895381,-49.0773765625632
"NPIL_81712","BMAW01097683.1","450623","450693","+",71,0,1,3,0,1.18287833312168,1.29158594151956,4.36476305410181,0.2959120404728,0.767297255677436,0.900339757197484,2.44797010805858
"NPIL_81713","BMAW01097683.1","451064","451137","+",74,0,0,0,0,0,NA,NA,NA,NA,NA,NA
"NPIL_81714","BMAW01097696.1","31462","31533","+",72,0,0,0,0,0,NA,NA,NA,NA,NA,NA
"NPIL_81720","BMAW01097696.1","37179","37260","-",82,0,0,1,0,0.268841825352858,1.71066871988845,4.99654001345877,0.342370663555293,0.732071963045407,0.891821718895381,3.27312504586027
"NPIL_81719","BMAW01097696.1","37861","37942","-",82,0,0,0,0,0,NA,NA,NA,NA,NA,NA
"NPIL_81715","BMAW01097696.1","180156","180227","+",72,0,0,2,0,0.537683650705716,2.69917582783982,4.89353184775603,0.551580312913985,0.581235927740693,0.891821718895381,6.4943080906042
"NPIL_81716","BMAW01097696.1","255877","255950","+",74,0,0,0,0,0,NA,NA,NA,NA,NA,NA
"NPIL_81717","BMAW01097696.1","264790","264871","+",82,0,3,3,0,1.93558404724789,-0.444168976814566,4.13333990824091,-0.107460065389009,0.914424005022164,0.976999608286085,-1.36053019626533
"NPIL_81718","BMAW01097696.1","265184","265265","+",82,0,1,10,0,3.06477111059168,3.04611578775384,4.09128870465563,0.744536992534298,0.456551670093844,0.891821718895381,8.25985117602937
"NPIL_81721_1","BMAW01098022.1;BMAW01098022.1","48860;48916","48897;48951","+;+",74,0,0,0,0,0,NA,NA,NA,NA,NA,NA
"NPIL_81723","BMAW01098078.1","12233","12305","-",73,0,0,0,0,0,NA,NA,NA,NA,NA,NA
"NPIL_81722","BMAW01098078.1","32556","32628","+",73,0,0,0,0,0,NA,NA,NA,NA,NA,NA
"NPIL_81733","BMAW01098118.1;BMAW01098118.1","38;90","73;126","-;-",73,0,0,2,0,0.537683650705716,2.69917582783982,4.89353184775603,0.551580312913985,0.581235927740693,0.891821718895381,6.4943080906042
"NPIL_81732","BMAW01098118.1;BMAW01098118.1","42717;42769","42752;42805","-;-",73,0,0,0,0,0,NA,NA,NA,NA,NA,NA
"NPIL_81731_1","BMAW01098118.1;BMAW01098118.1","43294;43346","43329;43382","-;-",73,0,0,0,0,0,NA,NA,NA,NA,NA,NA
"NPIL_81724","BMAW01098118.1","60071","60143","+",73,0,0,0,0,0,NA,NA,NA,NA,NA,NA
"NPIL_81725","BMAW01098118.1","91946","92016","+",71,0,0,1,0,0.268841825352858,1.71066871988845,4.99654001345877,0.342370663555293,0.732071963045407,0.891821718895381,3.27312504586027
"NPIL_81726","BMAW01098118.1;BMAW01098118.1","94176;94229","94212;94264","+;+",73,0,0,0,0,0,NA,NA,NA,NA,NA,NA
"NPIL_81727","BMAW01098118.1;BMAW01098118.1","94724;94777","94760;94812","+;+",73,0,0,0,0,0,NA,NA,NA,NA,NA,NA
"NPIL_81730","BMAW01098118.1","98122","98192","-",71,0,2,0,0,0.75270571412621,-2.86399280466654,4.85926394632269,-0.589388194653206,0.555600893974388,0.891821718895381,-7.28027428273396
"NPIL_81729","BMAW01098118.1","107554","107624","-",71,0,0,0,0,0,NA,NA,NA,NA,NA,NA
"NPIL_81728","BMAW01098118.1","230987","231070","-",84,0,0,1,0,0.268841825352858,1.71066871988845,4.99654001345877,0.342370663555293,0.732071963045407,0.891821718895381,3.27312504586027
"NPIL_81734","BMAW01098341.1;BMAW01098341.1","153605;153651","153641;153684","-;-",71,0,0,3,0,0.806525476058573,3.28359165010455,4.85756473614397,0.675974861574595,0.499056605713363,0.891821718895381,9.73777151628258
"NPIL_81735","BMAW01098539.1","239","311","+",73,0,0,7,0,1.88189277747,4.50537950442079,4.57339525730654,0.98512795219764,0.324561224801803,0.891821718895381,22.7119473461765
"NPIL_81736","BMAW01098559.1","697","769","+",73,0,0,0,0,0,NA,NA,NA,NA,NA,NA
"NPIL_81737","BMAW01098561.1","169362","169434","+",73,0,0,0,0,0,NA,NA,NA,NA,NA,NA
"NPIL_81738","BMAW01098561.1","174912","174984","+",73,0,0,0,0,0,NA,NA,NA,NA,NA,NA
"NPIL_81739","BMAW01098561.1","190051","190123","+",73,0,0,1,0,0.268841825352858,1.71066871988845,4.99654001345877,0.342370663555293,0.732071963045407,0.891821718895381,3.27312504586027
"NPIL_81741_1","BMAW01098565.1","60033","60101","-",69,0,0,4,0,1.07536730141143,3.69835447649903,4.80822345381341,0.769172754141835,0.441790762514931,0.891821718895381,12.981223641005
"NPIL_81740","BMAW01098565.1","60645","60720","-",76,0,0,2,0,0.537683650705716,2.69917582783982,4.89353184775603,0.551580312913985,0.581235927740693,0.891821718895381,6.4943080906042
"NPIL_81742","BMAW01098640.1;BMAW01098640.1","510903;510962","510940;510997","+;+",74,0,0,2,0,0.537683650705716,2.69917582783982,4.89353184775603,0.551580312913985,0.581235927740693,0.891821718895381,6.4943080906042
"NPIL_81743","BMAW01098640.1","711562","711635","-",74,0,0,0,0,0,NA,NA,NA,NA,NA,NA
"NPIL_81744","BMAW01098714.1","6","77","+",72,0,0,0,0,0,NA,NA,NA,NA,NA,NA
"NPIL_81745","BMAW01098714.1","3372","3443","+",72,0,0,0,0,0,NA,NA,NA,NA,NA,NA
"NPIL_81746","BMAW01098714.1","3877","3948","+",72,0,0,0,0,0,NA,NA,NA,NA,NA,NA
"NPIL_81747","BMAW01098819.1","660411","660481","-",71,0,0,2,0,0.537683650705716,2.69917582783982,4.89353184775603,0.551580312913985,0.581235927740693,0.891821718895381,6.4943080906042
"NPIL_80270","BMAW01098830.1","896","1001","+",106,0,0,0,0,0,NA,NA,NA,NA,NA,NA
"NPIL_81748","BMAW01099025.1","2558","2629","-",72,0,0,13,0,3.49494372958715,5.39820797599054,4.43515228425302,1.21714151623538,0.223550377162044,0.891821718895381,42.171837423852
"NPIL_81749","BMAW01099151.1;BMAW01099151.1","497;553","530;589","-;-",71,0,0,0,0,0,NA,NA,NA,NA,NA,NA
"NPIL_81750","BMAW01099474.1","963","1034","+",72,0,0,0,0,0,NA,NA,NA,NA,NA,NA
"NPIL_81751_1","BMAW01099474.1","1040","1111","+",72,0,0,0,0,0,NA,NA,NA,NA,NA,NA
"NPIL_81752","BMAW01099528.1","911","984","+",74,0,0,0,0,0,NA,NA,NA,NA,NA,NA
"NPIL_81753","BMAW01099695.1","44963","45035","+",73,0,0,0,0,0,NA,NA,NA,NA,NA,NA
"NPIL_81754","BMAW01099695.1;BMAW01099695.1","565330;565381","565366;565416","+;+",73,5,1,3,0,1.85728701981745,-0.393964074960696,3.71107118400761,-0.106159126415692,0.915456100028952,0.976999608286085,-1.31399890640884
"NPIL_81755","BMAW01099695.1;BMAW01099695.1","738412;738463","738448;738498","+;+",73,0,0,1,0,0.268841825352858,1.71066871988845,4.99654001345877,0.342370663555293,0.732071963045407,0.891821718895381,3.27312504586027
"NPIL_81756","BMAW01099695.1;BMAW01099695.1","808969;809015","809005;809051","-;-",74,0,3,0,0,1.12905857118931,-3.46360091259568,4.81676337878583,-0.719072256663094,0.472096400208687,0.891821718895381,-11.0318352566182
"NPIL_80209","BMAW01099781.1","41245","41345","+",101,0,0,0,0,0,NA,NA,NA,NA,NA,NA
"NPIL_81757","BMAW01099891.1","13737","13809","+",73,0,0,0,0,0,NA,NA,NA,NA,NA,NA
"NPIL_81758","BMAW01099949.1","2523","2596","-",74,0,0,0,0,0,NA,NA,NA,NA,NA,NA
"NPIL_80156","BMAW01099951.1","287542","287653","+",112,0,0,0,0,0,NA,NA,NA,NA,NA,NA
"NPIL_81759","BMAW01099999.1","175948","176020","-",73,0,0,0,0,0,NA,NA,NA,NA,NA,NA
"NPIL_81760","BMAW01100155.1","5149","5221","-",73,0,0,0,0,0,NA,NA,NA,NA,NA,NA
"NPIL_81763","BMAW01100238.1","148","231","-",84,0,0,22,0,5.91452015776287,6.15698982518547,4.79473959861299,1.28411349533279,0.199102246752608,0.891821718895381,71.357334738919
"NPIL_81762","BMAW01100238.1","532","615","-",84,0,0,28,0,7.52757110988002,6.50486919152036,4.79259794627579,1.35727412656744,0.174694125218413,0.891821718895381,90.815660210393
"NPIL_81761_1","BMAW01100238.1","2953","3033","-",81,0,0,0,0,0,NA,NA,NA,NA,NA,NA
"NPIL_81764","BMAW01100363.1","933","1014","+",82,0,0,0,0,0,NA,NA,NA,NA,NA,NA
"NPIL_81765","BMAW01100551.1","122350","122421","+",72,0,0,1,0,0.268841825352858,1.71066871988845,4.99654001345877,0.342370663555293,0.732071963045407,0.891821718895381,3.27312504586027
"NPIL_81766","BMAW01100652.1","1515","1586","+",72,0,0,0,0,0,NA,NA,NA,NA,NA,NA
"NPIL_81769","BMAW01100819.1;BMAW01100819.1","46449;46501","46484;46537","-;-",73,0,0,0,0,0,NA,NA,NA,NA,NA,NA
"NPIL_81768","BMAW01100819.1;BMAW01100819.1","46912;46966","46948;47002","-;-",74,0,0,0,0,0,NA,NA,NA,NA,NA,NA
"NPIL_81767","BMAW01100819.1;BMAW01100819.1","47933;47985","47968;48021","-;-",73,0,0,0,0,0,NA,NA,NA,NA,NA,NA
"NPIL_81770","BMAW01100866.1","872","944","-",73,0,0,4,0,1.07536730141143,3.69835447649903,4.80822345381341,0.769172754141835,0.441790762514931,0.891821718895381,12.981223641005
"NPIL_80194","BMAW01100938.1","45526","45632","-",107,0,0,1,0,0.268841825352858,1.71066871988845,4.99654001345877,0.342370663555293,0.732071963045407,0.891821718895381,3.27312504586027
"NPIL_81771_1","BMAW01101026.1","2033","2114","+",82,0,0,0,0,0,NA,NA,NA,NA,NA,NA
"NPIL_81772","BMAW01101027.1","238","310","+",73,0,0,0,0,0,NA,NA,NA,NA,NA,NA
"NPIL_80286","BMAW01101096.1","220795","220899","-",105,0,0,2,0,0.537683650705716,2.69917582783982,4.89353184775603,0.551580312913985,0.581235927740693,0.891821718895381,6.4943080906042
"NPIL_81773","BMAW01101498.1","3","88","-",86,0,0,0,0,0,NA,NA,NA,NA,NA,NA
"NPIL_80195","BMAW01101535.1","266388","266467","-",80,0,0,0,0,0,NA,NA,NA,NA,NA,NA
"NPIL_81774","BMAW01101567.1;BMAW01101567.1","340;396","376;431","+;+",73,0,0,0,0,0,NA,NA,NA,NA,NA,NA
"NPIL_81775","BMAW01101596.1","10019","10091","+",73,0,0,2,0,0.537683650705716,2.69917582783982,4.89353184775603,0.551580312913985,0.581235927740693,0.891821718895381,6.4943080906042
"NPIL_81776","BMAW01101596.1","13470","13542","+",73,0,0,0,0,0,NA,NA,NA,NA,NA,NA
"NPIL_81777","BMAW01102023.1","2105","2177","-",73,0,0,8,0,2.15073460282286,4.69795996455743,4.53500157820756,1.03593347952357,0.300233177185137,0.891821718895381,25.9553486957577
"NPIL_80239","BMAW01102111.1","994","1104","+",111,16,1166,1424,2,824.368048221522,-0.20174494579451,3.45430103027624,-0.058403985068544,0.953426840567189,0.984874202624878,-1.15008855110279
"NPIL_81779","BMAW01102121.1","2022","2092","-",71,0,0,2,0,0.537683650705716,2.69917582783982,4.89353184775603,0.551580312913985,0.581235927740693,0.891821718895381,6.4943080906042
"NPIL_81778","BMAW01102121.1","6616","6686","+",71,0,0,0,0,0,NA,NA,NA,NA,NA,NA
"NPIL_81780","BMAW01102386.1;BMAW01102386.1","34002;34268","34038;34303","+;+",73,0,0,3,0,0.806525476058573,3.28359165010455,4.85756473614397,0.675974861574595,0.499056605713363,0.891821718895381,9.73777151628258
"NPIL_81781_1","BMAW01102505.1","8822","8893","+",72,0,0,0,0,0,NA,NA,NA,NA,NA,NA
"NPIL_81782","BMAW01102540.1","126","197","+",72,0,0,0,0,0,NA,NA,NA,NA,NA,NA
"NPIL_81783","BMAW01102540.1","4011","4082","+",72,0,0,0,0,0,NA,NA,NA,NA,NA,NA
"NPIL_81784","BMAW01102540.1","6873","6944","+",72,0,0,0,0,0,NA,NA,NA,NA,NA,NA
"NPIL_81785","BMAW01102540.1","8275","8346","+",72,0,0,0,0,0,NA,NA,NA,NA,NA,NA
"NPIL_81786","BMAW01102576.1","872","948","+",77,0,0,0,0,0,NA,NA,NA,NA,NA,NA
"NPIL_81787","BMAW01102737.1;BMAW01102737.1","512;568","549;603","+;+",74,0,0,1,0,0.268841825352858,1.71066871988845,4.99654001345877,0.342370663555293,0.732071963045407,0.891821718895381,3.27312504586027
"NPIL_81788","BMAW01102737.1;BMAW01102737.1","1081;1137","1118;1172","+;+",74,0,0,1,0,0.268841825352858,1.71066871988845,4.99654001345877,0.342370663555293,0.732071963045407,0.891821718895381,3.27312504586027
"NPIL_81789","BMAW01102899.1","42","136","-",95,0,0,0,0,0,NA,NA,NA,NA,NA,NA
"NPIL_81790","BMAW01102958.1","703","775","+",73,0,0,0,0,0,NA,NA,NA,NA,NA,NA
"NPIL_81791","BMAW01103036.1","26146","26218","+",73,0,0,0,0,0,NA,NA,NA,NA,NA,NA
"NPIL_81792","BMAW01103036.1","26322","26394","+",73,0,0,0,0,0,NA,NA,NA,NA,NA,NA
"NPIL_81793","BMAW01103036.1","26498","26570","+",73,0,0,2,0,0.537683650705716,2.69917582783982,4.89353184775603,0.551580312913985,0.581235927740693,0.891821718895381,6.4943080906042
"NPIL_81794","BMAW01103036.1","26674","26746","+",73,0,0,0,0,0,NA,NA,NA,NA,NA,NA
"NPIL_81795","BMAW01103036.1","26850","26922","+",73,0,0,0,0,0,NA,NA,NA,NA,NA,NA
"NPIL_81796","BMAW01103036.1","27027","27099","+",73,0,0,0,0,0,NA,NA,NA,NA,NA,NA
"NPIL_81799","BMAW01103087.1","555392","555464","-",73,0,0,0,0,0,NA,NA,NA,NA,NA,NA
"NPIL_81797","BMAW01103087.1;BMAW01103087.1","800564;800610","800600;800664","+;+",92,0,0,2,0,0.537683650705716,2.69917582783982,4.89353184775603,0.551580312913985,0.581235927740693,0.891821718895381,6.4943080906042
"NPIL_81798","BMAW01103087.1","965120","965214","-",95,0,0,3,0,0.806525476058573,3.28359165010455,4.85756473614397,0.675974861574595,0.499056605713363,0.891821718895381,9.73777151628258
"NPIL_81800","BMAW01103418.1","304525","304597","-",73,0,0,0,0,0,NA,NA,NA,NA,NA,NA
"NPIL_81801_1","BMAW01103487.1","2258","2330","-",73,0,0,0,0,0,NA,NA,NA,NA,NA,NA
"NPIL_81803","BMAW01103539.1;BMAW01103539.1","2141;2193","2173;2229","-;-",70,0,0,0,0,0,NA,NA,NA,NA,NA,NA
"NPIL_81802","BMAW01103539.1","5214","5285","+",72,0,0,0,0,0,NA,NA,NA,NA,NA,NA
"NPIL_81804","BMAW01103648.1","263995","264064","-",70,0,0,0,0,0,NA,NA,NA,NA,NA,NA
"NPIL_81805","BMAW01104348.1","147","219","+",73,0,0,0,0,0,NA,NA,NA,NA,NA,NA
"NPIL_81806","BMAW01104363.1","1","72","+",72,0,0,0,0,0,NA,NA,NA,NA,NA,NA
"NPIL_81807","BMAW01104363.1","4874","4945","+",72,0,0,0,0,0,NA,NA,NA,NA,NA,NA
"NPIL_81808","BMAW01104423.1","449245","449316","+",72,0,0,3,0,0.806525476058573,3.28359165010455,4.85756473614397,0.675974861574595,0.499056605713363,0.891821718895381,9.73777151628258
"NPIL_81809","BMAW01104423.1","451465","451536","-",72,0,0,0,0,0,NA,NA,NA,NA,NA,NA
"NPIL_81812","BMAW01104541.1","748","820","-",73,0,0,0,0,0,NA,NA,NA,NA,NA,NA
"NPIL_81811_1","BMAW01104541.1","1290","1362","-",73,0,0,4,0,1.07536730141143,3.69835447649903,4.80822345381341,0.769172754141835,0.441790762514931,0.891821718895381,12.981223641005
"NPIL_81810","BMAW01104541.1","1970","2042","-",73,0,0,0,0,0,NA,NA,NA,NA,NA,NA
"NPIL_81813","BMAW01104552.1","1064","1135","+",72,0,0,0,0,0,NA,NA,NA,NA,NA,NA
"NPIL_81814","BMAW01104572.1;BMAW01104572.1","749519;749572","749555;749607","+;+",73,0,0,1,0,0.268841825352858,1.71066871988845,4.99654001345877,0.342370663555293,0.732071963045407,0.891821718895381,3.27312504586027
"NPIL_81817","BMAW01104715.1","297732","297804","-",73,0,0,1,0,0.268841825352858,1.71066871988845,4.99654001345877,0.342370663555293,0.732071963045407,0.891821718895381,3.27312504586027
"NPIL_81816","BMAW01104715.1","298274","298346","-",73,0,0,11,0,2.95726007888144,5.15725874089103,4.46294306249121,1.15557350131468,0.247855652045836,0.891821718895381,35.6853184273729
"NPIL_81815","BMAW01104715.1","298954","299026","-",73,0,0,22,0,5.91452015776287,6.15698982518547,4.79473959861299,1.28411349533279,0.199102246752608,0.891821718895381,71.357334738919
"NPIL_81818","BMAW01104858.1","1859","1931","+",73,0,0,0,0,0,NA,NA,NA,NA,NA,NA
"NPIL_81819","BMAW01104884.1;BMAW01104884.1","893;965","932;1002","-;-",78,0,0,0,0,0,NA,NA,NA,NA,NA,NA
"NPIL_81820","BMAW01105001.1","2179","2250","+",72,0,0,2,0,0.537683650705716,2.69917582783982,4.89353184775603,0.551580312913985,0.581235927740693,0.891821718895381,6.4943080906042
"NPIL_81821_1","BMAW01105144.1","2496","2568","-",73,0,0,1,0,0.268841825352858,1.71066871988845,4.99654001345877,0.342370663555293,0.732071963045407,0.891821718895381,3.27312504586027
"NPIL_80139","BMAW01105151.1","2980","3086","-",107,0,0,0,0,0,NA,NA,NA,NA,NA,NA
"NPIL_81823","BMAW01105237.1","1305","1376","-",72,0,0,0,0,0,NA,NA,NA,NA,NA,NA
"NPIL_81822","BMAW01105237.1","1382","1453","-",72,0,0,0,0,0,NA,NA,NA,NA,NA,NA
"NPIL_81824","BMAW01105661.1","6297","6369","+",73,0,0,2,0,0.537683650705716,2.69917582783982,4.89353184775603,0.551580312913985,0.581235927740693,0.891821718895381,6.4943080906042
"NPIL_81825","BMAW01105680.1","165506","165576","-",71,0,0,0,0,0,NA,NA,NA,NA,NA,NA
"NPIL_81826","BMAW01105781.1","19808","19879","-",72,0,0,0,0,0,NA,NA,NA,NA,NA,NA
"NPIL_81827","BMAW01105869.1","2230","2303","+",74,0,0,0,0,0,NA,NA,NA,NA,NA,NA
"NPIL_81828","BMAW01106061.1","100","186","+",87,0,0,0,0,0,NA,NA,NA,NA,NA,NA
"NPIL_81829","BMAW01106061.1","1323","1409","-",87,0,0,0,0,0,NA,NA,NA,NA,NA,NA
"NPIL_81830","BMAW01106109.1","350755","350826","-",72,0,0,0,0,0,NA,NA,NA,NA,NA,NA
"NPIL_81831_1","BMAW01106145.1","6887","6960","+",74,0,0,2,0,0.537683650705716,2.69917582783982,4.89353184775603,0.551580312913985,0.581235927740693,0.891821718895381,6.4943080906042
"NPIL_81832","BMAW01106382.1","819","893","-",75,0,0,0,0,0,NA,NA,NA,NA,NA,NA
"NPIL_81833","BMAW01106463.1","5939","6021","+",83,0,1,1,2,1.19694446846135,1.34974027173876,3.97859190059897,0.339250746359675,0.734420843429164,0.891821718895381,2.54866237787041
"NPIL_81834","BMAW01106463.1","6026","6096","+",71,0,1,2,0,0.91403650776882,0.698848229026016,4.5098790662041,0.154959416597888,0.876853311627851,0.96553388221426,1.62320839206183
"NPIL_81837","BMAW01106619.1","1025133","1025203","-",71,0,0,0,0,0,NA,NA,NA,NA,NA,NA
"NPIL_81836","BMAW01106619.1","1025284","1025354","-",71,0,0,0,0,0,NA,NA,NA,NA,NA,NA
"NPIL_81835","BMAW01106619.1","1100669","1100739","+",71,0,0,0,0,0,NA,NA,NA,NA,NA,NA
"NPIL_81839","BMAW01106925.1","4772","4843","-",72,0,0,0,0,0,NA,NA,NA,NA,NA,NA
"NPIL_81838","BMAW01106925.1","5327","5398","-",72,0,0,0,0,0,NA,NA,NA,NA,NA,NA
"NPIL_81840","BMAW01106971.1;BMAW01106971.1","7;60","43;95","+;+",73,0,0,1,0,0.268841825352858,1.71066871988845,4.99654001345877,0.342370663555293,0.732071963045407,0.891821718895381,3.27312504586027
"NPIL_81841_1","BMAW01107286.1;BMAW01107286.1","105967;106016","106010;106052","-;-",81,0,0,3,0,0.806525476058573,3.28359165010455,4.85756473614397,0.675974861574595,0.499056605713363,0.891821718895381,9.73777151628258
"NPIL_80271_1","BMAW01107348.1","174568","174679","+",112,0,0,2,0,0.537683650705716,2.69917582783982,4.89353184775603,0.551580312913985,0.581235927740693,0.891821718895381,6.4943080906042
"NPIL_80162","BMAW01107354.1","1351","1462","-",112,7,258,286,1,175.207846227595,-0.344773554130505,3.38637042587357,-0.101812120580862,0.918905804814037,0.976999608286085,-1.26995163488446
"NPIL_80163","BMAW01107354.1","4387","4492","+",106,0,0,0,0,0,NA,NA,NA,NA,NA,NA
"NPIL_80148","BMAW01107358.1","555359","556207","+",849,0,0,0,0,0,NA,NA,NA,NA,NA,NA
"NPIL_81842","BMAW01107419.1","1867","1939","+",73,0,0,0,0,0,NA,NA,NA,NA,NA,NA
"NPIL_81843","BMAW01107478.1","2768","2839","+",72,0,0,0,0,0,NA,NA,NA,NA,NA,NA
"NPIL_81844","BMAW01107600.1;BMAW01107600.1","7523;7573","7558;7609","-;-",73,1,2,2,0,1.42527110217108,-0.679670542487309,3.8640313414181,-0.175896746799644,0.860375061182817,0.959851402387593,-1.60177392823782
"NPIL_81845","BMAW01107617.1","220199","220280","+",82,0,0,0,0,0,NA,NA,NA,NA,NA,NA
"NPIL_81846","BMAW01107634.1","146","217","-",72,0,0,0,0,0,NA,NA,NA,NA,NA,NA
"NPIL_81847","BMAW01107935.1","209660","209731","+",72,0,0,0,0,0,NA,NA,NA,NA,NA,NA
"NPIL_81848","BMAW01107953.1","2687","2758","+",72,0,0,0,0,0,NA,NA,NA,NA,NA,NA
"NPIL_81849","BMAW01107953.1","5870","5941","+",72,0,0,0,0,0,NA,NA,NA,NA,NA,NA
"NPIL_81850","BMAW01107953.1","13646","13717","+",72,0,0,0,0,0,NA,NA,NA,NA,NA,NA
"NPIL_81851_1","BMAW01108098.1","1639","1710","+",72,0,0,0,0,0,NA,NA,NA,NA,NA,NA
"NPIL_81852","BMAW01108104.1","505","578","+",74,0,0,0,0,0,NA,NA,NA,NA,NA,NA
"NPIL_81853","BMAW01108108.1","4359","4432","+",74,6,2,12,4,5.89159761448619,1.46936770503394,3.08334456894413,0.476549951579729,0.633682629443578,0.891821718895381,2.76900508876569
"NPIL_81854","BMAW01108225.1","396","469","+",74,0,0,0,0,0,NA,NA,NA,NA,NA,NA
"NPIL_81855","BMAW01108225.1","557","630","+",74,0,0,0,0,0,NA,NA,NA,NA,NA,NA
"NPIL_81857","BMAW01108229.1","1941","2012","-",72,0,0,2,0,0.537683650705716,2.69917582783982,4.89353184775603,0.551580312913985,0.581235927740693,0.891821718895381,6.4943080906042
"NPIL_81856","BMAW01108229.1","25263","25334","-",72,0,0,0,0,0,NA,NA,NA,NA,NA,NA
"NPIL_81858","BMAW01108285.1","940","1012","+",73,0,0,0,0,0,NA,NA,NA,NA,NA,NA
"NPIL_81859","BMAW01108376.1","27896","27968","+",73,0,0,0,0,0,NA,NA,NA,NA,NA,NA
"NPIL_81860","BMAW01108376.1","202497","202570","-",74,0,0,0,0,0,NA,NA,NA,NA,NA,NA
"NPIL_81861_1","BMAW01108612.1","135","202","+",68,0,0,0,0,0,NA,NA,NA,NA,NA,NA
"NPIL_81862","BMAW01108612.1","208","277","+",70,0,0,0,0,0,NA,NA,NA,NA,NA,NA
"NPIL_81863","BMAW01108612.1","4998","5068","+",71,0,0,0,0,0,NA,NA,NA,NA,NA,NA
"NPIL_81864","BMAW01108612.1;BMAW01108612.1","9189;9243","9225;9278","+;+",73,0,0,5,0,1.34420912676429,4.02013983356769,4.69792207260442,0.85572722821667,0.392148675749104,0.891821718895381,16.2249242051548
"NPIL_81865","BMAW01108612.1","9567","9638","+",72,0,0,0,0,0,NA,NA,NA,NA,NA,NA
"NPIL_81866","BMAW01108612.1;BMAW01108612.1","10865;10919","10901;10954","+;+",73,0,0,0,0,0,NA,NA,NA,NA,NA,NA
"NPIL_80129","BMAW01109033.1","549","4696","-",4148,367283,55429,26638,142591,116899.317064035,-0.59831960219213,2.94507280670051,-0.203159528291069,0.839010344883412,0.95130218017309,-1.51395214369777
"NPIL_80130","BMAW01109033.1","4534","4691","-",158,0,0,0,0,0,NA,NA,NA,NA,NA,NA
"NPIL_80131_1","BMAW01109033.1","6682","8500","-",1819,38783,8685,7430,18538,15611.4065120439,-0.257173331715828,2.9013134588814,-0.0886403125207231,0.929367769404397,0.977696096790372,-1.1951347849713
"NPIL_81868","BMAW01109052.1","677","748","-",72,0,0,1,0,0.268841825352858,1.71066871988845,4.99654001345877,0.342370663555293,0.732071963045407,0.891821718895381,3.27312504586027
"NPIL_81867","BMAW01109052.1","1452","1523","-",72,0,0,1,0,0.268841825352858,1.71066871988845,4.99654001345877,0.342370663555293,0.732071963045407,0.891821718895381,3.27312504586027
"NPIL_81871_1","BMAW01109110.1","15391","15462","-",72,0,0,0,0,0,NA,NA,NA,NA,NA,NA
"NPIL_81870","BMAW01109110.1","64453","64524","-",72,0,0,0,0,0,NA,NA,NA,NA,NA,NA
"NPIL_81869","BMAW01109110.1","72391","72462","-",72,0,0,4,0,1.07536730141143,3.69835447649903,4.80822345381341,0.769172754141835,0.441790762514931,0.891821718895381,12.981223641005
"NPIL_81872","BMAW01109282.1","176","257","+",82,0,0,0,0,0,NA,NA,NA,NA,NA,NA
"NPIL_81873","BMAW01109388.1;BMAW01109388.1","742;798","779;833","+;+",74,0,0,0,0,0,NA,NA,NA,NA,NA,NA
"NPIL_81874","BMAW01109436.1","21137","21220","+",84,0,0,0,0,0,NA,NA,NA,NA,NA,NA
"NPIL_81875","BMAW01109518.1","3713","3799","+",87,0,0,0,0,0,NA,NA,NA,NA,NA,NA
"NPIL_81880","BMAW01109518.1","4939","5025","-",87,0,0,0,0,0,NA,NA,NA,NA,NA,NA
"NPIL_81879","BMAW01109518.1","10547","10633","-",87,0,0,0,0,0,NA,NA,NA,NA,NA,NA
"NPIL_81876","BMAW01109518.1","251515","251601","+",87,0,0,0,0,0,NA,NA,NA,NA,NA,NA
"NPIL_81877","BMAW01109518.1","257606","257692","+",87,0,0,0,0,0,NA,NA,NA,NA,NA,NA
"NPIL_81878","BMAW01109518.1","258845","258931","-",87,0,0,1,0,0.268841825352858,1.71066871988845,4.99654001345877,0.342370663555293,0.732071963045407,0.891821718895381,3.27312504586027
"NPIL_81881_1","BMAW01109569.1;BMAW01109569.1","59618;59670","59653;59706","-;-",73,0,0,0,0,0,NA,NA,NA,NA,NA,NA
"NPIL_81883","BMAW01109858.1","310","389","-",80,0,0,0,0,0,NA,NA,NA,NA,NA,NA
"NPIL_81882","BMAW01109858.1","2087","2166","+",80,0,0,0,0,0,NA,NA,NA,NA,NA,NA
"NPIL_81884","BMAW01109905.1;BMAW01109905.1","421935;421988","421970;422024","-;-",73,0,0,0,0,0,NA,NA,NA,NA,NA,NA
"NPIL_81888","BMAW01110052.1","102","173","-",72,0,0,0,0,0,NA,NA,NA,NA,NA,NA
"NPIL_81887","BMAW01110052.1","179","250","-",72,0,0,0,0,0,NA,NA,NA,NA,NA,NA
"NPIL_81886","BMAW01110052.1","1163","1234","-",72,0,0,12,0,3.22610190423429,5.28275808308375,4.44773735581812,1.18774056569985,0.234935636533782,0.891821718895381,38.9285872266366
"NPIL_81885","BMAW01110052.1;BMAW01110052.1","1981;2033","2016;2069","-;-",73,0,0,0,0,0,NA,NA,NA,NA,NA,NA
"NPIL_81889","BMAW01110162.1;BMAW01110162.1","740;796","777;831","+;+",74,0,0,0,0,0,NA,NA,NA,NA,NA,NA
"NPIL_80138","BMAW01110331.1","2897","3526","-",630,61,26,26,54,39.9000919437288,0.281435451759593,2.91613527799625,0.0965097380369044,0.923115740194835,0.976999608286085,1.21540358443581
"NPIL_81892","BMAW01110450.1","191","262","-",72,0,0,0,0,0,NA,NA,NA,NA,NA,NA
"NPIL_81891_1","BMAW01110450.1","268","339","-",72,0,0,0,0,0,NA,NA,NA,NA,NA,NA
"NPIL_81890","BMAW01110450.1","1253","1324","-",72,0,0,0,0,0,NA,NA,NA,NA,NA,NA
"NPIL_81893","BMAW01110704.1","8869","8952","+",84,0,0,0,0,0,NA,NA,NA,NA,NA,NA
"NPIL_81894","BMAW01110735.1","798657","798728","-",72,0,0,0,0,0,NA,NA,NA,NA,NA,NA
"NPIL_81895","BMAW01110849.1","40","118","+",79,0,0,0,0,0,NA,NA,NA,NA,NA,NA
"NPIL_80166","BMAW01110999.1","1683","1794","+",112,4,30,277,1,86.5751731770141,2.6646206993702,3.31280448319739,0.804339861553923,0.42120072246033,0.891821718895381,6.34060585766987
"NPIL_80171_1","BMAW01111069.1","33539","34405","+",867,0,0,0,0,0,NA,NA,NA,NA,NA,NA
"NPIL_81896","BMAW01111141.1","76317","76389","-",73,0,0,0,0,0,NA,NA,NA,NA,NA,NA
"NPIL_80290","BMAW01111653.1","90973","91852","+",880,0,0,4,0,1.07536730141143,3.69835447649903,4.80822345381341,0.769172754141835,0.441790762514931,0.891821718895381,12.981223641005
"NPIL_81897","BMAW01111821.1","23678","23751","+",74,0,5,2,0,2.41944793602124,-1.78034752520079,4.09991147358853,-0.434240479744433,0.664113820680178,0.891821718895381,-3.43508911136076
"NPIL_81898","BMAW01111905.1","3650","3721","+",72,0,0,0,0,0,NA,NA,NA,NA,NA,NA
"NPIL_81899","BMAW01112012.1","4037","4109","+",73,0,4,36,0,11.1837171409553,2.70756858923942,4.60733348131719,0.587664991088372,0.556757178520795,0.891821718895381,6.53219830601083
"NPIL_81900","BMAW01112095.1","1166","1237","-",72,0,0,0,0,0,NA,NA,NA,NA,NA,NA
"NPIL_81901_1","BMAW01112105.1","3689","3762","+",74,0,0,0,0,0,NA,NA,NA,NA,NA,NA
"NPIL_81902","BMAW01112241.1","2385","2457","-",73,0,0,1,0,0.268841825352858,1.71066871988845,4.99654001345877,0.342370663555293,0.732071963045407,0.891821718895381,3.27312504586027
"NPIL_81903","BMAW01112358.1","5243","5313","+",71,0,17,61,0,22.7973499165971,1.36345015189708,4.57498444811615,0.298022904199927,0.765685682466838,0.900339757197484,2.57299767226425
"NPIL_81904","BMAW01112358.1","5785","5850","-",66,0,0,3,0,0.806525476058573,3.28359165010455,4.85756473614397,0.675974861574595,0.499056605713363,0.891821718895381,9.73777151628258
"NPIL_81905","BMAW01112359.1","10779","10851","-",73,0,0,0,0,0,NA,NA,NA,NA,NA,NA
"NPIL_80283","BMAW01112363.1","2551","3246","-",696,0,0,0,0,0,NA,NA,NA,NA,NA,NA
"NPIL_81906","BMAW01112490.1","2534","2607","+",74,0,0,0,0,0,NA,NA,NA,NA,NA,NA
"NPIL_80144","BMAW01112591.1","1219743","1219849","-",107,0,0,2,0,0.537683650705716,2.69917582783982,4.89353184775603,0.551580312913985,0.581235927740693,0.891821718895381,6.4943080906042
"NPIL_81907","BMAW01112676.1","2013","2084","+",72,0,0,0,0,0,NA,NA,NA,NA,NA,NA
"NPIL_81908","BMAW01112866.1","169418","169489","+",72,0,0,3,0,0.806525476058573,3.28359165010455,4.85756473614397,0.675974861574595,0.499056605713363,0.891821718895381,9.73777151628258
"NPIL_81909","BMAW01112941.1","362786","362858","-",73,0,0,0,0,0,NA,NA,NA,NA,NA,NA
"NPIL_81910","BMAW01113125.1","1533","1605","+",73,0,0,0,0,0,NA,NA,NA,NA,NA,NA
"NPIL_81911_1","BMAW01113181.1","99","171","+",73,0,0,0,0,0,NA,NA,NA,NA,NA,NA
"NPIL_81912","BMAW01113181.1","1135","1207","+",73,0,0,0,0,0,NA,NA,NA,NA,NA,NA
"NPIL_81913","BMAW01113216.1","3252","3324","+",73,0,0,14,0,3.76378555494001,5.50509925571382,4.42461353026796,1.24419889286476,0.213426371139891,0.891821718895381,45.4150717942009
"NPIL_81914","BMAW01113233.1","2","66","+",65,0,0,0,0,0,NA,NA,NA,NA,NA,NA
"NPIL_81915","BMAW01113233.1","161","233","+",73,0,0,0,0,0,NA,NA,NA,NA,NA,NA
"NPIL_81916","BMAW01113393.1","576694","576766","+",73,0,0,2,0,0.537683650705716,2.69917582783982,4.89353184775603,0.551580312913985,0.581235927740693,0.891821718895381,6.4943080906042
"NPIL_81917","BMAW01113394.1","4091","4162","+",72,0,0,0,0,0,NA,NA,NA,NA,NA,NA
"NPIL_81918","BMAW01113394.1","7612","7683","+",72,0,0,0,0,0,NA,NA,NA,NA,NA,NA
"NPIL_81919","BMAW01113394.1","8638","8709","+",72,0,0,0,0,0,NA,NA,NA,NA,NA,NA
"NPIL_81920","BMAW01113435.1","9637","9709","+",73,0,0,0,0,0,NA,NA,NA,NA,NA,NA
"NPIL_81921","BMAW01113507.1","104500","104572","-",73,0,0,0,0,0,NA,NA,NA,NA,NA,NA
"NPIL_81922","BMAW01113511.1","2843","2914","-",72,0,0,6,0,1.61305095211715,4.28306827202617,4.62524315841106,0.926020130257878,0.354435518922147,0.891821718895381,19.4684790146603
"NPIL_81923","BMAW01113614.1","410","482","+",73,0,0,2,0,0.537683650705716,2.69917582783982,4.89353184775603,0.551580312913985,0.581235927740693,0.891821718895381,6.4943080906042
"NPIL_81924","BMAW01113614.1","681","753","+",73,0,0,2,0,0.537683650705716,2.69917582783982,4.89353184775603,0.551580312913985,0.581235927740693,0.891821718895381,6.4943080906042
"NPIL_80240","BMAW01113825.1","105633","105734","-",102,0,0,0,0,0,NA,NA,NA,NA,NA,NA
"NPIL_81925","BMAW01113838.1","289354","289425","-",72,0,1,1,0,0.645194682415963,-0.303549482264933,4.80577217003751,-0.0631635191026054,0.949636294286282,0.982431541686559,-1.23417714392304
"NPIL_81926","BMAW01113848.1;BMAW01113848.1","2013;2108","2051;2145","-;-",77,0,0,2,0,0.537683650705716,2.69917582783982,4.89353184775603,0.551580312913985,0.581235927740693,0.891821718895381,6.4943080906042
"NPIL_81927","BMAW01113946.1;BMAW01113946.1","3215;3271","3252;3306","+;+",74,0,0,0,0,0,NA,NA,NA,NA,NA,NA
"NPIL_81928","BMAW01113946.1;BMAW01113946.1","3987;4043","4022;4081","-;-",75,0,0,0,0,0,NA,NA,NA,NA,NA,NA
"NPIL_81929","BMAW01114219.1","190192","190264","-",73,0,0,1,0,0.268841825352858,1.71066871988845,4.99654001345877,0.342370663555293,0.732071963045407,0.891821718895381,3.27312504586027
"NPIL_81930","BMAW01114321.1","373815","373900","-",86,0,0,0,0,0,NA,NA,NA,NA,NA,NA
"NPIL_81931_1","BMAW01114335.1","4009","4080","-",72,0,0,0,0,0,NA,NA,NA,NA,NA,NA
"NPIL_81932","BMAW01114397.1","1325","1396","+",72,0,0,0,0,0,NA,NA,NA,NA,NA,NA
"NPIL_81933","BMAW01114447.1","3","88","-",86,0,0,0,0,0,NA,NA,NA,NA,NA,NA
"NPIL_81934","BMAW01114672.1","2529","2600","-",72,0,0,0,0,0,NA,NA,NA,NA,NA,NA
"NPIL_81935","BMAW01114853.1","3688","3761","+",74,0,0,0,0,0,NA,NA,NA,NA,NA,NA
"NPIL_81936","BMAW01115022.1","282061","282138","-",78,0,0,0,0,0,NA,NA,NA,NA,NA,NA
"NPIL_81937","BMAW01115193.1","1359","1430","+",72,0,0,0,0,0,NA,NA,NA,NA,NA,NA
"NPIL_81945","BMAW01115234.1","4336","4408","-",73,0,0,0,0,0,NA,NA,NA,NA,NA,NA
"NPIL_81944","BMAW01115234.1","6303","6374","-",72,0,0,0,0,0,NA,NA,NA,NA,NA,NA
"NPIL_81943","BMAW01115234.1","8201","8272","-",72,0,0,0,0,0,NA,NA,NA,NA,NA,NA
"NPIL_81938","BMAW01115234.1","10649","10720","+",72,0,0,0,0,0,NA,NA,NA,NA,NA,NA
"NPIL_81939","BMAW01115234.1","12318","12394","+",77,0,0,0,0,0,NA,NA,NA,NA,NA,NA
"NPIL_81940","BMAW01115234.1","17786","17857","+",72,0,0,0,0,0,NA,NA,NA,NA,NA,NA
"NPIL_81941_1","BMAW01115234.1","21906","21977","+",72,0,0,0,0,0,NA,NA,NA,NA,NA,NA
"NPIL_81942","BMAW01115234.1","22588","22659","+",72,0,0,0,0,0,NA,NA,NA,NA,NA,NA
"NPIL_80202","BMAW01115337.1","77528","77634","-",107,0,0,0,0,0,NA,NA,NA,NA,NA,NA
"NPIL_81946","BMAW01115403.1","14765","14836","+",72,0,0,0,0,0,NA,NA,NA,NA,NA,NA
"NPIL_81947","BMAW01115403.1","16069","16141","+",73,0,0,0,0,0,NA,NA,NA,NA,NA,NA
"NPIL_81948","BMAW01115403.1","16485","16557","+",73,0,0,0,0,0,NA,NA,NA,NA,NA,NA
"NPIL_80183","BMAW01115456.1","18057","19574","+",1518,0,0,0,0,0,NA,NA,NA,NA,NA,NA
"NPIL_81949","BMAW01115532.1","33581","33651","-",71,0,0,0,0,0,NA,NA,NA,NA,NA,NA
"NPIL_81950","BMAW01115688.1","347","419","-",73,0,0,7,0,1.88189277747,4.50537950442079,4.57339525730654,0.98512795219764,0.324561224801803,0.891821718895381,22.7119473461765
"NPIL_81951_1","BMAW01115786.1","2349","2420","+",72,0,0,0,0,0,NA,NA,NA,NA,NA,NA
"NPIL_81952","BMAW01115822.1","3071","3142","+",72,0,0,0,0,0,NA,NA,NA,NA,NA,NA
"NPIL_80176","BMAW01115860.1","15962","16069","+",108,0,0,0,0,0,NA,NA,NA,NA,NA,NA
"NPIL_81953","BMAW01115994.1","452","523","+",72,0,2,49,1,14.2018300494389,4.23567092063398,3.59740709812936,1.17742329547204,0.239026596347328,0.891821718895381,18.839266898411
"NPIL_81954","BMAW01115994.1","1005","1086","+",82,0,0,26,0,6.9898874591743,6.39796652417207,4.79320211080898,1.33480007232415,0.18194178982622,0.891821718895381,84.3295601325138
"NPIL_81955","BMAW01116160.1;BMAW01116160.1","120368;120423","120401;120459","-;-",71,0,0,4,0,1.07536730141143,3.69835447649903,4.80822345381341,0.769172754141835,0.441790762514931,0.891821718895381,12.981223641005
"NPIL_81956","BMAW01116243.1","17304","17375","-",72,0,0,0,0,0,NA,NA,NA,NA,NA,NA
"NPIL_81957","BMAW01116426.1","10706","10778","+",73,0,0,0,0,0,NA,NA,NA,NA,NA,NA
"NPIL_81958","BMAW01116588.1","3623","3695","+",73,0,0,0,0,0,NA,NA,NA,NA,NA,NA
"NPIL_81961","BMAW01116588.1","5126","5197","-",72,0,0,4,0,1.07536730141143,3.69835447649903,4.80822345381341,0.769172754141835,0.441790762514931,0.891821718895381,12.981223641005
"NPIL_81960","BMAW01116588.1","9497","9568","-",72,0,1,0,0,0.376352857063105,-1.74918591944753,4.93135297991929,-0.354707100986342,0.722809030610026,0.891821718895381,-3.36168820023485
"NPIL_81959","BMAW01116588.1","18393","18465","+",73,0,3,0,0,1.12905857118931,-3.46360091259568,4.81676337878583,-0.719072256663094,0.472096400208687,0.891821718895381,-11.0318352566182
"NPIL_81962","BMAW01116778.1","297478","297550","+",73,0,0,0,0,0,NA,NA,NA,NA,NA,NA
"NPIL_81963","BMAW01116778.1","412041","412112","+",72,0,0,0,0,0,NA,NA,NA,NA,NA,NA
"NPIL_81969","BMAW01116778.1","413092","413163","-",72,0,0,3,0,0.806525476058573,3.28359165010455,4.85756473614397,0.675974861574595,0.499056605713363,0.891821718895381,9.73777151628258
"NPIL_81968","BMAW01116778.1","507092","507163","-",72,0,0,13,0,3.49494372958715,5.39820797599054,4.43515228425302,1.21714151623538,0.223550377162044,0.891821718895381,42.171837423852
"NPIL_81964","BMAW01116778.1;BMAW01116778.1","513885;513939","513921;513974","+;+",73,0,5,2,0,2.41944793602124,-1.78034752520079,4.09991147358853,-0.434240479744433,0.664113820680178,0.891821718895381,-3.43508911136076
"NPIL_81965","BMAW01116778.1;BMAW01116778.1","532321;532375","532357;532410","+;+",73,0,5,1,0,2.15060611066838,-2.76911806403535,4.21795791275969,-0.656506802891163,0.51149809189528,0.891821718895381,-6.81691060478684
"NPIL_81967","BMAW01116778.1;BMAW01116778.1","537651;537704","537686;537740","-;-",73,0,0,0,0,0,NA,NA,NA,NA,NA,NA
"NPIL_81966","BMAW01116778.1","546479","546550","+",72,0,0,0,0,0,NA,NA,NA,NA,NA,NA
"NPIL_81970","BMAW01116850.1","735","806","-",72,0,0,5,0,1.34420912676429,4.02013983356769,4.69792207260442,0.85572722821667,0.392148675749104,0.891821718895381,16.2249242051548
"NPIL_80219","BMAW01116866.1","1449","1560","+",112,0,22,54,1,23.0730963174653,0.844080772904042,3.62955656915926,0.232557547132972,0.816104995946391,0.940294886633885,1.79512060285505
"NPIL_81971_1","BMAW01117024.1","58136","58207","-",72,0,0,1,0,0.268841825352858,1.71066871988845,4.99654001345877,0.342370663555293,0.732071963045407,0.891821718895381,3.27312504586027
"NPIL_81972","BMAW01117397.1","38421","38493","-",73,1,0,0,0,0.134881737339154,-0.997931149943542,4.96248992082659,-0.201094846713023,0.840624411417429,0.95130218017309,-1.99713402025654
"NPIL_81973","BMAW01117431.1;BMAW01117431.1","56350;56419","56387;56464","+;+",84,0,0,2,0,0.537683650705716,2.69917582783982,4.89353184775603,0.551580312913985,0.581235927740693,0.891821718895381,6.4943080906042
"NPIL_81974","BMAW01117448.1","11459","11530","+",72,0,0,1,1,0.54471671837555,2.71619298456569,4.84059250598119,0.561128205113211,0.574710141700355,0.891821718895381,6.57136457703057
"NPIL_81975","BMAW01117454.1","1309","1381","+",73,0,0,0,0,0,NA,NA,NA,NA,NA,NA
"NPIL_80181_1","BMAW01117680.1","606288","606393","+",106,0,0,2,0,0.537683650705716,2.69917582783982,4.89353184775603,0.551580312913985,0.581235927740693,0.891821718895381,6.4943080906042
"NPIL_81976","BMAW01117713.1","518636","518709","+",74,0,0,0,0,0,NA,NA,NA,NA,NA,NA
"NPIL_81977","BMAW01117769.1","6656","6728","+",73,0,0,0,0,0,NA,NA,NA,NA,NA,NA
"NPIL_81978","BMAW01117897.1","236390","236471","+",82,1,0,0,0,0.134881737339154,-0.997931149943542,4.96248992082659,-0.201094846713023,0.840624411417429,0.95130218017309,-1.99713402025654
"NPIL_81979","BMAW01117897.1","241588","241669","+",82,0,2,4,0,1.82807301553764,0.574454591491154,4.15159450326075,0.138369629076242,0.889948298584572,0.967841534889611,1.48911439942507
"NPIL_81980","BMAW01117897.1","242525","242596","+",72,0,0,0,0,0,NA,NA,NA,NA,NA,NA
"NPIL_81981_1","BMAW01117897.1","249807","249878","+",72,0,0,1,0,0.268841825352858,1.71066871988845,4.99654001345877,0.342370663555293,0.732071963045407,0.891821718895381,3.27312504586027
"NPIL_81982","BMAW01117950.1","6635","6707","-",73,0,0,0,0,0,NA,NA,NA,NA,NA,NA
"NPIL_81983","BMAW01118203.1","4091","4162","+",72,0,0,0,0,0,NA,NA,NA,NA,NA,NA
"NPIL_81984","BMAW01118389.1","4475","4546","+",72,0,0,0,0,0,NA,NA,NA,NA,NA,NA
"NPIL_81985","BMAW01118488.1","409278","409348","-",71,0,0,0,0,0,NA,NA,NA,NA,NA,NA
"NPIL_81986","BMAW01118522.1","2168","2241","+",74,0,0,0,0,0,NA,NA,NA,NA,NA,NA
"NPIL_80288","BMAW01118564.1","447443","448718","-",1276,0,0,1,0,0.268841825352858,1.71066871988845,4.99654001345877,0.342370663555293,0.732071963045407,0.891821718895381,3.27312504586027
"NPIL_81987","BMAW01118578.1","3291","3363","+",73,0,0,1,0,0.268841825352858,1.71066871988845,4.99654001345877,0.342370663555293,0.732071963045407,0.891821718895381,3.27312504586027
"NPIL_81988","BMAW01118578.1","12585","12657","+",73,0,0,0,0,0,NA,NA,NA,NA,NA,NA
"NPIL_81989","BMAW01118578.1","14716","14788","+",73,0,0,0,0,0,NA,NA,NA,NA,NA,NA
"NPIL_81990","BMAW01118578.1","55172","55244","+",73,0,0,0,0,0,NA,NA,NA,NA,NA,NA
"NPIL_81991_1","BMAW01118669.1","920927","920999","-",73,0,2,3,0,1.55923119018478,0.158669708282786,4.20946555413706,0.0376935518873281,0.969932017193463,0.985668377354419,1.11625737590065
"NPIL_81992","BMAW01118832.1","94991","95062","-",72,0,3,9,0,3.54863499936504,1.14135164720452,4.00266284412371,0.285148085575115,0.775530691567946,0.900339757197484,2.20587592802505
"NPIL_81993","BMAW01118846.1","3280","3351","-",72,0,1,2,0,0.91403650776882,0.698848229026016,4.5098790662041,0.154959416597888,0.876853311627851,0.96553388221426,1.62320839206183
"NPIL_81994","BMAW01118898.1","1072","1143","+",72,0,0,0,0,0,NA,NA,NA,NA,NA,NA
"NPIL_81995","BMAW01119056.1","11166","11238","+",73,0,3,2,0,1.66674222189503,-1.02896664033478,4.19962942230835,-0.245013675461204,0.806445842551463,0.930722253798925,-2.04056213371098
"NPIL_81996","BMAW01119056.1","11740","11821","+",82,0,0,1,0,0.268841825352858,1.71066871988845,4.99654001345877,0.342370663555293,0.732071963045407,0.891821718895381,3.27312504586027
"NPIL_81997","BMAW01119056.1","16600","16681","+",82,0,0,0,0,0,NA,NA,NA,NA,NA,NA
"NPIL_81998","BMAW01119056.1","26199","26271","+",73,0,0,0,0,0,NA,NA,NA,NA,NA,NA
"NPIL_81999","BMAW01119056.1","26964","27045","+",82,0,0,0,0,0,NA,NA,NA,NA,NA,NA
"NPIL_82012","BMAW01119056.1","39061","39133","-",73,0,0,0,0,0,NA,NA,NA,NA,NA,NA
"NPIL_82000","BMAW01119056.1","55720","55792","+",73,0,0,0,0,0,NA,NA,NA,NA,NA,NA
"NPIL_82001","BMAW01119056.1","56231","56310","+",80,0,4,1,0,1.77425325360528,-2.44182197285808,4.2690160228265,-0.571987071447288,0.567330733450371,0.891821718895381,-5.43327463610775
"NPIL_82002","BMAW01119056.1","64778","64850","+",73,0,0,0,0,0,NA,NA,NA,NA,NA,NA
"NPIL_82003","BMAW01119056.1","72429","72501","+",73,0,0,0,0,0,NA,NA,NA,NA,NA,NA
"NPIL_82004","BMAW01119056.1","73053","73134","+",82,0,0,0,0,0,NA,NA,NA,NA,NA,NA
"NPIL_82005","BMAW01119056.1","95567","95639","+",73,0,0,0,0,0,NA,NA,NA,NA,NA,NA
"NPIL_82006","BMAW01119056.1","95929","96008","+",80,0,0,0,0,0,NA,NA,NA,NA,NA,NA
"NPIL_82011","BMAW01119056.1","103672","103751","-",80,0,0,0,0,0,NA,NA,NA,NA,NA,NA
"NPIL_82007","BMAW01119056.1","114986","115058","+",73,0,0,0,0,0,NA,NA,NA,NA,NA,NA
"NPIL_82008","BMAW01119056.1","158801","158873","+",73,0,0,0,0,0,NA,NA,NA,NA,NA,NA
"NPIL_82009","BMAW01119056.1","185519","185598","+",80,0,0,0,0,0,NA,NA,NA,NA,NA,NA
"NPIL_82010","BMAW01119056.1","194638","194717","-",80,0,0,0,0,0,NA,NA,NA,NA,NA,NA
"NPIL_82013","BMAW01119118.1","13831","13902","-",72,0,0,4,0,1.07536730141143,3.69835447649903,4.80822345381341,0.769172754141835,0.441790762514931,0.891821718895381,12.981223641005
"NPIL_82014","BMAW01119221.1","85","157","+",73,0,0,0,0,0,NA,NA,NA,NA,NA,NA
"NPIL_82015","BMAW01119305.1","453375","453446","+",72,2,0,0,0,0.269763474678307,-1.63527295492516,4.93518650102935,-0.331349778693081,0.740380294932015,0.891821718895381,-3.10646318083294
"NPIL_82016","BMAW01119305.1","453532","453603","-",72,0,0,2,0,0.537683650705716,2.69917582783982,4.89353184775603,0.551580312913985,0.581235927740693,0.891821718895381,6.4943080906042
"NPIL_82017","BMAW01119534.1","6267","6338","+",72,0,0,0,0,0,NA,NA,NA,NA,NA,NA
"NPIL_82018","BMAW01119534.1","17425","17496","+",72,0,0,0,0,0,NA,NA,NA,NA,NA,NA
"NPIL_82020","BMAW01119534.1","33844","33915","-",72,0,0,0,0,0,NA,NA,NA,NA,NA,NA
"NPIL_82019","BMAW01119534.1","44815","44886","-",72,0,0,0,0,0,NA,NA,NA,NA,NA,NA
"NPIL_82021","BMAW01119587.1","14406","14478","-",73,0,0,0,0,0,NA,NA,NA,NA,NA,NA
"NPIL_82024","BMAW01119673.1","63984","64055","-",72,0,0,0,0,0,NA,NA,NA,NA,NA,NA
"NPIL_82023","BMAW01119673.1","75446","75517","-",72,0,0,0,0,0,NA,NA,NA,NA,NA,NA
"NPIL_82022","BMAW01119673.1","75683","75754","+",72,2,5,4,0,3.22689506140526,-0.978579456376405,3.5906733951763,-0.272533686213573,0.78521169330192,0.909261944008442,-1.97052418505705
"NPIL_82025","BMAW01119744.1","170636","170708","-",73,0,0,0,0,0,NA,NA,NA,NA,NA,NA
"NPIL_82026","BMAW01120117.1","1136","1217","+",82,0,0,8,0,2.15073460282286,4.69795996455743,4.53500157820756,1.03593347952357,0.300233177185137,0.891821718895381,25.9553486957577
"NPIL_82027","BMAW01120202.1","2397","2469","+",73,0,0,0,0,0,NA,NA,NA,NA,NA,NA
"NPIL_82028","BMAW01120204.1","6897","6968","+",72,0,0,0,0,0,NA,NA,NA,NA,NA,NA
"NPIL_82030","BMAW01120318.1","14412","14484","-",73,32,120,64,8,68.8914344091899,-1.34835194748815,3.05046065355623,-0.44201584633332,0.658477739065386,0.891821718895381,-2.54621094654094
"NPIL_82029","BMAW01120318.1","16033","16106","-",74,0,38,49,0,27.474658010688,-0.115983205950311,4.57087133139535,-0.0253744193483794,0.979756314939647,0.989439933946866,-1.08371335153712
"NPIL_80168","BMAW01120318.1","32711","33588","+",878,1934,5650,1209,7920,4897.21384201179,0.0723913703354623,3.01174666603958,0.0240363411543695,0.980823621024252,0.989439933946866,1.05145810706017
"NPIL_82031_1","BMAW01120470.1","29029","29100","-",72,0,0,1,0,0.268841825352858,1.71066871988845,4.99654001345877,0.342370663555293,0.732071963045407,0.891821718895381,3.27312504586027
"NPIL_82036","BMAW01120808.1","1215461","1215532","-",72,0,0,0,0,0,NA,NA,NA,NA,NA,NA
"NPIL_82035","BMAW01120808.1","1310838","1310909","-",72,1,0,3,0,0.941407213397727,2.01039764872886,4.45494693887111,0.451273085025406,0.651792740764262,0.891821718895381,4.02893253822949
"NPIL_82032","BMAW01120808.1","1361170","1361241","+",72,0,0,0,0,0,NA,NA,NA,NA,NA,NA
"NPIL_82034","BMAW01120808.1","1380156","1380227","-",72,0,0,1,0,0.268841825352858,1.71066871988845,4.99654001345877,0.342370663555293,0.732071963045407,0.891821718895381,3.27312504586027
"NPIL_82033","BMAW01120808.1","1411069","1411140","-",72,0,0,0,0,0,NA,NA,NA,NA,NA,NA
"NPIL_82037","BMAW01120837.1","50424","50496","-",73,0,0,0,0,0,NA,NA,NA,NA,NA,NA
"NPIL_82038","BMAW01120975.1","2778271","2778343","-",73,0,0,2,0,0.537683650705716,2.69917582783982,4.89353184775603,0.551580312913985,0.581235927740693,0.891821718895381,6.4943080906042
"NPIL_80234","BMAW01121092.1","415899","416001","-",103,0,0,0,0,0,NA,NA,NA,NA,NA,NA
"NPIL_82039","BMAW01121265.1","193104","193177","+",74,2,3,2,0,1.93650569657334,-1.35191453687723,3.72334947733133,-0.363090960198074,0.716536937214833,0.891821718895381,-2.5525063264755
"NPIL_82040","BMAW01121265.1","193618","193691","+",74,0,0,0,0,0,NA,NA,NA,NA,NA,NA
"NPIL_82041_1","BMAW01121265.1","198738","198811","+",74,0,0,4,0,1.07536730141143,3.69835447649903,4.80822345381341,0.769172754141835,0.441790762514931,0.891821718895381,12.981223641005
"NPIL_82043","BMAW01121388.1;BMAW01121388.1","28065;28422","28110;28458","-;-",83,0,0,0,0,0,NA,NA,NA,NA,NA,NA
"NPIL_82042","BMAW01121388.1;BMAW01121388.1","37386;37745","37422;37792","+;+",85,0,0,1,0,0.268841825352858,1.71066871988845,4.99654001345877,0.342370663555293,0.732071963045407,0.891821718895381,3.27312504586027
"NPIL_82044","BMAW01121462.1;BMAW01121462.1","330789;330852","330842;330885","-;-",88,0,0,0,0,0,NA,NA,NA,NA,NA,NA
"NPIL_82054","BMAW01121492.1;BMAW01121492.1","89;142","124;178","-;-",73,0,0,14,0,3.76378555494001,5.50509925571382,4.42461353026796,1.24419889286476,0.213426371139891,0.891821718895381,45.4150717942009
"NPIL_82053","BMAW01121492.1","1335","1406","-",72,0,0,2,0,0.537683650705716,2.69917582783982,4.89353184775603,0.551580312913985,0.581235927740693,0.891821718895381,6.4943080906042
"NPIL_82052","BMAW01121492.1","1412","1483","-",72,0,0,2,0,0.537683650705716,2.69917582783982,4.89353184775603,0.551580312913985,0.581235927740693,0.891821718895381,6.4943080906042
"NPIL_82051_1","BMAW01121492.1","3052","3123","-",72,0,0,0,0,0,NA,NA,NA,NA,NA,NA
"NPIL_82050","BMAW01121492.1;BMAW01121492.1","3412;3465","3447;3501","-;-",73,0,0,18,1,5.11502774937413,5.94762279796547,3.98055013590817,1.49417105548113,0.135130915820288,0.891821718895381,61.7181450918375
"NPIL_82049","BMAW01121492.1","4665","4733","-",69,0,0,0,0,0,NA,NA,NA,NA,NA,NA
"NPIL_82048","BMAW01121492.1;BMAW01121492.1","5010;5061","5045;5097","-;-",73,0,0,0,0,0,NA,NA,NA,NA,NA,NA
"NPIL_82047","BMAW01121492.1","6286","6354","-",69,0,0,0,0,0,NA,NA,NA,NA,NA,NA
"NPIL_82046","BMAW01121492.1;BMAW01121492.1","6631;6683","6666;6718","-;-",72,0,0,0,0,0,NA,NA,NA,NA,NA,NA
"NPIL_82045","BMAW01121492.1","7912","7982","-",71,0,0,0,0,0,NA,NA,NA,NA,NA,NA
"NPIL_80127","BMAW01121667.1","2043","2627","-",585,1,0,2,2,1.22431517409025,2.43891739110088,3.91125317389374,0.623564183310814,0.532913838719836,0.891821718895381,5.42234681405149
"NPIL_82055","BMAW01121701.1","1515","1586","-",72,0,0,0,0,0,NA,NA,NA,NA,NA,NA
"NPIL_82056","BMAW01122076.1","324821","324908","-",88,0,0,0,0,0,NA,NA,NA,NA,NA,NA
"NPIL_82058","BMAW01122510.1","14970","15042","-",73,0,0,1,0,0.268841825352858,1.71066871988845,4.99654001345877,0.342370663555293,0.732071963045407,0.891821718895381,3.27312504586027
"NPIL_82057","BMAW01122510.1","16390","16462","+",73,0,0,0,0,0,NA,NA,NA,NA,NA,NA
"NPIL_82059","BMAW01122535.1","99710","99793","-",84,0,0,0,0,0,NA,NA,NA,NA,NA,NA
"NPIL_82060","BMAW01122833.1","4116","4186","+",71,0,0,0,0,0,NA,NA,NA,NA,NA,NA
"NPIL_80137","BMAW01123428.1","61187","61285","-",99,0,0,3,0,0.806525476058573,3.28359165010455,4.85756473614397,0.675974861574595,0.499056605713363,0.891821718895381,9.73777151628258
"NPIL_80179","BMAW01123621.1","7545","8437","-",893,0,0,3,0,0.806525476058573,3.28359165010455,4.85756473614397,0.675974861574595,0.499056605713363,0.891821718895381,9.73777151628258
"NPIL_82061_1","BMAW01123891.1","8274","8345","-",72,0,0,2,0,0.537683650705716,2.69917582783982,4.89353184775603,0.551580312913985,0.581235927740693,0.891821718895381,6.4943080906042
"NPIL_82062","BMAW01124000.1","1514","1585","+",72,0,0,0,0,0,NA,NA,NA,NA,NA,NA
"NPIL_82063","BMAW01124090.1","2","71","+",70,0,0,9,0,2.41957642817572,4.86783234049204,4.50561191740474,1.08039316961323,0.279967136168575,0.891821718895381,29.1987021757515
"NPIL_82064","BMAW01124090.1","565","636","+",72,0,0,19,0,5.1079946817043,5.94551702836148,4.79631697419797,1.2396005227231,0.2151231872298,0.891821718895381,61.6281264891577
"NPIL_82065","BMAW01124090.1","1363","1434","+",72,0,0,3,0,0.806525476058573,3.28359165010455,4.85756473614397,0.675974861574595,0.499056605713363,0.891821718895381,9.73777151628258
"NPIL_82066","BMAW01124090.1","1583","1653","+",71,0,0,0,0,0,NA,NA,NA,NA,NA,NA
"NPIL_82067","BMAW01124247.1","2627","2698","+",72,0,0,0,0,0,NA,NA,NA,NA,NA,NA
"NPIL_82078","BMAW01124261.1","704587","704658","-",72,0,0,0,0,0,NA,NA,NA,NA,NA,NA
"NPIL_82077","BMAW01124261.1","704669","704741","-",73,0,0,3,0,0.806525476058573,3.28359165010455,4.85756473614397,0.675974861574595,0.499056605713363,0.891821718895381,9.73777151628258
"NPIL_82068","BMAW01124261.1","746168","746240","+",73,0,0,0,0,0,NA,NA,NA,NA,NA,NA
"NPIL_82069","BMAW01124261.1","746251","746322","+",72,0,0,3,0,0.806525476058573,3.28359165010455,4.85756473614397,0.675974861574595,0.499056605713363,0.891821718895381,9.73777151628258
"NPIL_82070","BMAW01124261.1","780447","780519","+",73,0,0,0,0,0,NA,NA,NA,NA,NA,NA
"NPIL_82071_1","BMAW01124261.1","780530","780601","+",72,0,0,0,0,0,NA,NA,NA,NA,NA,NA
"NPIL_82076","BMAW01124261.1","788634","788705","-",72,0,0,0,0,0,NA,NA,NA,NA,NA,NA
"NPIL_82075","BMAW01124261.1","788716","788788","-",73,0,0,0,0,0,NA,NA,NA,NA,NA,NA
"NPIL_82072","BMAW01124261.1","1068150","1068221","+",72,0,0,0,0,0,NA,NA,NA,NA,NA,NA
"NPIL_82073","BMAW01124261.1","1092979","1093051","+",73,0,0,2,0,0.537683650705716,2.69917582783982,4.89353184775603,0.551580312913985,0.581235927740693,0.891821718895381,6.4943080906042
"NPIL_82074","BMAW01124261.1","1093062","1093133","+",72,0,2,3,0,1.55923119018478,0.158669708282786,4.20946555413706,0.0376935518873281,0.969932017193463,0.985668377354419,1.11625737590065
"NPIL_82079","BMAW01124377.1;BMAW01124377.1","2583;2631","2621;2664","-;-",73,0,0,0,0,0,NA,NA,NA,NA,NA,NA
"NPIL_82080","BMAW01124538.1","28187","28257","-",71,0,13,14,0,8.65637269676037,-0.371006490579739,4.59044601985827,-0.0808214471915724,0.935583951472197,0.981152728408438,-1.29325475013317
"NPIL_82085","BMAW01124752.1","212","283","-",72,0,0,8,0,2.15073460282286,4.69795996455743,4.53500157820756,1.03593347952357,0.300233177185137,0.891821718895381,25.9553486957577
"NPIL_82084","BMAW01124752.1;BMAW01124752.1","1028;1080","1063;1116","-;-",73,0,0,6,0,1.61305095211715,4.28306827202617,4.62524315841106,0.926020130257878,0.354435518922147,0.891821718895381,19.4684790146603
"NPIL_82083","BMAW01124752.1","1677","1748","-",72,0,0,25,0,6.72104563382145,6.34138999571786,4.79354040540982,1.32290321128016,0.18586756727709,0.891821718895381,81.0865089403363
"NPIL_82082","BMAW01124752.1","1754","1825","-",72,0,0,6,0,1.61305095211715,4.28306827202617,4.62524315841106,0.926020130257878,0.354435518922147,0.891821718895381,19.4684790146603
"NPIL_82081_1","BMAW01124752.1","2734","2805","-",72,0,0,0,0,0,NA,NA,NA,NA,NA,NA
"NPIL_82086","BMAW01124769.1","9","90","-",82,0,0,0,0,0,NA,NA,NA,NA,NA,NA
"NPIL_82087","BMAW01124782.1","1550","1621","-",72,0,0,2,0,0.537683650705716,2.69917582783982,4.89353184775603,0.551580312913985,0.581235927740693,0.891821718895381,6.4943080906042
"NPIL_82093","BMAW01124864.1","50645","50716","-",72,2,0,1,0,0.538605300031165,-0.198717720687926,4.89460465738588,-0.0405993404161997,0.967615309996296,0.985668377354419,-1.14767783596664
"NPIL_82088","BMAW01124864.1","300318","300389","+",72,0,0,3,0,0.806525476058573,3.28359165010455,4.85756473614397,0.675974861574595,0.499056605713363,0.891821718895381,9.73777151628258
"NPIL_82092","BMAW01124864.1;BMAW01124864.1","302259;302306","302296;302340","-;-",73,0,0,1,0,0.268841825352858,1.71066871988845,4.99654001345877,0.342370663555293,0.732071963045407,0.891821718895381,3.27312504586027
"NPIL_82091_1","BMAW01124864.1","304037","304108","-",72,0,0,1,0,0.268841825352858,1.71066871988845,4.99654001345877,0.342370663555293,0.732071963045407,0.891821718895381,3.27312504586027
"NPIL_82089","BMAW01124864.1","306476","306547","+",72,0,0,2,0,0.537683650705716,2.69917582783982,4.89353184775603,0.551580312913985,0.581235927740693,0.891821718895381,6.4943080906042
"NPIL_82090","BMAW01124864.1","312358","312429","+",72,0,0,2,0,0.537683650705716,2.69917582783982,4.89353184775603,0.551580312913985,0.581235927740693,0.891821718895381,6.4943080906042
"NPIL_82094","BMAW01124985.1;BMAW01124985.1","565;621","602;656","+;+",74,0,0,4,0,1.07536730141143,3.69835447649903,4.80822345381341,0.769172754141835,0.441790762514931,0.891821718895381,12.981223641005
"NPIL_82095","BMAW01124985.1;BMAW01124985.1","1130;1186","1167;1221","+;+",74,0,0,1,0,0.268841825352858,1.71066871988845,4.99654001345877,0.342370663555293,0.732071963045407,0.891821718895381,3.27312504586027
"NPIL_82096","BMAW01124992.1","459","532","+",74,0,0,0,0,0,NA,NA,NA,NA,NA,NA
"NPIL_82097","BMAW01125100.1","46346","46417","-",72,0,0,4,0,1.07536730141143,3.69835447649903,4.80822345381341,0.769172754141835,0.441790762514931,0.891821718895381,12.981223641005
"NPIL_82098","BMAW01125188.1","355086","355157","+",72,0,0,4,0,1.07536730141143,3.69835447649903,4.80822345381341,0.769172754141835,0.441790762514931,0.891821718895381,12.981223641005
"NPIL_82099","BMAW01125188.1","412449","412519","+",71,0,0,0,0,0,NA,NA,NA,NA,NA,NA
"NPIL_82101_1","BMAW01125188.1","434318","434388","-",71,0,0,0,1,0.275874893022692,1.72943856790818,4.99520260504393,0.346219904306159,0.729177457202404,0.891821718895381,3.31598749878361
"NPIL_82100","BMAW01125188.1","543593","543663","+",71,0,0,0,0,0,NA,NA,NA,NA,NA,NA
"NPIL_82102","BMAW01125327.1","1163","1234","+",72,0,0,0,0,0,NA,NA,NA,NA,NA,NA
"NPIL_82103","BMAW01125366.1","98408","98479","-",72,0,0,0,0,0,NA,NA,NA,NA,NA,NA
"NPIL_82104","BMAW01125419.1","202519","202590","+",72,0,0,0,0,0,NA,NA,NA,NA,NA,NA
"NPIL_82105","BMAW01125487.1","791","863","-",73,0,0,0,0,0,NA,NA,NA,NA,NA,NA
"NPIL_82110","BMAW01125712.1","10043","10114","-",72,0,0,1,0,0.268841825352858,1.71066871988845,4.99654001345877,0.342370663555293,0.732071963045407,0.891821718895381,3.27312504586027
"NPIL_82109","BMAW01125712.1","10625","10696","-",72,0,0,13,0,3.49494372958715,5.39820797599054,4.43515228425302,1.21714151623538,0.223550377162044,0.891821718895381,42.171837423852
"NPIL_82108","BMAW01125712.1","12267","12338","-",72,0,0,2,0,0.537683650705716,2.69917582783982,4.89353184775603,0.551580312913985,0.581235927740693,0.891821718895381,6.4943080906042
"NPIL_82107","BMAW01125712.1","13972","14043","-",72,0,0,18,0,4.83915285635144,5.86759750281111,4.39591465527025,1.33478421738158,0.181946980455291,0.891821718895381,58.3878993663697
"NPIL_82106","BMAW01125712.1","14450","14521","-",72,0,0,5,0,1.34420912676429,4.02013983356769,4.69792207260442,0.85572722821667,0.392148675749104,0.891821718895381,16.2249242051548
"NPIL_82111_1","BMAW01125715.1","6693","6766","+",74,0,0,0,0,0,NA,NA,NA,NA,NA,NA
"NPIL_82112","BMAW01125715.1","14056","14129","-",74,0,0,0,0,0,NA,NA,NA,NA,NA,NA
"NPIL_82113","BMAW01125733.1","2757","2828","-",72,0,0,2,0,0.537683650705716,2.69917582783982,4.89353184775603,0.551580312913985,0.581235927740693,0.891821718895381,6.4943080906042
"NPIL_82114","BMAW01125833.1","33207","33280","-",74,0,0,0,0,0,NA,NA,NA,NA,NA,NA
"NPIL_82115","BMAW01125843.1","517","589","+",73,0,0,0,0,0,NA,NA,NA,NA,NA,NA
"NPIL_82123","BMAW01125893.1","4340","4413","-",74,0,0,0,0,0,NA,NA,NA,NA,NA,NA
"NPIL_82122","BMAW01125893.1","6314","6385","-",72,0,0,0,0,0,NA,NA,NA,NA,NA,NA
"NPIL_82121_1","BMAW01125893.1","8212","8283","-",72,0,0,0,0,0,NA,NA,NA,NA,NA,NA
"NPIL_82116","BMAW01125893.1","10602","10673","+",72,0,0,0,0,0,NA,NA,NA,NA,NA,NA
"NPIL_82117","BMAW01125893.1","12292","12363","+",72,0,0,0,0,0,NA,NA,NA,NA,NA,NA
"NPIL_82118","BMAW01125893.1","15636","15707","+",72,0,0,0,0,0,NA,NA,NA,NA,NA,NA
"NPIL_82119","BMAW01125893.1","19807","19878","+",72,0,0,0,0,0,NA,NA,NA,NA,NA,NA
"NPIL_82120","BMAW01125893.1","20490","20561","+",72,0,0,0,0,0,NA,NA,NA,NA,NA,NA
"NPIL_82124","BMAW01126107.1","1935","2020","+",86,0,0,0,0,0,NA,NA,NA,NA,NA,NA
"NPIL_82126","BMAW01126116.1","457","529","-",73,0,0,0,0,0,NA,NA,NA,NA,NA,NA
"NPIL_82125","BMAW01126116.1","1078","1150","-",73,0,0,0,0,0,NA,NA,NA,NA,NA,NA
"NPIL_82127","BMAW01126157.1","73","144","+",72,0,0,0,0,0,NA,NA,NA,NA,NA,NA
"NPIL_82128","BMAW01126260.1","13514","13586","+",73,0,0,0,0,0,NA,NA,NA,NA,NA,NA
"NPIL_82130","BMAW01126281.1","64645","64716","-",72,0,0,0,0,0,NA,NA,NA,NA,NA,NA
"NPIL_82129","BMAW01126281.1","64721","64792","-",72,0,0,0,0,0,NA,NA,NA,NA,NA,NA
"NPIL_82131_1","BMAW01126433.1","18928","19007","-",80,0,0,0,0,0,NA,NA,NA,NA,NA,NA
"NPIL_80199","BMAW01126471.1","49596","49700","-",105,0,0,0,0,0,NA,NA,NA,NA,NA,NA
"NPIL_82132","BMAW01126506.1","1774","1845","+",72,0,0,5,0,1.34420912676429,4.02013983356769,4.69792207260442,0.85572722821667,0.392148675749104,0.891821718895381,16.2249242051548
"NPIL_82134","BMAW01126575.1","58001","58072","-",72,0,0,0,0,0,NA,NA,NA,NA,NA,NA
"NPIL_82133","BMAW01126575.1","58084","58156","-",73,0,0,0,0,0,NA,NA,NA,NA,NA,NA
"NPIL_82135","BMAW01126931.1","65794","65867","-",74,0,0,0,0,0,NA,NA,NA,NA,NA,NA
"NPIL_82136","BMAW01126995.1;BMAW01126995.1","84951;84998","84984;85028","+;+",65,0,0,0,0,0,NA,NA,NA,NA,NA,NA
"NPIL_82137","BMAW01126999.1","285","357","+",73,0,2,49,0,13.9259551564162,4.17470955166212,4.64480975844642,0.89879021289743,0.368764414165112,0.891821718895381,18.0597942508599
"NPIL_82138","BMAW01126999.1","1079","1151","+",73,0,0,1,0,0.268841825352858,1.71066871988845,4.99654001345877,0.342370663555293,0.732071963045407,0.891821718895381,3.27312504586027
"NPIL_82139","BMAW01127186.1","86","157","-",72,0,0,0,0,0,NA,NA,NA,NA,NA,NA
"NPIL_82140","BMAW01127500.1","1088","1160","-",73,0,0,0,0,0,NA,NA,NA,NA,NA,NA
"NPIL_80264","BMAW01127596.1","2980","3086","-",107,0,0,0,0,0,NA,NA,NA,NA,NA,NA
"NPIL_82141_1","BMAW01127634.1","2030","2101","+",72,0,0,0,0,0,NA,NA,NA,NA,NA,NA
"NPIL_82142","BMAW01127634.1","2585","2656","+",72,0,0,0,0,0,NA,NA,NA,NA,NA,NA
"NPIL_82143","BMAW01127769.1","6","77","+",72,0,0,0,0,0,NA,NA,NA,NA,NA,NA
"NPIL_82144","BMAW01127769.1","3372","3443","+",72,0,0,0,0,0,NA,NA,NA,NA,NA,NA
"NPIL_82145","BMAW01127769.1","3877","3948","+",72,0,0,0,0,0,NA,NA,NA,NA,NA,NA
"NPIL_82146","BMAW01128098.1","7285","7358","+",74,0,0,0,0,0,NA,NA,NA,NA,NA,NA
"NPIL_82147","BMAW01128463.1","492968","493040","+",73,0,2,2,0,1.29038936483193,-0.427078948446214,4.29983812078598,-0.0993244248851272,0.920880686048255,0.976999608286085,-1.34450856753788
"NPIL_82148","BMAW01128463.1;BMAW01128463.1","504013;504066","504049;504101","+;+",73,0,0,0,0,0,NA,NA,NA,NA,NA,NA
"NPIL_82149","BMAW01128463.1;BMAW01128463.1","504562;504615","504598;504650","+;+",73,0,0,1,0,0.268841825352858,1.71066871988845,4.99654001345877,0.342370663555293,0.732071963045407,0.891821718895381,3.27312504586027
"NPIL_82163","BMAW01128463.1;BMAW01128463.1","635752;635804","635787;635840","-;-",73,0,0,2,0,0.537683650705716,2.69917582783982,4.89353184775603,0.551580312913985,0.581235927740693,0.891821718895381,6.4943080906042
"NPIL_82150","BMAW01128463.1;BMAW01128463.1","656668;656721","656704;656756","+;+",73,0,0,0,0,0,NA,NA,NA,NA,NA,NA
"NPIL_82162","BMAW01128463.1;BMAW01128463.1","673046;673097","673080;673136","-;-",75,0,0,0,0,0,NA,NA,NA,NA,NA,NA
"NPIL_82161_1","BMAW01128463.1;BMAW01128463.1","673544;673593","673577;673629","-;-",71,0,0,0,0,0,NA,NA,NA,NA,NA,NA
"NPIL_82160","BMAW01128463.1;BMAW01128463.1","674548;674597","674583;674633","-;-",73,0,0,0,0,0,NA,NA,NA,NA,NA,NA
"NPIL_82159","BMAW01128463.1;BMAW01128463.1","675056;675106","675091;675142","-;-",73,0,0,0,0,0,NA,NA,NA,NA,NA,NA
"NPIL_82158","BMAW01128463.1;BMAW01128463.1","676069;676119","676103;676155","-;-",72,0,0,0,0,0,NA,NA,NA,NA,NA,NA
"NPIL_82157","BMAW01128463.1;BMAW01128463.1","677065;677117","677099;677153","-;-",72,0,0,0,0,0,NA,NA,NA,NA,NA,NA
"NPIL_82156","BMAW01128463.1;BMAW01128463.1","677563;677611","677595;677648","-;-",71,0,0,0,0,0,NA,NA,NA,NA,NA,NA
"NPIL_82155","BMAW01128463.1;BMAW01128463.1","678080;678132","678115;678167","-;-",72,0,0,0,0,0,NA,NA,NA,NA,NA,NA
"NPIL_82154","BMAW01128463.1;BMAW01128463.1","678589;678637","678620;678673","-;-",69,0,0,0,0,0,NA,NA,NA,NA,NA,NA
"NPIL_82153","BMAW01128463.1;BMAW01128463.1","679124;679176","679159;679212","-;-",73,1,2,56,0,15.9427296712254,4.12813892500062,3.60254370156119,1.14589558572507,0.251838357951753,0.891821718895381,17.4861275794623
"NPIL_82152","BMAW01128463.1;BMAW01128463.1","679638;679690","679673;679726","-;-",73,1,2,33,0,9.75936768810967,3.36550238803832,3.59657013543345,0.935753304205401,0.349400218829861,0.891821718895381,10.3066414811764
"NPIL_82151_1","BMAW01128463.1;BMAW01128463.1","680175;680227","680210;680261","-;-",71,0,0,2,0,0.537683650705716,2.69917582783982,4.89353184775603,0.551580312913985,0.581235927740693,0.891821718895381,6.4943080906042
"NPIL_82164","BMAW01128516.1","88","156","-",69,0,0,0,0,0,NA,NA,NA,NA,NA,NA
"NPIL_82166","BMAW01128585.1","150473","150544","-",72,0,0,0,0,0,NA,NA,NA,NA,NA,NA
"NPIL_82165","BMAW01128585.1","150620","150691","-",72,0,0,1,0,0.268841825352858,1.71066871988845,4.99654001345877,0.342370663555293,0.732071963045407,0.891821718895381,3.27312504586027
"NPIL_82167","BMAW01128623.1","11281","11354","+",74,0,0,2,0,0.537683650705716,2.69917582783982,4.89353184775603,0.551580312913985,0.581235927740693,0.891821718895381,6.4943080906042
"NPIL_82171_1","BMAW01128642.1","23796","23867","-",72,0,0,0,0,0,NA,NA,NA,NA,NA,NA
"NPIL_82170","BMAW01128642.1","25198","25269","-",72,0,0,0,0,0,NA,NA,NA,NA,NA,NA
"NPIL_82169","BMAW01128642.1","28061","28132","-",72,0,0,0,0,0,NA,NA,NA,NA,NA,NA
"NPIL_82168","BMAW01128642.1","32077","32148","-",72,0,0,0,0,0,NA,NA,NA,NA,NA,NA
"NPIL_82172","BMAW01128645.1","229524","229595","+",72,0,0,0,0,0,NA,NA,NA,NA,NA,NA
"NPIL_82173","BMAW01128667.1","1702704","1702775","-",72,0,0,0,0,0,NA,NA,NA,NA,NA,NA
"NPIL_82176","BMAW01128941.1","173062","173134","-",73,0,0,0,0,0,NA,NA,NA,NA,NA,NA
"NPIL_82175","BMAW01128941.1","177625","177697","-",73,0,1,1,1,0.921069575438655,0.747986263558406,4.13338269107862,0.180962257661948,0.856397200879505,0.959851402387593,1.67944699516624
"NPIL_82174","BMAW01128941.1","285197","285270","-",74,0,0,0,0,0,NA,NA,NA,NA,NA,NA
"NPIL_82177","BMAW01129062.1","49848","49919","+",72,0,0,0,0,0,NA,NA,NA,NA,NA,NA
"NPIL_80128","BMAW01129147.1","1307","1418","-",112,0,0,1,0,0.268841825352858,1.71066871988845,4.99654001345877,0.342370663555293,0.732071963045407,0.891821718895381,3.27312504586027
"NPIL_82189","BMAW01129202.1","9304","9376","-",73,0,0,0,0,0,NA,NA,NA,NA,NA,NA
"NPIL_82178","BMAW01129202.1","50166","50238","+",73,0,0,0,0,0,NA,NA,NA,NA,NA,NA
"NPIL_82179","BMAW01129202.1","77417","77489","+",73,0,0,0,2,0.551749786045384,2.73304445395152,4.89103494176563,0.558786532194536,0.57630741495506,0.891821718895381,6.64857175290645
"NPIL_82180","BMAW01129202.1","82623","82695","+",73,0,0,0,0,0,NA,NA,NA,NA,NA,NA
"NPIL_82181_1","BMAW01129202.1","85644","85716","+",73,0,0,3,0,0.806525476058573,3.28359165010455,4.85756473614397,0.675974861574595,0.499056605713363,0.891821718895381,9.73777151628258
"NPIL_82188","BMAW01129202.1","90757","90829","-",73,0,0,0,0,0,NA,NA,NA,NA,NA,NA
"NPIL_82187","BMAW01129202.1","95288","95360","-",73,0,0,2,0,0.537683650705716,2.69917582783982,4.89353184775603,0.551580312913985,0.581235927740693,0.891821718895381,6.4943080906042
"NPIL_82186","BMAW01129202.1","97078","97150","-",73,0,0,0,0,0,NA,NA,NA,NA,NA,NA
"NPIL_82185","BMAW01129202.1","116753","116825","-",73,0,0,0,0,0,NA,NA,NA,NA,NA,NA
"NPIL_82182","BMAW01129202.1","150251","150323","+",73,0,0,0,0,0,NA,NA,NA,NA,NA,NA
"NPIL_82183","BMAW01129202.1","253879","253951","+",73,3,0,0,0,0.404645212017461,-2.08527808025581,4.91070681777757,-0.424639091201038,0.671099791559192,0.891821718895381,-4.24356883685501
"NPIL_82184","BMAW01129202.1","254662","254734","-",73,0,0,0,0,0,NA,NA,NA,NA,NA,NA
"NPIL_82190","BMAW01129271.1","155049","155140","+",92,0,0,0,0,0,NA,NA,NA,NA,NA,NA
"NPIL_82191_1","BMAW01129514.1","292","371","+",80,0,0,0,0,0,NA,NA,NA,NA,NA,NA
"NPIL_82192","BMAW01129554.1","77075","77146","+",72,0,0,2,0,0.537683650705716,2.69917582783982,4.89353184775603,0.551580312913985,0.581235927740693,0.891821718895381,6.4943080906042
"NPIL_82193","BMAW01129632.1","48154","48225","+",72,0,0,0,0,0,NA,NA,NA,NA,NA,NA
"NPIL_82194","BMAW01129673.1","367818","367890","+",73,0,0,1,0,0.268841825352858,1.71066871988845,4.99654001345877,0.342370663555293,0.732071963045407,0.891821718895381,3.27312504586027
"NPIL_82195","BMAW01129743.1;BMAW01129743.1","58250;58297","58285;58336","-;-",76,0,0,1,0,0.268841825352858,1.71066871988845,4.99654001345877,0.342370663555293,0.732071963045407,0.891821718895381,3.27312504586027
"NPIL_82196","BMAW01129875.1","103059","103132","+",74,0,0,0,0,0,NA,NA,NA,NA,NA,NA
"NPIL_82197","BMAW01129966.1","827549","827635","+",87,0,0,0,0,0,NA,NA,NA,NA,NA,NA
"NPIL_82198","BMAW01130140.1;BMAW01130140.1","371350;371398","371393;371451","+;+",98,0,0,0,0,0,NA,NA,NA,NA,NA,NA
"NPIL_82199","BMAW01130173.1","904689","904761","+",73,0,1,1,0,0.645194682415963,-0.303549482264933,4.80577217003751,-0.0631635191026054,0.949636294286282,0.982431541686559,-1.23417714392304
"NPIL_82200","BMAW01130254.1;BMAW01130254.1","691;761","728;806","+;+",84,0,0,9,0,2.41957642817572,4.86783234049204,4.50561191740474,1.08039316961323,0.279967136168575,0.891821718895381,29.1987021757515
"NPIL_82201_1","BMAW01130314.1","147","219","+",73,0,0,0,0,0,NA,NA,NA,NA,NA,NA
"NPIL_80150","BMAW01130422.1","5178","6819","+",1642,830,200,216,429,363.642576787071,-0.0857965123938713,2.89563357618069,-0.0296296165024568,0.976362445124852,0.989439933946866,-1.06127350909614
"NPIL_82205","BMAW01130750.1","1","72","-",72,0,0,2,1,0.813558543728408,3.29539460490497,4.51555904912589,0.729786626429541,0.465520620382473,0.891821718895381,9.81776479874932
"NPIL_82204","BMAW01130750.1","1137","1218","-",82,0,0,0,0,0,NA,NA,NA,NA,NA,NA
"NPIL_82203","BMAW01130750.1","1700","1771","-",72,0,0,0,0,0,NA,NA,NA,NA,NA,NA
"NPIL_82202","BMAW01130750.1","3728","3809","-",82,0,1,64,0,17.582229679646,5.6746882757595,4.71910546435562,1.20249236187273,0.229172823671694,0.891821718895381,51.0800586263341
"NPIL_80200","BMAW01130783.1","61593","61685","+",93,0,0,0,0,0,NA,NA,NA,NA,NA,NA
"NPIL_82206","BMAW01130915.1;BMAW01130915.1","247;518","283;549","+;+",69,0,0,0,0,0,NA,NA,NA,NA,NA,NA
"NPIL_82207","BMAW01130926.1","1254","1325","-",72,0,0,0,0,0,NA,NA,NA,NA,NA,NA
"NPIL_82208","BMAW01130973.1","68","141","+",74,0,0,4,0,1.07536730141143,3.69835447649903,4.80822345381341,0.769172754141835,0.441790762514931,0.891821718895381,12.981223641005
"NPIL_82209","BMAW01131031.1","140145","140218","+",74,0,0,0,0,0,NA,NA,NA,NA,NA,NA
"NPIL_82210","BMAW01131031.1","141036","141113","+",78,0,0,1,0,0.268841825352858,1.71066871988845,4.99654001345877,0.342370663555293,0.732071963045407,0.891821718895381,3.27312504586027
"NPIL_82211_1","BMAW01131043.1","7374","7446","+",73,0,0,0,0,0,NA,NA,NA,NA,NA,NA
"NPIL_82212","BMAW01131043.1","7966","8038","+",73,0,0,0,0,0,NA,NA,NA,NA,NA,NA
"NPIL_82213","BMAW01131078.1","2506","2579","-",74,0,0,0,0,0,NA,NA,NA,NA,NA,NA
"NPIL_82214","BMAW01131132.1","159153","159225","-",73,0,0,0,0,0,NA,NA,NA,NA,NA,NA
"NPIL_82215","BMAW01131308.1","18800","18883","-",84,0,0,0,0,0,NA,NA,NA,NA,NA,NA
"NPIL_82216","BMAW01131409.1","132","204","+",73,0,0,0,0,0,NA,NA,NA,NA,NA,NA
"NPIL_82217","BMAW01131525.1","649974","650045","+",72,0,1,3,0,1.18287833312168,1.29158594151956,4.36476305410181,0.2959120404728,0.767297255677436,0.900339757197484,2.44797010805858
"NPIL_82218","BMAW01131751.1","61259","61341","+",83,0,0,0,0,0,NA,NA,NA,NA,NA,NA
"NPIL_82219","BMAW01131937.1","1064","1135","+",72,0,0,0,0,0,NA,NA,NA,NA,NA,NA
"NPIL_82221_1","BMAW01132071.1","9","80","-",72,0,0,0,0,0,NA,NA,NA,NA,NA,NA
"NPIL_82220","BMAW01132071.1","86","157","-",72,0,0,0,0,0,NA,NA,NA,NA,NA,NA
"NPIL_82222","BMAW01132689.1","196973","197044","+",72,0,0,0,0,0,NA,NA,NA,NA,NA,NA
"NPIL_82223","BMAW01132702.1","549","617","+",69,0,0,3,0,0.806525476058573,3.28359165010455,4.85756473614397,0.675974861574595,0.499056605713363,0.891821718895381,9.73777151628258
"NPIL_82224","BMAW01132702.1","1742","1814","+",73,0,0,18,0,4.83915285635144,5.86759750281111,4.39591465527025,1.33478421738158,0.181946980455291,0.891821718895381,58.3878993663697
"NPIL_82225","BMAW01132702.1","2135","2207","+",73,0,0,8,2,2.70248438886825,5.02723956264093,4.01226301276755,1.25296859818102,0.210217134961349,0.891821718895381,32.6099327922532
"NPIL_82226","BMAW01132702.1","2926","2998","+",73,0,0,0,0,0,NA,NA,NA,NA,NA,NA
"NPIL_82227","BMAW01132764.1","1325","1396","+",72,0,0,0,0,0,NA,NA,NA,NA,NA,NA
"NPIL_82228","BMAW01132781.1","662446","662519","-",74,0,0,0,0,0,NA,NA,NA,NA,NA,NA
"NPIL_80204","BMAW01132843.1","106924","107017","-",94,0,0,0,0,0,NA,NA,NA,NA,NA,NA
"NPIL_82229","BMAW01132844.1;BMAW01132844.1","35487;35537","35522;35573","-;-",73,0,0,0,0,0,NA,NA,NA,NA,NA,NA
"NPIL_82230","BMAW01132853.1","447492","447563","+",72,0,0,0,0,0,NA,NA,NA,NA,NA,NA
