Domain_ID,Description,Functional_Category,Transcript_Count
rve,rve domain,Other Functional Domains,2854
RVT_1,RVT_1 domain,Other Functional Domains,2364
Peptidase_A17,Peptidase A17 retrotransposon-like protease,Proteases & Peptidases,2084
DUF1759,DUF1759 domain,Other Functional Domains,1603
DUF1758,DUF1758 domain,Other Functional Domains,959
Pkinase,Protein kinase domain,Enzymatic & Catalytic Activity,404
p450,Cytochrome P450 monooxygenase,Enzymatic & Catalytic Activity,371
DDE_Tnp_1_7,DDE_Tnp_1_7 domain,Other Functional Domains,367
HTH_Tnp_Tc5,HTH_Tnp_Tc5 domain,Other Functional Domains,358
DDE_1,DDE_1 domain,Other Functional Domains,353
fn3,Fibronectin type III domain,Protein Binding & Recognition,331
MFS_1,Major facilitator superfamily transporter,Ion-Channel & Transport,330
CENP-B_N,CENP-B_N domain,Other Functional Domains,329
Ig_3,Immunoglobulin domain,Protein Binding & Recognition,321
I-set,Immunoglobulin I-set domain,Protein Binding & Recognition,307
PIF1,PIF1 domain,Other Functional Domains,305
BTB,BTB/POZ domain (protein interaction),Protein Binding & Recognition,265
Transposase_1,Transposase_1 domain,Other Functional Domains,265
MULE,MULE domain,Other Functional Domains,263
RRM_1,RNA recognition motif,Protein Binding & Recognition,262
WD40,WD40 repeat protein-binding scaffold,Protein Binding & Recognition,262
DUF4371,DUF4371 domain,Other Functional Domains,259
7tm_1,7-transmembrane GPCR rhodopsin family,Ion-Channel & Transport,254
Helitron_like_N,Helitron_like_N domain,Other Functional Domains,242
zf-C2H2,zf-C2H2 domain,Other Functional Domains,232
Lig_chan,Ligand-gated ion channel,Ion-Channel & Transport,231
Chitin_bind_4,Chitin-binding cuticle/peritrophin domain,Extracellular & Structural Matrix,226
Trypsin,Trypsin-like serine protease,Proteases & Peptidases,218
CRAL_TRIO,CRAL_TRIO domain,Other Functional Domains,210
Lig_chan-Glu_bd,Ligand-gated ion channel glutamate-binding,Ion-Channel & Transport,204
Ank_2,Ankyrin repeat,Protein Binding & Recognition,202
zf-CCHC,zf-CCHC domain,Other Functional Domains,195
EGF,Epidermal growth factor-like domain,Extracellular & Structural Matrix,192
Ion_trans,Voltage-gated ion channel domain,Ion-Channel & Transport,192
ANF_receptor,ANF_receptor domain,Other Functional Domains,184
Ras,Ras domain,Other Functional Domains,183
Homeobox,Homeobox domain,Other Functional Domains,176
DUF4817,DUF4817 domain,Other Functional Domains,174
AMP-binding,AMP-binding domain,Other Functional Domains,174
PDZ,PDZ domain,Protein Binding & Recognition,160
7tm_2,7tm_2 domain,Ion-Channel & Transport,158
KH_1,KH_1 domain,Other Functional Domains,156
Pkinase_Tyr,Pkinase_Tyr domain,Enzymatic & Catalytic Activity,155
Exo_endo_phos_2,Exo_endo_phos_2 domain,Other Functional Domains,154
Ldl_recept_a,Ldl_recept_a domain,Other Functional Domains,151
LRR_8,LRR_8 domain,Protein Binding & Recognition,146
Helicase_C,Helicase conserved C-terminal domain,Enzymatic & Catalytic Activity,145
C2,C2 domain,Other Functional Domains,138
CUB,CUB domain,Other Functional Domains,137
EGF_CA,EGF_CA domain,Extracellular & Structural Matrix,137
zf-RING_2,zf-RING_2 domain,Other Functional Domains,136
ASC,ASC domain,Other Functional Domains,134
PH,PH domain,Other Functional Domains,133
zf-H2C2,zf-H2C2 domain,Other Functional Domains,131
ACAS_N,ACAS_N domain,Other Functional Domains,126
adh_short,adh_short domain,Other Functional Domains,125
Sugar_tr,Sugar_tr domain,Other Functional Domains,124
Neur_chan_LBD,Neur_chan_LBD domain,Ion-Channel & Transport,115
Neur_chan_memb,Neur_chan_memb domain,Other Functional Domains,109
Ank_4,Ank_4 domain,Other Functional Domains,106
Myosin_head,Myosin_head domain,Other Functional Domains,104
CBM_14,CBM_14 domain,Other Functional Domains,103
Acyl_transf_3,Acyl_transf_3 domain,Other Functional Domains,103
ABC_tran,ABC_tran domain,Ion-Channel & Transport,103
MATH,MATH domain,Other Functional Domains,103
HLH,HLH domain,Other Functional Domains,101
gag-asp_proteas,gag-asp_proteas domain,Other Functional Domains,99
ig,ig domain,Other Functional Domains,98
zf-CCHC_3,zf-CCHC_3 domain,Other Functional Domains,97
DEAD,DEAD-box RNA/DNA helicase,Enzymatic & Catalytic Activity,96
YqaJ,YqaJ domain,Other Functional Domains,94
Astacin,Astacin family metallopeptidase,Proteases & Peptidases,93
Guanylate_cyc,Guanylate_cyc domain,Other Functional Domains,86
RhoGEF,RhoGEF domain,Other Functional Domains,86
Dimer_Tnp_hAT,Dimer_Tnp_hAT domain,Other Functional Domains,83
Tnp_zf-ribbon_2,Tnp_zf-ribbon_2 domain,Other Functional Domains,82
SH3_1,SH3_1 domain,Protein Binding & Recognition,81
Sushi,Sushi domain,Other Functional Domains,80
COesterase,COesterase domain,Other Functional Domains,80
CH,CH domain,Other Functional Domains,78
PRE_C2HC,PRE_C2HC domain,Other Functional Domains,78
SAM_1,SAM_1 domain,Other Functional Domains,77
Serpin,Serpin domain,Other Functional Domains,77
SAP,SAP domain,Other Functional Domains,77
Laminin_EGF,Laminin_EGF domain,Other Functional Domains,77
Sulfotransfer_1,Sulfotransfer_1 domain,Other Functional Domains,75
TSP_1,Thrombospondin type 1 repeat,Extracellular & Structural Matrix,75
CRAL_TRIO_N,CRAL_TRIO_N domain,Other Functional Domains,75
TPR_8,TPR_8 domain,Other Functional Domains,73
SSF,SSF domain,Other Functional Domains,73
Peptidase_M13,Peptidase_M13 domain,Other Functional Domains,72
Fibrinogen_C,Fibrinogen C-terminal domain,Extracellular & Structural Matrix,72
DDE_3,DDE_3 domain,Other Functional Domains,71
Peptidase_M13_N,Peptidase_M13_N domain,Other Functional Domains,71
PP-binding,PP-binding domain,Other Functional Domains,70
ketoacyl-synt,ketoacyl-synt domain,Other Functional Domains,69
Ketoacyl-synt_C,Ketoacyl-synt_C domain,Other Functional Domains,69
ADH_zinc_N,ADH_zinc_N domain,Other Functional Domains,69
KAsynt_C_assoc,KAsynt_C_assoc domain,Other Functional Domains,69
DDE_Tnp_4,DDE_Tnp_4 domain,Other Functional Domains,68
RVT_2,RVT_2 domain,Other Functional Domains,68
LIM,LIM domain,Other Functional Domains,68
C1_1,C1_1 domain,Other Functional Domains,67
SH3_9,SH3_9 domain,Other Functional Domains,66
PS-DH,PS-DH domain,Other Functional Domains,66
BACK,BACK domain,Other Functional Domains,66
AAA,AAA domain,Other Functional Domains,66
Acyl_transf_1,Acyl_transf_1 domain,Other Functional Domains,66
PHD,PHD domain,Other Functional Domains,65
Endonuclease_7,Endonuclease_7 domain,Other Functional Domains,65
DNA_pol_B_2,DNA_pol_B_2 domain,Other Functional Domains,65
Metallophos,Calcineurin-like phosphoesterase,Proteases & Peptidases,65
Cadherin,Cadherin domain,Other Functional Domains,64
KR,KR domain,Other Functional Domains,64
Laminin_G_2,Laminin_G_2 domain,Other Functional Domains,63
Bromodomain,Bromodomain domain,Other Functional Domains,62
Methyltransf_11,Methyltransf_11 domain,Other Functional Domains,62
Thioesterase,Thioesterase domain,Other Functional Domains,62
SH2,SH2 domain,Other Functional Domains,61
RED_N,RED_N domain,Other Functional Domains,60
FERM_M,FERM_M domain,Other Functional Domains,60
Y_phosphatase,Y_phosphatase domain,Other Functional Domains,59
C2-set_2,C2-set_2 domain,Other Functional Domains,59
DnaJ,DnaJ domain,Other Functional Domains,58
RED_C,RED_C domain,Other Functional Domains,58
EF-hand_7,EF-hand_7 domain,Other Functional Domains,58
Myosin_TH1,Myosin_TH1 domain,Other Functional Domains,57
Spectrin,Spectrin domain,Other Functional Domains,57
V-set,V-set domain,Other Functional Domains,57
Lipase,Lipase domain,Other Functional Domains,56
DDE_Tnp_IS1595,DDE_Tnp_IS1595 domain,Other Functional Domains,56
GPS,GPS domain,Other Functional Domains,55
SET,SET domain,Other Functional Domains,54
HRM,HRM domain,Other Functional Domains,54
TIL,TIL domain,Other Functional Domains,53
hEGF,hEGF domain,Other Functional Domains,53
HTH_Tnp_Tc3_2,HTH_Tnp_Tc3_2 domain,Other Functional Domains,53
Rho_N,Rho_N domain,Other Functional Domains,52
Histone,Histone domain,Other Functional Domains,52
SPRY,SPRY domain,Other Functional Domains,52
PPDK_N,PPDK_N domain,Other Functional Domains,52
cNMP_binding,cNMP_binding domain,Other Functional Domains,52
Amidase,Amidase domain,Other Functional Domains,52
RhoGAP,RhoGAP domain,Other Functional Domains,52
Ldl_recept_b,Ldl_recept_b domain,Other Functional Domains,51
Kinesin,Kinesin domain,Other Functional Domains,51
Abhydrolase_1,Abhydrolase_1 domain,Other Functional Domains,50
AAA_6,AAA_6 domain,Other Functional Domains,50
MFS_1_like,MFS_1_like domain,Other Functional Domains,50
EF-hand_1,EF-hand_1 domain,Other Functional Domains,50
HTH_24,HTH_24 domain,Other Functional Domains,50
HMG_box,HMG_box domain,Other Functional Domains,49
Retrotran_gag_2,Retrotran_gag_2 domain,Other Functional Domains,48
Kelch_1,Kelch_1 domain,Other Functional Domains,48
SH3_2,SH3_2 domain,Other Functional Domains,46
FXa_inhibition,FXa_inhibition domain,Other Functional Domains,45
LSM,LSM domain,Other Functional Domains,45
Ion_trans_2,Ion_trans_2 domain,Other Functional Domains,45
Acetyltransf_1,Acetyltransf_1 domain,Other Functional Domains,45
Lectin_C,C-type lectin domain,Toxins & Venom Components,44
PX,PX domain,Other Functional Domains,44
Asp_protease_2,Asp_protease_2 domain,Other Functional Domains,44
RabGAP-TBC,RabGAP-TBC domain,Other Functional Domains,43
ZZ,ZZ domain,Other Functional Domains,43
Mito_carr,Mito_carr domain,Other Functional Domains,43
Kunitz_BPTI,Kunitz/Bovine pancreatic trypsin inhibitor,Toxins & Venom Components,43
Dynein_heavy,Dynein_heavy domain,Other Functional Domains,43
zf-BED,zf-BED domain,Other Functional Domains,42
FHA,FHA domain,Other Functional Domains,42
ABC_membrane,ABC_membrane domain,Other Functional Domains,42
FERM_N,FERM_N domain,Other Functional Domains,42
F5_F8_type_C,F5_F8_type_C domain,Other Functional Domains,42
Kazal_2,Kazal_2 domain,Other Functional Domains,42
UQ_con,UQ_con domain,Other Functional Domains,41
zf-C3HC4_2,zf-C3HC4_2 domain,Other Functional Domains,41
RA,RA domain,Other Functional Domains,41
zf-C3HC4_3,zf-C3HC4_3 domain,Other Functional Domains,41
AAA_5,AAA_5 domain,Other Functional Domains,41
Hemocyanin_M,Hemocyanin_M domain,Other Functional Domains,40
Hemocyanin_C,Hemocyanin_C domain,Other Functional Domains,40
AAA_7,AAA_7 domain,Other Functional Domains,40
E1-E2_ATPase,E1-E2_ATPase domain,Other Functional Domains,40
WW,WW domain,Other Functional Domains,40
Herpes_Helicase,Herpes_Helicase domain,Other Functional Domains,40
RCC1,RCC1 domain,Other Functional Domains,39
EF-hand_5,EF-hand_5 domain,Other Functional Domains,39
AAA_8,AAA_8 domain,Other Functional Domains,39
ubiquitin,ubiquitin domain,Other Functional Domains,39
zf-C4,zf-C4 domain,Other Functional Domains,39
MT,MT domain,Other Functional Domains,39
PEP-utilizers,PEP-utilizers domain,Other Functional Domains,39
UCH,UCH domain,Other Functional Domains,39
THAP,THAP domain,Other Functional Domains,38
GMC_oxred_N,GMC_oxred_N domain,Other Functional Domains,38
AAA_9,AAA_9 domain,Other Functional Domains,38
DHC_N2,DHC_N2 domain,Other Functional Domains,38
IQ,IQ domain,Other Functional Domains,38
F-box-like,F-box-like domain,Other Functional Domains,38
PWWP,PWWP domain,Other Functional Domains,38
HECT,HECT domain,Other Functional Domains,38
G-patch,G-patch domain,Other Functional Domains,38
Cyclin_N,Cyclin_N domain,Other Functional Domains,37
ELO,ELO domain,Other Functional Domains,37
Hemocyanin_N,Hemocyanin_N domain,Other Functional Domains,37
HTH_Tnp_4,HTH_Tnp_4 domain,Other Functional Domains,37
SAM_2,SAM_2 domain,Other Functional Domains,37
A2M_comp,A2M_comp domain,Other Functional Domains,36
An_peroxidase,An_peroxidase domain,Other Functional Domains,36
A2M_recep,A2M_recep domain,Other Functional Domains,36
FMO-like,FMO-like domain,Other Functional Domains,36
HSP70,HSP70 domain,Other Functional Domains,36
VWD,VWD domain,Other Functional Domains,36
Hormone_recep,Hormone_recep domain,Other Functional Domains,36
Hydrolase,Hydrolase domain,Other Functional Domains,35
SNF2_N,SNF2_N domain,Other Functional Domains,35
RasGEF,RasGEF domain,Other Functional Domains,35
Thioredoxin,Thioredoxin domain,Other Functional Domains,35
Peptidase_C1,Papain family cysteine protease,Proteases & Peptidases,35
GMC_oxred_C,GMC_oxred_C domain,Other Functional Domains,34
Death,Death domain,Other Functional Domains,34
Kringle,Kringle domain,Other Functional Domains,34
RIH_assoc,RIH_assoc domain,Other Functional Domains,34
RYDR_ITPR,RYDR_ITPR domain,Other Functional Domains,34
DSPc,DSPc domain,Other Functional Domains,34
IBR,IBR domain,Other Functional Domains,34
A2M_N_2,A2M_N_2 domain,Other Functional Domains,33
Chromo,Chromo domain,Other Functional Domains,33
A2M,A2M domain,Other Functional Domains,33
GTP_EFTU,GTP_EFTU domain,Other Functional Domains,33
Collagen,Collagen triple helix repeat,Extracellular & Structural Matrix,33
Glyco_hydro_31,Glyco_hydro_31 domain,Other Functional Domains,33
Ephrin_rec_like,Ephrin_rec_like domain,Other Functional Domains,32
GPHH,GPHH domain,Other Functional Domains,32
Forkhead,Forkhead domain,Other Functional Domains,32
Arf,Arf domain,Other Functional Domains,32
FERM_C,FERM_C domain,Other Functional Domains,32
PAN_1,PAN_1 domain,Other Functional Domains,32
DUF659,DUF659 domain,Other Functional Domains,32
VWA,VWA domain,Other Functional Domains,32
RNase_H,RNase_H domain,Other Functional Domains,32
A2M_N,A2M_N domain,Other Functional Domains,32
Tetraspannin,Tetraspannin domain,Other Functional Domains,31
Na_Ca_ex,Na_Ca_ex domain,Other Functional Domains,31
7tm_3,7tm_3 domain,Other Functional Domains,31
zf-met,zf-met domain,Other Functional Domains,31
MIR,MIR domain,Other Functional Domains,31
ADH_N,ADH_N domain,Other Functional Domains,31
BK_channel_a,BK_channel_a domain,Other Functional Domains,31
PDEase_I,PDEase_I domain,Other Functional Domains,31
Pkinase_C,Pkinase_C domain,Other Functional Domains,31
FYVE,FYVE domain,Other Functional Domains,31
Histone_H2A_C,Histone_H2A_C domain,Other Functional Domains,31
PI-PLC-Y,PI-PLC-Y domain,Other Functional Domains,31
PI-PLC-X,PI-PLC-X domain,Other Functional Domains,30
Guanylate_kin,Guanylate_kin domain,Other Functional Domains,30
TIR,TIR domain,Other Functional Domains,30
RyR,RyR domain,Other Functional Domains,30
Exo_endo_phos,Exo_endo_phos domain,Other Functional Domains,30
RR_TM4-6,RR_TM4-6 domain,Other Functional Domains,30
SOCS_box,SOCS_box domain,Other Functional Domains,30
MAM,MAM domain,Other Functional Domains,30
PID,PID domain,Other Functional Domains,30
Phosphodiest,Phosphodiest domain,Other Functional Domains,30
zf-CCCH,zf-CCCH domain,Other Functional Domains,30
zf-C2H2_6,zf-C2H2_6 domain,Other Functional Domains,30
Thyroglobulin_1,Thyroglobulin_1 domain,Other Functional Domains,29
PH_9,PH_9 domain,Other Functional Domains,29
AMP-binding_C,AMP-binding_C domain,Other Functional Domains,29
EGF_3,EGF_3 domain,Other Functional Domains,29
Myb_DNA-binding,Myb_DNA-binding domain,Other Functional Domains,29
EF-hand_like,EF-hand_like domain,Other Functional Domains,29
AA_permease_2,AA_permease_2 domain,Other Functional Domains,28
MyTH4,MyTH4 domain,Other Functional Domains,28
PLAT,PLAT domain,Other Functional Domains,28
RGS,RGS domain,Other Functional Domains,28
gag_pre-integrs,gag_pre-integrs domain,Other Functional Domains,28
TUDOR,TUDOR domain,Other Functional Domains,28
Na_H_Exchanger,Na_H_Exchanger domain,Other Functional Domains,28
Inhibitor_I29,Inhibitor_I29 domain,Other Functional Domains,27
PI3_PI4_kinase,PI3_PI4_kinase domain,Other Functional Domains,27
EF-hand_8,EF-hand_8 domain,Other Functional Domains,27
HYR,HYR domain,Other Functional Domains,27
PTR2,PTR2 domain,Other Functional Domains,27
Aminotran_1_2,Aminotran_1_2 domain,Other Functional Domains,27
SMC_N,SMC_N domain,Other Functional Domains,27
GTP_EFTU_D2,GTP_EFTU_D2 domain,Other Functional Domains,27
Peptidase_S8,Peptidase_S8 domain,Other Functional Domains,27
Myosin_tail_1,Myosin_tail_1 domain,Other Functional Domains,27
PCI,PCI domain,Other Functional Domains,27
Acyl-CoA_dh_1,Acyl-CoA_dh_1 domain,Other Functional Domains,27
HSP20,HSP20 domain,Other Functional Domains,27
Thiol-ester_cl,Thiol-ester_cl domain,Other Functional Domains,27
Methyltransf_25,Methyltransf_25 domain,Enzymatic & Catalytic Activity,26
Cation_ATPase_C,Cation_ATPase_C domain,Other Functional Domains,26
AAA_12,AAA_12 domain,Other Functional Domains,26
EF-hand_6,EF-hand_6 domain,Other Functional Domains,26
Peptidase_S9,Peptidase_S9 domain,Proteases & Peptidases,26
NAD_binding_2,NAD_binding_2 domain,Other Functional Domains,26
SNF,SNF domain,Other Functional Domains,26
Ins145_P3_rec,Ins145_P3_rec domain,Other Functional Domains,25
Orn_Arg_deC_N,Orn_Arg_deC_N domain,Other Functional Domains,25
VWC,VWC domain,Other Functional Domains,25
Innexin,Innexin domain,Other Functional Domains,25
DPPIV_N,DPPIV_N domain,Other Functional Domains,25
Tubulin,Tubulin domain,Other Functional Domains,25
Laminin_G_1,Laminin_G_1 domain,Extracellular & Structural Matrix,25
Acyl-CoA_dh_M,Acyl-CoA_dh_M domain,Other Functional Domains,25
Ank,Ank domain,Protein Binding & Recognition,25
TGF_beta,TGF_beta domain,Other Functional Domains,25
Aldedh,Aldedh domain,Enzymatic & Catalytic Activity,25
DUF1041,DUF1041 domain,Other Functional Domains,25
Spaetzle,Spaetzle domain,Other Functional Domains,24
TPR_1,TPR_1 domain,Protein Binding & Recognition,24
MADF_DNA_bdg,MADF_DNA_bdg domain,Other Functional Domains,24
GAIN,GAIN domain,Other Functional Domains,24
S8_pro-domain,S8_pro-domain domain,Other Functional Domains,24
DHC_N1,DHC_N1 domain,Other Functional Domains,24
LRR_6,LRR_6 domain,Other Functional Domains,24
AAA_11,AAA_11 domain,Other Functional Domains,24
Claudin_2,Claudin_2 domain,Other Functional Domains,24
Aldo_ket_red,Aldo_ket_red domain,Other Functional Domains,24
Glycos_transf_2,Glycos_transf_2 domain,Other Functional Domains,23
Laminin_B,Laminin_B domain,Other Functional Domains,23
Homeobox_KN,Homeobox_KN domain,Other Functional Domains,23
DAGK_cat,DAGK_cat domain,Other Functional Domains,23
Pep_M12B_propep,Pep_M12B_propep domain,Other Functional Domains,23
SMC_hinge,SMC_hinge domain,Other Functional Domains,23
MMR_HSR1,MMR_HSR1 domain,Other Functional Domains,23
Aa_trans,Aa_trans domain,Other Functional Domains,23
Cyt-b5,Cyt-b5 domain,Other Functional Domains,23
RUN,RUN domain,Other Functional Domains,23
Cation_ATPase_N,Cation_ATPase_N domain,Other Functional Domains,23
Sema,Sema domain,Other Functional Domains,23
Ank_3,Ank_3 domain,Other Functional Domains,23
Alk_phosphatase,Alk_phosphatase domain,Other Functional Domains,23
Orn_DAP_Arg_deC,Orn_DAP_Arg_deC domain,Other Functional Domains,23
Scramblase,Scramblase domain,Other Functional Domains,23
AC_N,AC_N domain,Other Functional Domains,22
Band_7,Band_7 domain,Other Functional Domains,22
NAD_binding_11,NAD_binding_11 domain,Other Functional Domains,22
UPF0547,UPF0547 domain,Other Functional Domains,22
Ribosomal_S5_C,Ribosomal_S5_C domain,Other Functional Domains,22
TPR_12,TPR_12 domain,Other Functional Domains,22
TPR_2,TPR_2 domain,Other Functional Domains,22
Ribosomal_S5,Ribosomal_S5 domain,Other Functional Domains,22
Dynamin_N,Dynamin_N domain,Other Functional Domains,22
CAP_GLY,CAP_GLY domain,Other Functional Domains,22
Ig_2,Ig_2 domain,Other Functional Domains,22
DUF1736,DUF1736 domain,Other Functional Domains,22
ZU5,ZU5 domain,Other Functional Domains,22
HA2,HA2 domain,Other Functional Domains,22
DUF667,DUF667 domain,Other Functional Domains,22
Gal_Lectin,Gal_Lectin domain,Other Functional Domains,22
R3H,R3H domain,Other Functional Domains,22
DnaJ_C,DnaJ_C domain,Other Functional Domains,22
TGFb_propeptide,TGFb_propeptide domain,Other Functional Domains,21
Peptidase_M24,Peptidase_M24 domain,Other Functional Domains,21
MOZ_SAS,MOZ_SAS domain,Other Functional Domains,21
Ank_5,Ank_5 domain,Other Functional Domains,21
FMN_dh,FMN_dh domain,Other Functional Domains,21
Ricin_B_lectin,Ricin_B_lectin domain,Other Functional Domains,21
Filamin,Filamin domain,Other Functional Domains,21
Myosin_N,Myosin_N domain,Other Functional Domains,21
RVP,RVP domain,Other Functional Domains,21
DAO,DAO domain,Other Functional Domains,21
CNH,CNH domain,Other Functional Domains,21
ADH_zinc_N_2,ADH_zinc_N_2 domain,Other Functional Domains,21
Cation_ATPase,Cation_ATPase domain,Other Functional Domains,21
SEA,SEA domain,Other Functional Domains,21
LTD,LTD domain,Other Functional Domains,20
UNC-93,UNC-93 domain,Other Functional Domains,20
OB_NTP_bind,OB_NTP_bind domain,Other Functional Domains,20
ECH_1,ECH_1 domain,Other Functional Domains,20
LRR_9,LRR_9 domain,Other Functional Domains,20
cEGF,cEGF domain,Other Functional Domains,20
Filament,Filament domain,Other Functional Domains,20
PKD_channel,PKD_channel domain,Other Functional Domains,20
Ets,Ets domain,Other Functional Domains,20
Peptidase_M1,Peptidase_M1 domain,Other Functional Domains,20
wnt,wnt domain,Other Functional Domains,20
NtCtMGAM_N,NtCtMGAM_N domain,Other Functional Domains,20
C8,C8 domain,Other Functional Domains,20
Pre-SET,Pre-SET domain,Other Functional Domains,20
F-box,F-box domain,Other Functional Domains,20
TIG,TIG domain,Other Functional Domains,20
CBS,CBS domain,Other Functional Domains,20
DEP,DEP domain,Other Functional Domains,20
P_proprotein,P_proprotein domain,Other Functional Domains,20
ABC2_membrane_3,ABC2_membrane_3 domain,Other Functional Domains,20
Amino_oxidase,Amino_oxidase domain,Other Functional Domains,20
Sod_Cu,Sod_Cu domain,Other Functional Domains,20
Disintegrin,Disintegrin domain,Other Functional Domains,19
Carb_anhydrase,Carb_anhydrase domain,Other Functional Domains,19
PAX,PAX domain,Other Functional Domains,19
Cobalamin_bind,Cobalamin_bind domain,Other Functional Domains,19
Ferlin_C,Ferlin_C domain,Other Functional Domains,19
PAZ,PAZ domain,Other Functional Domains,19
FH2,FH2 domain,Other Functional Domains,19
IBN_N,IBN_N domain,Other Functional Domains,19
DHHC,DHHC domain,Other Functional Domains,19
Reprolysin,Reprolysin domain,Other Functional Domains,19
CN_hydrolase,CN_hydrolase domain,Other Functional Domains,19
FA_hydroxylase,FA_hydroxylase domain,Other Functional Domains,19
zf-C2H2_4,zf-C2H2_4 domain,Other Functional Domains,19
CAP,CRISP/Allergen/PR-1 venom protein,Toxins & Venom Components,19
ABC2_membrane,ABC2_membrane domain,Other Functional Domains,19
G2F,G2F domain,Other Functional Domains,19
Acyltransferase,Acyltransferase domain,Other Functional Domains,19
Laminin_N,Laminin_N domain,Other Functional Domains,19
Galactosyl_T,Galactosyl_T domain,Other Functional Domains,19
UBA,UBA domain,Other Functional Domains,19
Sulfatase,Sulfatase domain,Other Functional Domains,19
5_nucleotid_C,5_nucleotid_C domain,Other Functional Domains,19
Pyr_redox_2,Pyr_redox_2 domain,Other Functional Domains,19
Rhodanese,Rhodanese domain,Other Functional Domains,19
Tubulin_C,Tubulin_C domain,Other Functional Domains,18
MIB_HERC2,MIB_HERC2 domain,Other Functional Domains,18
zf-C3HC4,zf-C3HC4 domain,Other Functional Domains,18
PSI,PSI domain,Other Functional Domains,18
Arrestin_N,Arrestin_N domain,Other Functional Domains,18
Sec7,Sec7 domain,Other Functional Domains,18
BTB_2,BTB_2 domain,Other Functional Domains,18
M20_dimer,M20_dimer domain,Other Functional Domains,18
GST_C_3,GST_C_3 domain,Other Functional Domains,18
Arm,Arm domain,Other Functional Domains,18
Ca_chan_IQ,Ca_chan_IQ domain,Other Functional Domains,18
Laminin_G_3,Laminin_G_3 domain,Other Functional Domains,18
dsrm,dsrm domain,Other Functional Domains,17
Fasciclin,Fasciclin domain,Other Functional Domains,17
CLASP_N,CLASP_N domain,Other Functional Domains,17
Actin,Actin domain,Other Functional Domains,17
Arrestin_C,Arrestin_C domain,Other Functional Domains,17
S1,S1 domain,Other Functional Domains,17
DAGK_acc,DAGK_acc domain,Other Functional Domains,17
PAS,PAS domain,Other Functional Domains,17
T-box,T-box domain,Other Functional Domains,17
zf-MYND,zf-MYND domain,Other Functional Domains,17
7TM_GPCR_Srw,7TM_GPCR_Srw domain,Other Functional Domains,17
Fz,Fz domain,Other Functional Domains,17
Pro_isomerase,Pro_isomerase domain,Other Functional Domains,17
ShK,ShK domain,Other Functional Domains,17
OTU,OTU domain,Other Functional Domains,17
ATP-synt_ab,ATP-synt_ab domain,Other Functional Domains,16
Peptidase_M14,Peptidase_M14 domain,Other Functional Domains,16
Trefoil,Trefoil domain,Other Functional Domains,16
Glyco_hydro_18,Glyco_hydro_18 domain,Other Functional Domains,16
DNA_ligase_A_C,DNA_ligase_A_C domain,Other Functional Domains,16
FCH,FCH domain,Other Functional Domains,16
DNA_ligase_A_N,DNA_ligase_A_N domain,Other Functional Domains,16
DNA_ligase_A_M,DNA_ligase_A_M domain,Other Functional Domains,16
ATP-synt_ab_N,ATP-synt_ab_N domain,Other Functional Domains,16
GST_N,Glutathione S-transferase N-terminal,Enzymatic & Catalytic Activity,16
Glyco_tran_10_N,Glyco_tran_10_N domain,Other Functional Domains,16
Glyco_transf_10,Glyco_transf_10 domain,Other Functional Domains,16
Peptidase_C13,Peptidase_C13 domain,Proteases & Peptidases,16
BRCT,BRCT domain,Other Functional Domains,16
tRNA-synt_1,tRNA-synt_1 domain,Other Functional Domains,16
SCAN,SCAN domain,Other Functional Domains,16
Glu_synthase,Glu_synthase domain,Other Functional Domains,16
NUDIX,NUDIX domain,Other Functional Domains,16
NAD_binding_1,NAD_binding_1 domain,Other Functional Domains,16
Patched,Patched domain,Other Functional Domains,16
Biotin_lipoyl,Biotin_lipoyl domain,Other Functional Domains,16
AAA_16,AAA_16 domain,Other Functional Domains,16
Methyltransf_31,Methyltransf_31 domain,Other Functional Domains,16
Zona_pellucida,Zona pellucida sperm-binding domain,Extracellular & Structural Matrix,16
Proteasome,Proteasome domain,Other Functional Domains,16
SNARE,SNARE domain,Other Functional Domains,16
PP2C,PP2C domain,Other Functional Domains,16
ANAPC10,ANAPC10 domain,Other Functional Domains,16
Cul7,Cul7 domain,Other Functional Domains,15
Methyltransf_12,Methyltransf_12 domain,Other Functional Domains,15
Transglut_core,Transglut_core domain,Other Functional Domains,15
HNOBA,HNOBA domain,Other Functional Domains,15
Cyclin_C,Cyclin_C domain,Other Functional Domains,15
Cpn60_TCP1,Cpn60_TCP1 domain,Other Functional Domains,15
MIF4G,MIF4G domain,Other Functional Domains,15
Peptidase_C2,Peptidase_C2 domain,Other Functional Domains,15
RNase_T,RNase_T domain,Other Functional Domains,15
HSF_DNA-bind,HSF_DNA-bind domain,Other Functional Domains,15
RFX_DNA_binding,RFX_DNA_binding domain,Other Functional Domains,15
Glu_syn_central,Glu_syn_central domain,Other Functional Domains,15
PAS_3,PAS_3 domain,Other Functional Domains,15
Hairy_orange,Hairy_orange domain,Other Functional Domains,15
MutS_V,MutS_V domain,Other Functional Domains,15
GATase_2,GATase_2 domain,Other Functional Domains,15
FKBP_C,FKBP_C domain,Other Functional Domains,15
Zip,Zip domain,Other Functional Domains,15
Peptidase_C48,Peptidase_C48 domain,Other Functional Domains,15
SAM_PNT,SAM_PNT domain,Other Functional Domains,15
Xpo1,Xpo1 domain,Other Functional Domains,15
zf-C2HC_2,zf-C2HC_2 domain,Other Functional Domains,15
EamA,EamA domain,Other Functional Domains,15
TRP_2,TRP_2 domain,Other Functional Domains,15
GFO_IDH_MocA,GFO_IDH_MocA domain,Other Functional Domains,15
FA,FA domain,Other Functional Domains,15
Carboxyl_trans,Carboxyl_trans domain,Other Functional Domains,15
CPSase_L_D2,CPSase_L_D2 domain,Other Functional Domains,15
OATP,OATP domain,Other Functional Domains,15
3HCDH_N,3HCDH_N domain,Other Functional Domains,15
Anticodon_1,Anticodon_1 domain,Other Functional Domains,15
zf-C2HC,zf-C2HC domain,Other Functional Domains,15
RasGEF_N,RasGEF_N domain,Other Functional Domains,14
Vitellogenin_N,Vitellogenin_N domain,Other Functional Domains,14
Calpain_III,Calpain_III domain,Other Functional Domains,14
MCM,MCM domain,Other Functional Domains,14
DOMON,DOMON domain,Other Functional Domains,14
JAB,JAB domain,Other Functional Domains,14
FAT,FAT domain,Other Functional Domains,14
OST-HTH,OST-HTH domain,Other Functional Domains,14
MBD,MBD domain,Other Functional Domains,14
ORC4_C,ORC4_C domain,Other Functional Domains,14
PAS_9,PAS_9 domain,Other Functional Domains,14
zf-AD,zf-AD domain,Other Functional Domains,14
PAP_assoc,PAP_assoc domain,Other Functional Domains,14
PLC-beta_C,PLC-beta_C domain,Other Functional Domains,14
GATA,GATA domain,Other Functional Domains,14
MutS_III,MutS_III domain,Other Functional Domains,14
HGTP_anticodon,HGTP_anticodon domain,Other Functional Domains,14
zf-UBP,zf-UBP domain,Other Functional Domains,14
SRCR,SRCR domain,Other Functional Domains,14
Fic,Fic domain,Other Functional Domains,14
EFhand_Ca_insen,EFhand_Ca_insen domain,Other Functional Domains,14
GAF,GAF domain,Other Functional Domains,14
MutS_IV,MutS_IV domain,Other Functional Domains,14
Flavodoxin_1,Flavodoxin_1 domain,Other Functional Domains,14
CUE,CUE domain,Other Functional Domains,14
zf-TAZ,zf-TAZ domain,Other Functional Domains,14
DUF4219,DUF4219 domain,Other Functional Domains,14
NAD_binding_4,NAD_binding_4 domain,Other Functional Domains,14
MCM_OB,MCM_OB domain,Other Functional Domains,14
Sterile,Sterile domain,Other Functional Domains,14
DUF229,DUF229 domain,Other Functional Domains,14
KIF1B,KIF1B domain,Other Functional Domains,14
Hydrolase_4,Hydrolase_4 domain,Other Functional Domains,14
JmjC,JmjC domain,Other Functional Domains,14
NCD3G,NCD3G domain,Other Functional Domains,14
ARID,ARID domain,Other Functional Domains,14
Dscam_C,Dscam_C domain,Other Functional Domains,14
OAR,OAR domain,Other Functional Domains,14
3HCDH,3HCDH domain,Other Functional Domains,14
MBOAT,MBOAT domain,Other Functional Domains,14
FerI,FerI domain,Other Functional Domains,14
UBA_4,UBA_4 domain,Other Functional Domains,14
Glyco_transf_8,Glyco_transf_8 domain,Other Functional Domains,13
Bestrophin,Bestrophin domain,Other Functional Domains,13
Gal_mutarotas_2,Gal_mutarotas_2 domain,Other Functional Domains,13
UBX,UBX domain,Other Functional Domains,13
His_Phos_2,His_Phos_2 domain,Other Functional Domains,13
zf-H2C2_5,zf-H2C2_5 domain,Other Functional Domains,13
Clat_adaptor_s,Clat_adaptor_s domain,Other Functional Domains,13
IRS,IRS domain,Other Functional Domains,13
GFO_IDH_MocA_C,GFO_IDH_MocA_C domain,Other Functional Domains,13
TPR_16,TPR_16 domain,Other Functional Domains,13
Peptidase_S10,Peptidase_S10 domain,Other Functional Domains,13
MARVEL,MARVEL domain,Other Functional Domains,13
AA_permease,AA_permease domain,Other Functional Domains,13
GTP_EFTU_D3,GTP_EFTU_D3 domain,Other Functional Domains,13
Septin,Septin domain,Other Functional Domains,13
Calx-beta,Calx-beta domain,Other Functional Domains,13
ERAP1_C,ERAP1_C domain,Other Functional Domains,13
DENN,DENN domain,Other Functional Domains,13
DUF3694,DUF3694 domain,Other Functional Domains,13
ANAPC4_WD40,ANAPC4_WD40 domain,Other Functional Domains,13
Ceramidase_alk,Ceramidase_alk domain,Other Functional Domains,13
Piwi,Piwi domain,Other Functional Domains,13
CS,CS domain,Other Functional Domains,13
tRNA-synt_2b,tRNA-synt_2b domain,Other Functional Domains,13
TPT,TPT domain,Other Functional Domains,13
Peptidase_M2,Peptidase_M2 domain,Other Functional Domains,13
DNA_pol_B,DNA_pol_B domain,Other Functional Domains,13
Phosphorylase,Phosphorylase domain,Other Functional Domains,13
Pentaxin,Pentaxin domain,Other Functional Domains,13
Rap_GAP,Rap_GAP domain,Other Functional Domains,13
NUDE_C,NUDE_C domain,Other Functional Domains,12
Na_trans_assoc,Na_trans_assoc domain,Other Functional Domains,12
Snf7,Snf7 domain,Other Functional Domains,12
RPE65,RPE65 domain,Other Functional Domains,12
DNA_pol_A_exo1,DNA_pol_A_exo1 domain,Other Functional Domains,12
Oxysterol_BP,Oxysterol_BP domain,Other Functional Domains,12
LPMO_10,LPMO_10 domain,Other Functional Domains,12
Acyl-CoA_dh_N,Acyl-CoA_dh_N domain,Other Functional Domains,12
2-Hacid_dh_C,2-Hacid_dh_C domain,Other Functional Domains,12
Reeler,Reeler domain,Other Functional Domains,12
Hexapep,Hexapep domain,Other Functional Domains,12
Pro_dh,Pro_dh domain,Other Functional Domains,12
BAH,BAH domain,Other Functional Domains,12
WAP,WAP domain,Other Functional Domains,12
Frag1,Frag1 domain,Other Functional Domains,12
SLC12,SLC12 domain,Other Functional Domains,12
ADAM_spacer1,ADAM_spacer1 domain,Other Functional Domains,12
GIIM,GIIM domain,Other Functional Domains,12
PfkB,PfkB domain,Other Functional Domains,12
ArfGap,ArfGap domain,Other Functional Domains,12
PAM2,PAM2 domain,Other Functional Domains,12
FAD_binding_1,FAD_binding_1 domain,Other Functional Domains,12
Voltage_CLC,Voltage_CLC domain,Other Functional Domains,12
Tox-GHH,Tox-GHH domain,Other Functional Domains,12
BAR,BAR domain,Other Functional Domains,12
EF-hand_3,EF-hand_3 domain,Other Functional Domains,12
EF-hand_2,EF-hand_2 domain,Other Functional Domains,12
FYVE_2,FYVE_2 domain,Other Functional Domains,12
Tim44,Tim44 domain,Other Functional Domains,12
Peptidase_M20,Peptidase_M20 domain,Other Functional Domains,12
Tnp_P_element,Tnp_P_element domain,Other Functional Domains,12
tRNA-synt_2,tRNA-synt_2 domain,Other Functional Domains,12
NHL,NHL domain,Other Functional Domains,12
SBF,SBF domain,Other Functional Domains,12
Transket_pyr,Transket_pyr domain,Other Functional Domains,12
MutS_II,MutS_II domain,Other Functional Domains,12
Synaptobrevin,Synaptobrevin domain,Other Functional Domains,11
SBP56,SBP56 domain,Other Functional Domains,11
DUF1943,DUF1943 domain,Other Functional Domains,11
GCV_T_C,GCV_T_C domain,Other Functional Domains,11
L27,L27 domain,Other Functional Domains,11
Adaptin_N,Adaptin_N domain,Other Functional Domains,11
ThiF,ThiF domain,Other Functional Domains,11
ATP-synt_C,ATP-synt_C domain,Other Functional Domains,11
ArgoL1,ArgoL1 domain,Other Functional Domains,11
MIP,MIP domain,Other Functional Domains,11
SUZ-C,SUZ-C domain,Other Functional Domains,11
PAS_11,PAS_11 domain,Other Functional Domains,11
CSD,CSD domain,Other Functional Domains,11
fn2,fn2 domain,Other Functional Domains,11
Tudor-knot,Tudor-knot domain,Other Functional Domains,11
SPARC_Ca_bdg,SPARC_Ca_bdg domain,Other Functional Domains,11
GCV_T,GCV_T domain,Other Functional Domains,11
Amidase_2,Amidase_2 domain,Other Functional Domains,11
XTBD,XTBD domain,Other Functional Domains,11
Biotin_carb_N,Biotin_carb_N domain,Other Functional Domains,11
Biotin_carb_C,Biotin_carb_C domain,Other Functional Domains,11
Methyltransf_23,Methyltransf_23 domain,Other Functional Domains,11
Aminotran_3,Aminotran_3 domain,Other Functional Domains,11
WH1,WH1 domain,Other Functional Domains,11
PAP2,PAP2 domain,Other Functional Domains,11
PABP,PABP domain,Other Functional Domains,11
Serinc,Serinc domain,Other Functional Domains,11
RWD,RWD domain,Other Functional Domains,11
LUC7,LUC7 domain,Other Functional Domains,11
CP2,CP2 domain,Other Functional Domains,11
SSDP,SSDP domain,Other Functional Domains,11
Membr_traf_MHD,Membr_traf_MHD domain,Other Functional Domains,11
HEAT,HEAT domain,Other Functional Domains,11
adh_short_C2,adh_short_C2 domain,Other Functional Domains,11
bZIP_1,bZIP_1 domain,Other Functional Domains,11
zf-HC5HC2H_2,zf-HC5HC2H_2 domain,Other Functional Domains,11
GRAM,GRAM domain,Other Functional Domains,11
NIF,NIF domain,Other Functional Domains,11
Vinculin,Vinculin domain,Other Functional Domains,11
Granulin,Granulin domain,Other Functional Domains,11
Linker_histone,Linker_histone domain,Other Functional Domains,11
ArgoMid,ArgoMid domain,Other Functional Domains,11
ArgoL2,ArgoL2 domain,Other Functional Domains,11
Cullin,Cullin domain,Other Functional Domains,11
ArgoN,ArgoN domain,Other Functional Domains,11
Syndecan,Syndecan domain,Other Functional Domains,11
PDDEXK_2,PDDEXK_2 domain,Other Functional Domains,11
uDENN,uDENN domain,Other Functional Domains,11
DNA_pol_B_exo1,DNA_pol_B_exo1 domain,Other Functional Domains,11
KIX,KIX domain,Other Functional Domains,11
NPC1_N,NPC1_N domain,Other Functional Domains,11
TTL,TTL domain,Other Functional Domains,11
zf-RING_UBOX,zf-RING_UBOX domain,Other Functional Domains,11
zf-UBR,zf-UBR domain,Other Functional Domains,11
CTD_bind,CTD_bind domain,Other Functional Domains,11
ATP-synt_ab_Xtn,ATP-synt_ab_Xtn domain,Other Functional Domains,11
Phospholip_A2_2,Phospholip_A2_2 domain,Other Functional Domains,11
TAFH,TAFH domain,Other Functional Domains,11
tRNA_anti-codon,tRNA_anti-codon domain,Other Functional Domains,11
HTH_3,HTH_3 domain,Other Functional Domains,11
AdoHcyase,AdoHcyase domain,Other Functional Domains,11
Nucleoside_tran,Nucleoside_tran domain,Other Functional Domains,10
His_Phos_1,His_Phos_1 domain,Other Functional Domains,10
NNMT_PNMT_TEMT,NNMT_PNMT_TEMT domain,Other Functional Domains,10
AA_permease_C,AA_permease_C domain,Other Functional Domains,10
DUF902,DUF902 domain,Other Functional Domains,10
BRO1,BRO1 domain,Other Functional Domains,10
zf-CXXC,zf-CXXC domain,Other Functional Domains,10
zf-HC5HC2H,zf-HC5HC2H domain,Other Functional Domains,10
Na_trans_cytopl,Na_trans_cytopl domain,Other Functional Domains,10
RasGAP,RasGAP domain,Other Functional Domains,10
G-alpha,G-alpha domain,Other Functional Domains,10
Otopetrin,Otopetrin domain,Other Functional Domains,10
Cyclase,Cyclase domain,Other Functional Domains,10
PGM_PMM_IV,PGM_PMM_IV domain,Other Functional Domains,10
Retrotrans_gag,Retrotrans_gag domain,Other Functional Domains,10
Gelsolin,Gelsolin domain,Other Functional Domains,10
Syntaxin,Syntaxin domain,Other Functional Domains,10
DAG1,DAG1 domain,Other Functional Domains,10
E1_DerP2_DerF2,E1_DerP2_DerF2 domain,Other Functional Domains,10
2OG-FeII_Oxy_3,2OG-FeII_Oxy_3 domain,Other Functional Domains,10
zf-AN1,zf-AN1 domain,Other Functional Domains,10
CD36,CD36 domain,Other Functional Domains,10
TAP42,TAP42 domain,Other Functional Domains,10
Hist_deacetyl,Hist_deacetyl domain,Other Functional Domains,10
KOW,KOW domain,Other Functional Domains,10
MutS_I,MutS_I domain,Other Functional Domains,10
NIDO,NIDO domain,Other Functional Domains,10
HAT_KAT11,HAT_KAT11 domain,Other Functional Domains,10
WHEP-TRS,WHEP-TRS domain,Other Functional Domains,10
A_deaminase,A_deaminase domain,Other Functional Domains,10
G-gamma,G-gamma domain,Other Functional Domains,10
HATPase_c,HATPase_c domain,Other Functional Domains,10
Alpha-amylase,Alpha-amylase domain,Other Functional Domains,10
CUT,CUT domain,Other Functional Domains,10
AdoHcyase_NAD,AdoHcyase_NAD domain,Other Functional Domains,10
EF-hand_4,EF-hand_4 domain,Other Functional Domains,10
EGF_2,EGF_2 domain,Other Functional Domains,10
SRCR_2,SRCR_2 domain,Other Functional Domains,10
UDPGP,UDPGP domain,Other Functional Domains,10
Abhydrolase_6,Abhydrolase_6 domain,Other Functional Domains,10
Kelch_4,Kelch_4 domain,Other Functional Domains,10
Hemopexin,Hemopexin domain,Other Functional Domains,10
PRELI,PRELI domain,Other Functional Domains,10
Meis_PKNOX_N,Meis_PKNOX_N domain,Other Functional Domains,10
Kinesin_assoc,Kinesin_assoc domain,Other Functional Domains,10
Plexin_cytopl,Plexin_cytopl domain,Other Functional Domains,10
START,START domain,Other Functional Domains,10
Roc,Roc domain,Other Functional Domains,10
FATC,FATC domain,Other Functional Domains,10
Ammonium_transp,Ammonium_transp domain,Other Functional Domains,10
Sec1,Sec1 domain,Other Functional Domains,10
2-Hacid_dh,2-Hacid_dh domain,Other Functional Domains,10
Radical_SAM,Radical_SAM domain,Other Functional Domains,10
MH1,MH1 domain,Other Functional Domains,10
DOCK-C2,DOCK-C2 domain,Other Functional Domains,10
DHR-2,DHR-2 domain,Other Functional Domains,10
Peptidase_M10,Matrix metalloproteinase,Proteases & Peptidases,10
HATPase_c_3,HATPase_c_3 domain,Other Functional Domains,10
PHR,PHR domain,Other Functional Domains,10
PG_binding_1,PG_binding_1 domain,Other Functional Domains,10
PLAC,PLAC domain,Other Functional Domains,10
Sacchrp_dh_NADP,Sacchrp_dh_NADP domain,Other Functional Domains,10
HCO3_cotransp,HCO3_cotransp domain,Other Functional Domains,10
Ninjurin,Ninjurin domain,Other Functional Domains,10
LRRCT,LRRCT domain,Other Functional Domains,10
eIF3_N,eIF3_N domain,Other Functional Domains,10
Dynamin_M,Dynamin_M domain,Other Functional Domains,10
HNOB,HNOB domain,Other Functional Domains,10
DUF4749,DUF4749 domain,Other Functional Domains,9
Pyridoxal_deC,Pyridoxal_deC domain,Other Functional Domains,9
Ceramidse_alk_C,Ceramidse_alk_C domain,Other Functional Domains,9
EFG_C,EFG_C domain,Other Functional Domains,9
COX15-CtaA,COX15-CtaA domain,Other Functional Domains,9
Frizzled,Frizzled domain,Other Functional Domains,9
PACT_coil_coil,PACT_coil_coil domain,Other Functional Domains,9
CLIP,CLIP domain,Other Functional Domains,9
SHR-BD,SHR-BD domain,Other Functional Domains,9
Glyco_transf_92,Glyco_transf_92 domain,Other Functional Domains,9
KRAB,KRAB domain,Other Functional Domains,9
Drf_FH3,Drf_FH3 domain,Other Functional Domains,9
zf-C6H2,zf-C6H2 domain,Other Functional Domains,9
Tet_JBP,Tet_JBP domain,Other Functional Domains,9
ADAM_CR,ADAM_CR domain,Other Functional Domains,9
COR,COR domain,Other Functional Domains,9
Exostosin,Exostosin domain,Other Functional Domains,9
bZIP_2,bZIP_2 domain,Other Functional Domains,9
VWA_2,VWA_2 domain,Other Functional Domains,9
BRK,BRK domain,Other Functional Domains,9
G_glu_transpept,G_glu_transpept domain,Other Functional Domains,9
Inositol_P,Inositol_P domain,Other Functional Domains,9
LRR_5,LRR_5 domain,Other Functional Domains,9
TB2_DP1_HVA22,TB2_DP1_HVA22 domain,Other Functional Domains,9
PHD_2,PHD_2 domain,Other Functional Domains,9
Bax1-I,Bax1-I domain,Other Functional Domains,9
RPEL,RPEL domain,Other Functional Domains,9
DDT,DDT domain,Other Functional Domains,9
La,La domain,Other Functional Domains,9
PH_12,PH_12 domain,Other Functional Domains,9
TLD,TLD domain,Other Functional Domains,9
Cytochrom_B561,Cytochrom_B561 domain,Other Functional Domains,9
ELM2,ELM2 domain,Other Functional Domains,9
Ligase_CoA,Ligase_CoA domain,Other Functional Domains,9
ACC_central,ACC_central domain,Other Functional Domains,9
Thioredoxin_6,Thioredoxin_6 domain,Other Functional Domains,9
Beach,Beach domain,Other Functional Domains,9
CLCA,CLCA domain,Other Functional Domains,9
DND1_DSRM,DND1_DSRM domain,Other Functional Domains,9
CBFD_NFYB_HMF,CBFD_NFYB_HMF domain,Other Functional Domains,9
Epimerase,Epimerase domain,Other Functional Domains,9
Carn_acyltransf,Carn_acyltransf domain,Other Functional Domains,9
Wtap,Wtap domain,Other Functional Domains,9
Clathrin,Clathrin domain,Other Functional Domains,9
EMI,EMI domain,Other Functional Domains,9
zf-MIZ,zf-MIZ domain,Other Functional Domains,9
VPS13_C,VPS13_C domain,Other Functional Domains,9
DUF4806,DUF4806 domain,Other Functional Domains,9
ADK,ADK domain,Other Functional Domains,9
PGM_PMM_III,PGM_PMM_III domain,Other Functional Domains,9
Proteasome_A_N,Proteasome_A_N domain,Other Functional Domains,9
PIP5K,PIP5K domain,Other Functional Domains,9
Cation_efflux,Cation_efflux domain,Other Functional Domains,9
Peptidase_C14,Peptidase_C14 domain,Other Functional Domains,9
COMM_domain,COMM_domain domain,Other Functional Domains,9
S4,S4 domain,Other Functional Domains,9
MH2,MH2 domain,Other Functional Domains,9
CRAL_TRIO_2,CRAL_TRIO_2 domain,Other Functional Domains,9
PI3Ka,PI3Ka domain,Other Functional Domains,9
Peptidase_M16_C,Peptidase_M16_C domain,Other Functional Domains,9
Peptidase_M16,Peptidase_M16 domain,Other Functional Domains,9
CTP_transf_like,CTP_transf_like domain,Other Functional Domains,9
Fer4_20,Fer4_20 domain,Other Functional Domains,9
RNase_PH,RNase_PH domain,Other Functional Domains,9
RNase_PH_C,RNase_PH_C domain,Other Functional Domains,9
Aldolase_II,Aldolase_II domain,Other Functional Domains,9
p25-alpha,p25-alpha domain,Other Functional Domains,9
CAMSAP_CH,CAMSAP_CH domain,Other Functional Domains,8
Aminotran_5,Aminotran_5 domain,Other Functional Domains,8
W2,W2 domain,Other Functional Domains,8
dDENN,dDENN domain,Other Functional Domains,8
Costars,Costars domain,Other Functional Domains,8
Jnk-SapK_ap_N,Jnk-SapK_ap_N domain,Other Functional Domains,8
TLE_N,TLE_N domain,Other Functional Domains,8
PDGF,PDGF domain,Other Functional Domains,8
HlyIII,HlyIII domain,Other Functional Domains,8
DEK_C,DEK_C domain,Other Functional Domains,8
TPR_19,TPR_19 domain,Other Functional Domains,8
tRNA-synt_1b,tRNA-synt_1b domain,Other Functional Domains,8
Anoctamin,Anoctamin domain,Other Functional Domains,8
SCP2,SCP2 domain,Other Functional Domains,8
Activin_recp,Activin_recp domain,Other Functional Domains,8
RNA_pol_Rpb2_3,RNA_pol_Rpb2_3 domain,Other Functional Domains,8
RNA_pol_Rpb1_2,RNA_pol_Rpb1_2 domain,Other Functional Domains,8
DUF1081,DUF1081 domain,Other Functional Domains,8
Fam20C,Fam20C domain,Other Functional Domains,8
ACOX,ACOX domain,Other Functional Domains,8
Chorein_N,Chorein_N domain,Other Functional Domains,8
Gal-bind_lectin,Gal-bind_lectin domain,Other Functional Domains,8
Adap_comp_sub,Adap_comp_sub domain,Other Functional Domains,8
GAS2,GAS2 domain,Other Functional Domains,8
DnaJ_CXXCXGXG,DnaJ_CXXCXGXG domain,Other Functional Domains,8
RNA_pol_Rpb2_1,RNA_pol_Rpb2_1 domain,Other Functional Domains,8
RNA_pol_Rpb2_2,RNA_pol_Rpb2_2 domain,Other Functional Domains,8
FerB,FerB domain,Other Functional Domains,8
Sdh5,Sdh5 domain,Other Functional Domains,8
PI3K_C2,PI3K_C2 domain,Other Functional Domains,8
Somatomedin_B,Somatomedin_B domain,Other Functional Domains,8
FtsJ,FtsJ domain,Other Functional Domains,8
Neogenin_C,Neogenin_C domain,Other Functional Domains,8
DUF1126,DUF1126 domain,Other Functional Domains,8
VPS13_mid_rpt,VPS13_mid_rpt domain,Other Functional Domains,8
VPS13,VPS13 domain,Other Functional Domains,8
GST_C,GST_C domain,Enzymatic & Catalytic Activity,8
DIL,DIL domain,Other Functional Domains,8
GATase_6,GATase_6 domain,Other Functional Domains,8
Cupin_8,Cupin_8 domain,Other Functional Domains,8
EMP24_GP25L,EMP24_GP25L domain,Other Functional Domains,8
Cullin_Nedd8,Cullin_Nedd8 domain,Other Functional Domains,8
Drf_GBD,Drf_GBD domain,Other Functional Domains,8
KCNQ_channel,KCNQ_channel domain,Other Functional Domains,8
Glyco_hydro_20,Glyco_hydro_20 domain,Other Functional Domains,8
FYRN,FYRN domain,Other Functional Domains,8
Motile_Sperm,Motile_Sperm domain,Other Functional Domains,8
MgtE,MgtE domain,Other Functional Domains,8
FYRC,FYRC domain,Other Functional Domains,8
MoCF_biosynth,MoCF_biosynth domain,Other Functional Domains,8
NACHT,NACHT domain,Other Functional Domains,8
Troponin,Troponin domain,Other Functional Domains,8
DM,DM domain,Other Functional Domains,8
DMPK_coil,DMPK_coil domain,Other Functional Domains,8
KELK,KELK domain,Other Functional Domains,8
HSA,HSA domain,Other Functional Domains,8
GDPD,GDPD domain,Other Functional Domains,8
VPS9,VPS9 domain,Other Functional Domains,8
Abhydro_lipase,Abhydro_lipase domain,Other Functional Domains,8
CDP-OH_P_transf,CDP-OH_P_transf domain,Other Functional Domains,8
Rad51,Rad51 domain,Other Functional Domains,8
RNA_pol_Rpb2_7,RNA_pol_Rpb2_7 domain,Other Functional Domains,8
RNA_pol_Rpb2_6,RNA_pol_Rpb2_6 domain,Other Functional Domains,8
ACBP,ACBP domain,Other Functional Domains,8
Toprim,Toprim domain,Other Functional Domains,8
Laminin_I,Laminin_I domain,Other Functional Domains,8
zf-B_box,zf-B_box domain,Other Functional Domains,8
Hexokinase_1,Hexokinase_1 domain,Other Functional Domains,8
Hexokinase_2,Hexokinase_2 domain,Other Functional Domains,8
WWE,WWE domain,Other Functional Domains,8
Destabilase,Destabilase domain,Other Functional Domains,8
MBT,MBT domain,Other Functional Domains,8
ABC_tran_Xtn,ABC_tran_Xtn domain,Other Functional Domains,8
NTR,NTR domain,Other Functional Domains,8
RINGv,RINGv domain,Other Functional Domains,8
Occludin_ELL,Occludin_ELL domain,Other Functional Domains,8
Pribosyltran,Pribosyltran domain,Other Functional Domains,8
Glyco_transf_49,Glyco_transf_49 domain,Other Functional Domains,8
Prefoldin_2,Prefoldin_2 domain,Other Functional Domains,8
ANTH,ANTH domain,Other Functional Domains,8
Myotub-related,Myotub-related domain,Other Functional Domains,8
GXGXG,GXGXG domain,Other Functional Domains,8
HTH_psq,HTH_psq domain,Other Functional Domains,8
TIR_2,TIR_2 domain,Other Functional Domains,8
AAA_33,AAA_33 domain,Other Functional Domains,8
WD40_4,WD40_4 domain,Other Functional Domains,8
DUF1899,DUF1899 domain,Other Functional Domains,8
RBD,RBD domain,Other Functional Domains,8
Crust_neurohorm,Crust_neurohorm domain,Other Functional Domains,7
Cadherin_3,Cadherin_3 domain,Other Functional Domains,7
NOT2_3_5,NOT2_3_5 domain,Other Functional Domains,7
Vps54_N,Vps54_N domain,Other Functional Domains,7
zf-RING_5,zf-RING_5 domain,Other Functional Domains,7
Lysyl_oxidase,Lysyl_oxidase domain,Other Functional Domains,7
Integrin_alpha2,Integrin_alpha2 domain,Other Functional Domains,7
DAN,DAN domain,Other Functional Domains,7
Cadherin_C,Cadherin_C domain,Other Functional Domains,7
Amidohydro_1,Amidohydro_1 domain,Other Functional Domains,7
IF4E,IF4E domain,Other Functional Domains,7
RNA_pol_Rpb1_5,RNA_pol_Rpb1_5 domain,Other Functional Domains,7
RNA_pol_Rpb1_4,RNA_pol_Rpb1_4 domain,Other Functional Domains,7
Thiolase_N,Thiolase_N domain,Other Functional Domains,7
FG-GAP,FG-GAP domain,Other Functional Domains,7
Ribosomal_L7Ae,Ribosomal_L7Ae domain,Other Functional Domains,7
ANAPC4,ANAPC4 domain,Other Functional Domains,7
YjeF_N,YjeF_N domain,Other Functional Domains,7
XRN_N,XRN_N domain,Other Functional Domains,7
XK-related,XK-related domain,Other Functional Domains,7
DUF3534,DUF3534 domain,Other Functional Domains,7
Catalase,Catalase domain,Other Functional Domains,7
Methyltransf_28,Methyltransf_28 domain,Other Functional Domains,7
Insulin,Insulin domain,Other Functional Domains,7
ELL,ELL domain,Other Functional Domains,7
NO_synthase,NO_synthase domain,Other Functional Domains,7
DUF1011,DUF1011 domain,Other Functional Domains,7
TPR_7,TPR_7 domain,Other Functional Domains,7
WSD,WSD domain,Other Functional Domains,7
RNA_pol_Rpb1_1,RNA_pol_Rpb1_1 domain,Other Functional Domains,7
Sel1,Sel1 domain,Other Functional Domains,7
PXA,PXA domain,Other Functional Domains,7
Nexin_C,Nexin_C domain,Other Functional Domains,7
PI3K_rbd,PI3K_rbd domain,Other Functional Domains,7
Peptidase_M41,Peptidase_M41 domain,Other Functional Domains,7
MORN,MORN domain,Other Functional Domains,7
Surp,Surp domain,Other Functional Domains,7
KASH,KASH domain,Other Functional Domains,7
P53_tetramer,P53_tetramer domain,Other Functional Domains,7
Glyco_hydro_38C,Glyco_hydro_38C domain,Other Functional Domains,7
MIT,MIT domain,Other Functional Domains,7
Kelch_2,Kelch_2 domain,Other Functional Domains,7
JHBP,JHBP domain,Other Functional Domains,7
DNA_methylase,DNA_methylase domain,Other Functional Domains,7
P53,P53 domain,Other Functional Domains,7
Glyco_hydro_15,Glyco_hydro_15 domain,Other Functional Domains,7
E1_dh,E1_dh domain,Other Functional Domains,7
Med26,Med26 domain,Other Functional Domains,7
PWI,PWI domain,Other Functional Domains,7
TPR_10,TPR_10 domain,Other Functional Domains,7
DALR_1,DALR_1 domain,Other Functional Domains,7
Spermine_synth,Spermine_synth domain,Other Functional Domains,7
PhyH,PhyH domain,Other Functional Domains,7
PB1,PB1 domain,Other Functional Domains,7
Cullin_binding,Cullin_binding domain,Other Functional Domains,7
Iso_dh,Iso_dh domain,Other Functional Domains,7
Dynein_light,Dynein_light domain,Other Functional Domains,7
cwf21,cwf21 domain,Other Functional Domains,7
BAR_3,BAR_3 domain,Other Functional Domains,7
Nuc_H_symport,Nuc_H_symport domain,Other Functional Domains,7
RRM_7,RRM_7 domain,Other Functional Domains,7
CEBP_ZZ,CEBP_ZZ domain,Other Functional Domains,7
Glyco_transf_22,Glyco_transf_22 domain,Other Functional Domains,7
VHS,VHS domain,Other Functional Domains,7
Patatin,Patatin domain,Other Functional Domains,7
SIS,SIS domain,Other Functional Domains,7
zf-C2H2_jaz,zf-C2H2_jaz domain,Other Functional Domains,7
5-FTHF_cyc-lig,5-FTHF_cyc-lig domain,Other Functional Domains,7
IBB,IBB domain,Other Functional Domains,7
Arm_3,Arm_3 domain,Other Functional Domains,7
MitMem_reg,MitMem_reg domain,Other Functional Domains,7
DCX,DCX domain,Other Functional Domains,7
Glyco_hydro_47,Glyco_hydro_47 domain,Other Functional Domains,7
Cu2_monoox_C,Cu2_monoox_C domain,Other Functional Domains,7
zf-RanBP,zf-RanBP domain,Other Functional Domains,7
P4Ha_N,P4Ha_N domain,Other Functional Domains,7
Glyco_transf_64,Glyco_transf_64 domain,Other Functional Domains,7
Reprolysin_2,Reprolysin_2 domain,Other Functional Domains,7
Ribosomal_L1,Ribosomal_L1 domain,Other Functional Domains,7
Complex1_LYR,Complex1_LYR domain,Other Functional Domains,7
SM-ATX,SM-ATX domain,Other Functional Domains,7
LsmAD,LsmAD domain,Other Functional Domains,7
Mucin2_WxxW,Mucin2_WxxW domain,Other Functional Domains,7
P5CR_dimer,P5CR_dimer domain,Other Functional Domains,7
F420_oxidored,F420_oxidored domain,Other Functional Domains,7
DSL,DSL domain,Other Functional Domains,7
SRP54,SRP54 domain,Other Functional Domains,7
RAWUL,RAWUL domain,Other Functional Domains,7
BESS,BESS domain,Other Functional Domains,7
Sulfotransfer_2,Sulfotransfer_2 domain,Other Functional Domains,7
Mab-21,Mab-21 domain,Other Functional Domains,7
Annexin,Annexin domain,Other Functional Domains,7
SWIRM,SWIRM domain,Other Functional Domains,7
MCM_N,MCM_N domain,Other Functional Domains,7
PBD,PBD domain,Other Functional Domains,7
LRRNT,LRRNT domain,Other Functional Domains,7
GST_N_3,GST_N_3 domain,Other Functional Domains,7
RBM39linker,RBM39linker domain,Other Functional Domains,7
ERGIC_N,ERGIC_N domain,Other Functional Domains,7
COPIIcoated_ERV,COPIIcoated_ERV domain,Other Functional Domains,7
L_HMGIC_fpl,L_HMGIC_fpl domain,Other Functional Domains,7
U-box,U-box domain,Other Functional Domains,7
DM13,DM13 domain,Other Functional Domains,7
2OG-FeII_Oxy_2,2OG-FeII_Oxy_2 domain,Other Functional Domains,7
KA1,KA1 domain,Other Functional Domains,7
Alg6_Alg8,Alg6_Alg8 domain,Other Functional Domains,7
Katanin_con80,Katanin_con80 domain,Other Functional Domains,7
Peptidase_M17,Peptidase_M17 domain,Other Functional Domains,7
Pou,Pou domain,Other Functional Domains,7
Rhomboid,Rhomboid domain,Other Functional Domains,7
HTH_29,HTH_29 domain,Other Functional Domains,7
Herpes_alk_exo,Herpes_alk_exo domain,Other Functional Domains,7
FAO_M,FAO_M domain,Other Functional Domains,7
WIF,WIF domain,Other Functional Domains,7
fn3_4,fn3_4 domain,Other Functional Domains,7
PseudoU_synth_2,PseudoU_synth_2 domain,Other Functional Domains,7
FAD_binding_4,FAD_binding_4 domain,Other Functional Domains,7
Cys_Met_Meta_PP,Cys_Met_Meta_PP domain,Other Functional Domains,7
Suf,Suf domain,Other Functional Domains,7
TFIIS_C,TFIIS_C domain,Other Functional Domains,7
zf-Sec23_Sec24,zf-Sec23_Sec24 domain,Other Functional Domains,7
Sec23_trunk,Sec23_trunk domain,Other Functional Domains,7
Sec23_helical,Sec23_helical domain,Other Functional Domains,7
Sec23_BS,Sec23_BS domain,Other Functional Domains,7
5_nucleotid,5_nucleotid domain,Other Functional Domains,7
Thiolase_C,Thiolase_C domain,Other Functional Domains,7
HAD_2,HAD_2 domain,Other Functional Domains,7
Glycos_transf_1,Glycos_transf_1 domain,Other Functional Domains,7
Haspin_kinase,Haspin_kinase domain,Other Functional Domains,7
Band_3_cyto,Band_3_cyto domain,Other Functional Domains,7
GATase,GATase domain,Other Functional Domains,7
Glutaredoxin,Glutaredoxin domain,Other Functional Domains,7
IgGFc_binding,IgGFc_binding domain,Other Functional Domains,7
INTS2,INTS2 domain,Other Functional Domains,6
Cystatin,Cystatin domain,Other Functional Domains,6
BPL_LplA_LipB,BPL_LplA_LipB domain,Other Functional Domains,6
TILa,TILa domain,Other Functional Domains,6
SWIM,SWIM domain,Other Functional Domains,6
CPSF_A,CPSF_A domain,Other Functional Domains,6
MMS1_N,MMS1_N domain,Other Functional Domains,6
Vps54,Vps54 domain,Other Functional Domains,6
CoA_binding,CoA_binding domain,Other Functional Domains,6
P5-ATPase,P5-ATPase domain,Other Functional Domains,6
Flot,Flot domain,Other Functional Domains,6
tRNA_SAD,tRNA_SAD domain,Other Functional Domains,6
JIP_LZII,JIP_LZII domain,Other Functional Domains,6
ERCC4,ERCC4 domain,Other Functional Domains,6
SIP1,SIP1 domain,Other Functional Domains,6
GED,GED domain,Other Functional Domains,6
MAP7,MAP7 domain,Other Functional Domains,6
Ribosomal_S10,Ribosomal_S10 domain,Other Functional Domains,6
Prenyltransf,Prenyltransf domain,Other Functional Domains,6
zf-HIT,zf-HIT domain,Other Functional Domains,6
PAH,PAH domain,Other Functional Domains,6
zf-U1,zf-U1 domain,Other Functional Domains,6
EFG_II,EFG_II domain,Other Functional Domains,6
Polysacc_deac_1,Polysacc_deac_1 domain,Other Functional Domains,6
FERM_f0,FERM_f0 domain,Other Functional Domains,6
DNA_mis_repair,DNA_mis_repair domain,Other Functional Domains,6
DUF3398,DUF3398 domain,Other Functional Domains,6
MoeA_N,MoeA_N domain,Other Functional Domains,6
polyprenyl_synt,polyprenyl_synt domain,Other Functional Domains,6
Glyco_transf_7C,Glyco_transf_7C domain,Other Functional Domains,6
Glyco_transf_7N,Glyco_transf_7N domain,Other Functional Domains,6
CoA_transf_3,CoA_transf_3 domain,Other Functional Domains,6
VGCC_alpha2,VGCC_alpha2 domain,Other Functional Domains,6
VWA_N,VWA_N domain,Other Functional Domains,6
Vps4_C,Vps4_C domain,Other Functional Domains,6
LRR_1,LRR_1 domain,Other Functional Domains,6
THF_DHG_CYH,THF_DHG_CYH domain,Other Functional Domains,6
THF_DHG_CYH_C,THF_DHG_CYH_C domain,Other Functional Domains,6
TPP_enzyme_C,TPP_enzyme_C domain,Other Functional Domains,6
PLDc_2,PLDc_2 domain,Other Functional Domains,6
eIF-1a,eIF-1a domain,Other Functional Domains,6
JmjN,JmjN domain,Other Functional Domains,6
IMD,IMD domain,Other Functional Domains,6
FAD-oxidase_C,FAD-oxidase_C domain,Other Functional Domains,6
Syja_N,Syja_N domain,Other Functional Domains,6
Lys,Lys domain,Other Functional Domains,6
PIEZO,PIEZO domain,Other Functional Domains,6
Vps51,Vps51 domain,Other Functional Domains,6
DUF3456,DUF3456 domain,Other Functional Domains,6
HEAT_2,HEAT_2 domain,Other Functional Domains,6
E3_UbLigase_EDD,E3_UbLigase_EDD domain,Other Functional Domains,6
Tim17,Tim17 domain,Other Functional Domains,6
MRVI1,MRVI1 domain,Other Functional Domains,6
Propep_M14,Propep_M14 domain,Other Functional Domains,6
Ribosomal_L6,Ribosomal_L6 domain,Other Functional Domains,6
CBF_beta,CBF_beta domain,Other Functional Domains,6
zinc_ribbon_10,zinc_ribbon_10 domain,Other Functional Domains,6
GDP_Man_Dehyd,GDP_Man_Dehyd domain,Other Functional Domains,6
Calponin,Calponin domain,Other Functional Domains,6
MIEAP,MIEAP domain,Other Functional Domains,6
DUF1053,DUF1053 domain,Other Functional Domains,6
MoeA_C,MoeA_C domain,Other Functional Domains,6
ATP_bind_1,ATP_bind_1 domain,Other Functional Domains,6
PDZ_2,PDZ_2 domain,Other Functional Domains,6
Avidin,Avidin domain,Other Functional Domains,6
Piezo_RRas_bdg,Piezo_RRas_bdg domain,Other Functional Domains,6
Lactamase_B_2,Lactamase_B_2 domain,Other Functional Domains,6
NTP_transf_2,NTP_transf_2 domain,Other Functional Domains,6
LIM_bind,LIM_bind domain,Other Functional Domains,6
Transketolase_C,Transketolase_C domain,Other Functional Domains,6
Cu2_monooxygen,Cu2_monooxygen domain,Other Functional Domains,6
Mob1_phocein,Mob1_phocein domain,Other Functional Domains,6
CarboxypepD_reg,CarboxypepD_reg domain,Other Functional Domains,6
Fer2,Fer2 domain,Other Functional Domains,6
zf-TRAF,zf-TRAF domain,Other Functional Domains,6
HELP,HELP domain,Other Functional Domains,6
Ferritin,Ferritin domain,Other Functional Domains,6
FAD_binding_3,FAD_binding_3 domain,Other Functional Domains,6
NDK,NDK domain,Other Functional Domains,6
MA3,MA3 domain,Other Functional Domains,6
Furin-like,Furin-like domain,Other Functional Domains,6
Recep_L_domain,Recep_L_domain domain,Other Functional Domains,6
Popeye,Popeye domain,Other Functional Domains,6
RF-1,RF-1 domain,Other Functional Domains,6
DNA_pol_E_B,DNA_pol_E_B domain,Other Functional Domains,6
Lipocalin,Lipocalin domain,Other Functional Domains,6
ALIX_LYPXL_bnd,ALIX_LYPXL_bnd domain,Other Functional Domains,6
Ctr,Ctr domain,Other Functional Domains,6
Phospholip_A2_1,Phospholipase A2 venom enzyme,Toxins & Venom Components,6
Globin,Globin domain,Other Functional Domains,6
Reprolysin_3,Reprolysin_3 domain,Other Functional Domains,6
BET,BET domain,Other Functional Domains,6
SOUL,SOUL domain,Other Functional Domains,6
EHN,EHN domain,Other Functional Domains,6
Peptidase_M48,Peptidase_M48 domain,Other Functional Domains,6
dUTPase,dUTPase domain,Other Functional Domains,6
Spermine_synt_N,Spermine_synt_N domain,Other Functional Domains,6
Bcl-2,Bcl-2 domain,Other Functional Domains,6
tRNA-synt_1d,tRNA-synt_1d domain,Other Functional Domains,6
Stathmin,Stathmin domain,Other Functional Domains,6
PA,PA domain,Other Functional Domains,6
Rav1p_C,Rav1p_C domain,Other Functional Domains,6
APH,APH domain,Other Functional Domains,6
AhpC-TSA,AhpC-TSA domain,Other Functional Domains,6
Choline_kinase,Choline_kinase domain,Other Functional Domains,6
YTH,YTH domain,Other Functional Domains,6
Na_sulph_symp,Na_sulph_symp domain,Other Functional Domains,6
Longin,Longin domain,Other Functional Domains,6
Peptidase_C12,Peptidase_C12 domain,Other Functional Domains,6
Alpha-mann_mid,Alpha-mann_mid domain,Other Functional Domains,6
Glyco_hydro_38,Glyco_hydro_38 domain,Other Functional Domains,6
Ins_P5_2-kin,Ins_P5_2-kin domain,Other Functional Domains,6
NHR2,NHR2 domain,Other Functional Domains,6
DNA_topoisoIV,DNA_topoisoIV domain,Other Functional Domains,6
SLC35F,SLC35F domain,Other Functional Domains,6
SapB_2,SapB_2 domain,Other Functional Domains,6
Biopterin_H,Biopterin_H domain,Other Functional Domains,6
LCAT,LCAT domain,Other Functional Domains,6
PTEN_C2,PTEN_C2 domain,Other Functional Domains,6
Dicer_dimer,Dicer_dimer domain,Other Functional Domains,6
Ribonuclease_3,Ribonuclease_3 domain,Other Functional Domains,6
Recombinase,Recombinase domain,Other Functional Domains,6
Resolvase,Resolvase domain,Other Functional Domains,6
Zn_ribbon_recom,Zn_ribbon_recom domain,Other Functional Domains,6
PhoLip_ATPase_C,PhoLip_ATPase_C domain,Other Functional Domains,6
PhoLip_ATPase_N,PhoLip_ATPase_N domain,Other Functional Domains,6
PH_BEACH,PH_BEACH domain,Other Functional Domains,6
DUSP,DUSP domain,Other Functional Domains,6
Lipase_3,Lipase_3 domain,Other Functional Domains,6
Spc97_Spc98,Spc97_Spc98 domain,Other Functional Domains,6
Catalase-rel,Catalase-rel domain,Other Functional Domains,6
zf-C4pol,zf-C4pol domain,Other Functional Domains,6
XPG_N,XPG_N domain,Other Functional Domains,6
EPL1,EPL1 domain,Other Functional Domains,6
PGM_PMM_I,PGM_PMM_I domain,Other Functional Domains,6
Porin_3,Porin_3 domain,Other Functional Domains,6
CBM_21,CBM_21 domain,Other Functional Domains,6
Mpv17_PMP22,Mpv17_PMP22 domain,Other Functional Domains,6
Brix,Brix domain,Other Functional Domains,6
RNA_pol_Rpb1_3,RNA_pol_Rpb1_3 domain,Other Functional Domains,6
TatD_DNase,TatD_DNase domain,Other Functional Domains,6
Nucleoporin_C,Nucleoporin_C domain,Other Functional Domains,6
Nucleoporin_N,Nucleoporin_N domain,Other Functional Domains,6
HRDC,HRDC domain,Other Functional Domains,6
RecQ_Zn_bind,RecQ_Zn_bind domain,Other Functional Domains,6
zf-Tim10_DDP,zf-Tim10_DDP domain,Other Functional Domains,6
PTB,PTB domain,Other Functional Domains,6
RNF220,RNF220 domain,Other Functional Domains,6
PK_C,PK_C domain,Other Functional Domains,6
zf-LITAF-like,zf-LITAF-like domain,Other Functional Domains,6
Atg8,Atg8 domain,Other Functional Domains,6
Ski_Sno,Ski_Sno domain,Other Functional Domains,6
GFA,GFA domain,Other Functional Domains,6
Formyl_trans_N,Formyl_trans_N domain,Other Functional Domains,6
Dus,Dus domain,Other Functional Domains,6
ATP-grasp_2,ATP-grasp_2 domain,Other Functional Domains,5
Citrate_synt,Citrate_synt domain,Other Functional Domains,5
LRR_4,LRR_4 domain,Other Functional Domains,5
UPA,UPA domain,Other Functional Domains,5
RVT_N,RVT_N domain,Other Functional Domains,5
PIP49_C,PIP49_C domain,Other Functional Domains,5
IGFBP,IGFBP domain,Other Functional Domains,5
Sulfate_transp,Sulfate_transp domain,Other Functional Domains,5
6PF2K,6PF2K domain,Other Functional Domains,5
SIR2,SIR2 domain,Other Functional Domains,5
SapA,SapA domain,Other Functional Domains,5
Asparaginase_2,Asparaginase_2 domain,Other Functional Domains,5
Rad21_Rec8_N,Rad21_Rec8_N domain,Other Functional Domains,5
Rad21_Rec8,Rad21_Rec8 domain,Other Functional Domains,5
Indigoidine_A,Indigoidine_A domain,Other Functional Domains,5
Anoct_dimer,Anoct_dimer domain,Other Functional Domains,5
RrnaAD,RrnaAD domain,Other Functional Domains,5
CaMKII_AD,CaMKII_AD domain,Other Functional Domains,5
IPK,IPK domain,Other Functional Domains,5
LON_substr_bdg,LON_substr_bdg domain,Other Functional Domains,5
FoP_duplication,FoP_duplication domain,Other Functional Domains,5
DUF4773,DUF4773 domain,Other Functional Domains,5
2-oxoacid_dh,2-oxoacid_dh domain,Other Functional Domains,5
Formyl_trans_C,Formyl_trans_C domain,Other Functional Domains,5
Peptidase_M28,Peptidase_M28 domain,Other Functional Domains,5
PK,PK domain,Other Functional Domains,5
B9-C2,B9-C2 domain,Other Functional Domains,5
SK_channel,SK_channel domain,Other Functional Domains,5
CPL,CPL domain,Other Functional Domains,5
CLP1_P,CLP1_P domain,Other Functional Domains,5
Thymosin,Thymosin domain,Other Functional Domains,5
bZIP_Maf,bZIP_Maf domain,Other Functional Domains,5
Rieske,Rieske domain,Other Functional Domains,5
EF_assoc_2,EF_assoc_2 domain,Other Functional Domains,5
Vps5,Vps5 domain,Other Functional Domains,5
RNB,RNB domain,Other Functional Domains,5
PNP_UDP_1,PNP_UDP_1 domain,Other Functional Domains,5
Ribosomal_S4e,Ribosomal_S4e domain,Other Functional Domains,5
Na_K-ATPase,Na_K-ATPase domain,Other Functional Domains,5
zf-CW,zf-CW domain,Other Functional Domains,5
ENTH,ENTH domain,Other Functional Domains,5
DUF829,DUF829 domain,Other Functional Domains,5
Alpha_adaptinC2,Alpha_adaptinC2 domain,Other Functional Domains,5
Fumble,Fumble domain,Other Functional Domains,5
EMP70,EMP70 domain,Other Functional Domains,5
Endostatin,Endostatin domain,Other Functional Domains,5
BRCT_2,BRCT_2 domain,Other Functional Domains,5
DUF1057,DUF1057 domain,Other Functional Domains,5
Lactamase_B,Lactamase_B domain,Other Functional Domains,5
RPN7,RPN7 domain,Other Functional Domains,5
Sulfotransfer_3,Sulfotransfer_3 domain,Other Functional Domains,5
PGM_PMM_II,PGM_PMM_II domain,Other Functional Domains,5
UPRTase,UPRTase domain,Other Functional Domains,5
ATP_bind_3,ATP_bind_3 domain,Other Functional Domains,5
MFS_2,MFS_2 domain,Other Functional Domains,5
zf-CCHC_2,zf-CCHC_2 domain,Other Functional Domains,5
DUF4217,DUF4217 domain,Other Functional Domains,5
TraB,TraB domain,Other Functional Domains,5
RS4NT,RS4NT domain,Other Functional Domains,5
40S_S4_C,40S_S4_C domain,Other Functional Domains,5
SapB_1,SapB_1 domain,Other Functional Domains,5
RAB3GAP2_N,RAB3GAP2_N domain,Other Functional Domains,5
RAB3GAP2_C,RAB3GAP2_C domain,Other Functional Domains,5
MRG,MRG domain,Other Functional Domains,5
Peptidase_A22B,Peptidase_A22B domain,Other Functional Domains,5
RAI16-like,RAI16-like domain,Other Functional Domains,5
Hyd_WA,Hyd_WA domain,Other Functional Domains,5
PhzC-PhzF,PhzC-PhzF domain,Other Functional Domains,5
MAP65_ASE1,MAP65_ASE1 domain,Other Functional Domains,5
RVT_3,RVT_3 domain,Other Functional Domains,5
LysM,LysM domain,Other Functional Domains,5
DNase_II,DNase_II domain,Other Functional Domains,5
Phlebovirus_G2,Phlebovirus_G2 domain,Other Functional Domains,5
1-cysPrx_C,1-cysPrx_C domain,Other Functional Domains,5
V-SNARE_C,V-SNARE_C domain,Other Functional Domains,5
eIF2_C,eIF2_C domain,Other Functional Domains,5
tRNA_m1G_MT,tRNA_m1G_MT domain,Other Functional Domains,5
Kelch_3,Kelch_3 domain,Other Functional Domains,5
HTH_32,HTH_32 domain,Other Functional Domains,5
DUF5110,DUF5110 domain,Other Functional Domains,5
RdRP,RdRP domain,Other Functional Domains,5
XPG_I,XPG_I domain,Other Functional Domains,5
CBFB_NFYA,CBFB_NFYA domain,Other Functional Domains,5
Baculo_F,Baculo_F domain,Other Functional Domains,5
NTF2,NTF2 domain,Other Functional Domains,5
GHMP_kinases_N,GHMP_kinases_N domain,Other Functional Domains,5
Tropomyosin,Tropomyosin domain,Other Functional Domains,5
OxoGdeHyase_C,OxoGdeHyase_C domain,Other Functional Domains,5
Dynein_IC2,Dynein_IC2 domain,Other Functional Domains,5
Glypican,Glypican domain,Other Functional Domains,5
GDA1_CD39,GDA1_CD39 domain,Other Functional Domains,5
Laminin_II,Laminin_II domain,Other Functional Domains,5
Ran_BP1,Ran_BP1 domain,Other Functional Domains,5
AIP3,AIP3 domain,Other Functional Domains,5
QVR,QVR domain,Other Functional Domains,5
TAF4,TAF4 domain,Other Functional Domains,5
Met_10,Met_10 domain,Other Functional Domains,5
WH2,WH2 domain,Other Functional Domains,5
AA_permease_N,AA_permease_N domain,Other Functional Domains,5
Na_Ca_ex_C,Na_Ca_ex_C domain,Other Functional Domains,5
Neuralized,Neuralized domain,Other Functional Domains,5
Macro,Macro domain,Other Functional Domains,5
Glyco_transf_29,Glyco_transf_29 domain,Other Functional Domains,5
TOPRIM_C,TOPRIM_C domain,Other Functional Domains,5
DNA_gyraseB,DNA_gyraseB domain,Other Functional Domains,5
SRF-TF,SRF-TF domain,Other Functional Domains,5
SNAP,SNAP domain,Other Functional Domains,5
PRK,PRK domain,Other Functional Domains,5
LLGL,LLGL domain,Other Functional Domains,5
Fringe,Fringe domain,Other Functional Domains,5
Methyltransf_16,Methyltransf_16 domain,Other Functional Domains,5
DcpS_C,DcpS_C domain,Other Functional Domains,5
Arfaptin,Arfaptin domain,Other Functional Domains,5
14-3-3,14-3-3 domain,Other Functional Domains,5
AMPK1_CBM,AMPK1_CBM domain,Other Functional Domains,5
CLTH,CLTH domain,Other Functional Domains,5
Transketolase_N,Transketolase_N domain,Other Functional Domains,5
IP_trans,IP_trans domain,Other Functional Domains,5
FGGY_N,FGGY_N domain,Other Functional Domains,5
SPA,SPA domain,Other Functional Domains,5
SIX1_SD,SIX1_SD domain,Other Functional Domains,5
TrbL,TrbL domain,Other Functional Domains,5
zf-RING_9,zf-RING_9 domain,Other Functional Domains,5
BCAS3,BCAS3 domain,Other Functional Domains,5
tRNA-synt_1c,tRNA-synt_1c domain,Other Functional Domains,5
FOXP-CC,FOXP-CC domain,Other Functional Domains,5
Lectin_leg-like,Lectin_leg-like domain,Other Functional Domains,5
Hydrolase_3,Hydrolase_3 domain,Other Functional Domains,5
HgmA,HgmA domain,Other Functional Domains,5
CAF1,CAF1 domain,Other Functional Domains,5
Sarcoglycan_1,Sarcoglycan_1 domain,Other Functional Domains,5
Mur_ligase_M,Mur_ligase_M domain,Other Functional Domains,5
Transglut_N,Transglut_N domain,Other Functional Domains,5
PARP,PARP domain,Other Functional Domains,5
NUC153,NUC153 domain,Other Functional Domains,5
TMC,TMC domain,Other Functional Domains,5
ParBc,ParBc domain,Other Functional Domains,5
TSC22,TSC22 domain,Other Functional Domains,5
FA_desaturase,FA_desaturase domain,Other Functional Domains,5
SDF,SDF domain,Other Functional Domains,5
Ribonuc_2-5A,Ribonuc_2-5A domain,Other Functional Domains,5
TGF_beta_GS,TGF_beta_GS domain,Other Functional Domains,5
CENP-T_C,CENP-T_C domain,Other Functional Domains,5
Yippee-Mis18,Yippee-Mis18 domain,Other Functional Domains,5
Acyltransf_C,Acyltransf_C domain,Other Functional Domains,5
Phage_GPD,Phage_GPD domain,Other Functional Domains,5
NTP_transferase,NTP_transferase domain,Other Functional Domains,5
EFG_IV,EFG_IV domain,Other Functional Domains,5
Ku_N,Ku_N domain,Other Functional Domains,5
Ku_C,Ku_C domain,Other Functional Domains,5
Ku,Ku domain,Other Functional Domains,5
EHD_N,EHD_N domain,Other Functional Domains,5
Acetyltransf_10,Acetyltransf_10 domain,Other Functional Domains,5
PBP,PBP domain,Other Functional Domains,5
Pex2_Pex12,Pex2_Pex12 domain,Other Functional Domains,5
HIT,HIT domain,Other Functional Domains,5
COE1_DBD,COE1_DBD domain,Other Functional Domains,5
EF-hand_11,EF-hand_11 domain,Other Functional Domains,5
PLDc,PLDc domain,Other Functional Domains,5
TPP_enzyme_N,TPP_enzyme_N domain,Other Functional Domains,5
TPP_enzyme_M,TPP_enzyme_M domain,Other Functional Domains,5
Solute_trans_a,Solute_trans_a domain,Other Functional Domains,5
CDC48_N,CDC48_N domain,Other Functional Domains,5
CDC48_2,CDC48_2 domain,Other Functional Domains,5
FGF,FGF domain,Other Functional Domains,5
MGS,MGS domain,Other Functional Domains,5
Methyltr_RsmB-F,Methyltr_RsmB-F domain,Other Functional Domains,5
SRP54_N,SRP54_N domain,Other Functional Domains,5
Casc1_N,Casc1_N domain,Other Functional Domains,5
Ribosomal_60s,Ribosomal_60s domain,Other Functional Domains,5
CABIT,CABIT domain,Other Functional Domains,5
PMT_4TMC,PMT_4TMC domain,Other Functional Domains,5
PMT,PMT domain,Other Functional Domains,5
Notch,Notch domain,Other Functional Domains,5
Ribosomal_L3,Ribosomal_L3 domain,Other Functional Domains,5
EIF4E-T,EIF4E-T domain,Other Functional Domains,5
TM2,TM2 domain,Other Functional Domains,5
COG4,COG4 domain,Other Functional Domains,5
HORMA,HORMA domain,Other Functional Domains,5
Nop16,Nop16 domain,Other Functional Domains,5
ABC_membrane_2,ABC_membrane_2 domain,Other Functional Domains,4
DUF3591,DUF3591 domain,Other Functional Domains,4
TBP-binding,TBP-binding domain,Other Functional Domains,4
zf-CCHC_6,zf-CCHC_6 domain,Other Functional Domains,4
HhH-GPD,HhH-GPD domain,Other Functional Domains,4
RNA_POL_M_15KD,RNA_POL_M_15KD domain,Other Functional Domains,4
DUF2046,DUF2046 domain,Other Functional Domains,4
AAA_25,AAA_25 domain,Other Functional Domains,4
SHIPPO-rpt,SHIPPO-rpt domain,Other Functional Domains,4
CAC1F_C,CAC1F_C domain,Other Functional Domains,4
Pyr_redox_dim,Pyr_redox_dim domain,Other Functional Domains,4
Anillin,Anillin domain,Other Functional Domains,4
MRP-S33,MRP-S33 domain,Other Functional Domains,4
zf-CCCH_3,zf-CCCH_3 domain,Other Functional Domains,4
DNA_photolyase,DNA_photolyase domain,Other Functional Domains,4
AKAP7_NLS,AKAP7_NLS domain,Other Functional Domains,4
PQ-loop,PQ-loop domain,Other Functional Domains,4
tRNA-synt_2d,tRNA-synt_2d domain,Other Functional Domains,4
UbiA,UbiA domain,Other Functional Domains,4
RQC,RQC domain,Other Functional Domains,4
A_deamin,A_deamin domain,Other Functional Domains,4
PHTB1_C,PHTB1_C domain,Other Functional Domains,4
PseudoU_synth_1,PseudoU_synth_1 domain,Other Functional Domains,4
Ax_dynein_light,Ax_dynein_light domain,Other Functional Domains,4
LAG1-DNAbind,LAG1-DNAbind domain,Other Functional Domains,4
BTD,BTD domain,Other Functional Domains,4
Fe-S_biosyn,Fe-S_biosyn domain,Other Functional Domains,4
DUF1358,DUF1358 domain,Other Functional Domains,4
MutL_C,MutL_C domain,Other Functional Domains,4
Chromo_shadow,Chromo_shadow domain,Other Functional Domains,4
DDE_Tnp_IS66,DDE_Tnp_IS66 domain,Other Functional Domains,4
CPSase_L_D3,CPSase_L_D3 domain,Other Functional Domains,4
SH3-RhoG_link,SH3-RhoG_link domain,Other Functional Domains,4
VHP,VHP domain,Other Functional Domains,4
E3_binding,E3_binding domain,Other Functional Domains,4
SPOC,SPOC domain,Other Functional Domains,4
D5_N,D5_N domain,Other Functional Domains,4
DBB,DBB domain,Other Functional Domains,4
Sad1_UNC,Sad1_UNC domain,Other Functional Domains,4
IF-2B,IF-2B domain,Other Functional Domains,4
Ipi1_N,Ipi1_N domain,Other Functional Domains,4
Presenilin,Presenilin domain,Other Functional Domains,4
Rrp44_CSD1,Rrp44_CSD1 domain,Other Functional Domains,4
FtsH_ext,FtsH_ext domain,Other Functional Domains,4
Cobl,Cobl domain,Other Functional Domains,4
EPTP,EPTP domain,Other Functional Domains,4
Phage_sheath_1C,Phage_sheath_1C domain,Other Functional Domains,4
Phage_sheath_1,Phage_sheath_1 domain,Other Functional Domains,4
GF_recep_IV,GF_recep_IV domain,Other Functional Domains,4
PhageMin_Tail,PhageMin_Tail domain,Other Functional Domains,4
HEAT_EZ,HEAT_EZ domain,Other Functional Domains,4
NfI_DNAbd_pre-N,NfI_DNAbd_pre-N domain,Other Functional Domains,4
PHTB1_N,PHTB1_N domain,Other Functional Domains,4
Peptidase_S24,Peptidase_S24 domain,Other Functional Domains,4
Nuc_sug_transp,Nuc_sug_transp domain,Other Functional Domains,4
Transglut_C,Transglut_C domain,Other Functional Domains,4
TACC,TACC domain,Other Functional Domains,4
WGR,WGR domain,Other Functional Domains,4
PARP_reg,PARP_reg domain,Other Functional Domains,4
Arginase,Arginase domain,Other Functional Domains,4
Mcl1_mid,Mcl1_mid domain,Other Functional Domains,4
TORC_M,TORC_M domain,Other Functional Domains,4
TORC_C,TORC_C domain,Other Functional Domains,4
SprT-like,SprT-like domain,Other Functional Domains,4
CTNNB1_binding,CTNNB1_binding domain,Other Functional Domains,4
Peroxin-13_N,Peroxin-13_N domain,Other Functional Domains,4
N6_N4_Mtase,N6_N4_Mtase domain,Other Functional Domains,4
Robl_LC7,Robl_LC7 domain,Other Functional Domains,4
GST_C_6,GST_C_6 domain,Other Functional Domains,4
zf-CDGSH,zf-CDGSH domain,Other Functional Domains,4
UIM,UIM domain,Other Functional Domains,4
BAR_3_WASP_bdg,BAR_3_WASP_bdg domain,Other Functional Domains,4
SnAC,SnAC domain,Other Functional Domains,4
QLQ,QLQ domain,Other Functional Domains,4
MYT1,MYT1 domain,Other Functional Domains,4
MT-A70,MT-A70 domain,Other Functional Domains,4
EF1_GNE,EF1_GNE domain,Other Functional Domains,4
EF-1_beta_acid,EF-1_beta_acid domain,Other Functional Domains,4
Cofilin_ADF,Cofilin_ADF domain,Other Functional Domains,4
DHHA1,DHHA1 domain,Other Functional Domains,4
Nop,Nop domain,Other Functional Domains,4
Helicase_C_2,Helicase_C_2 domain,Other Functional Domains,4
DEAD_2,DEAD_2 domain,Other Functional Domains,4
Bin3,Bin3 domain,Other Functional Domains,4
Peptidase_M17_N,Peptidase_M17_N domain,Other Functional Domains,4
Spond_N,Spond_N domain,Other Functional Domains,4
PITH,PITH domain,Other Functional Domains,4
Dpy-30,Dpy-30 domain,Other Functional Domains,4
S-AdoMet_synt_N,S-AdoMet_synt_N domain,Other Functional Domains,4
S-AdoMet_synt_M,S-AdoMet_synt_M domain,Other Functional Domains,4
S-AdoMet_synt_C,S-AdoMet_synt_C domain,Other Functional Domains,4
dCMP_cyt_deam_1,dCMP_cyt_deam_1 domain,Other Functional Domains,4
Ribosomal_L2_C,Ribosomal_L2_C domain,Other Functional Domains,4
Ribosomal_L2,Ribosomal_L2 domain,Other Functional Domains,4
Aconitase_C,Aconitase_C domain,Other Functional Domains,4
Aconitase,Aconitase domain,Other Functional Domains,4
SPATA1_C,SPATA1_C domain,Other Functional Domains,4
Prefoldin,Prefoldin domain,Other Functional Domains,4
FGGY_C,FGGY_C domain,Other Functional Domains,4
Ribonuc_P_40,Ribonuc_P_40 domain,Other Functional Domains,4
Sod_Fe_C,Sod_Fe_C domain,Other Functional Domains,4
HJURP_C,HJURP_C domain,Other Functional Domains,4
4_1_CTD,4_1_CTD domain,Other Functional Domains,4
DUF3808,DUF3808 domain,Other Functional Domains,4
DC_STAMP,DC_STAMP domain,Other Functional Domains,4
DZF,DZF domain,Other Functional Domains,4
PTH2,PTH2 domain,Other Functional Domains,4
BAF250_C,BAF250_C domain,Other Functional Domains,4
RNA_pol_Rpa2_4,RNA_pol_Rpa2_4 domain,Other Functional Domains,4
LEM,LEM domain,Other Functional Domains,4
AA_kinase,AA_kinase domain,Other Functional Domains,4
GpcrRhopsn4,GpcrRhopsn4 domain,Other Functional Domains,4
Cyclin_C_2,Cyclin_C_2 domain,Other Functional Domains,4
Lamp,Lamp domain,Other Functional Domains,4
XPC-binding,XPC-binding domain,Other Functional Domains,4
Sod_Fe_N,Sod_Fe_N domain,Other Functional Domains,4
Asp,Asp domain,Other Functional Domains,4
DUF155,DUF155 domain,Other Functional Domains,4
DOCK_N,DOCK_N domain,Other Functional Domains,4
RNA_GG_bind,RNA_GG_bind domain,Other Functional Domains,4
Lactamase_B_6,Lactamase_B_6 domain,Other Functional Domains,4
Beta-Casp,Beta-Casp domain,Other Functional Domains,4
Glycohydro_20b2,Glycohydro_20b2 domain,Other Functional Domains,4
BTG,BTG domain,Other Functional Domains,4
DUF4158,DUF4158 domain,Other Functional Domains,4
DDE_Tnp_Tn3,DDE_Tnp_Tn3 domain,Other Functional Domains,4
DIX,DIX domain,Other Functional Domains,4
PRP38,PRP38 domain,Other Functional Domains,4
USP8_interact,USP8_interact domain,Other Functional Domains,4
PH_13,PH_13 domain,Other Functional Domains,4
L51_S25_CI-B8,L51_S25_CI-B8 domain,Other Functional Domains,4
TGS,TGS domain,Other Functional Domains,4
WSC,WSC domain,Other Functional Domains,4
Pribosyl_synth,Pribosyl_synth domain,Other Functional Domains,4
tRNA-synt_His,tRNA-synt_His domain,Other Functional Domains,4
Ifi-6-16,Ifi-6-16 domain,Other Functional Domains,4
Myb_DNA-bind_4,Myb_DNA-bind_4 domain,Other Functional Domains,4
BRD4_CDT,BRD4_CDT domain,Other Functional Domains,4
CARD,CARD domain,Other Functional Domains,4
Kelch_5,Kelch_5 domain,Other Functional Domains,4
Mem_trans,Mem_trans domain,Other Functional Domains,4
Peptidase_M22,Peptidase_M22 domain,Other Functional Domains,4
Peptidase_C54,Peptidase_C54 domain,Other Functional Domains,4
UNC-79,UNC-79 domain,Other Functional Domains,4
GCIP,GCIP domain,Other Functional Domains,4
Casc1,Casc1 domain,Other Functional Domains,4
HMA,HMA domain,Other Functional Domains,4
Stork_head,Stork_head domain,Other Functional Domains,4
STAS,STAS domain,Other Functional Domains,4
HTH_38,HTH_38 domain,Other Functional Domains,4
TRAPP,TRAPP domain,Other Functional Domains,4
LMBR1,LMBR1 domain,Other Functional Domains,4
Sec7_N,Sec7_N domain,Other Functional Domains,4
ULD,ULD domain,Other Functional Domains,4
Glycolytic,Glycolytic domain,Other Functional Domains,4
zf-PARP,zf-PARP domain,Other Functional Domains,4
PCRF,PCRF domain,Other Functional Domains,4
EST1_DNA_bind,EST1_DNA_bind domain,Other Functional Domains,4
PDEase_I_N,PDEase_I_N domain,Other Functional Domains,4
GHMP_kinases_C,GHMP_kinases_C domain,Other Functional Domains,4
BIR,BIR domain,Other Functional Domains,4
DUF389,DUF389 domain,Other Functional Domains,4
CENP-B_dimeris,CENP-B_dimeris domain,Other Functional Domains,4
Caveolin,Caveolin domain,Other Functional Domains,4
Pribosyltran_N,Pribosyltran_N domain,Other Functional Domains,4
Gln-synt_C,Gln-synt_C domain,Other Functional Domains,4
Noggin,Noggin domain,Other Functional Domains,4
DUF4205,DUF4205 domain,Other Functional Domains,4
Sec63,Sec63 domain,Other Functional Domains,4
SpoU_methylase,SpoU_methylase domain,Other Functional Domains,4
Calreticulin,Calreticulin domain,Other Functional Domains,4
CREPT,CREPT domain,Other Functional Domains,4
G6PD_N,G6PD_N domain,Other Functional Domains,4
ResIII,ResIII domain,Other Functional Domains,4
DUF3510,DUF3510 domain,Other Functional Domains,4
COG2,COG2 domain,Other Functional Domains,4
YL1_C,YL1_C domain,Other Functional Domains,4
HH_signal,HH_signal domain,Other Functional Domains,4
RNA_pol_L,RNA_pol_L domain,Other Functional Domains,4
RNA_pol_A_bac,RNA_pol_A_bac domain,Other Functional Domains,4
MANEC,MANEC domain,Other Functional Domains,4
Grp7_allergen,Grp7_allergen domain,Other Functional Domains,4
PET,PET domain,Other Functional Domains,4
IF-2,IF-2 domain,Other Functional Domains,4
Integrin_beta,Integrin_beta domain,Other Functional Domains,4
Integrin_b_cyt,Integrin_b_cyt domain,Other Functional Domains,4
HHH_5,HHH_5 domain,Other Functional Domains,4
Transposase_20,Transposase_20 domain,Other Functional Domains,4
DEDD_Tnp_IS110,DEDD_Tnp_IS110 domain,Other Functional Domains,4
HHH_2,HHH_2 domain,Other Functional Domains,4
Tektin,Tektin domain,Other Functional Domains,4
KTI12,KTI12 domain,Other Functional Domains,4
GN3L_Grn1,GN3L_Grn1 domain,Other Functional Domains,4
PCM1_C,PCM1_C domain,Other Functional Domains,4
Gal-3-0_sulfotr,Gal-3-0_sulfotr domain,Other Functional Domains,4
MFAP1,MFAP1 domain,Other Functional Domains,4
DUF2428,DUF2428 domain,Other Functional Domains,4
zf-U11-48K,zf-U11-48K domain,Other Functional Domains,4
C4,C4 domain,Other Functional Domains,4
DUF384,DUF384 domain,Other Functional Domains,4
DUF383,DUF383 domain,Other Functional Domains,4
TFIIS_M,TFIIS_M domain,Other Functional Domains,4
SelR,SelR domain,Other Functional Domains,4
Peptidase_C78,Peptidase_C78 domain,Other Functional Domains,4
FAD_binding_8,FAD_binding_8 domain,Other Functional Domains,4
CBF,CBF domain,Other Functional Domains,4
WES_acyltransf,WES_acyltransf domain,Other Functional Domains,4
DUF4772,DUF4772 domain,Other Functional Domains,4
TPD52,TPD52 domain,Other Functional Domains,4
V-ATPase_H_N,V-ATPase_H_N domain,Other Functional Domains,4
AlaDh_PNT_N,AlaDh_PNT_N domain,Other Functional Domains,4
DUF1298,DUF1298 domain,Other Functional Domains,4
Auts2,Auts2 domain,Other Functional Domains,4
Runt,Runt domain,Other Functional Domains,4
DUF1981,DUF1981 domain,Other Functional Domains,4
DCB,DCB domain,Other Functional Domains,4
NOD,NOD domain,Other Functional Domains,4
DUF3454,DUF3454 domain,Other Functional Domains,4
N_BRCA1_IG,N_BRCA1_IG domain,Other Functional Domains,4
DUF2040,DUF2040 domain,Other Functional Domains,4
HSP90,HSP90 domain,Other Functional Domains,4
G6PD_C,G6PD_C domain,Other Functional Domains,4
DUF89,DUF89 domain,Other Functional Domains,4
IU_nuc_hydro,IU_nuc_hydro domain,Other Functional Domains,4
Skp1_POZ,Skp1_POZ domain,Other Functional Domains,4
GRIP,GRIP domain,Other Functional Domains,4
Peptidase_M48_N,Peptidase_M48_N domain,Other Functional Domains,4
V_ATPase_I,V_ATPase_I domain,Other Functional Domains,4
Lyase_1,Lyase_1 domain,Other Functional Domains,4
NifU,NifU domain,Other Functional Domains,4
Nfu_N,Nfu_N domain,Other Functional Domains,4
TIMELESS,TIMELESS domain,Other Functional Domains,4
Ndr,Ndr domain,Other Functional Domains,4
NAD_kinase,NAD_kinase domain,Other Functional Domains,4
SOAR,SOAR domain,Other Functional Domains,4
DUF2475,DUF2475 domain,Other Functional Domains,4
Ribosomal_L16,Ribosomal_L16 domain,Other Functional Domains,4
Ribosomal_L22,Ribosomal_L22 domain,Other Functional Domains,4
SHMT,SHMT domain,Other Functional Domains,4
TRAM_LAG1_CLN8,TRAM_LAG1_CLN8 domain,Other Functional Domains,4
E2F_TDP,E2F_TDP domain,Other Functional Domains,4
Integrin_B_tail,Integrin_B_tail domain,Other Functional Domains,4
FF,FF domain,Other Functional Domains,4
DUF4659,DUF4659 domain,Other Functional Domains,4
NAD_binding_6,NAD_binding_6 domain,Other Functional Domains,4
Clp1,Clp1 domain,Other Functional Domains,4
CLP1_N,CLP1_N domain,Other Functional Domains,4
Utp12,Utp12 domain,Other Functional Domains,4
PIG-P,PIG-P domain,Other Functional Domains,4
OMPdecase,OMPdecase domain,Other Functional Domains,4
ING,ING domain,Other Functional Domains,4
zf-C2H2_2,zf-C2H2_2 domain,Other Functional Domains,4
Ku_PK_bind,Ku_PK_bind domain,Other Functional Domains,4
Not3,Not3 domain,Other Functional Domains,4
ERG4_ERG24,ERG4_ERG24 domain,Other Functional Domains,4
HR1,HR1 domain,Other Functional Domains,4
CHGN,CHGN domain,Other Functional Domains,4
COLFI,COLFI domain,Other Functional Domains,4
EF_assoc_1,EF_assoc_1 domain,Other Functional Domains,4
zf-CCHH,zf-CCHH domain,Other Functional Domains,4
LisH,LisH domain,Other Functional Domains,4
Transferrin,Transferrin domain,Other Functional Domains,4
DUF1087,DUF1087 domain,Other Functional Domains,4
DUF1086,DUF1086 domain,Other Functional Domains,4
CHDNT,CHDNT domain,Other Functional Domains,4
CHDCT2,CHDCT2 domain,Other Functional Domains,4
AsnA,AsnA domain,Other Functional Domains,4
DSPn,DSPn domain,Other Functional Domains,4
PBC,PBC domain,Other Functional Domains,4
ABC1,ABC1 domain,Other Functional Domains,4
BSD,BSD domain,Other Functional Domains,4
Sprouty,Sprouty domain,Other Functional Domains,4
RBD-FIP,RBD-FIP domain,Other Functional Domains,4
AIRS_C,AIRS_C domain,Other Functional Domains,4
YEATS,YEATS domain,Other Functional Domains,4
Ferric_reduct,Ferric_reduct domain,Other Functional Domains,4
Methyltransf_22,Methyltransf_22 domain,Other Functional Domains,4
Pur_ac_phosph_N,Pur_ac_phosph_N domain,Other Functional Domains,4
UBA_e1_thiolCys,UBA_e1_thiolCys domain,Other Functional Domains,4
HDAC4_Gln,HDAC4_Gln domain,Other Functional Domains,4
AMMECR1,AMMECR1 domain,Other Functional Domains,4
TPH,TPH domain,Other Functional Domains,4
Sld5,Sld5 domain,Other Functional Domains,4
tRNA-synt_2c,tRNA-synt_2c domain,Other Functional Domains,4
Ribosomal_S4,Ribosomal_S4 domain,Other Functional Domains,4
NODP,NODP domain,Other Functional Domains,4
Acylphosphatase,Acylphosphatase domain,Other Functional Domains,4
Reprolysin_5,Reprolysin_5 domain,Other Functional Domains,4
TPR_11,TPR_11 domain,Other Functional Domains,4
PrmA,PrmA domain,Other Functional Domains,4
ParA,ParA domain,Other Functional Domains,4
tRNA-synt_1e,tRNA-synt_1e domain,Other Functional Domains,4
HMG_box_2,HMG_box_2 domain,Other Functional Domains,4
Citrate_bind,Citrate_bind domain,Other Functional Domains,3
UPF0489,UPF0489 domain,Other Functional Domains,3
DUF1897,DUF1897 domain,Other Functional Domains,3
B12-binding,B12-binding domain,Other Functional Domains,3
DUF3538,DUF3538 domain,Other Functional Domains,3
Metallophos_C,Metallophos_C domain,Other Functional Domains,3
DUF4211,DUF4211 domain,Other Functional Domains,3
Nckap1,Nckap1 domain,Other Functional Domains,3
E1_4HB,E1_4HB domain,Other Functional Domains,3
E1_FCCH,E1_FCCH domain,Other Functional Domains,3
E1_UFD,E1_UFD domain,Other Functional Domains,3
zf-A20,zf-A20 domain,Other Functional Domains,3
YccV-like,YccV-like domain,Other Functional Domains,3
Engrail_1_C_sig,Engrail_1_C_sig domain,Other Functional Domains,3
DUF3399,DUF3399 domain,Other Functional Domains,3
ATP_Ca_trans_C,ATP_Ca_trans_C domain,Other Functional Domains,3
RIO1,RIO1 domain,Other Functional Domains,3
CSN8_PSD8_EIF3K,CSN8_PSD8_EIF3K domain,Other Functional Domains,3
zf-Di19,zf-Di19 domain,Other Functional Domains,3
GAT,GAT domain,Other Functional Domains,3
RIIa,RIIa domain,Other Functional Domains,3
AMOP,AMOP domain,Other Functional Domains,3
NifU_N,NifU_N domain,Other Functional Domains,3
DDHD,DDHD domain,Other Functional Domains,3
Ion_trans_N,Ion_trans_N domain,Other Functional Domains,3
PTS_EIIA_2,PTS_EIIA_2 domain,Other Functional Domains,3
VRP1,VRP1 domain,Other Functional Domains,3
Peptidase_M49,Peptidase_M49 domain,Other Functional Domains,3
HEXIM,HEXIM domain,Other Functional Domains,3
Gly_transf_sug,Gly_transf_sug domain,Other Functional Domains,3
ADK_lid,ADK_lid domain,Other Functional Domains,3
3Beta_HSD,3Beta_HSD domain,Other Functional Domains,3
TRM13,TRM13 domain,Other Functional Domains,3
zf-TRM13_CCCH,zf-TRM13_CCCH domain,Other Functional Domains,3
SRI,SRI domain,Other Functional Domains,3
CathepsinC_exc,CathepsinC_exc domain,Other Functional Domains,3
Cys_knot,Cys_knot domain,Other Functional Domains,3
AIRS,AIRS domain,Other Functional Domains,3
GILT,GILT domain,Other Functional Domains,3
ATP-gua_Ptrans,ATP-gua_Ptrans domain,Other Functional Domains,3
ATP-gua_PtransN,ATP-gua_PtransN domain,Other Functional Domains,3
WAC_Acf1_DNA_bd,WAC_Acf1_DNA_bd domain,Other Functional Domains,3
WHIM1,WHIM1 domain,Other Functional Domains,3
ARL2_Bind_BART,ARL2_Bind_BART domain,Other Functional Domains,3
Beta_helix,Beta_helix domain,Other Functional Domains,3
EphA2_TM,EphA2_TM domain,Other Functional Domains,3
Ephrin_lbd,Ephrin_lbd domain,Other Functional Domains,3
NOPS,NOPS domain,Other Functional Domains,3
PPR_2,PPR_2 domain,Other Functional Domains,3
Ribosomal_S8e,Ribosomal_S8e domain,Other Functional Domains,3
Tom37,Tom37 domain,Other Functional Domains,3
DUF4062,DUF4062 domain,Other Functional Domains,3
TROVE,TROVE domain,Other Functional Domains,3
Archease,Archease domain,Other Functional Domains,3
NMD3,NMD3 domain,Other Functional Domains,3
DLD,DLD domain,Other Functional Domains,3
HHH_7,HHH_7 domain,Other Functional Domains,3
HTH_44,HTH_44 domain,Other Functional Domains,3
SH2_2,SH2_2 domain,Other Functional Domains,3
SPT6_acidic,SPT6_acidic domain,Other Functional Domains,3
YqgF,YqgF domain,Other Functional Domains,3
LRRFIP,LRRFIP domain,Other Functional Domains,3
IMPDH,IMPDH domain,Other Functional Domains,3
Hydrolase_6,Hydrolase_6 domain,Other Functional Domains,3
OST3_OST6,OST3_OST6 domain,Other Functional Domains,3
DUF1726,DUF1726 domain,Other Functional Domains,3
GNAT_acetyltr_2,GNAT_acetyltr_2 domain,Other Functional Domains,3
Helicase_RecD,Helicase_RecD domain,Other Functional Domains,3
tRNA_bind_2,tRNA_bind_2 domain,Other Functional Domains,3
SOBP,SOBP domain,Other Functional Domains,3
tRNA_bind,tRNA_bind domain,Other Functional Domains,3
DLIC,DLIC domain,Other Functional Domains,3
RHD_DNA_bind,RHD_DNA_bind domain,Other Functional Domains,3
tRNA-synt_1g,tRNA-synt_1g domain,Other Functional Domains,3
Hydrolase_like,Hydrolase_like domain,Other Functional Domains,3
PI3K_P85_iSH2,PI3K_P85_iSH2 domain,Other Functional Domains,3
TFIID_NTD2,TFIID_NTD2 domain,Other Functional Domains,3
Alpha-amylase_C,Alpha-amylase_C domain,Other Functional Domains,3
Creatinase_N,Creatinase_N domain,Other Functional Domains,3
Ribosomal_L13,Ribosomal_L13 domain,Other Functional Domains,3
DUF3652,DUF3652 domain,Other Functional Domains,3
DUF4704,DUF4704 domain,Other Functional Domains,3
DUF3585,DUF3585 domain,Other Functional Domains,3
FAD_binding_2,FAD_binding_2 domain,Other Functional Domains,3
GPCR_chapero_1,GPCR_chapero_1 domain,Other Functional Domains,3
I_LWEQ,I_LWEQ domain,Other Functional Domains,3
DUF498,DUF498 domain,Other Functional Domains,3
DUF3740,DUF3740 domain,Other Functional Domains,3
RhoGAP-FF1,RhoGAP-FF1 domain,Other Functional Domains,3
SRAP,SRAP domain,Other Functional Domains,3
DUF775,DUF775 domain,Other Functional Domains,3
Focal_AT,Focal_AT domain,Other Functional Domains,3
Creatinase_N_2,Creatinase_N_2 domain,Other Functional Domains,3
Peptidase_M24_C,Peptidase_M24_C domain,Other Functional Domains,3
IMS,IMS domain,Other Functional Domains,3
TK,TK domain,Other Functional Domains,3
Rep_fac_C,Rep_fac_C domain,Other Functional Domains,3
3-HAO,3-HAO domain,Other Functional Domains,3
EloA-BP1,EloA-BP1 domain,Other Functional Domains,3
Glyco_hydro_39,Glyco_hydro_39 domain,Other Functional Domains,3
Ada3,Ada3 domain,Other Functional Domains,3
Choline_transpo,Choline_transpo domain,Other Functional Domains,3
BNIP2,BNIP2 domain,Other Functional Domains,3
ANAPC3,ANAPC3 domain,Other Functional Domains,3
Aminotran_4,Aminotran_4 domain,Other Functional Domains,3
NtA,NtA domain,Other Functional Domains,3
DWNN,DWNN domain,Other Functional Domains,3
TEA,TEA domain,Other Functional Domains,3
CPSase_sm_chain,CPSase_sm_chain domain,Other Functional Domains,3
Glyco_transf_54,Glyco_transf_54 domain,Other Functional Domains,3
SUI1,SUI1 domain,Other Functional Domains,3
SRP-alpha_N,SRP-alpha_N domain,Other Functional Domains,3
PUF,PUF domain,Other Functional Domains,3
SID-1_RNA_chan,SID-1_RNA_chan domain,Other Functional Domains,3
IMS_C,IMS_C domain,Other Functional Domains,3
Gln-synt_N,Gln-synt_N domain,Other Functional Domains,3
AlaDh_PNT_C,AlaDh_PNT_C domain,Other Functional Domains,3
Pex24p,Pex24p domain,Other Functional Domains,3
UPF0561,UPF0561 domain,Other Functional Domains,3
PINIT,PINIT domain,Other Functional Domains,3
Membralin,Membralin domain,Other Functional Domains,3
DRY_EERY,DRY_EERY domain,Other Functional Domains,3
IQ_SEC7_PH,IQ_SEC7_PH domain,Other Functional Domains,3
Requiem_N,Requiem_N domain,Other Functional Domains,3
Mod_r,Mod_r domain,Other Functional Domains,3
PIG-H,PIG-H domain,Other Functional Domains,3
Lgl_C,Lgl_C domain,Other Functional Domains,3
STPPase_N,STPPase_N domain,Other Functional Domains,3
N-SET,N-SET domain,Other Functional Domains,3
FDF,FDF domain,Other Functional Domains,3
LSM14,LSM14 domain,Other Functional Domains,3
DUF3513,DUF3513 domain,Other Functional Domains,3
Serine_rich,Serine_rich domain,Other Functional Domains,3
DB,DB domain,Other Functional Domains,3
RHD_dimer,RHD_dimer domain,Other Functional Domains,3
TRPM_tetra,TRPM_tetra domain,Other Functional Domains,3
Topoisom_bac,Topoisom_bac domain,Other Functional Domains,3
CIDE-N,CIDE-N domain,Other Functional Domains,3
PUB,PUB domain,Other Functional Domains,3
Cu-oxidase_2,Cu-oxidase_2 domain,Other Functional Domains,3
Cu-oxidase_3,Cu-oxidase_3 domain,Other Functional Domains,3
DNA_pol_alpha_N,DNA_pol_alpha_N domain,Other Functional Domains,3
zf-DNA_Pol,zf-DNA_Pol domain,Other Functional Domains,3
Vps26,Vps26 domain,Other Functional Domains,3
MENTAL,MENTAL domain,Other Functional Domains,3
N6-adenineMlase,N6-adenineMlase domain,Other Functional Domains,3
zf-GRF,zf-GRF domain,Other Functional Domains,3
THOC7,THOC7 domain,Other Functional Domains,3
PAN_4,PAN_4 domain,Other Functional Domains,3
DUF2371,DUF2371 domain,Other Functional Domains,3
zn-ribbon_14,zn-ribbon_14 domain,Other Functional Domains,3
MIG-14_Wnt-bd,MIG-14_Wnt-bd domain,Other Functional Domains,3
SH3BP5,SH3BP5 domain,Other Functional Domains,3
PHO4,PHO4 domain,Other Functional Domains,3
zf-CpG_bind_C,zf-CpG_bind_C domain,Other Functional Domains,3
Melibiase_2,Melibiase_2 domain,Other Functional Domains,3
Melibiase_2_C,Melibiase_2_C domain,Other Functional Domains,3
PCMT,PCMT domain,Other Functional Domains,3
Isochorismatase,Isochorismatase domain,Other Functional Domains,3
TF_AP-2,TF_AP-2 domain,Other Functional Domains,3
60KD_IMP,60KD_IMP domain,Other Functional Domains,3
Glyco_transf_11,Glyco_transf_11 domain,Other Functional Domains,3
DIE2_ALG10,DIE2_ALG10 domain,Other Functional Domains,3
Hint,Hint domain,Other Functional Domains,3
Ribosomal_L18_c,Ribosomal_L18_c domain,Other Functional Domains,3
Ribosomal_L5e,Ribosomal_L5e domain,Other Functional Domains,3
DUF4573,DUF4573 domain,Other Functional Domains,3
POLO_box,POLO_box domain,Other Functional Domains,3
Nup88,Nup88 domain,Other Functional Domains,3
Asparaginase,Asparaginase domain,Other Functional Domains,3
hSac2,hSac2 domain,Other Functional Domains,3
PH_8,PH_8 domain,Other Functional Domains,3
HHH_3,HHH_3 domain,Other Functional Domains,3
RRM_5,RRM_5 domain,Other Functional Domains,3
BrkDBD,BrkDBD domain,Other Functional Domains,3
SAC3_GANP,SAC3_GANP domain,Other Functional Domains,3
V-ATPase_H_C,V-ATPase_H_C domain,Other Functional Domains,3
P34-Arc,P34-Arc domain,Other Functional Domains,3
RAP,RAP domain,Other Functional Domains,3
DUF4061,DUF4061 domain,Other Functional Domains,3
DMA,DMA domain,Other Functional Domains,3
DUF3736,DUF3736 domain,Other Functional Domains,3
P2X_receptor,P2X_receptor domain,Other Functional Domains,3
Rad60-SLD,Rad60-SLD domain,Other Functional Domains,3
Ribosomal_L10,Ribosomal_L10 domain,Other Functional Domains,3
DUF4758,DUF4758 domain,Other Functional Domains,3
Nore1-SARAH,Nore1-SARAH domain,Other Functional Domains,3
PNK3P,PNK3P domain,Other Functional Domains,3
Sec16,Sec16 domain,Other Functional Domains,3
Sec16_C,Sec16_C domain,Other Functional Domains,3
SHS2_Rpb7-N,SHS2_Rpb7-N domain,Other Functional Domains,3
TANGO2,TANGO2 domain,Other Functional Domains,3
HOOK,HOOK domain,Other Functional Domains,3
AbLIM_anchor,AbLIM_anchor domain,Other Functional Domains,3
Trp_dioxygenase,Trp_dioxygenase domain,Other Functional Domains,3
zinc_ribbon_9,zinc_ribbon_9 domain,Other Functional Domains,3
DUF3697,DUF3697 domain,Other Functional Domains,3
USP7_C2,USP7_C2 domain,Other Functional Domains,3
CEBP1_N,CEBP1_N domain,Other Functional Domains,3
Sin3_corepress,Sin3_corepress domain,Other Functional Domains,3
Sin3a_C,Sin3a_C domain,Other Functional Domains,3
Prenyltrans,Prenyltrans domain,Other Functional Domains,3
Sacchrp_dh_C,Sacchrp_dh_C domain,Other Functional Domains,3
Branch,Branch domain,Other Functional Domains,3
SBP_bac_3,SBP_bac_3 domain,Other Functional Domains,3
GKAP,GKAP domain,Other Functional Domains,3
SWIRM-assoc_1,SWIRM-assoc_1 domain,Other Functional Domains,3
SWIRM-assoc_2,SWIRM-assoc_2 domain,Other Functional Domains,3
SWIRM-assoc_3,SWIRM-assoc_3 domain,Other Functional Domains,3
Complex1_49kDa,Complex1_49kDa domain,Other Functional Domains,3
CaM_bdg_C0,CaM_bdg_C0 domain,Other Functional Domains,3
DNA_primase_lrg,DNA_primase_lrg domain,Other Functional Domains,3
AMPKBI,AMPKBI domain,Other Functional Domains,3
PRKCSH-like,PRKCSH-like domain,Other Functional Domains,3
PRKCSH_1,PRKCSH_1 domain,Other Functional Domains,3
DUF4096,DUF4096 domain,Other Functional Domains,3
Nup188,Nup188 domain,Other Functional Domains,3
Suppressor_APC,Suppressor_APC domain,Other Functional Domains,3
Condensin2nSMC,Condensin2nSMC domain,Other Functional Domains,3
Memo,Memo domain,Other Functional Domains,3
DUF525,DUF525 domain,Other Functional Domains,3
PPP5,PPP5 domain,Other Functional Domains,3
Lipase_GDSL,Lipase_GDSL domain,Other Functional Domains,3
MNNL,MNNL domain,Other Functional Domains,3
RNA_pol_Rpb6,RNA_pol_Rpb6 domain,Other Functional Domains,3
Methyltransf_32,Methyltransf_32 domain,Other Functional Domains,3
PQQ_2,PQQ_2 domain,Other Functional Domains,3
Transposase_mut,Transposase_mut domain,Other Functional Domains,3
PTCB-BRCT,PTCB-BRCT domain,Other Functional Domains,3
IATP,IATP domain,Other Functional Domains,3
RNA_bind,RNA_bind domain,Other Functional Domains,3
Med12-LCEWAV,Med12-LCEWAV domain,Other Functional Domains,3
zf-DBF,zf-DBF domain,Other Functional Domains,3
Thioredoxin_8,Thioredoxin_8 domain,Other Functional Domains,3
Rrp44_S1,Rrp44_S1 domain,Other Functional Domains,3
FXMRP1_C_core,FXMRP1_C_core domain,Other Functional Domains,3
Tmemb_cc2,Tmemb_cc2 domain,Other Functional Domains,3
RPAP3_C,RPAP3_C domain,Other Functional Domains,3
TSP_C,TSP_C domain,Other Functional Domains,3
Bromo_TP,Bromo_TP domain,Other Functional Domains,3
Ribosomal_L28e,Ribosomal_L28e domain,Other Functional Domains,3
Big_2,Big_2 domain,Other Functional Domains,3
Perilipin,Perilipin domain,Other Functional Domains,3
DUF3504,DUF3504 domain,Other Functional Domains,3
zf-RING_4,zf-RING_4 domain,Other Functional Domains,3
Trypsin_2,Trypsin_2 domain,Other Functional Domains,3
DDE_Tnp_1,DDE_Tnp_1 domain,Other Functional Domains,3
DUF3498,DUF3498 domain,Other Functional Domains,3
PSP,PSP domain,Other Functional Domains,3
Limkain-b1,Limkain-b1 domain,Other Functional Domains,3
NYN,NYN domain,Other Functional Domains,3
Got1,Got1 domain,Other Functional Domains,3
Synapsin,Synapsin domain,Other Functional Domains,3
Synapsin_C,Synapsin_C domain,Other Functional Domains,3
zf-FCS,zf-FCS domain,Other Functional Domains,3
SMN,SMN domain,Other Functional Domains,3
NCD1,NCD1 domain,Other Functional Domains,3
NCD2,NCD2 domain,Other Functional Domains,3
eIF2A,eIF2A domain,Other Functional Domains,3
TSP_3,TSP_3 domain,Other Functional Domains,3
RNA_pol_Rpb2_4,RNA_pol_Rpb2_4 domain,Other Functional Domains,3
RNA_pol_Rpb2_5,RNA_pol_Rpb2_5 domain,Other Functional Domains,3
Med12,Med12 domain,Other Functional Domains,3
eIF-5_eIF-2B,eIF-5_eIF-2B domain,Other Functional Domains,3
Coatomer_WDAD,Coatomer_WDAD domain,Other Functional Domains,3
RNase_Zc3h12a,RNase_Zc3h12a domain,Other Functional Domains,3
Yip1,Yip1 domain,Other Functional Domains,3
zf-rbx1,zf-rbx1 domain,Other Functional Domains,3
REJ,REJ domain,Other Functional Domains,3
CwfJ_C_1,CwfJ_C_1 domain,Other Functional Domains,3
CwfJ_C_2,CwfJ_C_2 domain,Other Functional Domains,3
NIPSNAP,NIPSNAP domain,Other Functional Domains,3
HNF-1_N,HNF-1_N domain,Other Functional Domains,3
Med17,Med17 domain,Other Functional Domains,3
DUF4821,DUF4821 domain,Other Functional Domains,3
CBM_20,CBM_20 domain,Other Functional Domains,3
PARG_cat,PARG_cat domain,Other Functional Domains,3
Nramp,Nramp domain,Other Functional Domains,3
Mak10,Mak10 domain,Other Functional Domains,3
GOLD_2,GOLD_2 domain,Other Functional Domains,3
UAA,UAA domain,Other Functional Domains,3
RMI1_N,RMI1_N domain,Other Functional Domains,3
Prominin,Prominin domain,Other Functional Domains,3
Enkurin,Enkurin domain,Other Functional Domains,3
LicD,LicD domain,Other Functional Domains,3
zf-C5HC2,zf-C5HC2 domain,Other Functional Domains,3
GNT-I,GNT-I domain,Other Functional Domains,3
DUF1907,DUF1907 domain,Other Functional Domains,3
Bravo_FIGEY,Bravo_FIGEY domain,Other Functional Domains,3
Endonuclease_NS,Endonuclease_NS domain,Other Functional Domains,3
SUZ,SUZ domain,Other Functional Domains,3
Ribosomal_L11,Ribosomal_L11 domain,Other Functional Domains,3
Ribosomal_L11_N,Ribosomal_L11_N domain,Other Functional Domains,3
zf-NF-X1,zf-NF-X1 domain,Other Functional Domains,3
TMEM151,TMEM151 domain,Other Functional Domains,3
Rootletin,Rootletin domain,Other Functional Domains,3
MCC-bdg_PDZ,MCC-bdg_PDZ domain,Other Functional Domains,3
TPR_6,TPR_6 domain,Other Functional Domains,3
Lactamase_B_4,Lactamase_B_4 domain,Other Functional Domains,3
Tubulin-binding,Tubulin-binding domain,Other Functional Domains,3
PPTA,PPTA domain,Other Functional Domains,3
TORC_N,TORC_N domain,Other Functional Domains,3
Methyltransf_33,Methyltransf_33 domain,Other Functional Domains,3
TIP49,TIP49 domain,Other Functional Domains,3
Fer4,Fer4 domain,Other Functional Domains,3
Malic_M,Malic_M domain,Other Functional Domains,3
malic,malic domain,Other Functional Domains,3
SOXp,SOXp domain,Other Functional Domains,3
DUF4430,DUF4430 domain,Other Functional Domains,3
Nuc_deoxyri_tr2,Nuc_deoxyri_tr2 domain,Other Functional Domains,3
BcrAD_BadFG,BcrAD_BadFG domain,Other Functional Domains,3
Med13_C,Med13_C domain,Other Functional Domains,3
Med13_N,Med13_N domain,Other Functional Domains,3
Sas10_Utp3,Sas10_Utp3 domain,Other Functional Domains,3
Ribosomal_L24e,Ribosomal_L24e domain,Other Functional Domains,3
Sds3,Sds3 domain,Other Functional Domains,3
ELMO_CED12,ELMO_CED12 domain,Other Functional Domains,3
PRA1,PRA1 domain,Other Functional Domains,3
Eclosion,Eclosion domain,Other Functional Domains,3
APC_15aa,APC_15aa domain,Other Functional Domains,3
APC_r,APC_r domain,Other Functional Domains,3
PPR_3,PPR_3 domain,Other Functional Domains,3
AD,AD domain,Other Functional Domains,3
NOP5NT,NOP5NT domain,Other Functional Domains,3
Kelch_6,Kelch_6 domain,Other Functional Domains,3
DREV,DREV domain,Other Functional Domains,3
Phtf-FEM1B_bdg,Phtf-FEM1B_bdg domain,Other Functional Domains,3
FeS_assembly_P,FeS_assembly_P domain,Other Functional Domains,3
SNARE_assoc,SNARE_assoc domain,Other Functional Domains,3
GAS,GAS domain,Other Functional Domains,3
AAA_30,AAA_30 domain,Other Functional Domains,3
DUF4071,DUF4071 domain,Other Functional Domains,3
Tctex-1,Tctex-1 domain,Other Functional Domains,3
Vps39_1,Vps39_1 domain,Other Functional Domains,3
Vps39_2,Vps39_2 domain,Other Functional Domains,3
PC_rep,PC_rep domain,Other Functional Domains,3
DuoxA,DuoxA domain,Other Functional Domains,3
CNRIP1,CNRIP1 domain,Other Functional Domains,3
Zn_ribbon_17,Zn_ribbon_17 domain,Other Functional Domains,3
EST1,EST1 domain,Other Functional Domains,3
PIN_4,PIN_4 domain,Other Functional Domains,3
Cauli_VI,Cauli_VI domain,Other Functional Domains,3
F_actin_bind,F_actin_bind domain,Other Functional Domains,3
DNA_ligase_OB,DNA_ligase_OB domain,Other Functional Domains,3
DNA_ligase_aden,DNA_ligase_aden domain,Other Functional Domains,3
Med15,Med15 domain,Other Functional Domains,3
TGT,TGT domain,Other Functional Domains,3
TRIQK,TRIQK domain,Other Functional Domains,3
DUF1279,DUF1279 domain,Other Functional Domains,3
DUF1394,DUF1394 domain,Other Functional Domains,3
DUF5009,DUF5009 domain,Other Functional Domains,3
COE1_HLH,COE1_HLH domain,Other Functional Domains,3
MIF4G_like,MIF4G_like domain,Other Functional Domains,3
MIF4G_like_2,MIF4G_like_2 domain,Other Functional Domains,3
V-SNARE,V-SNARE domain,Other Functional Domains,3
DUF3350,DUF3350 domain,Other Functional Domains,3
BH4,BH4 domain,Other Functional Domains,3
NAD_binding_8,NAD_binding_8 domain,Other Functional Domains,3
Cir_N,Cir_N domain,Other Functional Domains,3
Orai-1,Orai-1 domain,Other Functional Domains,3
L27_1,L27_1 domain,Other Functional Domains,3
RMMBL,RMMBL domain,Other Functional Domains,3
DAG_kinase_N,DAG_kinase_N domain,Other Functional Domains,3
Chitin_synth_2,Chitin_synth_2 domain,Other Functional Domains,3
FAD_binding_7,FAD_binding_7 domain,Other Functional Domains,3
Cohesin_HEAT,Cohesin_HEAT domain,Other Functional Domains,3
LIG3_BRCT,LIG3_BRCT domain,Other Functional Domains,3
DUF2678,DUF2678 domain,Other Functional Domains,3
E2F_CC-MB,E2F_CC-MB domain,Other Functional Domains,3
MamL-1,MamL-1 domain,Other Functional Domains,3
53-BP1_Tudor,53-BP1_Tudor domain,Other Functional Domains,3
TBP,TBP domain,Other Functional Domains,3
Ribosomal_S9,Ribosomal_S9 domain,Other Functional Domains,3
SNAP-25,SNAP-25 domain,Other Functional Domains,3
TCTP,TCTP domain,Other Functional Domains,3
Tweety,Tweety domain,Other Functional Domains,3
Adaptin_binding,Adaptin_binding domain,Other Functional Domains,3
PAF-AH_p_II,PAF-AH_p_II domain,Other Functional Domains,3
UPF0160,UPF0160 domain,Other Functional Domains,3
zf-FPG_IleRS,zf-FPG_IleRS domain,Other Functional Domains,3
BAF,BAF domain,Other Functional Domains,3
SRP68,SRP68 domain,Other Functional Domains,3
Methyltransf_4,Methyltransf_4 domain,Other Functional Domains,3
STT3,STT3 domain,Other Functional Domains,3
RPAP1_C,RPAP1_C domain,Other Functional Domains,3
RPAP1_N,RPAP1_N domain,Other Functional Domains,3
c-SKI_SMAD_bind,c-SKI_SMAD_bind domain,Other Functional Domains,3
Ribonuc_red_sm,Ribonuc_red_sm domain,Other Functional Domains,3
Amnionless,Amnionless domain,Other Functional Domains,3
SART-1,SART-1 domain,Other Functional Domains,3
KIAA1430,KIAA1430 domain,Other Functional Domains,3
LANC_like,LANC_like domain,Other Functional Domains,3
DUF21,DUF21 domain,Other Functional Domains,3
Peptidase_C97,Peptidase_C97 domain,Other Functional Domains,3
BetaGal_dom4_5,BetaGal_dom4_5 domain,Other Functional Domains,3
Glyco_hydro_35,Glyco_hydro_35 domain,Other Functional Domains,3
DNMT1-RFD,DNMT1-RFD domain,Other Functional Domains,3
BEN,BEN domain,Other Functional Domains,3
OSR1_C,OSR1_C domain,Other Functional Domains,3
KH_2,KH_2 domain,Other Functional Domains,3
PFK,PFK domain,Other Functional Domains,3
CAMSAP_CC1,CAMSAP_CC1 domain,Other Functional Domains,3
CAMSAP_CKK,CAMSAP_CKK domain,Other Functional Domains,3
Peptidase_M8,Peptidase_M8 domain,Other Functional Domains,3
TRC8_N,TRC8_N domain,Other Functional Domains,3
CTP_synth_N,CTP_synth_N domain,Other Functional Domains,3
Secretogranin_V,Secretogranin_V domain,Other Functional Domains,3
Sarcoglycan_2,Sarcoglycan_2 domain,Other Functional Domains,2
SLED,SLED domain,Other Functional Domains,2
ARGLU,ARGLU domain,Other Functional Domains,2
SNF5,SNF5 domain,Other Functional Domains,2
PAXNEB,PAXNEB domain,Other Functional Domains,2
PDE8,PDE8 domain,Other Functional Domains,2
DUF3337,DUF3337 domain,Other Functional Domains,2
RGS-like,RGS-like domain,Other Functional Domains,2
Mitofilin,Mitofilin domain,Other Functional Domains,2
Nebulin,Nebulin domain,Other Functional Domains,2
CitMHS,CitMHS domain,Other Functional Domains,2
DDA1,DDA1 domain,Other Functional Domains,2
Pox_D5,Pox_D5 domain,Other Functional Domains,2
TBX,TBX domain,Other Functional Domains,2
UPF0020,UPF0020 domain,Other Functional Domains,2
Utp14,Utp14 domain,Other Functional Domains,2
SPO11_like,SPO11_like domain,Other Functional Domains,2
TP6A_N,TP6A_N domain,Other Functional Domains,2
DUF1744,DUF1744 domain,Other Functional Domains,2
VGCC_beta4Aa_N,VGCC_beta4Aa_N domain,Other Functional Domains,2
DcpS,DcpS domain,Other Functional Domains,2
Pentapeptide_4,Pentapeptide_4 domain,Other Functional Domains,2
NARP1,NARP1 domain,Other Functional Domains,2
Macoilin,Macoilin domain,Other Functional Domains,2
SIMPL,SIMPL domain,Other Functional Domains,2
DHDPS,DHDPS domain,Other Functional Domains,2
RtcB,RtcB domain,Other Functional Domains,2
DCP1,DCP1 domain,Other Functional Domains,2
mRNA_decap_C,mRNA_decap_C domain,Other Functional Domains,2
IspD,IspD domain,Other Functional Domains,2
Ribosomal_S25,Ribosomal_S25 domain,Other Functional Domains,2
CKS,CKS domain,Other Functional Domains,2
PL48,PL48 domain,Other Functional Domains,2
Gemin6,Gemin6 domain,Other Functional Domains,2
TYW3,TYW3 domain,Other Functional Domains,2
Radial_spoke,Radial_spoke domain,Other Functional Domains,2
Ribosomal_S11,Ribosomal_S11 domain,Other Functional Domains,2
Bud13,Bud13 domain,Other Functional Domains,2
GON,GON domain,Other Functional Domains,2
MPC,MPC domain,Other Functional Domains,2
USP7_ICP0_bdg,USP7_ICP0_bdg domain,Other Functional Domains,2
BAT2_N,BAT2_N domain,Other Functional Domains,2
SLC3A2_N,SLC3A2_N domain,Other Functional Domains,2
CAP-ZIP_m,CAP-ZIP_m domain,Other Functional Domains,2
CortBP2,CortBP2 domain,Other Functional Domains,2
NAD_Gly3P_dh_C,NAD_Gly3P_dh_C domain,Other Functional Domains,2
NAD_Gly3P_dh_N,NAD_Gly3P_dh_N domain,Other Functional Domains,2
zf-C3Hc3H,zf-C3Hc3H domain,Other Functional Domains,2
Sina,Sina domain,Other Functional Domains,2
Shal-type,Shal-type domain,Other Functional Domains,2
CPT_N,CPT_N domain,Other Functional Domains,2
SAND,SAND domain,Other Functional Domains,2
CNOT1_CAF1_bind,CNOT1_CAF1_bind domain,Other Functional Domains,2
CNOT1_HEAT,CNOT1_HEAT domain,Other Functional Domains,2
CNOT1_TTP_bind,CNOT1_TTP_bind domain,Other Functional Domains,2
DUF3819,DUF3819 domain,Other Functional Domains,2
Not1,Not1 domain,Other Functional Domains,2
Cnd1,Cnd1 domain,Other Functional Domains,2
Ints3,Ints3 domain,Other Functional Domains,2
PI3K_p85B,PI3K_p85B domain,Other Functional Domains,2
TPR_MLP1_2,TPR_MLP1_2 domain,Other Functional Domains,2
NPR2,NPR2 domain,Other Functional Domains,2
Fip1,Fip1 domain,Other Functional Domains,2
Rod_C,Rod_C domain,Other Functional Domains,2
Guanylate_cyc_2,Guanylate_cyc_2 domain,Other Functional Domains,2
P53_TAD,P53_TAD domain,Other Functional Domains,2
HIF-1a_CTAD,HIF-1a_CTAD domain,Other Functional Domains,2
DUF2353,DUF2353 domain,Other Functional Domains,2
GMP_PDE_delta,GMP_PDE_delta domain,Other Functional Domains,2
DAGAT,DAGAT domain,Other Functional Domains,2
Acatn,Acatn domain,Other Functional Domains,2
GYF,GYF domain,Other Functional Domains,2
RIC3,RIC3 domain,Other Functional Domains,2
RNA_pol,RNA_pol domain,Other Functional Domains,2
RPOL_N,RPOL_N domain,Other Functional Domains,2
FLYWCH,FLYWCH domain,Other Functional Domains,2
GBP,GBP domain,Other Functional Domains,2
GBP_C,GBP_C domain,Other Functional Domains,2
LBR_tudor,LBR_tudor domain,Other Functional Domains,2
AChE_tetra,AChE_tetra domain,Other Functional Domains,2
DUF4757,DUF4757 domain,Other Functional Domains,2
FSH1,FSH1 domain,Other Functional Domains,2
PEX11,PEX11 domain,Other Functional Domains,2
TBCA,TBCA domain,Other Functional Domains,2
Telomere_Sde2_2,Telomere_Sde2_2 domain,Other Functional Domains,2
Smg8_Smg9,Smg8_Smg9 domain,Other Functional Domains,2
HAGH_C,HAGH_C domain,Other Functional Domains,2
Jagunal,Jagunal domain,Other Functional Domains,2
LIDHydrolase,LIDHydrolase domain,Other Functional Domains,2
Rib_recp_KP_reg,Rib_recp_KP_reg domain,Other Functional Domains,2
SPC12,SPC12 domain,Other Functional Domains,2
TF_Zn_Ribbon,TF_Zn_Ribbon domain,Other Functional Domains,2
FOP_dimer,FOP_dimer domain,Other Functional Domains,2
SF1-HH,SF1-HH domain,Other Functional Domains,2
DNA_pol_A,DNA_pol_A domain,Other Functional Domains,2
ECR1_N,ECR1_N domain,Other Functional Domains,2
TFIIB,TFIIB domain,Other Functional Domains,2
Qua1,Qua1 domain,Other Functional Domains,2
Sam68-YY,Sam68-YY domain,Other Functional Domains,2
UvrD_C_2,UvrD_C_2 domain,Other Functional Domains,2
MMACHC,MMACHC domain,Other Functional Domains,2
mTERF,mTERF domain,Other Functional Domains,2
PI31_Prot_N,PI31_Prot_N domain,Other Functional Domains,2
DUF1115,DUF1115 domain,Other Functional Domains,2
Ceramidase,Ceramidase domain,Other Functional Domains,2
JUPITER,JUPITER domain,Other Functional Domains,2
ATG11,ATG11 domain,Other Functional Domains,2
SAP18,SAP18 domain,Other Functional Domains,2
ATG27,ATG27 domain,Other Functional Domains,2
DUF2151,DUF2151 domain,Other Functional Domains,2
Cupin_4,Cupin_4 domain,Other Functional Domains,2
FancD2,FancD2 domain,Other Functional Domains,2
DUF2228,DUF2228 domain,Other Functional Domains,2
SCAMP,SCAMP domain,Other Functional Domains,2
MAPEG,MAPEG domain,Other Functional Domains,2
WDCP,WDCP domain,Other Functional Domains,2
Ribonuc_red_lgC,Ribonuc_red_lgC domain,Other Functional Domains,2
zf-3CxxC,zf-3CxxC domain,Other Functional Domains,2
Nudc_N,Nudc_N domain,Other Functional Domains,2
GIY-YIG,GIY-YIG domain,Other Functional Domains,2
Cmyb_C,Cmyb_C domain,Other Functional Domains,2
MTS,MTS domain,Other Functional Domains,2
Ribonuc_red_lgN,Ribonuc_red_lgN domain,Other Functional Domains,2
Zwilch,Zwilch domain,Other Functional Domains,2
Cys_rich_FGFR,Cys_rich_FGFR domain,Other Functional Domains,2
DUF1088,DUF1088 domain,Other Functional Domains,2
Complex1_LYR_2,Complex1_LYR_2 domain,Other Functional Domains,2
NT-C2,NT-C2 domain,Other Functional Domains,2
ATP-cone,ATP-cone domain,Other Functional Domains,2
SLD5_C,SLD5_C domain,Other Functional Domains,2
AFG1_ATPase,AFG1_ATPase domain,Other Functional Domains,2
SURF4,SURF4 domain,Other Functional Domains,2
S-methyl_trans,S-methyl_trans domain,Other Functional Domains,2
Sox_N,Sox_N domain,Other Functional Domains,2
B56,B56 domain,Other Functional Domains,2
Ldh_1_C,Ldh_1_C domain,Other Functional Domains,2
Peptidase_C98,Peptidase_C98 domain,Other Functional Domains,2
NIBRIN_BRCT_II,NIBRIN_BRCT_II domain,Other Functional Domains,2
Nbs1_C,Nbs1_C domain,Other Functional Domains,2
Pellino,Pellino domain,Other Functional Domains,2
Ubiquitin_2,Ubiquitin_2 domain,Other Functional Domains,2
Rgp1,Rgp1 domain,Other Functional Domains,2
B2-adapt-app_C,B2-adapt-app_C domain,Other Functional Domains,2
Hamartin,Hamartin domain,Other Functional Domains,2
CUTL,CUTL domain,Other Functional Domains,2
SIKE,SIKE domain,Other Functional Domains,2
MINDY_DUB,MINDY_DUB domain,Other Functional Domains,2
FEZ,FEZ domain,Other Functional Domains,2
Cmc1,Cmc1 domain,Other Functional Domains,2
Med24_N,Med24_N domain,Other Functional Domains,2
Cast,Cast domain,Other Functional Domains,2
D123,D123 domain,Other Functional Domains,2
GalKase_gal_bdg,GalKase_gal_bdg domain,Other Functional Domains,2
zf-CCCH_2,zf-CCCH_2 domain,Other Functional Domains,2
GSH_synth_ATP,GSH_synth_ATP domain,Other Functional Domains,2
ADAM17_MPD,ADAM17_MPD domain,Other Functional Domains,2
GSHPx,GSHPx domain,Other Functional Domains,2
PAP2_C,PAP2_C domain,Other Functional Domains,2
Pam16,Pam16 domain,Other Functional Domains,2
CSTF2_hinge,CSTF2_hinge domain,Other Functional Domains,2
CSTF_C,CSTF_C domain,Other Functional Domains,2
Homez,Homez domain,Other Functional Domains,2
PALP,PALP domain,Other Functional Domains,2
Rcd1,Rcd1 domain,Other Functional Domains,2
AhpC-TSA_2,AhpC-TSA_2 domain,Other Functional Domains,2
BRICHOS,BRICHOS domain,Other Functional Domains,2
LETM1,LETM1 domain,Other Functional Domains,2
Golgin_A5,Golgin_A5 domain,Other Functional Domains,2
CSTF1_dimer,CSTF1_dimer domain,Other Functional Domains,2
SAD_SRA,SAD_SRA domain,Other Functional Domains,2
Ldh_1_N,Ldh_1_N domain,Other Functional Domains,2
Rer1,Rer1 domain,Other Functional Domains,2
RSN1_TM,RSN1_TM domain,Other Functional Domains,2
PKD,PKD domain,Other Functional Domains,2
PUA,PUA domain,Other Functional Domains,2
TruB_N,TruB_N domain,Other Functional Domains,2
Lon_C,Lon_C domain,Other Functional Domains,2
Coatomer_E,Coatomer_E domain,Other Functional Domains,2
EF_TS,EF_TS domain,Other Functional Domains,2
ICA69,ICA69 domain,Other Functional Domains,2
Sec8_exocyst,Sec8_exocyst domain,Other Functional Domains,2
PEHE,PEHE domain,Other Functional Domains,2
Atx10homo_assoc,Atx10homo_assoc domain,Other Functional Domains,2
Ribosomal_L4,Ribosomal_L4 domain,Other Functional Domains,2
HTH_23,HTH_23 domain,Other Functional Domains,2
CAF1C_H4-bd,CAF1C_H4-bd domain,Other Functional Domains,2
O-FucT,O-FucT domain,Other Functional Domains,2
UDPG_MGDP_dh,UDPG_MGDP_dh domain,Other Functional Domains,2
UDPG_MGDP_dh_C,UDPG_MGDP_dh_C domain,Other Functional Domains,2
UDPG_MGDP_dh_N,UDPG_MGDP_dh_N domain,Other Functional Domains,2
Pox_MCEL,Pox_MCEL domain,Other Functional Domains,2
ATP-synt_ab_C,ATP-synt_ab_C domain,Other Functional Domains,2
PHM7_cyt,PHM7_cyt domain,Other Functional Domains,2
RSN1_7TM,RSN1_7TM domain,Other Functional Domains,2
RRF,RRF domain,Other Functional Domains,2
Striatin,Striatin domain,Other Functional Domains,2
RPAP2_Rtr1,RPAP2_Rtr1 domain,Other Functional Domains,2
RIB43A,RIB43A domain,Other Functional Domains,2
TF_Otx,TF_Otx domain,Other Functional Domains,2
Asp_Arg_Hydrox,Asp_Arg_Hydrox domain,Other Functional Domains,2
GCV_H,GCV_H domain,Other Functional Domains,2
Alpha_adaptin_C,Alpha_adaptin_C domain,Other Functional Domains,2
PGI,PGI domain,Other Functional Domains,2
DUF812,DUF812 domain,Other Functional Domains,2
HNH,HNH domain,Other Functional Domains,2
hSH3,hSH3 domain,Other Functional Domains,2
CARM1,CARM1 domain,Other Functional Domains,2
ATE_C,ATE_C domain,Other Functional Domains,2
ATE_N,ATE_N domain,Other Functional Domains,2
DUF872,DUF872 domain,Other Functional Domains,2
UMPH-1,UMPH-1 domain,Other Functional Domains,2
P66_CC,P66_CC domain,Other Functional Domains,2
PMSR,PMSR domain,Other Functional Domains,2
Nefa_Nip30_N,Nefa_Nip30_N domain,Other Functional Domains,2
Cse1,Cse1 domain,Other Functional Domains,2
Ric8,Ric8 domain,Other Functional Domains,2
SUFU,SUFU domain,Other Functional Domains,2
TMPIT,TMPIT domain,Other Functional Domains,2
CoaE,CoaE domain,Other Functional Domains,2
Raptor_N,Raptor_N domain,Other Functional Domains,2
Sigma70_r2,Sigma70_r2 domain,Other Functional Domains,2
DHO_dh,DHO_dh domain,Other Functional Domains,2
Sortilin-Vps10,Sortilin-Vps10 domain,Other Functional Domains,2
Sortilin_C,Sortilin_C domain,Other Functional Domains,2
AMP_N,AMP_N domain,Other Functional Domains,2
SCHIP-1,SCHIP-1 domain,Other Functional Domains,2
BPL_C,BPL_C domain,Other Functional Domains,2
DUF4795,DUF4795 domain,Other Functional Domains,2
EnY2,EnY2 domain,Other Functional Domains,2
Oxidored_q6,Oxidored_q6 domain,Other Functional Domains,2
Creb_binding,Creb_binding domain,Other Functional Domains,2
Voldacs,Voldacs domain,Other Functional Domains,2
SWIB,SWIB domain,Other Functional Domains,2
DUF3544,DUF3544 domain,Other Functional Domains,2
Basic,Basic domain,Other Functional Domains,2
Maelstrom,Maelstrom domain,Other Functional Domains,2
Pur_DNA_glyco,Pur_DNA_glyco domain,Other Functional Domains,2
UDP-g_GGTase,UDP-g_GGTase domain,Other Functional Domains,2
DUF814,DUF814 domain,Other Functional Domains,2
Trm112p,Trm112p domain,Other Functional Domains,2
PDCD9,PDCD9 domain,Other Functional Domains,2
DUF1154,DUF1154 domain,Other Functional Domains,2
HTH_40,HTH_40 domain,Other Functional Domains,2
VKG_Carbox,VKG_Carbox domain,Other Functional Domains,2
DUF4743,DUF4743 domain,Other Functional Domains,2
SSXT,SSXT domain,Other Functional Domains,2
TRAP_beta,TRAP_beta domain,Other Functional Domains,2
Ribosomal_L14,Ribosomal_L14 domain,Other Functional Domains,2
SCP-1,SCP-1 domain,Other Functional Domains,2
Porphobil_deam,Porphobil_deam domain,Other Functional Domains,2
Porphobil_deamC,Porphobil_deamC domain,Other Functional Domains,2
SUFU_C,SUFU_C domain,Other Functional Domains,2
Tyr_Deacylase,Tyr_Deacylase domain,Other Functional Domains,2
CFIA_Pcf11,CFIA_Pcf11 domain,Other Functional Domains,2
zf-C4_Topoisom,zf-C4_Topoisom domain,Other Functional Domains,2
Preseq_ALAS,Preseq_ALAS domain,Other Functional Domains,2
UDG,UDG domain,Other Functional Domains,2
RNA_pol_Rpc34,RNA_pol_Rpc34 domain,Other Functional Domains,2
DOT1,DOT1 domain,Other Functional Domains,2
Fis1_TPR_C,Fis1_TPR_C domain,Other Functional Domains,2
Fis1_TPR_N,Fis1_TPR_N domain,Other Functional Domains,2
SMG1,SMG1 domain,Other Functional Domains,2
V-ATPase_C,V-ATPase_C domain,Other Functional Domains,2
Spec3,Spec3 domain,Other Functional Domains,2
DCP2,DCP2 domain,Other Functional Domains,2
MBD_C,MBD_C domain,Other Functional Domains,2
RNase_HII,RNase_HII domain,Other Functional Domains,2
Med25,Med25 domain,Other Functional Domains,2
Med25_VWA,Med25_VWA domain,Other Functional Domains,2
DNA_pol_B_palm,DNA_pol_B_palm domain,Other Functional Domains,2
DNA_pol_B_thumb,DNA_pol_B_thumb domain,Other Functional Domains,2
DNA_pol_lambd_f,DNA_pol_lambd_f domain,Other Functional Domains,2
HHH_8,HHH_8 domain,Other Functional Domains,2
TMEM18,TMEM18 domain,Other Functional Domains,2
DRMBL,DRMBL domain,Other Functional Domains,2
SPC25,SPC25 domain,Other Functional Domains,2
UPF0183,UPF0183 domain,Other Functional Domains,2
DUF4304,DUF4304 domain,Other Functional Domains,2
SURF1,SURF1 domain,Other Functional Domains,2
TrkA_N,TrkA_N domain,Other Functional Domains,2
Thymidylate_kin,Thymidylate_kin domain,Other Functional Domains,2
Acetyltransf_3,Acetyltransf_3 domain,Other Functional Domains,2
Autophagy_act_C,Autophagy_act_C domain,Other Functional Domains,2
tRNA-synt_1c_C,tRNA-synt_1c_C domain,Other Functional Domains,2
RNase_P_p30,RNase_P_p30 domain,Other Functional Domains,2
Ribosomal_L22e,Ribosomal_L22e domain,Other Functional Domains,2
LCM,LCM domain,Other Functional Domains,2
Sedlin_N,Sedlin_N domain,Other Functional Domains,2
RadC,RadC domain,Other Functional Domains,2
PBP5_C,PBP5_C domain,Other Functional Domains,2
Peptidase_S11,Peptidase_S11 domain,Other Functional Domains,2
Cytochrom_C,Cytochrom_C domain,Other Functional Domains,2
PMC2NT,PMC2NT domain,Other Functional Domains,2
Asp_protease,Asp_protease domain,Other Functional Domains,2
TspO_MBR,TspO_MBR domain,Other Functional Domains,2
DUF4460,DUF4460 domain,Other Functional Domains,2
DUF4461,DUF4461 domain,Other Functional Domains,2
Phosducin,Phosducin domain,Other Functional Domains,2
EGF_MSP1_1,EGF_MSP1_1 domain,Other Functional Domains,2
Leuk-A4-hydro_C,Leuk-A4-hydro_C domain,Other Functional Domains,2
DUF4728,DUF4728 domain,Other Functional Domains,2
DUF563,DUF563 domain,Other Functional Domains,2
DUF3543,DUF3543 domain,Other Functional Domains,2
TBCC,TBCC domain,Other Functional Domains,2
KH_6,KH_6 domain,Other Functional Domains,2
Gb3_synth,Gb3_synth domain,Other Functional Domains,2
LisH_2,LisH_2 domain,Other Functional Domains,2
Glyco_hydro_2_C,Glyco_hydro_2_C domain,Other Functional Domains,2
PAE,PAE domain,Other Functional Domains,2
TFIID-18kDa,TFIID-18kDa domain,Other Functional Domains,2
DTW,DTW domain,Other Functional Domains,2
Mlf1IP,Mlf1IP domain,Other Functional Domains,2
Rabaptin,Rabaptin domain,Other Functional Domains,2
MM_CoA_mutase,MM_CoA_mutase domain,Other Functional Domains,2
DUF1151,DUF1151 domain,Other Functional Domains,2
CHCH,CHCH domain,Other Functional Domains,2
Microtub_bind,Microtub_bind domain,Other Functional Domains,2
zf-3CxxC_2,zf-3CxxC_2 domain,Other Functional Domains,2
DRIM,DRIM domain,Other Functional Domains,2
Rab5-bind,Rab5-bind domain,Other Functional Domains,2
PTE,PTE domain,Other Functional Domains,2
BAMBI,BAMBI domain,Other Functional Domains,2
E_Pc_C,E_Pc_C domain,Other Functional Domains,2
Meckelin,Meckelin domain,Other Functional Domains,2
CK1gamma_C,CK1gamma_C domain,Other Functional Domains,2
Transmemb_17,Transmemb_17 domain,Other Functional Domains,2
CybS,CybS domain,Other Functional Domains,2
PRP4,PRP4 domain,Other Functional Domains,2
DUF1917,DUF1917 domain,Other Functional Domains,2
Cid2,Cid2 domain,Other Functional Domains,2
Translin,Translin domain,Other Functional Domains,2
tRNA-synt_1_2,tRNA-synt_1_2 domain,Other Functional Domains,2
Peptidase_M3,Peptidase_M3 domain,Other Functional Domains,2
ADSL_C,ADSL_C domain,Other Functional Domains,2
MOLO1,MOLO1 domain,Other Functional Domains,2
S36_mt,S36_mt domain,Other Functional Domains,2
PSI_integrin,PSI_integrin domain,Other Functional Domains,2
Ribosom_S12_S23,Ribosom_S12_S23 domain,Other Functional Domains,2
Snapin_Pallidin,Snapin_Pallidin domain,Other Functional Domains,2
PIG-L,PIG-L domain,Other Functional Domains,2
PFU,PFU domain,Other Functional Domains,2
PUL,PUL domain,Other Functional Domains,2
PKK,PKK domain,Other Functional Domains,2
HS1_rep,HS1_rep domain,Other Functional Domains,2
DUF3524,DUF3524 domain,Other Functional Domains,2
HSNSD,HSNSD domain,Other Functional Domains,2
MRF_C1,MRF_C1 domain,Other Functional Domains,2
MRF_C2,MRF_C2 domain,Other Functional Domains,2
NDT80_PhoG,NDT80_PhoG domain,Other Functional Domains,2
Peptidase_S74,Peptidase_S74 domain,Other Functional Domains,2
LIN37,LIN37 domain,Other Functional Domains,2
CLIP1_ZNF,CLIP1_ZNF domain,Other Functional Domains,2
ATG13,ATG13 domain,Other Functional Domains,2
BicD,BicD domain,Other Functional Domains,2
GDI,GDI domain,Other Functional Domains,2
Neurensin,Neurensin domain,Other Functional Domains,2
ETF,ETF domain,Other Functional Domains,2
ASD2,ASD2 domain,Other Functional Domains,2
PMM,PMM domain,Other Functional Domains,2
Peptidase_C69,Peptidase_C69 domain,Other Functional Domains,2
OLF,OLF domain,Other Functional Domains,2
CDI,CDI domain,Other Functional Domains,2
Rdx,Rdx domain,Other Functional Domains,2
E3_UbLigase_R4,E3_UbLigase_R4 domain,Other Functional Domains,2
Med21,Med21 domain,Other Functional Domains,2
CRM1_C,CRM1_C domain,Other Functional Domains,2
Vasculin,Vasculin domain,Other Functional Domains,2
Alpha_L_fucos,Alpha_L_fucos domain,Other Functional Domains,2
Fucosidase_C,Fucosidase_C domain,Other Functional Domains,2
DSHCT,DSHCT domain,Other Functional Domains,2
rRNA_proc-arch,rRNA_proc-arch domain,Other Functional Domains,2
EAP30,EAP30 domain,Other Functional Domains,2
M16C_assoc,M16C_assoc domain,Other Functional Domains,2
NAD_synthase,NAD_synthase domain,Other Functional Domains,2
B-block_TFIIIC,B-block_TFIIIC domain,Other Functional Domains,2
Porin_4,Porin_4 domain,Other Functional Domains,2
Spot_14,Spot_14 domain,Other Functional Domains,2
CCDC85,CCDC85 domain,Other Functional Domains,2
Glycos_transf_4,Glycos_transf_4 domain,Other Functional Domains,2
M_domain,M_domain domain,Other Functional Domains,2
TNRC6-PABC_bdg,TNRC6-PABC_bdg domain,Other Functional Domains,2
Ribosomal_L12,Ribosomal_L12 domain,Other Functional Domains,2
Ribosomal_L12_N,Ribosomal_L12_N domain,Other Functional Domains,2
Clathrin-link,Clathrin-link domain,Other Functional Domains,2
Clathrin_H_link,Clathrin_H_link domain,Other Functional Domains,2
Clathrin_propel,Clathrin_propel domain,Other Functional Domains,2
FNIP_C,FNIP_C domain,Other Functional Domains,2
FNIP_M,FNIP_M domain,Other Functional Domains,2
FNIP_N,FNIP_N domain,Other Functional Domains,2
Str_synth,Str_synth domain,Other Functional Domains,2
Bystin,Bystin domain,Other Functional Domains,2
Sec5,Sec5 domain,Other Functional Domains,2
Polyketide_cyc,Polyketide_cyc domain,Other Functional Domains,2
CNPase,CNPase domain,Other Functional Domains,2
Tub,Tub domain,Other Functional Domains,2
Glyoxalase,Glyoxalase domain,Other Functional Domains,2
PP2C_2,PP2C_2 domain,Other Functional Domains,2
Fascin,Fascin domain,Other Functional Domains,2
PNP_phzG_C,PNP_phzG_C domain,Other Functional Domains,2
Putative_PNPOx,Putative_PNPOx domain,Other Functional Domains,2
Pcc1,Pcc1 domain,Other Functional Domains,2
RTC_insert,RTC_insert domain,Other Functional Domains,2
Myb_DNA-bind_5,Myb_DNA-bind_5 domain,Other Functional Domains,2
Crisp,Crisp domain,Other Functional Domains,2
PRKCSH,PRKCSH domain,Other Functional Domains,2
MTA_R1,MTA_R1 domain,Other Functional Domains,2
COX6B,COX6B domain,Other Functional Domains,2
NAP,NAP domain,Other Functional Domains,2
ELFV_dehydrog,ELFV_dehydrog domain,Other Functional Domains,2
ELFV_dehydrog_N,ELFV_dehydrog_N domain,Other Functional Domains,2
Sulfatase_C,Sulfatase_C domain,Other Functional Domains,2
Ribosomal_L17,Ribosomal_L17 domain,Other Functional Domains,2
ADP_ribosyl_GH,ADP_ribosyl_GH domain,Other Functional Domains,2
Nipped-B_C,Nipped-B_C domain,Other Functional Domains,2
RILP,RILP domain,Other Functional Domains,2
TRAPPC9-Trs120,TRAPPC9-Trs120 domain,Other Functional Domains,2
RTC,RTC domain,Other Functional Domains,2
Mtf2_C,Mtf2_C domain,Other Functional Domains,2
CaMBD,CaMBD domain,Other Functional Domains,2
GATA-N,GATA-N domain,Other Functional Domains,2
APCDDC,APCDDC domain,Other Functional Domains,2
Vac14_Fab1_bd,Vac14_Fab1_bd domain,Other Functional Domains,2
Vac14_Fig4_bd,Vac14_Fig4_bd domain,Other Functional Domains,2
Nic96,Nic96 domain,Other Functional Domains,2
DBC1,DBC1 domain,Other Functional Domains,2
DUF3421,DUF3421 domain,Other Functional Domains,2
SAYSvFN,SAYSvFN domain,Other Functional Domains,2
PSS,PSS domain,Other Functional Domains,2
CRIC_ras_sig,CRIC_ras_sig domain,Other Functional Domains,2
HlyD_3,HlyD_3 domain,Other Functional Domains,2
Transcrip_reg,Transcrip_reg domain,Other Functional Domains,2
ILEI,ILEI domain,Other Functional Domains,2
DUF106,DUF106 domain,Other Functional Domains,2
HABP4_PAI-RBP1,HABP4_PAI-RBP1 domain,Other Functional Domains,2
IHABP4_N,IHABP4_N domain,Other Functional Domains,2
STAG,STAG domain,Other Functional Domains,2
TAL_FSA,TAL_FSA domain,Other Functional Domains,2
TAN,TAN domain,Other Functional Domains,2
DUF4203,DUF4203 domain,Other Functional Domains,2
PPR,PPR domain,Other Functional Domains,2
DUF2369,DUF2369 domain,Other Functional Domains,2
DUF1682,DUF1682 domain,Other Functional Domains,2
Atg14,Atg14 domain,Other Functional Domains,2
Peptidase_M50,Peptidase_M50 domain,Other Functional Domains,2
UFD1,UFD1 domain,Other Functional Domains,2
Synaphin,Synaphin domain,Other Functional Domains,2
Beta-TrCP_D,Beta-TrCP_D domain,Other Functional Domains,2
Ribosomal_L6e,Ribosomal_L6e domain,Other Functional Domains,2
Josephin,Josephin domain,Other Functional Domains,2
CIMR,CIMR domain,Other Functional Domains,2
FAD_binding_6,FAD_binding_6 domain,Other Functional Domains,2
Reticulon,Reticulon domain,Other Functional Domains,2
Ribosomal_L29,Ribosomal_L29 domain,Other Functional Domains,2
Chibby,Chibby domain,Other Functional Domains,2
ATG16,ATG16 domain,Other Functional Domains,2
DUF4149,DUF4149 domain,Other Functional Domains,2
IFT46_B_C,IFT46_B_C domain,Other Functional Domains,2
S1-like,S1-like domain,Other Functional Domains,2
MMgT,MMgT domain,Other Functional Domains,2
VIR_N,VIR_N domain,Other Functional Domains,2
Ribosomal_S2,Ribosomal_S2 domain,Other Functional Domains,2
Asn_synthase,Asn_synthase domain,Other Functional Domains,2
GATase_7,GATase_7 domain,Other Functional Domains,2
CENP-C_C,CENP-C_C domain,Other Functional Domains,2
CENP-C_mid,CENP-C_mid domain,Other Functional Domains,2
CENP_C_N,CENP_C_N domain,Other Functional Domains,2
VPS11_C,VPS11_C domain,Other Functional Domains,2
Avl9,Avl9 domain,Other Functional Domains,2
PP1c_bdg,PP1c_bdg domain,Other Functional Domains,2
PKcGMP_CC,PKcGMP_CC domain,Other Functional Domains,2
DUF1295,DUF1295 domain,Other Functional Domains,2
NDUFA12,NDUFA12 domain,Other Functional Domains,2
PTN_MK_C,PTN_MK_C domain,Other Functional Domains,2
NumbF,NumbF domain,Other Functional Domains,2
OTCace,OTCace domain,Other Functional Domains,2
OTCace_N,OTCace_N domain,Other Functional Domains,2
eRF1_1,eRF1_1 domain,Other Functional Domains,2
eRF1_2,eRF1_2 domain,Other Functional Domains,2
eRF1_3,eRF1_3 domain,Other Functional Domains,2
Profilin,Profilin domain,Other Functional Domains,2
Foie-gras_1,Foie-gras_1 domain,Other Functional Domains,2
TRAPPC10,TRAPPC10 domain,Other Functional Domains,2
Sec3_C,Sec3_C domain,Other Functional Domains,2
AAA_18,AAA_18 domain,Other Functional Domains,2
ACR_tran,ACR_tran domain,Other Functional Domains,2
GTP_cyclohydro2,GTP_cyclohydro2 domain,Other Functional Domains,2
Ribosomal_L15e,Ribosomal_L15e domain,Other Functional Domains,2
Nsp1_C,Nsp1_C domain,Other Functional Domains,2
SERTA,SERTA domain,Other Functional Domains,2
InaF-motif,InaF-motif domain,Other Functional Domains,2
CLZ,CLZ domain,Other Functional Domains,2
ER,ER domain,Other Functional Domains,2
CTU2,CTU2 domain,Other Functional Domains,2
Ribul_P_3_epim,Ribul_P_3_epim domain,Other Functional Domains,2
DUF1866,DUF1866 domain,Other Functional Domains,2
GTP1_OBG,GTP1_OBG domain,Other Functional Domains,2
PIH1,PIH1 domain,Other Functional Domains,2
Rab5ip,Rab5ip domain,Other Functional Domains,2
ERM,ERM domain,Other Functional Domains,2
NB-ARC,NB-ARC domain,Other Functional Domains,2
DUF773,DUF773 domain,Other Functional Domains,2
ICMT,ICMT domain,Other Functional Domains,2
UCH_1,UCH_1 domain,Other Functional Domains,2
UPF0047,UPF0047 domain,Other Functional Domains,2
Bap31,Bap31 domain,Other Functional Domains,2
Ndc80_HEC,Ndc80_HEC domain,Other Functional Domains,2
WAPL,WAPL domain,Other Functional Domains,2
Ribosomal_S17,Ribosomal_S17 domain,Other Functional Domains,2
Sterol-sensing,Sterol-sensing domain,Other Functional Domains,2
KAP,KAP domain,Other Functional Domains,2
Sec2p,Sec2p domain,Other Functional Domains,2
Ist1,Ist1 domain,Other Functional Domains,2
Glyco_transf_4,Glyco_transf_4 domain,Other Functional Domains,2
SNAPc_SNAP43,SNAPc_SNAP43 domain,Other Functional Domains,2
Las1,Las1 domain,Other Functional Domains,2
MKLP1_Arf_bdg,MKLP1_Arf_bdg domain,Other Functional Domains,2
Mg_trans_NIPA,Mg_trans_NIPA domain,Other Functional Domains,2
ARS2,ARS2 domain,Other Functional Domains,2
DUF3546,DUF3546 domain,Other Functional Domains,2
Lipase_GDSL_2,Lipase_GDSL_2 domain,Other Functional Domains,2
CDV3,CDV3 domain,Other Functional Domains,2
Latrotoxin_C,Latrotoxin_C domain,Other Functional Domains,2
GalP_UDP_tr_C,GalP_UDP_tr_C domain,Other Functional Domains,2
GalP_UDP_transf,GalP_UDP_transf domain,Other Functional Domains,2
SGTA_dimer,SGTA_dimer domain,Other Functional Domains,2
BCNT,BCNT domain,Other Functional Domains,2
NICE-3,NICE-3 domain,Other Functional Domains,2
DUF4782,DUF4782 domain,Other Functional Domains,2
GABP-alpha,GABP-alpha domain,Other Functional Domains,2
CRF-BP,CRF-BP domain,Other Functional Domains,2
UPF0004,UPF0004 domain,Other Functional Domains,2
GLTP,GLTP domain,Other Functional Domains,2
APS_kinase,APS_kinase domain,Other Functional Domains,2
ATP-sulfurylase,ATP-sulfurylase domain,Other Functional Domains,2
PUA_2,PUA_2 domain,Other Functional Domains,2
Thioredoxin_7,Thioredoxin_7 domain,Other Functional Domains,2
WBP-1,WBP-1 domain,Other Functional Domains,2
BTB_3,BTB_3 domain,Other Functional Domains,2
GCFC,GCFC domain,Other Functional Domains,2
PAPS_reduct,PAPS_reduct domain,Other Functional Domains,2
HNH_3,HNH_3 domain,Other Functional Domains,2
GOLGA2L5,GOLGA2L5 domain,Other Functional Domains,2
SH3BGR,SH3BGR domain,Other Functional Domains,2
Dynactin,Dynactin domain,Other Functional Domains,2
KAP_NTPase,KAP_NTPase domain,Other Functional Domains,2
Nucleoporin2,Nucleoporin2 domain,Other Functional Domains,2
Nup96,Nup96 domain,Other Functional Domains,2
USP8_dimer,USP8_dimer domain,Other Functional Domains,2
ChaC,ChaC domain,Other Functional Domains,2
ATP-synt_D,ATP-synt_D domain,Other Functional Domains,2
Seipin,Seipin domain,Other Functional Domains,2
DUF4764,DUF4764 domain,Other Functional Domains,2
REPA_OB_2,REPA_OB_2 domain,Other Functional Domains,2
Rep-A_N,Rep-A_N domain,Other Functional Domains,2
Rep_fac-A_C,Rep_fac-A_C domain,Other Functional Domains,2
TRAM,TRAM domain,Other Functional Domains,2
DHFR_1,DHFR_1 domain,Other Functional Domains,2
DUF974,DUF974 domain,Other Functional Domains,2
FPL,FPL domain,Other Functional Domains,2
DUF726,DUF726 domain,Other Functional Domains,2
Utp11,Utp11 domain,Other Functional Domains,2
SepSecS,SepSecS domain,Other Functional Domains,2
Receptor_IA-2,Receptor_IA-2 domain,Other Functional Domains,2
6PGD,6PGD domain,Other Functional Domains,2
HD,HD domain,Other Functional Domains,2
RNA_pol_I_A49,RNA_pol_I_A49 domain,Other Functional Domains,2
Syntaxin_2,Syntaxin_2 domain,Other Functional Domains,2
Ribosomal_L23,Ribosomal_L23 domain,Other Functional Domains,2
CorC_HlyC,CorC_HlyC domain,Other Functional Domains,2
SAICAR_synt,SAICAR_synt domain,Other Functional Domains,2
Ribosomal_L19,Ribosomal_L19 domain,Other Functional Domains,2
GATase_5,GATase_5 domain,Other Functional Domains,2
DHH,DHH domain,Other Functional Domains,2
Abhydrolase_2,Abhydrolase_2 domain,Other Functional Domains,2
MITF_TFEB_C_3_N,MITF_TFEB_C_3_N domain,Other Functional Domains,2
NAGPA,NAGPA domain,Other Functional Domains,2
Talin_middle,Talin_middle domain,Other Functional Domains,2
VBS,VBS domain,Other Functional Domains,2
TFIID_30kDa,TFIID_30kDa domain,Other Functional Domains,2
BolA,BolA domain,Other Functional Domains,2
Enolase_C,Enolase_C domain,Other Functional Domains,2
Enolase_N,Enolase_N domain,Other Functional Domains,2
Ribosomal_S18,Ribosomal_S18 domain,Other Functional Domains,2
BAG,BAG domain,Other Functional Domains,2
Lung_7-TM_R,Lung_7-TM_R domain,Other Functional Domains,2
RLI,RLI domain,Other Functional Domains,2
Pro_dh-DNA_bdg,Pro_dh-DNA_bdg domain,Other Functional Domains,2
Fer2_4,Fer2_4 domain,Other Functional Domains,2
Molybdopterin,Molybdopterin domain,Other Functional Domains,2
NADH-G_4Fe-4S_3,NADH-G_4Fe-4S_3 domain,Other Functional Domains,2
NADH_dhqG_C,NADH_dhqG_C domain,Other Functional Domains,2
Ribosomal_L18p,Ribosomal_L18p domain,Other Functional Domains,2
PP1_inhibitor,PP1_inhibitor domain,Other Functional Domains,2
DER1,DER1 domain,Other Functional Domains,2
Stk19,Stk19 domain,Other Functional Domains,2
ERK-JNK_inhib,ERK-JNK_inhib domain,Other Functional Domains,2
HIG_1_N,HIG_1_N domain,Other Functional Domains,2
Ribosomal_S15,Ribosomal_S15 domain,Other Functional Domains,2
Nbas_N,Nbas_N domain,Other Functional Domains,2
Sec39,Sec39 domain,Other Functional Domains,2
NAC,NAC domain,Other Functional Domains,2
SmpB,SmpB domain,Other Functional Domains,2
ATP_synt_H,ATP_synt_H domain,Other Functional Domains,2
FRB_dom,FRB_dom domain,Other Functional Domains,2
RTP1_C1,RTP1_C1 domain,Other Functional Domains,2
RTP1_C2,RTP1_C2 domain,Other Functional Domains,2
Methyltrn_RNA_3,Methyltrn_RNA_3 domain,Other Functional Domains,2
Argos,Argos domain,Other Functional Domains,2
LAMTOR,LAMTOR domain,Other Functional Domains,2
CutA1,CutA1 domain,Other Functional Domains,2
tRNA_int_endo,tRNA_int_endo domain,Other Functional Domains,2
IKI3,IKI3 domain,Other Functional Domains,2
Exo70,Exo70 domain,Other Functional Domains,2
Dopey_N,Dopey_N domain,Other Functional Domains,2
NHS,NHS domain,Other Functional Domains,2
Med8,Med8 domain,Other Functional Domains,2
COX4,COX4 domain,Other Functional Domains,2
SMAP,SMAP domain,Other Functional Domains,2
PRP1_N,PRP1_N domain,Other Functional Domains,2
TPR_14,TPR_14 domain,Other Functional Domains,2
Diphthamide_syn,Diphthamide_syn domain,Other Functional Domains,2
FAR1,FAR1 domain,Other Functional Domains,2
DUF2465,DUF2465 domain,Other Functional Domains,2
MoaE,MoaE domain,Other Functional Domains,2
Cofac_haem_bdg,Cofac_haem_bdg domain,Other Functional Domains,2
Smr,Smr domain,Other Functional Domains,2
Sep15_SelM,Sep15_SelM domain,Other Functional Domains,2
CTF_NFI,CTF_NFI domain,Other Functional Domains,2
Jun,Jun domain,Other Functional Domains,2
TRIC,TRIC domain,Other Functional Domains,2
NLE,NLE domain,Other Functional Domains,2
UPF0016,UPF0016 domain,Other Functional Domains,2
AARP2CN,AARP2CN domain,Other Functional Domains,2
RIBIOP_C,RIBIOP_C domain,Other Functional Domains,2
DM4_12,DM4_12 domain,Other Functional Domains,2
Rad60-SLD_2,Rad60-SLD_2 domain,Other Functional Domains,2
ST7,ST7 domain,Other Functional Domains,2
Evr1_Alr,Evr1_Alr domain,Other Functional Domains,2
XRCC1_N,XRCC1_N domain,Other Functional Domains,2
DUF3452,DUF3452 domain,Other Functional Domains,2
RB_A,RB_A domain,Other Functional Domains,2
RB_B,RB_B domain,Other Functional Domains,2
Wyosine_form,Wyosine_form domain,Other Functional Domains,2
Vg_Tdu,Vg_Tdu domain,Other Functional Domains,2
Elongin_A,Elongin_A domain,Other Functional Domains,2
DNA_processg_A,DNA_processg_A domain,Other Functional Domains,2
Gla,Gla domain,Other Functional Domains,2
HVSL,HVSL domain,Other Functional Domains,2
FAM110_C,FAM110_C domain,Other Functional Domains,2
FAM110_N,FAM110_N domain,Other Functional Domains,2
Torsin,Torsin domain,Other Functional Domains,2
Cornichon,Cornichon domain,Other Functional Domains,2
AAA_2,AAA_2 domain,Other Functional Domains,2
ClpB_D2-small,ClpB_D2-small domain,Other Functional Domains,2
Lipoxygenase,Lipoxygenase domain,Other Functional Domains,2
Med20,Med20 domain,Other Functional Domains,2
ADIP,ADIP domain,Other Functional Domains,2
AAA_34,AAA_34 domain,Other Functional Domains,2
Helicase_C_4,Helicase_C_4 domain,Other Functional Domains,2
FAIM1,FAIM1 domain,Other Functional Domains,2
Glyco_transf_90,Glyco_transf_90 domain,Other Functional Domains,2
INCENP_ARK-bind,INCENP_ARK-bind domain,Other Functional Domains,2
Rtt106,Rtt106 domain,Other Functional Domains,2
MR_MLE_C,MR_MLE_C domain,Other Functional Domains,2
MR_MLE_N,MR_MLE_N domain,Other Functional Domains,2
Ribosomal_L21p,Ribosomal_L21p domain,Other Functional Domains,2
TFIIF_beta,TFIIF_beta domain,Other Functional Domains,2
SMK-1,SMK-1 domain,Other Functional Domains,2
DUF2054,DUF2054 domain,Other Functional Domains,2
DUF3512,DUF3512 domain,Other Functional Domains,2
Use1,Use1 domain,Other Functional Domains,2
XPG_I_2,XPG_I_2 domain,Other Functional Domains,2
Ndc1_Nup,Ndc1_Nup domain,Other Functional Domains,2
DUF2347,DUF2347 domain,Other Functional Domains,2
Phe_tRNA-synt_N,Phe_tRNA-synt_N domain,Other Functional Domains,2
DUF1241,DUF1241 domain,Other Functional Domains,2
Ribosomal_L30,Ribosomal_L30 domain,Other Functional Domains,2
Peptidase_S28,Peptidase_S28 domain,Other Functional Domains,2
IFT43,IFT43 domain,Other Functional Domains,2
PTPLA,PTPLA domain,Other Functional Domains,2
DUF572,DUF572 domain,Other Functional Domains,2
Gate,Gate domain,Other Functional Domains,2
RSB_motif,RSB_motif domain,Other Functional Domains,2
FAST_2,FAST_2 domain,Other Functional Domains,2
DUF3453,DUF3453 domain,Other Functional Domains,2
Nitroreductase,Nitroreductase domain,Other Functional Domains,2
Symplekin_C,Symplekin_C domain,Other Functional Domains,2
PLU-1,PLU-1 domain,Other Functional Domains,2
Rab3-GTPase_cat,Rab3-GTPase_cat domain,Other Functional Domains,2
DUF1977,DUF1977 domain,Other Functional Domains,2
Nucleos_tra2_N,Nucleos_tra2_N domain,Other Functional Domains,2
Mst1_SARAH,Mst1_SARAH domain,Other Functional Domains,2
NUC173,NUC173 domain,Other Functional Domains,2
2Fe-2S_thioredx,2Fe-2S_thioredx domain,Other Functional Domains,2
RNase_P_Rpp14,RNase_P_Rpp14 domain,Other Functional Domains,2
MIF,MIF domain,Other Functional Domains,2
RNA_pol_L_2,RNA_pol_L_2 domain,Other Functional Domains,2
Forkhead_N,Forkhead_N domain,Other Functional Domains,2
FSA_C,FSA_C domain,Other Functional Domains,2
B3_4,B3_4 domain,Other Functional Domains,2
COQ7,COQ7 domain,Other Functional Domains,2
Nrf1_DNA-bind,Nrf1_DNA-bind domain,Other Functional Domains,2
Nrf1_activ_bdg,Nrf1_activ_bdg domain,Other Functional Domains,2
ATP-synt,ATP-synt domain,Other Functional Domains,2
Cdc6_C,Cdc6_C domain,Other Functional Domains,2
TMIE,TMIE domain,Other Functional Domains,2
BCDHK_Adom3,BCDHK_Adom3 domain,Other Functional Domains,2
Cpn10,Cpn10 domain,Other Functional Domains,2
Nucleos_tra2_C,Nucleos_tra2_C domain,Other Functional Domains,2
DUF3338,DUF3338 domain,Other Functional Domains,2
Peptidase_M76,Peptidase_M76 domain,Other Functional Domains,2
Ribosomal_S3Ae,Ribosomal_S3Ae domain,Other Functional Domains,2
DUF2181,DUF2181 domain,Other Functional Domains,2
tRNA_U5-meth_tr,tRNA_U5-meth_tr domain,Other Functional Domains,2
Pecanex_C,Pecanex_C domain,Other Functional Domains,2
Fer4_12,Fer4_12 domain,Other Functional Domains,2
MoaC,MoaC domain,Other Functional Domains,2
Mob_synth_C,Mob_synth_C domain,Other Functional Domains,2
PGK,PGK domain,Other Functional Domains,2
Ribosomal_S30,Ribosomal_S30 domain,Other Functional Domains,2
Isy1,Isy1 domain,Other Functional Domains,2
WASH_WAHD,WASH_WAHD domain,Other Functional Domains,2
MDM1,MDM1 domain,Other Functional Domains,2
PRT_C,PRT_C domain,Other Functional Domains,2
Cor1,Cor1 domain,Other Functional Domains,2
Fucokinase,Fucokinase domain,Other Functional Domains,2
AHSA1,AHSA1 domain,Other Functional Domains,2
Aha1_N,Aha1_N domain,Other Functional Domains,2
IRK,IRK domain,Other Functional Domains,2
Rubis-subs-bind,Rubis-subs-bind domain,Other Functional Domains,2
BRE,BRE domain,Other Functional Domains,2
DUF2236,DUF2236 domain,Other Functional Domains,2
DUF885,DUF885 domain,Other Functional Domains,2
Ribosomal_L27A,Ribosomal_L27A domain,Other Functional Domains,2
Glucosamine_iso,Glucosamine_iso domain,Other Functional Domains,2
Crystallin,Crystallin domain,Other Functional Domains,2
Chromosome_seg,Chromosome_seg domain,Other Functional Domains,2
DUF4210,DUF4210 domain,Other Functional Domains,2
Ribosomal_S3_C,Ribosomal_S3_C domain,Other Functional Domains,2
RFC1,RFC1 domain,Other Functional Domains,2
Fcf1,Fcf1 domain,Other Functional Domains,2
DUF4735,DUF4735 domain,Other Functional Domains,2
SBF2,SBF2 domain,Other Functional Domains,2
TAF,TAF domain,Other Functional Domains,2
TAF6_C,TAF6_C domain,Other Functional Domains,2
Angiomotin_C,Angiomotin_C domain,Other Functional Domains,2
RanGAP1_C,RanGAP1_C domain,Other Functional Domains,2
RNA_pol_Rpb4,RNA_pol_Rpb4 domain,Other Functional Domains,2
Ephrin,Ephrin domain,Other Functional Domains,2
SpoU_sub_bind,SpoU_sub_bind domain,Other Functional Domains,2
BBS2_C,BBS2_C domain,Other Functional Domains,2
BBS2_Mid,BBS2_Mid domain,Other Functional Domains,2
BBS2_N,BBS2_N domain,Other Functional Domains,2
BRE1,BRE1 domain,Other Functional Domains,2
FDX-ACB,FDX-ACB domain,Other Functional Domains,2
N2227,N2227 domain,Other Functional Domains,2
2-oxogl_dehyd_N,2-oxogl_dehyd_N domain,Other Functional Domains,2
Tmemb_185A,Tmemb_185A domain,Other Functional Domains,2
DUF1908,DUF1908 domain,Other Functional Domains,2
Gar1,Gar1 domain,Other Functional Domains,2
RRM_3,RRM_3 domain,Other Functional Domains,2
NCBP3,NCBP3 domain,Other Functional Domains,2
Taxilin,Taxilin domain,Other Functional Domains,2
MMR_HSR1_Xtn,MMR_HSR1_Xtn domain,Other Functional Domains,2
tRNA_Me_trans,tRNA_Me_trans domain,Other Functional Domains,2
COP-gamma_platf,COP-gamma_platf domain,Other Functional Domains,2
Coatomer_g_Cpla,Coatomer_g_Cpla domain,Other Functional Domains,2
Sybindin,Sybindin domain,Other Functional Domains,2
AAA_24,AAA_24 domain,Other Functional Domains,2
Polysacc_synt_4,Polysacc_synt_4 domain,Other Functional Domains,2
INT_SG_DDX_CT_C,INT_SG_DDX_CT_C domain,Other Functional Domains,2
LIAS_N,LIAS_N domain,Other Functional Domains,2
WGG,WGG domain,Other Functional Domains,2
DUF4414,DUF4414 domain,Other Functional Domains,2
DUF908,DUF908 domain,Other Functional Domains,2
DUF913,DUF913 domain,Other Functional Domains,2
zf-CCHC_4,zf-CCHC_4 domain,Other Functional Domains,2
Phospholip_B,Phospholip_B domain,Other Functional Domains,2
MRNIP,MRNIP domain,Other Functional Domains,2
Aldose_epim,Aldose_epim domain,Other Functional Domains,2
ThiS,ThiS domain,Other Functional Domains,2
RAI1,RAI1 domain,Other Functional Domains,2
Myelin_PLP,Myelin_PLP domain,Other Functional Domains,2
Steroid_dh,Steroid_dh domain,Other Functional Domains,2
PHD_4,PHD_4 domain,Other Functional Domains,2
PID_2,PID_2 domain,Other Functional Domains,2
Mut7-C,Mut7-C domain,Other Functional Domains,2
MRP-L51,MRP-L51 domain,Other Functional Domains,2
DUF4682,DUF4682 domain,Other Functional Domains,2
TIM,TIM domain,Other Functional Domains,2
MtN3_slv,MtN3_slv domain,Other Functional Domains,2
DUF4518,DUF4518 domain,Other Functional Domains,2
PA28_alpha,PA28_alpha domain,Other Functional Domains,2
PA28_beta,PA28_beta domain,Other Functional Domains,2
Gtr1_RagA,Gtr1_RagA domain,Other Functional Domains,2
Ribosomal_S7,Ribosomal_S7 domain,Other Functional Domains,2
DUF3657,DUF3657 domain,Other Functional Domains,2
DUF676,DUF676 domain,Other Functional Domains,2
Ribosomal_L32p,Ribosomal_L32p domain,Other Functional Domains,2
Q_salvage,Q_salvage domain,Other Functional Domains,1
NTPase_I-T,NTPase_I-T domain,Other Functional Domains,1
MOFRL,MOFRL domain,Other Functional Domains,1
pKID,pKID domain,Other Functional Domains,1
STIMATE,STIMATE domain,Other Functional Domains,1
Rogdi_lz,Rogdi_lz domain,Other Functional Domains,1
AP-5_subunit_s1,AP-5_subunit_s1 domain,Other Functional Domains,1
CCAP,CCAP domain,Other Functional Domains,1
APG5,APG5 domain,Other Functional Domains,1
RINT1_TIP1,RINT1_TIP1 domain,Other Functional Domains,1
MAD,MAD domain,Other Functional Domains,1
Staufen_C,Staufen_C domain,Other Functional Domains,1
Ribosomal_L19e,Ribosomal_L19e domain,Other Functional Domains,1
SKIP_SNW,SKIP_SNW domain,Other Functional Domains,1
NUDIX_2,NUDIX_2 domain,Other Functional Domains,1
RRN3,RRN3 domain,Other Functional Domains,1
zf-C2HE,zf-C2HE domain,Other Functional Domains,1
Tsg,Tsg domain,Other Functional Domains,1
Gp_dh_C,Gp_dh_C domain,Other Functional Domains,1
Gp_dh_N,Gp_dh_N domain,Other Functional Domains,1
DUF1725,DUF1725 domain,Other Functional Domains,1
Cut8,Cut8 domain,Other Functional Domains,1
RRS1,RRS1 domain,Other Functional Domains,1
CDK5_activator,CDK5_activator domain,Other Functional Domains,1
UPF0565,UPF0565 domain,Other Functional Domains,1
NatB_MDM20,NatB_MDM20 domain,Other Functional Domains,1
MRP-S23,MRP-S23 domain,Other Functional Domains,1
DUF938,DUF938 domain,Other Functional Domains,1
Abdominal-A,Abdominal-A domain,Other Functional Domains,1
Muted,Muted domain,Other Functional Domains,1
PBP_dimer,PBP_dimer domain,Other Functional Domains,1
Transpeptidase,Transpeptidase domain,Other Functional Domains,1
LYTB,LYTB domain,Other Functional Domains,1
ACP_syn_III,ACP_syn_III domain,Other Functional Domains,1
DUF4538,DUF4538 domain,Other Functional Domains,1
Cluap1,Cluap1 domain,Other Functional Domains,1
Elf1,Elf1 domain,Other Functional Domains,1
APG12,APG12 domain,Other Functional Domains,1
DUF2362,DUF2362 domain,Other Functional Domains,1
MAM33,MAM33 domain,Other Functional Domains,1
CALCOCO1,CALCOCO1 domain,Other Functional Domains,1
MMADHC,MMADHC domain,Other Functional Domains,1
AcetylCoA_hyd_C,AcetylCoA_hyd_C domain,Other Functional Domains,1
AcetylCoA_hydro,AcetylCoA_hydro domain,Other Functional Domains,1
CDC45,CDC45 domain,Other Functional Domains,1
Ribosomal_S17_N,Ribosomal_S17_N domain,Other Functional Domains,1
DNA_ligase_ZBD,DNA_ligase_ZBD domain,Other Functional Domains,1
RNase_H2-Ydr279,RNase_H2-Ydr279 domain,Other Functional Domains,1
DUF4734,DUF4734 domain,Other Functional Domains,1
Cadherin-like,Cadherin-like domain,Other Functional Domains,1
HMG_CoA_synt_C,HMG_CoA_synt_C domain,Other Functional Domains,1
HMG_CoA_synt_N,HMG_CoA_synt_N domain,Other Functional Domains,1
Metallophos_2,Metallophos_2 domain,Other Functional Domains,1
DUF2012,DUF2012 domain,Other Functional Domains,1
Med14,Med14 domain,Other Functional Domains,1
PTS_2-RNA,PTS_2-RNA domain,Other Functional Domains,1
GLE1,GLE1 domain,Other Functional Domains,1
Vac_ImportDeg,Vac_ImportDeg domain,Other Functional Domains,1
DED,DED domain,Other Functional Domains,1
Esterase,Esterase domain,Other Functional Domains,1
Phos_pyr_kin,Phos_pyr_kin domain,Other Functional Domains,1
TAP_C,TAP_C domain,Other Functional Domains,1
Tap-RNA_bind,Tap-RNA_bind domain,Other Functional Domains,1
PolyA_pol,PolyA_pol domain,Other Functional Domains,1
PolyA_pol_RNAbd,PolyA_pol_RNAbd domain,Other Functional Domains,1
PIG-F,PIG-F domain,Other Functional Domains,1
GIDE,GIDE domain,Other Functional Domains,1
Telomere_reg-2,Telomere_reg-2 domain,Other Functional Domains,1
Med1,Med1 domain,Other Functional Domains,1
PigN,PigN domain,Other Functional Domains,1
Coilin_N,Coilin_N domain,Other Functional Domains,1
Ribosomal_L29e,Ribosomal_L29e domain,Other Functional Domains,1
TFIIE-A_C,TFIIE-A_C domain,Other Functional Domains,1
TFIIE_alpha,TFIIE_alpha domain,Other Functional Domains,1
COX5B,COX5B domain,Other Functional Domains,1
THUMP,THUMP domain,Other Functional Domains,1
Apyrase,Apyrase domain,Other Functional Domains,1
DUF410,DUF410 domain,Other Functional Domains,1
DUF2003,DUF2003 domain,Other Functional Domains,1
FAP206,FAP206 domain,Other Functional Domains,1
zf-C4H2,zf-C4H2 domain,Other Functional Domains,1
ribosomal_L24,ribosomal_L24 domain,Other Functional Domains,1
DUF423,DUF423 domain,Other Functional Domains,1
Armet,Armet domain,Other Functional Domains,1
TMEM132D_N,TMEM132D_N domain,Other Functional Domains,1
DUF1075,DUF1075 domain,Other Functional Domains,1
ELP6,ELP6 domain,Other Functional Domains,1
HAT,HAT domain,Other Functional Domains,1
MEF2_binding,MEF2_binding domain,Other Functional Domains,1
Ribosomal_L13e,Ribosomal_L13e domain,Other Functional Domains,1
DUF4490,DUF4490 domain,Other Functional Domains,1
FANCL_C,FANCL_C domain,Other Functional Domains,1
WD-3,WD-3 domain,Other Functional Domains,1
OPA3,OPA3 domain,Other Functional Domains,1
Gly_rich,Gly_rich domain,Other Functional Domains,1
Rpr2,Rpr2 domain,Other Functional Domains,1
Bcr-Abl_Oligo,Bcr-Abl_Oligo domain,Other Functional Domains,1
DUF4602,DUF4602 domain,Other Functional Domains,1
Acetyltransf_CG,Acetyltransf_CG domain,Other Functional Domains,1
DBINO,DBINO domain,Other Functional Domains,1
Med29,Med29 domain,Other Functional Domains,1
MRP-S22,MRP-S22 domain,Other Functional Domains,1
DAO_C,DAO_C domain,Other Functional Domains,1
AKAP7_RIRII_bdg,AKAP7_RIRII_bdg domain,Other Functional Domains,1
YhhN,YhhN domain,Other Functional Domains,1
FBPase_glpX,FBPase_glpX domain,Other Functional Domains,1
PDDEXK_1,PDDEXK_1 domain,Other Functional Domains,1
Ribosomal_L5,Ribosomal_L5 domain,Other Functional Domains,1
Ribosomal_L5_C,Ribosomal_L5_C domain,Other Functional Domains,1
PKI,PKI domain,Other Functional Domains,1
Vps35,Vps35 domain,Other Functional Domains,1
Tmemb_170,Tmemb_170 domain,Other Functional Domains,1
dsDNA_bind,dsDNA_bind domain,Other Functional Domains,1
BORCS7,BORCS7 domain,Other Functional Domains,1
NDUF_C2,NDUF_C2 domain,Other Functional Domains,1
B12D,B12D domain,Other Functional Domains,1
Vps16_C,Vps16_C domain,Other Functional Domains,1
Vps16_N,Vps16_N domain,Other Functional Domains,1
Ribosomal_L34e,Ribosomal_L34e domain,Other Functional Domains,1
NOG1,NOG1 domain,Other Functional Domains,1
NOGCT,NOGCT domain,Other Functional Domains,1
Topo_C_assoc,Topo_C_assoc domain,Other Functional Domains,1
Topoisom_I,Topoisom_I domain,Other Functional Domains,1
Topoisom_I_N,Topoisom_I_N domain,Other Functional Domains,1
TCR,TCR domain,Other Functional Domains,1
UPF0139,UPF0139 domain,Other Functional Domains,1
Fe-ADH,Fe-ADH domain,Other Functional Domains,1
TAFII28,TAFII28 domain,Other Functional Domains,1
DUF4706,DUF4706 domain,Other Functional Domains,1
FumaraseC_C,FumaraseC_C domain,Other Functional Domains,1
Thioredox_DsbH,Thioredox_DsbH domain,Other Functional Domains,1
Pterin_4a,Pterin_4a domain,Other Functional Domains,1
UcrQ,UcrQ domain,Other Functional Domains,1
DUF1232,DUF1232 domain,Other Functional Domains,1
SRP72,SRP72 domain,Other Functional Domains,1
SRP_TPR_like,SRP_TPR_like domain,Other Functional Domains,1
YAF2_RYBP,YAF2_RYBP domain,Other Functional Domains,1
Med7,Med7 domain,Other Functional Domains,1
Tropomodulin,Tropomodulin domain,Other Functional Domains,1
4F5,4F5 domain,Other Functional Domains,1
SMP_LBD,SMP_LBD domain,Other Functional Domains,1
AF-4,AF-4 domain,Other Functional Domains,1
RMI1_C,RMI1_C domain,Other Functional Domains,1
Nup54,Nup54 domain,Other Functional Domains,1
MMS22L_C,MMS22L_C domain,Other Functional Domains,1
MMS22L_N,MMS22L_N domain,Other Functional Domains,1
AAR2,AAR2 domain,Other Functional Domains,1
VKOR,VKOR domain,Other Functional Domains,1
DUF4078,DUF4078 domain,Other Functional Domains,1
Ten1_2,Ten1_2 domain,Other Functional Domains,1
R3H-assoc,R3H-assoc domain,Other Functional Domains,1
Ribosomal_L37e,Ribosomal_L37e domain,Other Functional Domains,1
NDUF_B8,NDUF_B8 domain,Other Functional Domains,1
Renin_r,Renin_r domain,Other Functional Domains,1
Lipocalin_2,Lipocalin_2 domain,Other Functional Domains,1
eIF-6,eIF-6 domain,Other Functional Domains,1
Urocanase,Urocanase domain,Other Functional Domains,1
Sec61_beta,Sec61_beta domain,Other Functional Domains,1
PTPA,PTPA domain,Other Functional Domains,1
MSL2-CXC,MSL2-CXC domain,Other Functional Domains,1
zf-RING_10,zf-RING_10 domain,Other Functional Domains,1
SRA1,SRA1 domain,Other Functional Domains,1
CG-1,CG-1 domain,Other Functional Domains,1
Gcd10p,Gcd10p domain,Other Functional Domains,1
CAF-1_p150,CAF-1_p150 domain,Other Functional Domains,1
CAF1A,CAF1A domain,Other Functional Domains,1
z-alpha,z-alpha domain,Other Functional Domains,1
DUF4496,DUF4496 domain,Other Functional Domains,1
AKAP2_C,AKAP2_C domain,Other Functional Domains,1
Urocanase_C,Urocanase_C domain,Other Functional Domains,1
Urocanase_N,Urocanase_N domain,Other Functional Domains,1
CHAT,CHAT domain,Other Functional Domains,1
HUN,HUN domain,Other Functional Domains,1
UBN_AB,UBN_AB domain,Other Functional Domains,1
CPSF100_C,CPSF100_C domain,Other Functional Domains,1
DUF4603,DUF4603 domain,Other Functional Domains,1
XAP5,XAP5 domain,Other Functional Domains,1
Pol_alpha_B_N,Pol_alpha_B_N domain,Other Functional Domains,1
DUF3384,DUF3384 domain,Other Functional Domains,1
Tuberin,Tuberin domain,Other Functional Domains,1
HHH_4,HHH_4 domain,Other Functional Domains,1
Eaf7,Eaf7 domain,Other Functional Domains,1
LTV,LTV domain,Other Functional Domains,1
Seryl_tRNA_N,Seryl_tRNA_N domain,Other Functional Domains,1
Dickkopf_N,Dickkopf_N domain,Other Functional Domains,1
TMEM237,TMEM237 domain,Other Functional Domains,1
Glu-tRNAGln,Glu-tRNAGln domain,Other Functional Domains,1
MTP18,MTP18 domain,Other Functional Domains,1
TMEM132,TMEM132 domain,Other Functional Domains,1
TMEM132D_C,TMEM132D_C domain,Other Functional Domains,1
HSD3,HSD3 domain,Other Functional Domains,1
Neurochondrin,Neurochondrin domain,Other Functional Domains,1
Rrp15p,Rrp15p domain,Other Functional Domains,1
SPT2,SPT2 domain,Other Functional Domains,1
Hus1,Hus1 domain,Other Functional Domains,1
LSM_int_assoc,LSM_int_assoc domain,Other Functional Domains,1
Lsm_interact,Lsm_interact domain,Other Functional Domains,1
ASL_C2,ASL_C2 domain,Other Functional Domains,1
DUF3105,DUF3105 domain,Other Functional Domains,1
GDC-P,GDC-P domain,Other Functional Domains,1
ALG11_N,ALG11_N domain,Other Functional Domains,1
SGL,SGL domain,Other Functional Domains,1
B5,B5 domain,Other Functional Domains,1
Ribosomal_S26e,Ribosomal_S26e domain,Other Functional Domains,1
Inos-1-P_synth,Inos-1-P_synth domain,Other Functional Domains,1
NAD_binding_5,NAD_binding_5 domain,Other Functional Domains,1
SNase,SNase domain,Other Functional Domains,1
FMN_red,FMN_red domain,Other Functional Domains,1
AMH_N,AMH_N domain,Other Functional Domains,1
FAM76,FAM76 domain,Other Functional Domains,1
Rad17,Rad17 domain,Other Functional Domains,1
Nup35_RRM_2,Nup35_RRM_2 domain,Other Functional Domains,1
Mmp37,Mmp37 domain,Other Functional Domains,1
HECW_N,HECW_N domain,Other Functional Domains,1
UPF0086,UPF0086 domain,Other Functional Domains,1
DIRP,DIRP domain,Other Functional Domains,1
Thrombin_light,Thrombin_light domain,Other Functional Domains,1
Ribosomal_L35Ae,Ribosomal_L35Ae domain,Other Functional Domains,1
Ribosomal_S7e,Ribosomal_S7e domain,Other Functional Domains,1
CBX7_C,CBX7_C domain,Other Functional Domains,1
NOB1_Zn_bind,NOB1_Zn_bind domain,Other Functional Domains,1
PIN_6,PIN_6 domain,Other Functional Domains,1
Muskelin_N,Muskelin_N domain,Other Functional Domains,1
OAF,OAF domain,Other Functional Domains,1
FAST_1,FAST_1 domain,Other Functional Domains,1
PRiA4_ORF3,PRiA4_ORF3 domain,Other Functional Domains,1
zf-nanos,zf-nanos domain,Other Functional Domains,1
TPKR_C2,TPKR_C2 domain,Other Functional Domains,1
LURAP,LURAP domain,Other Functional Domains,1
SAS-6_N,SAS-6_N domain,Other Functional Domains,1
Coatamer_beta_C,Coatamer_beta_C domain,Other Functional Domains,1
Coatomer_b_Cpla,Coatomer_b_Cpla domain,Other Functional Domains,1
AAA_19,AAA_19 domain,Other Functional Domains,1
UvrD_C,UvrD_C domain,Other Functional Domains,1
dNK,dNK domain,Other Functional Domains,1
Myb_DNA-bind_7,Myb_DNA-bind_7 domain,Other Functional Domains,1
Oscp1,Oscp1 domain,Other Functional Domains,1
NUFIP1,NUFIP1 domain,Other Functional Domains,1
HNF_C,HNF_C domain,Other Functional Domains,1
MGAT2,MGAT2 domain,Other Functional Domains,1
Alba,Alba domain,Other Functional Domains,1
DUF1794,DUF1794 domain,Other Functional Domains,1
FAM92,FAM92 domain,Other Functional Domains,1
FACT-Spt16_Nlob,FACT-Spt16_Nlob domain,Other Functional Domains,1
SPT16,SPT16 domain,Other Functional Domains,1
Glycogen_syn,Glycogen_syn domain,Other Functional Domains,1
FA_FANCE,FA_FANCE domain,Other Functional Domains,1
CRF,CRF domain,Other Functional Domains,1
Methyltransf_15,Methyltransf_15 domain,Other Functional Domains,1
DDRGK,DDRGK domain,Other Functional Domains,1
PHF12_MRG_bd,PHF12_MRG_bd domain,Other Functional Domains,1
GLTSCR1,GLTSCR1 domain,Other Functional Domains,1
DUF3767,DUF3767 domain,Other Functional Domains,1
LRRNT_2,LRRNT_2 domain,Other Functional Domains,1
NTP_transf_3,NTP_transf_3 domain,Other Functional Domains,1
Ribosomal_L27,Ribosomal_L27 domain,Other Functional Domains,1
TFIIA_gamma_C,TFIIA_gamma_C domain,Other Functional Domains,1
TFIIA_gamma_N,TFIIA_gamma_N domain,Other Functional Domains,1
HARP,HARP domain,Other Functional Domains,1
BORCS6,BORCS6 domain,Other Functional Domains,1
API5,API5 domain,Other Functional Domains,1
Erg28,Erg28 domain,Other Functional Domains,1
PP1_bind,PP1_bind domain,Other Functional Domains,1
ANAPC5,ANAPC5 domain,Other Functional Domains,1
TMEM220,TMEM220 domain,Other Functional Domains,1
DUF4505,DUF4505 domain,Other Functional Domains,1
Gryzun,Gryzun domain,Other Functional Domains,1
Tmemb_18A,Tmemb_18A domain,Other Functional Domains,1
Med10,Med10 domain,Other Functional Domains,1
Tcf25,Tcf25 domain,Other Functional Domains,1
UNC80,UNC80 domain,Other Functional Domains,1
WASH-7_C,WASH-7_C domain,Other Functional Domains,1
WASH-7_N,WASH-7_N domain,Other Functional Domains,1
WASH-7_mid,WASH-7_mid domain,Other Functional Domains,1
MaoC_dehydrat_N,MaoC_dehydrat_N domain,Other Functional Domains,1
MaoC_dehydratas,MaoC_dehydratas domain,Other Functional Domains,1
Fructosamin_kin,Fructosamin_kin domain,Other Functional Domains,1
GIDA,GIDA domain,Other Functional Domains,1
GIDA_assoc,GIDA_assoc domain,Other Functional Domains,1
Glutaminase,Glutaminase domain,Other Functional Domains,1
DUF2451,DUF2451 domain,Other Functional Domains,1
NKAIN,NKAIN domain,Other Functional Domains,1
P-mevalo_kinase,P-mevalo_kinase domain,Other Functional Domains,1
GCN5L1,GCN5L1 domain,Other Functional Domains,1
Mago-bind,Mago-bind domain,Other Functional Domains,1
EXS,EXS domain,Other Functional Domains,1
SPX,SPX domain,Other Functional Domains,1
ANAPC_CDC26,ANAPC_CDC26 domain,Other Functional Domains,1
PH_TFIIH,PH_TFIIH domain,Other Functional Domains,1
FAM86,FAM86 domain,Other Functional Domains,1
RDD,RDD domain,Other Functional Domains,1
KN_motif,KN_motif domain,Other Functional Domains,1
Ribosomal_S14,Ribosomal_S14 domain,Other Functional Domains,1
TPD,TPD domain,Other Functional Domains,1
Ribosomal_L36e,Ribosomal_L36e domain,Other Functional Domains,1
Pr_beta_C,Pr_beta_C domain,Other Functional Domains,1
SMC_Nse1,SMC_Nse1 domain,Other Functional Domains,1
zf-RING-like,zf-RING-like domain,Other Functional Domains,1
ASXH,ASXH domain,Other Functional Domains,1
HARE-HTH,HARE-HTH domain,Other Functional Domains,1
Nucleic_acid_bd,Nucleic_acid_bd domain,Other Functional Domains,1
CIAPIN1,CIAPIN1 domain,Other Functional Domains,1
DPM3,DPM3 domain,Other Functional Domains,1
Rb_C,Rb_C domain,Other Functional Domains,1
HTH_Crp_2,HTH_Crp_2 domain,Other Functional Domains,1
tRNA-synt_1f,tRNA-synt_1f domain,Other Functional Domains,1
STAR_dimer,STAR_dimer domain,Other Functional Domains,1
Dynein_attach_N,Dynein_attach_N domain,Other Functional Domains,1
CEP19,CEP19 domain,Other Functional Domains,1
Vta1,Vta1 domain,Other Functional Domains,1
Glyco_transf_21,Glyco_transf_21 domain,Other Functional Domains,1
DUF1712,DUF1712 domain,Other Functional Domains,1
DUF3381,DUF3381 domain,Other Functional Domains,1
Spb1_C,Spb1_C domain,Other Functional Domains,1
Glyco_hydro_63,Glyco_hydro_63 domain,Other Functional Domains,1
Glyco_hydro_63N,Glyco_hydro_63N domain,Other Functional Domains,1
TM231,TM231 domain,Other Functional Domains,1
Tmemb_161AB,Tmemb_161AB domain,Other Functional Domains,1
Fibrillarin,Fibrillarin domain,Other Functional Domains,1
DUF1944,DUF1944 domain,Other Functional Domains,1
MRP_L53,MRP_L53 domain,Other Functional Domains,1
HD_3,HD_3 domain,Other Functional Domains,1
zf-CHY,zf-CHY domain,Other Functional Domains,1
TMEM219,TMEM219 domain,Other Functional Domains,1
K167R,K167R domain,Other Functional Domains,1
Fer2_3,Fer2_3 domain,Other Functional Domains,1
Fer4_17,Fer4_17 domain,Other Functional Domains,1
TAFII55_N,TAFII55_N domain,Other Functional Domains,1
ER_lumen_recept,ER_lumen_recept domain,Other Functional Domains,1
CENP-S,CENP-S domain,Other Functional Domains,1
DUF1771,DUF1771 domain,Other Functional Domains,1
PDCD7,PDCD7 domain,Other Functional Domains,1
Ribosomal_L32e,Ribosomal_L32e domain,Other Functional Domains,1
zf-tcix,zf-tcix domain,Other Functional Domains,1
BLM10_mid,BLM10_mid domain,Other Functional Domains,1
DUF3437,DUF3437 domain,Other Functional Domains,1
GAD,GAD domain,Other Functional Domains,1
SF3b1,SF3b1 domain,Other Functional Domains,1
Vault,Vault domain,Other Functional Domains,1
MRP-L46,MRP-L46 domain,Other Functional Domains,1
PNPase,PNPase domain,Other Functional Domains,1
NPL4,NPL4 domain,Other Functional Domains,1
UN_NPL4,UN_NPL4 domain,Other Functional Domains,1
VRR_NUC,VRR_NUC domain,Other Functional Domains,1
TruD,TruD domain,Other Functional Domains,1
PPP4R2,PPP4R2 domain,Other Functional Domains,1
Fra10Ac1,Fra10Ac1 domain,Other Functional Domains,1
Rotamase_3,Rotamase_3 domain,Other Functional Domains,1
LINES_C,LINES_C domain,Other Functional Domains,1
LINES_N,LINES_N domain,Other Functional Domains,1
RTT107_BRCT_5,RTT107_BRCT_5 domain,Other Functional Domains,1
DUF4464,DUF4464 domain,Other Functional Domains,1
zf-NPL4,zf-NPL4 domain,Other Functional Domains,1
PRP21_like_P,PRP21_like_P domain,Other Functional Domains,1
RMP,RMP domain,Other Functional Domains,1
LOH1CR12,LOH1CR12 domain,Other Functional Domains,1
Folliculin,Folliculin domain,Other Functional Domains,1
Folliculin_C,Folliculin_C domain,Other Functional Domains,1
Tom22,Tom22 domain,Other Functional Domains,1
DUF3677,DUF3677 domain,Other Functional Domains,1
TMA7,TMA7 domain,Other Functional Domains,1
VGLL4,VGLL4 domain,Other Functional Domains,1
DUF2013,DUF2013 domain,Other Functional Domains,1
DUF3523,DUF3523 domain,Other Functional Domains,1
HpcH_HpaI,HpcH_HpaI domain,Other Functional Domains,1
Hyccin,Hyccin domain,Other Functional Domains,1
Amidinotransf,Amidinotransf domain,Other Functional Domains,1
PQQ_3,PQQ_3 domain,Other Functional Domains,1
DUF1620,DUF1620 domain,Other Functional Domains,1
MVP_shoulder,MVP_shoulder domain,Other Functional Domains,1
Ribosomal_L40e,Ribosomal_L40e domain,Other Functional Domains,1
OCIA,OCIA domain,Other Functional Domains,1
Rtf2,Rtf2 domain,Other Functional Domains,1
Med6,Med6 domain,Other Functional Domains,1
zinc_ribbon_16,zinc_ribbon_16 domain,Other Functional Domains,1
DUF1731,DUF1731 domain,Other Functional Domains,1
Mur_ligase,Mur_ligase domain,Other Functional Domains,1
Mur_ligase_C,Mur_ligase_C domain,Other Functional Domains,1
Scs3p,Scs3p domain,Other Functional Domains,1
ATPase_2,ATPase_2 domain,Other Functional Domains,1
UPF0193,UPF0193 domain,Other Functional Domains,1
Med28,Med28 domain,Other Functional Domains,1
Dioxygenase_C,Dioxygenase_C domain,Other Functional Domains,1
Ribosomal_S21,Ribosomal_S21 domain,Other Functional Domains,1
Band_7_C,Band_7_C domain,Other Functional Domains,1
Det1,Det1 domain,Other Functional Domains,1
PP28,PP28 domain,Other Functional Domains,1
DUF4201,DUF4201 domain,Other Functional Domains,1
Ribosomal_L9_N,Ribosomal_L9_N domain,Other Functional Domains,1
Nicastrin,Nicastrin domain,Other Functional Domains,1
Kinase-PPPase,Kinase-PPPase domain,Other Functional Domains,1
HD_assoc,HD_assoc domain,Other Functional Domains,1
SRP14,SRP14 domain,Other Functional Domains,1
Sec6,Sec6 domain,Other Functional Domains,1
DUF3385,DUF3385 domain,Other Functional Domains,1
CDT1_C,CDT1_C domain,Other Functional Domains,1
PIP49_N,PIP49_N domain,Other Functional Domains,1
BPD_transp_1,BPD_transp_1 domain,Other Functional Domains,1
DUF3333,DUF3333 domain,Other Functional Domains,1
ACT_7,ACT_7 domain,Other Functional Domains,1
DUF2312,DUF2312 domain,Other Functional Domains,1
Mre11_DNA_bind,Mre11_DNA_bind domain,Other Functional Domains,1
Arv1,Arv1 domain,Other Functional Domains,1
FAM60A,FAM60A domain,Other Functional Domains,1
ERO1,ERO1 domain,Other Functional Domains,1
Ribosomal_L44,Ribosomal_L44 domain,Other Functional Domains,1
DIM1,DIM1 domain,Other Functional Domains,1
DNA_primase_S,DNA_primase_S domain,Other Functional Domains,1
Pacs-1,Pacs-1 domain,Other Functional Domains,1
TMEM223,TMEM223 domain,Other Functional Domains,1
Syntaxin-5_N,Syntaxin-5_N domain,Other Functional Domains,1
Ins134_P3_kin,Ins134_P3_kin domain,Other Functional Domains,1
DAP,DAP domain,Other Functional Domains,1
ATG2_CAD,ATG2_CAD domain,Other Functional Domains,1
ATG_C,ATG_C domain,Other Functional Domains,1
Stn1,Stn1 domain,Other Functional Domains,1
CDT1,CDT1 domain,Other Functional Domains,1
Ribo_biogen_C,Ribo_biogen_C domain,Other Functional Domains,1
Ribosomal_L23eN,Ribosomal_L23eN domain,Other Functional Domains,1
MIOX,MIOX domain,Other Functional Domains,1
HAUS4,HAUS4 domain,Other Functional Domains,1
Kinetochor_Ybp2,Kinetochor_Ybp2 domain,Other Functional Domains,1
muHD,muHD domain,Other Functional Domains,1
PAC2,PAC2 domain,Other Functional Domains,1
TFIIE_beta,TFIIE_beta domain,Other Functional Domains,1
Ribosomal_L33,Ribosomal_L33 domain,Other Functional Domains,1
DUF1242,DUF1242 domain,Other Functional Domains,1
HSCB_C,HSCB_C domain,Other Functional Domains,1
Ribosomal_L37,Ribosomal_L37 domain,Other Functional Domains,1
Arg_tRNA_synt_N,Arg_tRNA_synt_N domain,Other Functional Domains,1
CARMIL_C,CARMIL_C domain,Other Functional Domains,1
HECA,HECA domain,Other Functional Domains,1
Headcase,Headcase domain,Other Functional Domains,1
Put_Phosphatase,Put_Phosphatase domain,Other Functional Domains,1
DUF4187,DUF4187 domain,Other Functional Domains,1
Coq4,Coq4 domain,Other Functional Domains,1
DUF4695,DUF4695 domain,Other Functional Domains,1
Pyr_redox_3,Pyr_redox_3 domain,Other Functional Domains,1
CWC25,CWC25 domain,Other Functional Domains,1
NGF,NGF domain,Other Functional Domains,1
Rpn3_C,Rpn3_C domain,Other Functional Domains,1
IFRD,IFRD domain,Other Functional Domains,1
IFRD_C,IFRD_C domain,Other Functional Domains,1
Sua5_yciO_yrdC,Sua5_yciO_yrdC domain,Other Functional Domains,1
Zfx_Zfy_act,Zfx_Zfy_act domain,Other Functional Domains,1
BCAS2,BCAS2 domain,Other Functional Domains,1
Pinin_SDK_N,Pinin_SDK_N domain,Other Functional Domains,1
Pinin_SDK_memA,Pinin_SDK_memA domain,Other Functional Domains,1
CCDC117,CCDC117 domain,Other Functional Domains,1
ArgK,ArgK domain,Other Functional Domains,1
DUF4507,DUF4507 domain,Other Functional Domains,1
DUF1713,DUF1713 domain,Other Functional Domains,1
CTD,CTD domain,Other Functional Domains,1
Spt5-NGN,Spt5-NGN domain,Other Functional Domains,1
Spt5_N,Spt5_N domain,Other Functional Domains,1
RNA_pol_Rpb5_C,RNA_pol_Rpb5_C domain,Other Functional Domains,1
RNA_pol_Rpb5_N,RNA_pol_Rpb5_N domain,Other Functional Domains,1
NDUF_B4,NDUF_B4 domain,Other Functional Domains,1
Nup35_RRM,Nup35_RRM domain,Other Functional Domains,1
BSMAP,BSMAP domain,Other Functional Domains,1
TFIID-31kDa,TFIID-31kDa domain,Other Functional Domains,1
LIP1,LIP1 domain,Other Functional Domains,1
zf-H2C2_2,zf-H2C2_2 domain,Other Functional Domains,1
TBCC_N,TBCC_N domain,Other Functional Domains,1
CHRD,CHRD domain,Other Functional Domains,1
NUP50,NUP50 domain,Other Functional Domains,1
DUF1992,DUF1992 domain,Other Functional Domains,1
SAPS,SAPS domain,Other Functional Domains,1
Dcc1,Dcc1 domain,Other Functional Domains,1
CLP_protease,CLP_protease domain,Proteases & Peptidases,1
Thymidylat_synt,Thymidylat_synt domain,Other Functional Domains,1
COQ9,COQ9 domain,Other Functional Domains,1
Ala_racemase_N,Ala_racemase_N domain,Other Functional Domains,1
CC2-LZ,CC2-LZ domain,Other Functional Domains,1
NEMO,NEMO domain,Other Functional Domains,1
CI-B14_5a,CI-B14_5a domain,Other Functional Domains,1
3-PAP,3-PAP domain,Other Functional Domains,1
XRCC4,XRCC4 domain,Other Functional Domains,1
SMI1_KNR4,SMI1_KNR4 domain,Other Functional Domains,1
UEV,UEV domain,Other Functional Domains,1
Vps23_core,Vps23_core domain,Other Functional Domains,1
zf-LYAR,zf-LYAR domain,Other Functional Domains,1
Yae1_N,Yae1_N domain,Other Functional Domains,1
Vezatin,Vezatin domain,Other Functional Domains,1
Methyltransf_5,Methyltransf_5 domain,Other Functional Domains,1
eIF-3_zeta,eIF-3_zeta domain,Other Functional Domains,1
ATG7_N,ATG7_N domain,Other Functional Domains,1
Peptidase_S51,Peptidase_S51 domain,Other Functional Domains,1
Arginosuc_synth,Arginosuc_synth domain,Other Functional Domains,1
Syntaxin-18_N,Syntaxin-18_N domain,Other Functional Domains,1
BING4CT,BING4CT domain,Other Functional Domains,1
MBF1,MBF1 domain,Other Functional Domains,1
zf-DNL,zf-DNL domain,Other Functional Domains,1
Skp1,Skp1 domain,Other Functional Domains,1
PRP8_domainIV,PRP8_domainIV domain,Other Functional Domains,1
RRM_4,RRM_4 domain,Other Functional Domains,1
U5_2-snRNA_bdg,U5_2-snRNA_bdg domain,Other Functional Domains,1
U6-snRNA_bdg,U6-snRNA_bdg domain,Other Functional Domains,1
G10,G10 domain,Other Functional Domains,1
Ribosomal_S8,Ribosomal_S8 domain,Other Functional Domains,1
Xylo_C,Xylo_C domain,Other Functional Domains,1
GGDEF,GGDEF domain,Other Functional Domains,1
Response_reg,Response_reg domain,Other Functional Domains,1
Val_tRNA-synt_C,Val_tRNA-synt_C domain,Other Functional Domains,1
PNTB,PNTB domain,Other Functional Domains,1
PNTB_4TM,PNTB_4TM domain,Other Functional Domains,1
4HBT,4HBT domain,Other Functional Domains,1
DAP3,DAP3 domain,Other Functional Domains,1
HMG-CoA_red,HMG-CoA_red domain,Other Functional Domains,1
Ribosomal_S27e,Ribosomal_S27e domain,Other Functional Domains,1
MRP-S35,MRP-S35 domain,Other Functional Domains,1
Nop52,Nop52 domain,Other Functional Domains,1
Fe_hyd_SSU,Fe_hyd_SSU domain,Other Functional Domains,1
Fe_hyd_lg_C,Fe_hyd_lg_C domain,Other Functional Domains,1
Nrap_D6,Nrap_D6 domain,Other Functional Domains,1
FBPase,FBPase domain,Other Functional Domains,1
Rad9,Rad9 domain,Other Functional Domains,1
SpoIIE,SpoIIE domain,Other Functional Domains,1
Ocular_alb,Ocular_alb domain,Other Functional Domains,1
Plectin,Plectin domain,Other Functional Domains,1
BCS1_N,BCS1_N domain,Other Functional Domains,1
MnmE_helical,MnmE_helical domain,Other Functional Domains,1
TrmE_N,TrmE_N domain,Other Functional Domains,1
DHHA2,DHHA2 domain,Other Functional Domains,1
HTH_9,HTH_9 domain,Other Functional Domains,1
RNA_pol_Rpc82,RNA_pol_Rpc82 domain,Other Functional Domains,1
JTB,JTB domain,Other Functional Domains,1
DUF3730,DUF3730 domain,Other Functional Domains,1
Focadhesin,Focadhesin domain,Other Functional Domains,1
SOGA,SOGA domain,Other Functional Domains,1
DUF2205,DUF2205 domain,Other Functional Domains,1
COG6,COG6 domain,Other Functional Domains,1
eIF-5a,eIF-5a domain,Other Functional Domains,1
TBPIP,TBPIP domain,Other Functional Domains,1
FOXO-TAD,FOXO-TAD domain,Other Functional Domains,1
Med11,Med11 domain,Other Functional Domains,1
FAA_hydrolase,FAA_hydrolase domain,Other Functional Domains,1
FAA_hydrolase_N,FAA_hydrolase_N domain,Other Functional Domains,1
PRO8NT,PRO8NT domain,Other Functional Domains,1
PROCN,PROCN domain,Other Functional Domains,1
PROCT,PROCT domain,Other Functional Domains,1
Nrap,Nrap domain,Other Functional Domains,1
Nrap_D2,Nrap_D2 domain,Other Functional Domains,1
Nrap_D3,Nrap_D3 domain,Other Functional Domains,1
Nrap_D4,Nrap_D4 domain,Other Functional Domains,1
Nrap_D5,Nrap_D5 domain,Other Functional Domains,1
MHC2-interact,MHC2-interact domain,Other Functional Domains,1
MHCassoc_trimer,MHCassoc_trimer domain,Other Functional Domains,1
E2_bind,E2_bind domain,Other Functional Domains,1
INPP5B_PH,INPP5B_PH domain,Other Functional Domains,1
Rotamase,Rotamase domain,Other Functional Domains,1
Pep3_Vps18,Pep3_Vps18 domain,Other Functional Domains,1
SSB,SSB domain,Other Functional Domains,1
Nse4-Nse3_bdg,Nse4-Nse3_bdg domain,Other Functional Domains,1
Nse4_C,Nse4_C domain,Other Functional Domains,1
Leo1,Leo1 domain,Other Functional Domains,1
Cwf_Cwc_15,Cwf_Cwc_15 domain,Other Functional Domains,1
FAM219A,FAM219A domain,Other Functional Domains,1
NDUF_B7,NDUF_B7 domain,Other Functional Domains,1
Flavoprotein,Flavoprotein domain,Other Functional Domains,1
Bac_GDH,Bac_GDH domain,Other Functional Domains,1
DUF2048,DUF2048 domain,Other Functional Domains,1
Bac_DnaA_C,Bac_DnaA_C domain,Other Functional Domains,1
DnaA_N,DnaA_N domain,Other Functional Domains,1
TrbI,TrbI domain,Other Functional Domains,1
T4SS-DNA_transf,T4SS-DNA_transf domain,Other Functional Domains,1
BBIP10,BBIP10 domain,Other Functional Domains,1
MIT_C,MIT_C domain,Other Functional Domains,1
MIP-T3,MIP-T3 domain,Other Functional Domains,1
CtaG_Cox11,CtaG_Cox11 domain,Other Functional Domains,1
GCD14,GCD14 domain,Other Functional Domains,1
Ribosomal_L35p,Ribosomal_L35p domain,Other Functional Domains,1
Vps55,Vps55 domain,Other Functional Domains,1
Axin_b-cat_bind,Axin_b-cat_bind domain,Other Functional Domains,1
DUF766,DUF766 domain,Other Functional Domains,1
Dymeclin,Dymeclin domain,Other Functional Domains,1
GST_C_2,GST_C_2 domain,Other Functional Domains,1
ANATO,ANATO domain,Other Functional Domains,1
PAF,PAF domain,Other Functional Domains,1
CAP_N,CAP_N domain,Other Functional Domains,1
SelP_N,SelP_N domain,Other Functional Domains,1
DUF4586,DUF4586 domain,Other Functional Domains,1
RNA_pol_Rpc4,RNA_pol_Rpc4 domain,Other Functional Domains,1
DGCR6,DGCR6 domain,Other Functional Domains,1
PMP22_Claudin,PMP22_Claudin domain,Other Functional Domains,1
RCC1_2,RCC1_2 domain,Other Functional Domains,1
zf-RING_6,zf-RING_6 domain,Other Functional Domains,1
AdenylateSensor,AdenylateSensor domain,Other Functional Domains,1
CTNNBL,CTNNBL domain,Other Functional Domains,1
Sec3-PIP2_bind,Sec3-PIP2_bind domain,Other Functional Domains,1
Cyto_heme_lyase,Cyto_heme_lyase domain,Other Functional Domains,1
Med16,Med16 domain,Other Functional Domains,1
Glyco_tran_28_C,Glyco_tran_28_C domain,Other Functional Domains,1
Bac_DnaA,Bac_DnaA domain,Other Functional Domains,1
RPA_interact_N,RPA_interact_N domain,Other Functional Domains,1
SCA7,SCA7 domain,Other Functional Domains,1
Sgf11,Sgf11 domain,Other Functional Domains,1
L27_2,L27_2 domain,Other Functional Domains,1
DUF4539,DUF4539 domain,Other Functional Domains,1
Per1,Per1 domain,Other Functional Domains,1
LMF1,LMF1 domain,Other Functional Domains,1
Stealth_CR1,Stealth_CR1 domain,Other Functional Domains,1
Stealth_CR2,Stealth_CR2 domain,Other Functional Domains,1
CAP_C,CAP_C domain,Other Functional Domains,1
HRG,HRG domain,Other Functional Domains,1
Retrotran_gag_3,Retrotran_gag_3 domain,Other Functional Domains,1
YIF1,YIF1 domain,Other Functional Domains,1
MOSC,MOSC domain,Other Functional Domains,1
DUF747,DUF747 domain,Other Functional Domains,1
DNA_ligase_IV,DNA_ligase_IV domain,Other Functional Domains,1
Hep_59,Hep_59 domain,Other Functional Domains,1
UL45,UL45 domain,Other Functional Domains,1
MEIOC,MEIOC domain,Other Functional Domains,1
Senescence,Senescence domain,Other Functional Domains,1
UMP1,UMP1 domain,Other Functional Domains,1
U3_assoc_6,U3_assoc_6 domain,Other Functional Domains,1
DUF1647,DUF1647 domain,Other Functional Domains,1
Stealth_CR4,Stealth_CR4 domain,Other Functional Domains,1
DUF4074,DUF4074 domain,Other Functional Domains,1
MRP-63,MRP-63 domain,Other Functional Domains,1
Microtub_bd,Microtub_bd domain,Other Functional Domains,1
CLU,CLU domain,Other Functional Domains,1
CLU_N,CLU_N domain,Other Functional Domains,1
eIF3_p135,eIF3_p135 domain,Other Functional Domains,1
RPA_interact_C,RPA_interact_C domain,Other Functional Domains,1
RPA_interact_M,RPA_interact_M domain,Other Functional Domains,1
UPF0061,UPF0061 domain,Other Functional Domains,1
ALO,ALO domain,Other Functional Domains,1
FTHFS,FTHFS domain,Other Functional Domains,1
Iwr1,Iwr1 domain,Other Functional Domains,1
DUF1751,DUF1751 domain,Other Functional Domains,1
HBS1_N,HBS1_N domain,Other Functional Domains,1
Ssu72,Ssu72 domain,Other Functional Domains,1
Peptidase_M16_M,Peptidase_M16_M domain,Other Functional Domains,1
Viral_helicase1,Viral_helicase1 domain,Other Functional Domains,1
Mtp,Mtp domain,Other Functional Domains,1
DUF3128,DUF3128 domain,Other Functional Domains,1
INTS5_C,INTS5_C domain,Other Functional Domains,1
INTS5_N,INTS5_N domain,Other Functional Domains,1
Stealth_CR3,Stealth_CR3 domain,Other Functional Domains,1
MOSC_N,MOSC_N domain,Other Functional Domains,1
DFRP_C,DFRP_C domain,Other Functional Domains,1
Glyco_transf_25,Glyco_transf_25 domain,Other Functional Domains,1
Tma16,Tma16 domain,Other Functional Domains,1
Cyclin,Cyclin domain,Other Functional Domains,1
GrpE,GrpE domain,Other Functional Domains,1
Mlh1_C,Mlh1_C domain,Other Functional Domains,1
SynMuv_product,SynMuv_product domain,Other Functional Domains,1
Utp13,Utp13 domain,Other Functional Domains,1
RabGGT_insert,RabGGT_insert domain,Other Functional Domains,1
Peptidase_S9_N,Peptidase_S9_N domain,Other Functional Domains,1
DUF1308,DUF1308 domain,Other Functional Domains,1
Phe_ZIP,Phe_ZIP domain,Other Functional Domains,1
Vps53_N,Vps53_N domain,Other Functional Domains,1
TMEM169,TMEM169 domain,Other Functional Domains,1
DUF1325,DUF1325 domain,Other Functional Domains,1
Rab_bind,Rab_bind domain,Other Functional Domains,1
TIMELESS_C,TIMELESS_C domain,Other Functional Domains,1
DUF3719,DUF3719 domain,Other Functional Domains,1
RNA_pol_Rpb2_45,RNA_pol_Rpb2_45 domain,Other Functional Domains,1
Med31,Med31 domain,Other Functional Domains,1
TFR_dimer,TFR_dimer domain,Other Functional Domains,1
Nup153,Nup153 domain,Other Functional Domains,1
Nup_retrotrp_bd,Nup_retrotrp_bd domain,Other Functional Domains,1
KBP_C,KBP_C domain,Other Functional Domains,1
REV1_C,REV1_C domain,Other Functional Domains,1
DUF1180,DUF1180 domain,Other Functional Domains,1
BUD22,BUD22 domain,Other Functional Domains,1
Mago_nashi,Mago_nashi domain,Other Functional Domains,1
SF3A2,SF3A2 domain,Other Functional Domains,1
PIGA,PIGA domain,Other Functional Domains,1
SAP30_Sin3_bdg,SAP30_Sin3_bdg domain,Other Functional Domains,1
zf-SAP30,zf-SAP30 domain,Other Functional Domains,1
Glyco_tranf_2_4,Glyco_tranf_2_4 domain,Other Functional Domains,1
UPF0767,UPF0767 domain,Other Functional Domains,1
TMEM65,TMEM65 domain,Other Functional Domains,1
F-box_4,F-box_4 domain,Other Functional Domains,1
zf-TRAF_2,zf-TRAF_2 domain,Other Functional Domains,1
IML1,IML1 domain,Other Functional Domains,1
DUF3470,DUF3470 domain,Other Functional Domains,1
Dala_Dala_lig_C,Dala_Dala_lig_C domain,Other Functional Domains,1
Dala_Dala_lig_N,Dala_Dala_lig_N domain,Other Functional Domains,1
SecD_SecF,SecD_SecF domain,Other Functional Domains,1
Toprim_4,Toprim_4 domain,Other Functional Domains,1
Toprim_N,Toprim_N domain,Other Functional Domains,1
zf-CHC2,zf-CHC2 domain,Other Functional Domains,1
YfiO,YfiO domain,Other Functional Domains,1
POB3_N,POB3_N domain,Other Functional Domains,1
SSrecog,SSrecog domain,Other Functional Domains,1
Mo25,Mo25 domain,Other Functional Domains,1
NMT,NMT domain,Other Functional Domains,1
NMT_C,NMT_C domain,Other Functional Domains,1
DUF92,DUF92 domain,Other Functional Domains,1
MRP-S27,MRP-S27 domain,Other Functional Domains,1
zf-RVT,zf-RVT domain,Other Functional Domains,1
Tim29,Tim29 domain,Other Functional Domains,1
DDDD,DDDD domain,Other Functional Domains,1
GARS_N,GARS_N domain,Other Functional Domains,1
RIC1,RIC1 domain,Other Functional Domains,1
KHA,KHA domain,Other Functional Domains,1
Pentapeptide,Pentapeptide domain,Other Functional Domains,1
SAP130_C,SAP130_C domain,Other Functional Domains,1
Nucleoporin_FG2,Nucleoporin_FG2 domain,Other Functional Domains,1
DUF719,DUF719 domain,Other Functional Domains,1
ANAPC15,ANAPC15 domain,Other Functional Domains,1
Tub_N,Tub_N domain,Other Functional Domains,1
PAC4,PAC4 domain,Other Functional Domains,1
DUF647,DUF647 domain,Other Functional Domains,1
SPC22,SPC22 domain,Other Functional Domains,1
MGC-24,MGC-24 domain,Other Functional Domains,1
PAXIP1_C,PAXIP1_C domain,Other Functional Domains,1
ParcG,ParcG domain,Other Functional Domains,1
ZFYVE21_C,ZFYVE21_C domain,Other Functional Domains,1
CLPTM1,CLPTM1 domain,Other Functional Domains,1
Dna2,Dna2 domain,Other Functional Domains,1
LNS2,LNS2 domain,Other Functional Domains,1
Lipin_N,Lipin_N domain,Other Functional Domains,1
Lipin_mid,Lipin_mid domain,Other Functional Domains,1
Ribophorin_I,Ribophorin_I domain,Other Functional Domains,1
Ocnus,Ocnus domain,Other Functional Domains,1
cobW,cobW domain,Other Functional Domains,1
RMI2,RMI2 domain,Other Functional Domains,1
MOZART1,MOZART1 domain,Other Functional Domains,1
PRORP,PRORP domain,Other Functional Domains,1
DUF543,DUF543 domain,Other Functional Domains,1
Sas10,Sas10 domain,Other Functional Domains,1
V-ATPase_G,V-ATPase_G domain,Other Functional Domains,1
CCDC32,CCDC32 domain,Other Functional Domains,1
KIND,KIND domain,Other Functional Domains,1
UCR_TM,UCR_TM domain,Other Functional Domains,1
Ubiq-Cytc-red_N,Ubiq-Cytc-red_N domain,Other Functional Domains,1
ODR4-like,ODR4-like domain,Other Functional Domains,1
HAUS6_N,HAUS6_N domain,Other Functional Domains,1
DUF1674,DUF1674 domain,Other Functional Domains,1
STAT_alpha,STAT_alpha domain,Other Functional Domains,1
STAT_bind,STAT_bind domain,Other Functional Domains,1
STAT_int,STAT_int domain,Other Functional Domains,1
MRP-S32,MRP-S32 domain,Other Functional Domains,1
COG7,COG7 domain,Other Functional Domains,1
MlaC,MlaC domain,Other Functional Domains,1
Nup84_Nup100,Nup84_Nup100 domain,Other Functional Domains,1
BCIP,BCIP domain,Other Functional Domains,1
GARS_A,GARS_A domain,Other Functional Domains,1
GARS_C,GARS_C domain,Other Functional Domains,1
FAM195,FAM195 domain,Other Functional Domains,1
Ribosomal_S13_N,Ribosomal_S13_N domain,Other Functional Domains,1
PIG-X,PIG-X domain,Other Functional Domains,1
DUF842,DUF842 domain,Other Functional Domains,1
PDCD2_C,PDCD2_C domain,Other Functional Domains,1
Vps36_ESCRT-II,Vps36_ESCRT-II domain,Other Functional Domains,1
FIST_C,FIST_C domain,Other Functional Domains,1
NusG,NusG domain,Other Functional Domains,1
Lyase_aromatic,Lyase_aromatic domain,Other Functional Domains,1
Palm_thioest,Palm_thioest domain,Other Functional Domains,1
Clathrin_bdg,Clathrin_bdg domain,Other Functional Domains,1
Vert_HS_TF,Vert_HS_TF domain,Other Functional Domains,1
BOP1NT,BOP1NT domain,Other Functional Domains,1
Urb2,Urb2 domain,Other Functional Domains,1
DUF788,DUF788 domain,Other Functional Domains,1
SBDS,SBDS domain,Other Functional Domains,1
SBDS_C,SBDS_C domain,Other Functional Domains,1
PTPS,PTPS domain,Other Functional Domains,1
EMG1,EMG1 domain,Other Functional Domains,1
Ribosomal_L18A,Ribosomal_L18A domain,Other Functional Domains,1
HPS3_Mid,HPS3_Mid domain,Other Functional Domains,1
Nup192,Nup192 domain,Other Functional Domains,1
DMAP_binding,DMAP_binding domain,Other Functional Domains,1
Med4,Med4 domain,Other Functional Domains,1
Cnn_1N,Cnn_1N domain,Other Functional Domains,1
Ufm1,Ufm1 domain,Other Functional Domains,1
Phage_BR0599,Phage_BR0599 domain,Other Functional Domains,1
DUF2610,DUF2610 domain,Other Functional Domains,1
THDPS_N_2,THDPS_N_2 domain,Other Functional Domains,1
DNA_pol_B_exo2,DNA_pol_B_exo2 domain,Other Functional Domains,1
Ribosomal_L14e,Ribosomal_L14e domain,Other Functional Domains,1
GAF_2,GAF_2 domain,Other Functional Domains,1
PS_Dcarbxylase,PS_Dcarbxylase domain,Other Functional Domains,1
BORA_N,BORA_N domain,Other Functional Domains,1
SGT1,SGT1 domain,Other Functional Domains,1
MRP-L28,MRP-L28 domain,Other Functional Domains,1
Mitoc_L55,Mitoc_L55 domain,Other Functional Domains,1
TFIID_20kDa,TFIID_20kDa domain,Other Functional Domains,1
CbiA,CbiA domain,Other Functional Domains,1
CCCAP,CCCAP domain,Other Functional Domains,1
Condensation,Condensation domain,Other Functional Domains,1
DUF2045,DUF2045 domain,Other Functional Domains,1
INCENP_N,INCENP_N domain,Other Functional Domains,1
UPF0669,UPF0669 domain,Other Functional Domains,1
FAM199X,FAM199X domain,Other Functional Domains,1
COMPASS-Shg1,COMPASS-Shg1 domain,Other Functional Domains,1
ORC3_N,ORC3_N domain,Other Functional Domains,1
FIBP,FIBP domain,Other Functional Domains,1
Wbp11,Wbp11 domain,Other Functional Domains,1
Hid1,Hid1 domain,Other Functional Domains,1
BtpA,BtpA domain,Other Functional Domains,1
DOR,DOR domain,Other Functional Domains,1
DAD,DAD domain,Other Functional Domains,1
Copine,Copine domain,Other Functional Domains,1
Transglut_core2,Transglut_core2 domain,Other Functional Domains,1
HPS3_N,HPS3_N domain,Other Functional Domains,1
Sec10,Sec10 domain,Other Functional Domains,1
DUF2163,DUF2163 domain,Other Functional Domains,1
RmlD_sub_bind,RmlD_sub_bind domain,Other Functional Domains,1
Na_Pi_cotrans,Na_Pi_cotrans domain,Other Functional Domains,1
C1-set,C1-set domain,Other Functional Domains,1
MHC_II_beta,MHC_II_beta domain,Other Functional Domains,1
ETF_alpha,ETF_alpha domain,Other Functional Domains,1
SCAPER_N,SCAPER_N domain,Other Functional Domains,1
Rad1,Rad1 domain,Other Functional Domains,1
ATP11,ATP11 domain,Other Functional Domains,1
Tyr-DNA_phospho,Tyr-DNA_phospho domain,Other Functional Domains,1
SIN1,SIN1 domain,Other Functional Domains,1
Adenylsucc_synt,Adenylsucc_synt domain,Other Functional Domains,1
MPP6,MPP6 domain,Other Functional Domains,1
Cript,Cript domain,Other Functional Domains,1
rRNA_processing,rRNA_processing domain,Other Functional Domains,1
Sin_N,Sin_N domain,Other Functional Domains,1
Ribosomal_S13,Ribosomal_S13 domain,Other Functional Domains,1
ERp29,ERp29 domain,Other Functional Domains,1
ERp29_N,ERp29_N domain,Other Functional Domains,1
DUF4615,DUF4615 domain,Other Functional Domains,1
UPF0542,UPF0542 domain,Other Functional Domains,1
OSTMP1,OSTMP1 domain,Other Functional Domains,1
NAGLU,NAGLU domain,Other Functional Domains,1
NAGLU_C,NAGLU_C domain,Other Functional Domains,1
NAGLU_N,NAGLU_N domain,Other Functional Domains,1
UreF,UreF domain,Other Functional Domains,1
PCNA_C,PCNA_C domain,Other Functional Domains,1
PCNA_N,PCNA_N domain,Other Functional Domains,1
CECR6_TMEM121,CECR6_TMEM121 domain,Other Functional Domains,1
MFS_5,MFS_5 domain,Other Functional Domains,1
Metallopep,Metallopep domain,Other Functional Domains,1
EFTUD2,EFTUD2 domain,Other Functional Domains,1
LepA_C,LepA_C domain,Other Functional Domains,1
POPLD,POPLD domain,Other Functional Domains,1
Glyco_transf_17,Glyco_transf_17 domain,Other Functional Domains,1
CDC37_C,CDC37_C domain,Other Functional Domains,1
HAUS-augmin3,HAUS-augmin3 domain,Other Functional Domains,1
Phage_capsid,Phage_capsid domain,Other Functional Domains,1
RmuC,RmuC domain,Other Functional Domains,1
MafB19-deam,MafB19-deam domain,Other Functional Domains,1
CDC37_M,CDC37_M domain,Other Functional Domains,1
CDC37_N,CDC37_N domain,Other Functional Domains,1
GPS2_interact,GPS2_interact domain,Other Functional Domains,1
TB,TB domain,Other Functional Domains,1
Proteasom_Rpn13,Proteasom_Rpn13 domain,Other Functional Domains,1
RPN13_C,RPN13_C domain,Other Functional Domains,1
Toxin_9,Toxin_9 domain,Other Functional Domains,1
DUF1136,DUF1136 domain,Other Functional Domains,1
UPF0203,UPF0203 domain,Other Functional Domains,1
ECSIT_C,ECSIT_C domain,Other Functional Domains,1
BBL5,BBL5 domain,Other Functional Domains,1
SLBP_RNA_bind,SLBP_RNA_bind domain,Other Functional Domains,1
F-actin_cap_A,F-actin_cap_A domain,Other Functional Domains,1
Njmu-R1,Njmu-R1 domain,Other Functional Domains,1
Btz,Btz domain,Other Functional Domains,1
DUF1168,DUF1168 domain,Other Functional Domains,1
DSS1_SEM1,DSS1_SEM1 domain,Other Functional Domains,1
Pescadillo_N,Pescadillo_N domain,Other Functional Domains,1
Coiled-coil_56,Coiled-coil_56 domain,Other Functional Domains,1
RBB1NT,RBB1NT domain,Other Functional Domains,1
TMEM189_B_dmain,TMEM189_B_dmain domain,Other Functional Domains,1
Tmemb_40,Tmemb_40 domain,Other Functional Domains,1
Death_2,Death_2 domain,Other Functional Domains,1
CIA30,CIA30 domain,Other Functional Domains,1
POP1,POP1 domain,Other Functional Domains,1
Fcf2,Fcf2 domain,Other Functional Domains,1
TPK_B1_binding,TPK_B1_binding domain,Other Functional Domains,1
TPK_catalytic,TPK_catalytic domain,Other Functional Domains,1
Carb_kinase,Carb_kinase domain,Other Functional Domains,1
MEA1,MEA1 domain,Other Functional Domains,1
Nop53,Nop53 domain,Other Functional Domains,1
MRP-S31,MRP-S31 domain,Other Functional Domains,1
Nop25,Nop25 domain,Other Functional Domains,1
NPR3,NPR3 domain,Other Functional Domains,1
Mtc,Mtc domain,Other Functional Domains,1
MRP-S26,MRP-S26 domain,Other Functional Domains,1
DUF4506,DUF4506 domain,Other Functional Domains,1
DUF1741,DUF1741 domain,Other Functional Domains,1
NDUF_B5,NDUF_B5 domain,Other Functional Domains,1
Tmemb_55A,Tmemb_55A domain,Other Functional Domains,1
ECSIT,ECSIT domain,Other Functional Domains,1
TRAP-delta,TRAP-delta domain,Other Functional Domains,1
S10_plectin,S10_plectin domain,Other Functional Domains,1
Dpy19,Dpy19 domain,Other Functional Domains,1
RVP_2,RVP_2 domain,Other Functional Domains,1
zf-C2H2_11,zf-C2H2_11 domain,Other Functional Domains,1
Acetyltransf_13,Acetyltransf_13 domain,Other Functional Domains,1
zf-C2H2_3,zf-C2H2_3 domain,Other Functional Domains,1
Maf,Maf domain,Other Functional Domains,1
AAA_31,AAA_31 domain,Other Functional Domains,1
AAA_14,AAA_14 domain,Other Functional Domains,1
DUF4143,DUF4143 domain,Other Functional Domains,1
Strabismus,Strabismus domain,Other Functional Domains,1
Nup160,Nup160 domain,Other Functional Domains,1
UPF0564,UPF0564 domain,Other Functional Domains,1
AP3D1,AP3D1 domain,Other Functional Domains,1
SIN1_PH,SIN1_PH domain,Other Functional Domains,1
CHORD,CHORD domain,Other Functional Domains,1
CRIM,CRIM domain,Other Functional Domains,1
Ccdc124,Ccdc124 domain,Other Functional Domains,1
Geminin,Geminin domain,Other Functional Domains,1
DFP,DFP domain,Other Functional Domains,1
DUF4470,DUF4470 domain,Other Functional Domains,1
DUF4471,DUF4471 domain,Other Functional Domains,1
Ebp2,Ebp2 domain,Other Functional Domains,1
OGG_N,OGG_N domain,Other Functional Domains,1
Propeptide_C1,Propeptide_C1 domain,Other Functional Domains,1
Dynamitin,Dynamitin domain,Other Functional Domains,1
Ham1p_like,Ham1p_like domain,Other Functional Domains,1
DUF2315,DUF2315 domain,Other Functional Domains,1
Cob_adeno_trans,Cob_adeno_trans domain,Other Functional Domains,1
Calcipressin,Calcipressin domain,Other Functional Domains,1
Ribosomal_L26,Ribosomal_L26 domain,Other Functional Domains,1
NOA36,NOA36 domain,Other Functional Domains,1
TMF_DNA_bd,TMF_DNA_bd domain,Other Functional Domains,1
TMF_TATA_bd,TMF_TATA_bd domain,Other Functional Domains,1
Metalloenzyme,Metalloenzyme domain,Other Functional Domains,1
iPGM_N,iPGM_N domain,Other Functional Domains,1
WRW,WRW domain,Other Functional Domains,1
DUF4796,DUF4796 domain,Other Functional Domains,1
APG9,APG9 domain,Other Functional Domains,1
PCAF_N,PCAF_N domain,Other Functional Domains,1
GTPase_binding,GTPase_binding domain,Other Functional Domains,1
NTPase_1,NTPase_1 domain,Other Functional Domains,1
Tfb2,Tfb2 domain,Other Functional Domains,1
TMEM141,TMEM141 domain,Other Functional Domains,1
ECH_2,ECH_2 domain,Other Functional Domains,1
Mic1,Mic1 domain,Other Functional Domains,1
BROMI,BROMI domain,Other Functional Domains,1
PHF5,PHF5 domain,Other Functional Domains,1
Spindle_Spc25,Spindle_Spc25 domain,Other Functional Domains,1
Ctf8,Ctf8 domain,Other Functional Domains,1
MAPKK1_Int,MAPKK1_Int domain,Other Functional Domains,1
BLOC1S3,BLOC1S3 domain,Other Functional Domains,1
MRP-L27,MRP-L27 domain,Other Functional Domains,1
DoxX_2,DoxX_2 domain,Other Functional Domains,1
NEMP,NEMP domain,Other Functional Domains,1
Cohesin_load,Cohesin_load domain,Other Functional Domains,1
Vps52,Vps52 domain,Other Functional Domains,1
COMP,COMP domain,Other Functional Domains,1
IPP-2,IPP-2 domain,Other Functional Domains,1
HCNGP,HCNGP domain,Other Functional Domains,1
TAF8_C,TAF8_C domain,Other Functional Domains,1
EB1,EB1 domain,Other Functional Domains,1
CDC50,CDC50 domain,Other Functional Domains,1
Glyco_hydro_2_N,Glyco_hydro_2_N domain,Other Functional Domains,1
NGP1NT,NGP1NT domain,Other Functional Domains,1
Autophagy_C,Autophagy_C domain,Other Functional Domains,1
Autophagy_N,Autophagy_N domain,Other Functional Domains,1
ClpS,ClpS domain,Other Functional Domains,1
GUB_WAK_bind,GUB_WAK_bind domain,Other Functional Domains,1
TMEM131_like,TMEM131_like domain,Other Functional Domains,1
Tmemb_9,Tmemb_9 domain,Other Functional Domains,1
UPF0172,UPF0172 domain,Other Functional Domains,1
CTP_transf_3,CTP_transf_3 domain,Other Functional Domains,1
betaPIX_CC,betaPIX_CC domain,Other Functional Domains,1
CCDC50_N,CCDC50_N domain,Other Functional Domains,1
HEM4,HEM4 domain,Other Functional Domains,1
CAS_CSE1,CAS_CSE1 domain,Other Functional Domains,1
LIX1,LIX1 domain,Other Functional Domains,1
DUF2363,DUF2363 domain,Other Functional Domains,1
Upf2,Upf2 domain,Other Functional Domains,1
Ribosomal_L27e,Ribosomal_L27e domain,Other Functional Domains,1
Semialdhyde_dh,Semialdhyde_dh domain,Other Functional Domains,1
Semialdhyde_dhC,Semialdhyde_dhC domain,Other Functional Domains,1
Paf1,Paf1 domain,Other Functional Domains,1
Calsequestrin,Calsequestrin domain,Other Functional Domains,1
TIM21,TIM21 domain,Other Functional Domains,1
Cnd3,Cnd3 domain,Other Functional Domains,1
Tex_N,Tex_N domain,Other Functional Domains,1
Tex_YqgF,Tex_YqgF domain,Other Functional Domains,1
MOZART2,MOZART2 domain,Other Functional Domains,1
SRRM_C,SRRM_C domain,Other Functional Domains,1
AAA-ATPase_like,AAA-ATPase_like domain,Other Functional Domains,1
TAF1_subA,TAF1_subA domain,Other Functional Domains,1
IFT20,IFT20 domain,Other Functional Domains,1
Glyco_hydro_2,Glyco_hydro_2 domain,Other Functional Domains,1
PDDEXK_9,PDDEXK_9 domain,Other Functional Domains,1
MobA_MobL,MobA_MobL domain,Other Functional Domains,1
Toprim_3,Toprim_3 domain,Other Functional Domains,1
HD_4,HD_4 domain,Other Functional Domains,1
Neuro_bHLH,Neuro_bHLH domain,Other Functional Domains,1
MCRS_N,MCRS_N domain,Other Functional Domains,1
Ribosomal_L50,Ribosomal_L50 domain,Other Functional Domains,1
VEFS-Box,VEFS-Box domain,Other Functional Domains,1
PRAS,PRAS domain,Other Functional Domains,1
MgtE_N,MgtE_N domain,Other Functional Domains,1
GTA_TIM,GTA_TIM domain,Other Functional Domains,1
Phage-tail_3,Phage-tail_3 domain,Other Functional Domains,1
DUF3522,DUF3522 domain,Other Functional Domains,1
CCDC92,CCDC92 domain,Other Functional Domains,1
Slx4,Slx4 domain,Other Functional Domains,1
DUF2152,DUF2152 domain,Other Functional Domains,1
THOC2_N,THOC2_N domain,Other Functional Domains,1
Tho2,Tho2 domain,Other Functional Domains,1
UPF0184,UPF0184 domain,Other Functional Domains,1
RNase_H2_suC,RNase_H2_suC domain,Other Functional Domains,1
Frtz,Frtz domain,Other Functional Domains,1
Ribosomal_S19e,Ribosomal_S19e domain,Other Functional Domains,1
GWT1,GWT1 domain,Other Functional Domains,1
IPPT,IPPT domain,Other Functional Domains,1
TUG-UBL1,TUG-UBL1 domain,Other Functional Domains,1
Mss4,Mss4 domain,Other Functional Domains,1
Nop10p,Nop10p domain,Other Functional Domains,1
JMY,JMY domain,Other Functional Domains,1
DUF3395,DUF3395 domain,Other Functional Domains,1
DUF1777,DUF1777 domain,Other Functional Domains,1
PNISR,PNISR domain,Other Functional Domains,1
FAM176,FAM176 domain,Other Functional Domains,1
Peptidase_M32,Peptidase_M32 domain,Other Functional Domains,1
MreB_Mbl,MreB_Mbl domain,Other Functional Domains,1
Paf67,Paf67 domain,Other Functional Domains,1
SKA1,SKA1 domain,Other Functional Domains,1
Alg14,Alg14 domain,Other Functional Domains,1
UCR_14kD,UCR_14kD domain,Other Functional Domains,1
ERCC3_RAD25_C,ERCC3_RAD25_C domain,Other Functional Domains,1
Helicase_C_3,Helicase_C_3 domain,Other Functional Domains,1
tRNA_synt_1c_R1,tRNA_synt_1c_R1 domain,Other Functional Domains,1
tRNA_synt_1c_R2,tRNA_synt_1c_R2 domain,Other Functional Domains,1
MACPF,MACPF domain,Other Functional Domains,1
DDOST_48kD,DDOST_48kD domain,Other Functional Domains,1
Fzo_mitofusin,Fzo_mitofusin domain,Other Functional Domains,1
ANAPC1,ANAPC1 domain,Other Functional Domains,1
MRP-S24,MRP-S24 domain,Other Functional Domains,1
MMtag,MMtag domain,Other Functional Domains,1
Phosphonate-bd,Phosphonate-bd domain,Other Functional Domains,1
U1snRNP70_N,U1snRNP70_N domain,Other Functional Domains,1
AP_endonuc_2,AP_endonuc_2 domain,Other Functional Domains,1
MYEOV2,MYEOV2 domain,Other Functional Domains,1
Smg4_UPF3,Smg4_UPF3 domain,Other Functional Domains,1
N_Asn_amidohyd,N_Asn_amidohyd domain,Other Functional Domains,1
ACPS,ACPS domain,Other Functional Domains,1
ATP12,ATP12 domain,Other Functional Domains,1
Fer4_21,Fer4_21 domain,Other Functional Domains,1
Dishevelled,Dishevelled domain,Other Functional Domains,1
Dsh_C,Dsh_C domain,Other Functional Domains,1
zf-ZPR1,zf-ZPR1 domain,Other Functional Domains,1
ApeC,ApeC domain,Other Functional Domains,1
ATP-synt_S1,ATP-synt_S1 domain,Other Functional Domains,1
IF2_N,IF2_N domain,Other Functional Domains,1
OmpA,OmpA domain,Other Functional Domains,1
Tfb4,Tfb4 domain,Other Functional Domains,1
Dor1,Dor1 domain,Other Functional Domains,1
Malectin,Malectin domain,Other Functional Domains,1
DUF382,DUF382 domain,Other Functional Domains,1
Fanconi_A,Fanconi_A domain,Other Functional Domains,1
Fanconi_A_N,Fanconi_A_N domain,Other Functional Domains,1
MAT1,MAT1 domain,Other Functional Domains,1
Erv26,Erv26 domain,Other Functional Domains,1
TINF2_N,TINF2_N domain,Other Functional Domains,1
Vps8,Vps8 domain,Other Functional Domains,1
Fn3_assoc,Fn3_assoc domain,Other Functional Domains,1
eIF-3c_N,eIF-3c_N domain,Other Functional Domains,1
MRP-S34,MRP-S34 domain,Other Functional Domains,1
CSRNP_N,CSRNP_N domain,Other Functional Domains,1
Rpp20,Rpp20 domain,Other Functional Domains,1
Thoc2,Thoc2 domain,Other Functional Domains,1
HAP1_N,HAP1_N domain,Other Functional Domains,1
Milton,Milton domain,Other Functional Domains,1
Tau95,Tau95 domain,Other Functional Domains,1
BCL_N,BCL_N domain,Other Functional Domains,1
AAA_28,AAA_28 domain,Other Functional Domains,1
Cbl_N,Cbl_N domain,Other Functional Domains,1
Cbl_N2,Cbl_N2 domain,Other Functional Domains,1
Cbl_N3,Cbl_N3 domain,Other Functional Domains,1
Prok-RING_4,Prok-RING_4 domain,Other Functional Domains,1
PAC3,PAC3 domain,Other Functional Domains,1
Med9,Med9 domain,Other Functional Domains,1
Uso1_p115_head,Uso1_p115_head domain,Other Functional Domains,1
TPPII,TPPII domain,Other Functional Domains,1
TPPII_N,TPPII_N domain,Other Functional Domains,1
SPG48,SPG48 domain,Other Functional Domains,1
TRM,TRM domain,Other Functional Domains,1
F420_ligase,F420_ligase domain,Other Functional Domains,1
zf-C3HC4_5,zf-C3HC4_5 domain,Other Functional Domains,1
Nt_Gln_amidase,Nt_Gln_amidase domain,Other Functional Domains,1
TMEM234,TMEM234 domain,Other Functional Domains,1
CGI-121,CGI-121 domain,Other Functional Domains,1
Phage_TAC_7,Phage_TAC_7 domain,Other Functional Domains,1
Phage_tube,Phage_tube domain,Other Functional Domains,1
Apc13p,Apc13p domain,Other Functional Domains,1
FTCD,FTCD domain,Other Functional Domains,1
FTCD_C,FTCD_C domain,Other Functional Domains,1
FTCD_N,FTCD_N domain,Other Functional Domains,1
TFIIIC_sub6,TFIIIC_sub6 domain,Other Functional Domains,1
EFP,EFP domain,Other Functional Domains,1
EFP_N,EFP_N domain,Other Functional Domains,1
Elong-fact-P_C,Elong-fact-P_C domain,Other Functional Domains,1
Uso1_p115_C,Uso1_p115_C domain,Other Functional Domains,1
MSC,MSC domain,Other Functional Domains,1
Menin,Menin domain,Other Functional Domains,1
LAP1C,LAP1C domain,Other Functional Domains,1
DUF4042,DUF4042 domain,Other Functional Domains,1
Ubie_methyltran,Ubie_methyltran domain,Other Functional Domains,1
Peptidase_M23,Peptidase_M23 domain,Other Functional Domains,1
NosD,NosD domain,Other Functional Domains,1
HPD,HPD domain,Other Functional Domains,1
HOIP-UBA,HOIP-UBA domain,Other Functional Domains,1
MCU,MCU domain,Other Functional Domains,1
Peptidase_S15,Peptidase_S15 domain,Other Functional Domains,1
Toprim_C_rpt,Toprim_C_rpt domain,Other Functional Domains,1
ATP-grasp,ATP-grasp domain,Other Functional Domains,1
Haem_oxygenas_2,Haem_oxygenas_2 domain,Other Functional Domains,1
HPPK,HPPK domain,Other Functional Domains,1
Pterin_bind,Pterin_bind domain,Other Functional Domains,1
AICARFT_IMPCHas,AICARFT_IMPCHas domain,Other Functional Domains,1
E3_UFM1_ligase,E3_UFM1_ligase domain,Other Functional Domains,1
Methyltransf_FA,Methyltransf_FA domain,Other Functional Domains,1
Ubiq_cyt_C_chap,Ubiq_cyt_C_chap domain,Other Functional Domains,1
ORC5_C,ORC5_C domain,Other Functional Domains,1
URO-D,URO-D domain,Other Functional Domains,1
KxDL,KxDL domain,Other Functional Domains,1
ELYS,ELYS domain,Other Functional Domains,1
ELYS-bb,ELYS-bb domain,Other Functional Domains,1
NDUFB10,NDUFB10 domain,Other Functional Domains,1
Folate_rec,Folate_rec domain,Other Functional Domains,1
CPSF73-100_C,CPSF73-100_C domain,Other Functional Domains,1
Methuselah_N,Methuselah_N domain,Other Functional Domains,1
MerR_1,MerR_1 domain,Other Functional Domains,1
WBS_methylT,WBS_methylT domain,Other Functional Domains,1
Prp31_C,Prp31_C domain,Other Functional Domains,1
MlaD,MlaD domain,Other Functional Domains,1
CagX,CagX domain,Other Functional Domains,1
DsbB,DsbB domain,Other Functional Domains,1
KH_dom-like,KH_dom-like domain,Other Functional Domains,1
Amidohydro_2,Amidohydro_2 domain,Other Functional Domains,1
DBR1,DBR1 domain,Other Functional Domains,1
Rbsn,Rbsn domain,Other Functional Domains,1
NuA4,NuA4 domain,Other Functional Domains,1
ArsA_ATPase,ArsA_ATPase domain,Other Functional Domains,1
Mt_ATP-synt_D,Mt_ATP-synt_D domain,Other Functional Domains,1
Med30,Med30 domain,Other Functional Domains,1
zf-C3HC,zf-C3HC domain,Other Functional Domains,1
SGS,SGS domain,Other Functional Domains,1
HbrB,HbrB domain,Other Functional Domains,1
NeuB,NeuB domain,Other Functional Domains,1
SAF,SAF domain,Other Functional Domains,1
MannoseP_isomer,MannoseP_isomer domain,Other Functional Domains,1
FtsX,FtsX domain,Other Functional Domains,1
MacB_PCD,MacB_PCD domain,Other Functional Domains,1
PmbA_TldD,PmbA_TldD domain,Other Functional Domains,1
Coprogen_oxidas,Coprogen_oxidas domain,Other Functional Domains,1
CC2D2AN-C2,CC2D2AN-C2 domain,Other Functional Domains,1
Mnd1,Mnd1 domain,Other Functional Domains,1
Glyco_hydro_85,Glyco_hydro_85 domain,Other Functional Domains,1
DUF1681,DUF1681 domain,Other Functional Domains,1
CYTH,CYTH domain,Other Functional Domains,1
TMEM70,TMEM70 domain,Other Functional Domains,1
LMWPc,LMWPc domain,Other Functional Domains,1
Diphthami_syn_2,Diphthami_syn_2 domain,Other Functional Domains,1
Exo84_C,Exo84_C domain,Other Functional Domains,1
CLN3,CLN3 domain,Other Functional Domains,1
FTSW_RODA_SPOVE,FTSW_RODA_SPOVE domain,Other Functional Domains,1
HMGL-like,HMGL-like domain,Other Functional Domains,1
Proton_antipo_M,Proton_antipo_M domain,Other Functional Domains,1
Proton_antipo_N,Proton_antipo_N domain,Other Functional Domains,1
Oxidored_q3,Oxidored_q3 domain,Other Functional Domains,1
PEPCK_C,PEPCK_C domain,Other Functional Domains,1
PEPCK_N,PEPCK_N domain,Other Functional Domains,1
PurA,PurA domain,Other Functional Domains,1
UDPGT,UDPGT domain,Other Functional Domains,1
SRP19,SRP19 domain,Other Functional Domains,1
H2TH,H2TH domain,Other Functional Domains,1
Competence,Competence domain,Other Functional Domains,1
DUF4131,DUF4131 domain,Other Functional Domains,1
EndoU_bacteria,EndoU_bacteria domain,Other Functional Domains,1
Peptidase_S26,Peptidase_S26 domain,Other Functional Domains,1
ATPase,ATPase domain,Other Functional Domains,1
ChlI,ChlI domain,Other Functional Domains,1
Sigma70_r1_1,Sigma70_r1_1 domain,Other Functional Domains,1
Sigma70_r1_2,Sigma70_r1_2 domain,Other Functional Domains,1
Sigma70_r3,Sigma70_r3 domain,Other Functional Domains,1
FimP,FimP domain,Other Functional Domains,1
DUF3689,DUF3689 domain,Other Functional Domains,1
Med23,Med23 domain,Other Functional Domains,1
FAM177,FAM177 domain,Other Functional Domains,1
AtuA,AtuA domain,Other Functional Domains,1
AIRC,AIRC domain,Other Functional Domains,1
DP,DP domain,Other Functional Domains,1
Ribosomal_L31e,Ribosomal_L31e domain,Other Functional Domains,1
Ribosomal_S19,Ribosomal_S19 domain,Other Functional Domains,1
TP_methylase,TP_methylase domain,Other Functional Domains,1
DUF4512,DUF4512 domain,Other Functional Domains,1
Fapy_DNA_glyco,Fapy_DNA_glyco domain,Other Functional Domains,1
GTP_cyclohydroI,GTP_cyclohydroI domain,Other Functional Domains,1
YchF-GTPase_C,YchF-GTPase_C domain,Other Functional Domains,1
Ge1_WD40,Ge1_WD40 domain,Other Functional Domains,1
PIG-S,PIG-S domain,Other Functional Domains,1
PC4,PC4 domain,Other Functional Domains,1
Yos1,Yos1 domain,Other Functional Domains,1
Cons_hypoth95,Cons_hypoth95 domain,Other Functional Domains,1
CXCXC,CXCXC domain,Other Functional Domains,1
UPF0640,UPF0640 domain,Other Functional Domains,1
NIF3,NIF3 domain,Other Functional Domains,1
DMAP1,DMAP1 domain,Other Functional Domains,1
SANT_DAMP1_like,SANT_DAMP1_like domain,Other Functional Domains,1
ETC_C1_NDUFA4,ETC_C1_NDUFA4 domain,Other Functional Domains,1
Snurportin1,Snurportin1 domain,Other Functional Domains,1
DUF3361,DUF3361 domain,Other Functional Domains,1
DUF4040,DUF4040 domain,Other Functional Domains,1
Sigma70_ner,Sigma70_ner domain,Other Functional Domains,1
PGAP1,PGAP1 domain,Other Functional Domains,1
Dynactin_p22,Dynactin_p22 domain,Other Functional Domains,1
NUC194,NUC194 domain,Other Functional Domains,1
Glyco_transf_41,Glyco_transf_41 domain,Other Functional Domains,1
Sigma70_r4,Sigma70_r4 domain,Other Functional Domains,1
GTP-bdg_M,GTP-bdg_M domain,Other Functional Domains,1
GTP-bdg_N,GTP-bdg_N domain,Other Functional Domains,1
Prenylcys_lyase,Prenylcys_lyase domain,Other Functional Domains,1
TFIIF_alpha,TFIIF_alpha domain,Other Functional Domains,1
DUF778,DUF778 domain,Other Functional Domains,1
DUF108,DUF108 domain,Other Functional Domains,1
NAD_binding_3,NAD_binding_3 domain,Other Functional Domains,1
Far-17a_AIG1,Far-17a_AIG1 domain,Other Functional Domains,1
MCD,MCD domain,Other Functional Domains,1
MCD_N,MCD_N domain,Other Functional Domains,1
Rio2_N,Rio2_N domain,Other Functional Domains,1
DUF4487,DUF4487 domain,Other Functional Domains,1
Plug_translocon,Plug_translocon domain,Other Functional Domains,1
SecY,SecY domain,Other Functional Domains,1
Terminase_6C,Terminase_6C domain,Other Functional Domains,1
BHD_1,BHD_1 domain,Other Functional Domains,1
BHD_3,BHD_3 domain,Other Functional Domains,1
Rad4,Rad4 domain,Other Functional Domains,1
Syntaxin-6_N,Syntaxin-6_N domain,Other Functional Domains,1
GST_N_4,GST_N_4 domain,Other Functional Domains,1
Methyltransf_8,Methyltransf_8 domain,Other Functional Domains,1
TTD,TTD domain,Other Functional Domains,1
DUF3752,DUF3752 domain,Other Functional Domains,1
DUF4339,DUF4339 domain,Other Functional Domains,1
Acyl-CoA_ox_N,Acyl-CoA_ox_N domain,Other Functional Domains,1
PP2C_C,PP2C_C domain,Other Functional Domains,1
UPF0240,UPF0240 domain,Other Functional Domains,1
Med18,Med18 domain,Other Functional Domains,1
DNA_pol3_delta2,DNA_pol3_delta2 domain,Other Functional Domains,1
Pet191_N,Pet191_N domain,Other Functional Domains,1
DUF4815,DUF4815 domain,Other Functional Domains,1
Yop-YscD_cpl,Yop-YscD_cpl domain,Other Functional Domains,1
BNIP3,BNIP3 domain,Other Functional Domains,1
Mak16,Mak16 domain,Other Functional Domains,1
Ribosomal_L6e_N,Ribosomal_L6e_N domain,Other Functional Domains,1
Herpes_UL52,Herpes_UL52 domain,Other Functional Domains,1
DUF3342,DUF3342 domain,Other Functional Domains,1
MTABC_N,MTABC_N domain,Other Functional Domains,1
PRY,PRY domain,Other Functional Domains,1
MCLC,MCLC domain,Other Functional Domains,1
Gaa1,Gaa1 domain,Other Functional Domains,1
Gpi16,Gpi16 domain,Other Functional Domains,1
PYC_OADA,PYC_OADA domain,Other Functional Domains,1
DUF2043,DUF2043 domain,Other Functional Domains,1
TRAPPC-Trs85,TRAPPC-Trs85 domain,Other Functional Domains,1
NDUF_B6,NDUF_B6 domain,Other Functional Domains,1
UAE_UbL,UAE_UbL domain,Other Functional Domains,1
Endosulfine,Endosulfine domain,Other Functional Domains,1
Xan_ur_permease,Xan_ur_permease domain,Other Functional Domains,1
SYS1,SYS1 domain,Other Functional Domains,1
Leu_zip,Leu_zip domain,Other Functional Domains,1
DKCLD,DKCLD domain,Other Functional Domains,1
TruB_C_2,TruB_C_2 domain,Other Functional Domains,1
PRMT5,PRMT5 domain,Other Functional Domains,1
PRMT5_C,PRMT5_C domain,Other Functional Domains,1
PRMT5_TIM,PRMT5_TIM domain,Other Functional Domains,1
MCM2_N,MCM2_N domain,Other Functional Domains,1
EB,EB domain,Other Functional Domains,1
SRP_SPB,SRP_SPB domain,Other Functional Domains,1
Mei5,Mei5 domain,Other Functional Domains,1
DUF4528,DUF4528 domain,Other Functional Domains,1
ROKNT,ROKNT domain,Other Functional Domains,1
zf-SNAP50_C,zf-SNAP50_C domain,Other Functional Domains,1
NOC3p,NOC3p domain,Other Functional Domains,1
ARF7EP_C,ARF7EP_C domain,Other Functional Domains,1
NDUF_B12,NDUF_B12 domain,Other Functional Domains,1
BP28CT,BP28CT domain,Other Functional Domains,1
U3snoRNP10,U3snoRNP10 domain,Other Functional Domains,1
Peroxin-3,Peroxin-3 domain,Other Functional Domains,1
Prp18,Prp18 domain,Other Functional Domains,1
Abi_HHR,Abi_HHR domain,Other Functional Domains,1
Img2,Img2 domain,Other Functional Domains,1
Peptidase_C65,Peptidase_C65 domain,Other Functional Domains,1
DTHCT,DTHCT domain,Other Functional Domains,1
UPF0029,UPF0029 domain,Other Functional Domains,1
RNA_pol_Rbc25,RNA_pol_Rbc25 domain,Other Functional Domains,1
Rho_GDI,Rho_GDI domain,Other Functional Domains,1
Pex16,Pex16 domain,Other Functional Domains,1
Radical_SAM_C,Radical_SAM_C domain,Other Functional Domains,1
UPF0121,UPF0121 domain,Other Functional Domains,1
UTP15_C,UTP15_C domain,Other Functional Domains,1
ApoO,ApoO domain,Other Functional Domains,1
DNA_pol_phi,DNA_pol_phi domain,Other Functional Domains,1
Tfb5,Tfb5 domain,Other Functional Domains,1
PCO_ADO,PCO_ADO domain,Other Functional Domains,1
ATP-synt_E,ATP-synt_E domain,Other Functional Domains,1
Phospho_p8,Phospho_p8 domain,Other Functional Domains,1
ApoL,ApoL domain,Other Functional Domains,1
Ribophorin_II,Ribophorin_II domain,Other Functional Domains,1
CTP_transf_1,CTP_transf_1 domain,Other Functional Domains,1
Agenet,Agenet domain,Other Functional Domains,1
PADR1,PADR1 domain,Other Functional Domains,1
DUF1604,DUF1604 domain,Other Functional Domains,1
GCS,GCS domain,Other Functional Domains,1
BBS1,BBS1 domain,Other Functional Domains,1
Complex1_51K,Complex1_51K domain,Other Functional Domains,1
COPI_C,COPI_C domain,Other Functional Domains,1
Drc1-Sld2,Drc1-Sld2 domain,Other Functional Domains,1
Hydant_A_N,Hydant_A_N domain,Other Functional Domains,1
Hydantoinase_A,Hydantoinase_A domain,Other Functional Domains,1
Hydantoinase_B,Hydantoinase_B domain,Other Functional Domains,1
Strumpellin,Strumpellin domain,Other Functional Domains,1
C5-epim_C,C5-epim_C domain,Other Functional Domains,1
BLOC1_2,BLOC1_2 domain,Other Functional Domains,1
DUF3441,DUF3441 domain,Other Functional Domains,1
FbpA,FbpA domain,Other Functional Domains,1
PMI_typeI,PMI_typeI domain,Other Functional Domains,1
TIP120,TIP120 domain,Other Functional Domains,1
Bac_surface_Ag,Bac_surface_Ag domain,Other Functional Domains,1
Miga,Miga domain,Other Functional Domains,1
Reductase_C,Reductase_C domain,Other Functional Domains,1
Ribosomal_S17e,Ribosomal_S17e domain,Other Functional Domains,1
Man-6-P_recep,Man-6-P_recep domain,Other Functional Domains,1
Rib_5-P_isom_A,Rib_5-P_isom_A domain,Other Functional Domains,1
DUF846,DUF846 domain,Other Functional Domains,1
RsfS,RsfS domain,Other Functional Domains,1
Kin17_mid,Kin17_mid domain,Other Functional Domains,1
BATS,BATS domain,Other Functional Domains,1
ANAPC2,ANAPC2 domain,Other Functional Domains,1
NPDC1,NPDC1 domain,Other Functional Domains,1
WD40_3,WD40_3 domain,Other Functional Domains,1
Mt_ATP-synt_B,Mt_ATP-synt_B domain,Other Functional Domains,1
UFC1,UFC1 domain,Other Functional Domains,1
C2-C2_1,C2-C2_1 domain,Other Functional Domains,1
DUF4218,DUF4218 domain,Other Functional Domains,1
GFRP,GFRP domain,Other Functional Domains,1
NADH_4Fe-4S,NADH_4Fe-4S domain,Other Functional Domains,1
SLBB,SLBB domain,Other Functional Domains,1
NPAT_C,NPAT_C domain,Other Functional Domains,1
SHNi-TPR,SHNi-TPR domain,Other Functional Domains,1
Eapp_C,Eapp_C domain,Other Functional Domains,1
Peptidase_C15,Peptidase_C15 domain,Other Functional Domains,1
Ribosomal_L34,Ribosomal_L34 domain,Other Functional Domains,1
DUF2870,DUF2870 domain,Other Functional Domains,1
GRASP55_65,GRASP55_65 domain,Other Functional Domains,1
Mannosyl_trans2,Mannosyl_trans2 domain,Other Functional Domains,1
Ribosomal_L30_N,Ribosomal_L30_N domain,Other Functional Domains,1
p31comet,p31comet domain,Other Functional Domains,1
DUF727,DUF727 domain,Other Functional Domains,1
Dmrt1,Dmrt1 domain,Other Functional Domains,1
RNA_pol_3_Rpc31,RNA_pol_3_Rpc31 domain,Other Functional Domains,1
GPP34,GPP34 domain,Other Functional Domains,1
UPF0066,UPF0066 domain,Other Functional Domains,1
HAND,HAND domain,Other Functional Domains,1
SLIDE,SLIDE domain,Other Functional Domains,1
DUF758,DUF758 domain,Other Functional Domains,1
ALAD,ALAD domain,Other Functional Domains,1
DUF4976,DUF4976 domain,Other Functional Domains,1
Methyltransf_10,Methyltransf_10 domain,Other Functional Domains,1
Vma12,Vma12 domain,Other Functional Domains,1
MOR2-PAG1_C,MOR2-PAG1_C domain,Other Functional Domains,1
MOR2-PAG1_N,MOR2-PAG1_N domain,Other Functional Domains,1
Jiraiya,Jiraiya domain,Other Functional Domains,1
FBA,FBA domain,Other Functional Domains,1
MAS20,MAS20 domain,Other Functional Domains,1
COX5A,COX5A domain,Other Functional Domains,1
Plus-3,Plus-3 domain,Other Functional Domains,1
RAC_head,RAC_head domain,Other Functional Domains,1
Ost5,Ost5 domain,Other Functional Domains,1
SecE,SecE domain,Other Functional Domains,1
CDO_I,CDO_I domain,Other Functional Domains,1
FragX_IP,FragX_IP domain,Other Functional Domains,1
INSIG,INSIG domain,Other Functional Domains,1
MOR2-PAG1_mid,MOR2-PAG1_mid domain,Other Functional Domains,1
ETC_C1_NDUFA5,ETC_C1_NDUFA5 domain,Other Functional Domains,1
XPA_C,XPA_C domain,Other Functional Domains,1
XPA_N,XPA_N domain,Other Functional Domains,1
DeoC,DeoC domain,Other Functional Domains,1
Cas1_AcylT,Cas1_AcylT domain,Other Functional Domains,1
RNA_pol_A_CTD,RNA_pol_A_CTD domain,Other Functional Domains,1
Acid_PPase,Acid_PPase domain,Other Functional Domains,1
eIF3g,eIF3g domain,Other Functional Domains,1
CNDH2_C,CNDH2_C domain,Other Functional Domains,1
CNDH2_N,CNDH2_N domain,Other Functional Domains,1
Spt20,Spt20 domain,Other Functional Domains,1
C9orf72-like,C9orf72-like domain,Other Functional Domains,1
DUF971,DUF971 domain,Other Functional Domains,1
TauD,TauD domain,Other Functional Domains,1
P16-Arc,P16-Arc domain,Other Functional Domains,1
Ribosomal_S21e,Ribosomal_S21e domain,Other Functional Domains,1
PH_3,PH_3 domain,Other Functional Domains,1
Ribosomal_S16,Ribosomal_S16 domain,Other Functional Domains,1
DUF4683,DUF4683 domain,Other Functional Domains,1
DUF866,DUF866 domain,Other Functional Domains,1
SHQ1,SHQ1 domain,Other Functional Domains,1
UPF0113,UPF0113 domain,Other Functional Domains,1
DUF1077,DUF1077 domain,Other Functional Domains,1
TPR_4,TPR_4 domain,Other Functional Domains,1
AdoMet_MTase,AdoMet_MTase domain,Other Functional Domains,1
PI31_Prot_C,PI31_Prot_C domain,Other Functional Domains,1
TH1,TH1 domain,Other Functional Domains,1
RRP7,RRP7 domain,Other Functional Domains,1
AIG2_2,AIG2_2 domain,Other Functional Domains,1
Proho_convert,Proho_convert domain,Other Functional Domains,1
Pyrophosphatase,Pyrophosphatase domain,Other Functional Domains,1
GCM,GCM domain,Other Functional Domains,1
ENT,ENT domain,Other Functional Domains,1
Aph-1,Aph-1 domain,Other Functional Domains,1
CR6_interact,CR6_interact domain,Other Functional Domains,1
FGE-sulfatase,FGE-sulfatase domain,Other Functional Domains,1
Mcm10,Mcm10 domain,Other Functional Domains,1
zf-primase,zf-primase domain,Other Functional Domains,1
SLAIN,SLAIN domain,Other Functional Domains,1
CENP-X,CENP-X domain,Other Functional Domains,1
PA26,PA26 domain,Other Functional Domains,1
ABA_GPCR,ABA_GPCR domain,Other Functional Domains,1
GPHR_N,GPHR_N domain,Other Functional Domains,1
Utp21,Utp21 domain,Other Functional Domains,1
ABC_transp_aux,ABC_transp_aux domain,Other Functional Domains,1
Cgr1,Cgr1 domain,Other Functional Domains,1
ATP-synt_F6,ATP-synt_F6 domain,Other Functional Domains,1
LAMTOR5,LAMTOR5 domain,Other Functional Domains,1
RLL,RLL domain,Other Functional Domains,1
DUF4498,DUF4498 domain,Other Functional Domains,1
AP3B1_C,AP3B1_C domain,Other Functional Domains,1
Neugrin,Neugrin domain,Other Functional Domains,1
COBRA1,COBRA1 domain,Other Functional Domains,1
GAGA,GAGA domain,Other Functional Domains,1
Torus,Torus domain,Other Functional Domains,1
RNA_pol_Rpb1_7,RNA_pol_Rpb1_7 domain,Other Functional Domains,1
RNA_pol_Rpb1_R,RNA_pol_Rpb1_R domain,Other Functional Domains,1
AAA_23,AAA_23 domain,Other Functional Domains,1
Latrophilin,Latrophilin domain,Other Functional Domains,1
Selenoprotein_S,Selenoprotein_S domain,Other Functional Domains,1
Plant_NMP1,Plant_NMP1 domain,Other Functional Domains,1
PCNP,PCNP domain,Other Functional Domains,1
Thg1,Thg1 domain,Other Functional Domains,1
Thg1C,Thg1C domain,Other Functional Domains,1
Succ_DH_flav_C,Succ_DH_flav_C domain,Other Functional Domains,1
VASP_tetra,VASP_tetra domain,Other Functional Domains,1
SRP9-21,SRP9-21 domain,Other Functional Domains,1
MRP-L47,MRP-L47 domain,Other Functional Domains,1
EXOSC1,EXOSC1 domain,Other Functional Domains,1
BRF1,BRF1 domain,Other Functional Domains,1
Acetyltransf_16,Acetyltransf_16 domain,Other Functional Domains,1
UTP25,UTP25 domain,Other Functional Domains,1
TFIIA,TFIIA domain,Other Functional Domains,1
PAT1,PAT1 domain,Other Functional Domains,1
UreD,UreD domain,Other Functional Domains,1
PRP3,PRP3 domain,Other Functional Domains,1
Ald_Xan_dh_C2,Ald_Xan_dh_C2 domain,Other Functional Domains,1
UPF1_Zn_bind,UPF1_Zn_bind domain,Other Functional Domains,1
Hemerythrin,Hemerythrin domain,Other Functional Domains,1
Maf1,Maf1 domain,Other Functional Domains,1
YL1,YL1 domain,Other Functional Domains,1
DUF1619,DUF1619 domain,Other Functional Domains,1
Itfg2,Itfg2 domain,Other Functional Domains,1
Med27,Med27 domain,Other Functional Domains,1
AP4E_app_platf,AP4E_app_platf domain,Other Functional Domains,1
ORC2,ORC2 domain,Other Functional Domains,1
RNA_pol_Rpb1_6,RNA_pol_Rpb1_6 domain,Other Functional Domains,1
SCAI,SCAI domain,Other Functional Domains,1
CDC73_C,CDC73_C domain,Other Functional Domains,1
CDC73_N,CDC73_N domain,Other Functional Domains,1
Aquarius_N,Aquarius_N domain,Other Functional Domains,1
NUC130_3NT,NUC130_3NT domain,Other Functional Domains,1
SDA1,SDA1 domain,Other Functional Domains,1
GDE_C,GDE_C domain,Other Functional Domains,1
hDGE_amylase,hDGE_amylase domain,Other Functional Domains,1
hGDE_N,hGDE_N domain,Other Functional Domains,1
Rad50_zn_hook,Rad50_zn_hook domain,Other Functional Domains,1
SbcCD_C,SbcCD_C domain,Other Functional Domains,1
NUSAP,NUSAP domain,Other Functional Domains,1
NopRA1,NopRA1 domain,Other Functional Domains,1
Npa1,Npa1 domain,Other Functional Domains,1
SUV3_C,SUV3_C domain,Other Functional Domains,1
NAD_binding_10,NAD_binding_10 domain,Other Functional Domains,1
TTC5_OB,TTC5_OB domain,Other Functional Domains,1
RNA_pol_N,RNA_pol_N domain,Other Functional Domains,1
ASCH,ASCH domain,Other Functional Domains,1
zf-C2HC5,zf-C2HC5 domain,Other Functional Domains,1
SAM_decarbox,SAM_decarbox domain,Other Functional Domains,1
Glyoxalase_4,Glyoxalase_4 domain,Other Functional Domains,1
SPO22,SPO22 domain,Other Functional Domains,1
DNA_pol3_alpha,DNA_pol3_alpha domain,Other Functional Domains,1
HHH_6,HHH_6 domain,Other Functional Domains,1
LIN52,LIN52 domain,Other Functional Domains,1
Telomere_Sde2,Telomere_Sde2 domain,Other Functional Domains,1
Glyco_hydro_30,Glyco_hydro_30 domain,Other Functional Domains,1
Glyco_hydro_30C,Glyco_hydro_30C domain,Other Functional Domains,1
A1_Propeptide,A1_Propeptide domain,Other Functional Domains,1
NRDE-2,NRDE-2 domain,Other Functional Domains,1
DS,DS domain,Other Functional Domains,1
Glyco_trans_2_3,Glyco_trans_2_3 domain,Other Functional Domains,1
FANCI_HD1,FANCI_HD1 domain,Other Functional Domains,1
FANCI_HD2,FANCI_HD2 domain,Other Functional Domains,1
FANCI_S1,FANCI_S1 domain,Other Functional Domains,1
FANCI_S1-cap,FANCI_S1-cap domain,Other Functional Domains,1
FANCI_S2,FANCI_S2 domain,Other Functional Domains,1
FANCI_S3,FANCI_S3 domain,Other Functional Domains,1
FANCI_S4,FANCI_S4 domain,Other Functional Domains,1
Sec15,Sec15 domain,Other Functional Domains,1
zf-CHCC,zf-CHCC domain,Other Functional Domains,1
Ribosomal_L36,Ribosomal_L36 domain,Other Functional Domains,1
Noc2,Noc2 domain,Other Functional Domains,1
RPA_C,RPA_C domain,Other Functional Domains,1
FRG1,FRG1 domain,Other Functional Domains,1
TMEM117,TMEM117 domain,Other Functional Domains,1
KOG2701,KOG2701 domain,Other Functional Domains,1
Methyltr_RsmF_N,Methyltr_RsmF_N domain,Other Functional Domains,1
VMA21,VMA21 domain,Other Functional Domains,1
Virulence_RhuM,Virulence_RhuM domain,Other Functional Domains,1
Bro-N,Bro-N domain,Other Functional Domains,1
PHP,PHP domain,Other Functional Domains,1
VHL,VHL domain,Other Functional Domains,1
VHL_C,VHL_C domain,Other Functional Domains,1
Pex19,Pex19 domain,Other Functional Domains,1
EF1G,EF1G domain,Other Functional Domains,1
PAC1,PAC1 domain,Other Functional Domains,1
UME,UME domain,Other Functional Domains,1
DBP10CT,DBP10CT domain,Other Functional Domains,1
UNC45-central,UNC45-central domain,Other Functional Domains,1
CDC27,CDC27 domain,Other Functional Domains,1
hGDE_central,hGDE_central domain,Other Functional Domains,1
UNC-50,UNC-50 domain,Other Functional Domains,1
TPX2_importin,TPX2_importin domain,Other Functional Domains,1
RHS_repeat,RHS_repeat domain,Other Functional Domains,1
Drf_DAD,Drf_DAD domain,Other Functional Domains,1
Radial_spoke_3,Radial_spoke_3 domain,Other Functional Domains,1
Ribosomal_S27,Ribosomal_S27 domain,Other Functional Domains,1
F_actin_cap_B,F_actin_cap_B domain,Other Functional Domains,1
ALG3,ALG3 domain,Other Functional Domains,1
Myb_Cef,Myb_Cef domain,Other Functional Domains,1
P21-Arc,P21-Arc domain,Other Functional Domains,1
DUF4504,DUF4504 domain,Other Functional Domains,1
LRAT,LRAT domain,Other Functional Domains,1
MAGE,MAGE domain,Other Functional Domains,1
MAGE_N,MAGE_N domain,Other Functional Domains,1
DCAF17,DCAF17 domain,Other Functional Domains,1
UBA_5,UBA_5 domain,Other Functional Domains,1
ADP_PFK_GK,ADP_PFK_GK domain,Other Functional Domains,1
Abi,Abi domain,Other Functional Domains,1
PAP_RNA-bind,PAP_RNA-bind domain,Other Functional Domains,1
PAP_central,PAP_central domain,Other Functional Domains,1
Zw10,Zw10 domain,Other Functional Domains,1
ETF_QO,ETF_QO domain,Other Functional Domains,1
VWA_3,VWA_3 domain,Other Functional Domains,1
BCL9,BCL9 domain,Other Functional Domains,1
SRR,SRR domain,Other Functional Domains,1
Hormone_3,Hormone_3 domain,Other Functional Domains,1
FCP1_C,FCP1_C domain,Other Functional Domains,1
COX6A,COX6A domain,Other Functional Domains,1
CALM_bind,CALM_bind domain,Other Functional Domains,1
DUF1016,DUF1016 domain,Other Functional Domains,1
TFCD_C,TFCD_C domain,Other Functional Domains,1
Rsm22,Rsm22 domain,Other Functional Domains,1
TPX2,TPX2 domain,Other Functional Domains,1
TMEM135_C_rich,TMEM135_C_rich domain,Other Functional Domains,1
CH_2,CH_2 domain,Other Functional Domains,1
Dpoe2NT,Dpoe2NT domain,Other Functional Domains,1
Sec34,Sec34 domain,Other Functional Domains,1
zf-RRN7,zf-RRN7 domain,Other Functional Domains,1
RRP36,RRP36 domain,Other Functional Domains,1
ATP-synt_F,ATP-synt_F domain,Other Functional Domains,1
Corazonin,Corazonin domain,Other Functional Domains,1
DUF953,DUF953 domain,Other Functional Domains,1
ORMDL,ORMDL domain,Other Functional Domains,1
Mon2_C,Mon2_C domain,Other Functional Domains,1
Shisa,Shisa domain,Other Functional Domains,1
Cu-oxidase,Cu-oxidase domain,Other Functional Domains,1
Terminase_GpA,Terminase_GpA domain,Other Functional Domains,1
BTK,BTK domain,Other Functional Domains,1
TMEM164,TMEM164 domain,Other Functional Domains,1
DUF3449,DUF3449 domain,Other Functional Domains,1
Sec62,Sec62 domain,Other Functional Domains,1
Parvo_NS1,Parvo_NS1 domain,Other Functional Domains,1
PAW,PAW domain,Other Functional Domains,1
PIG-U,PIG-U domain,Other Functional Domains,1
QRPTase_C,QRPTase_C domain,Other Functional Domains,1
QRPTase_N,QRPTase_N domain,Other Functional Domains,1
Ribosomal_L20,Ribosomal_L20 domain,Other Functional Domains,1
Trehalose_recp,Trehalose_recp domain,Other Functional Domains,1
RFX1_trans_act,RFX1_trans_act domain,Other Functional Domains,1
P_C10,P_C10 domain,Other Functional Domains,1
UBD,UBD domain,Other Functional Domains,1
ARL6IP6,ARL6IP6 domain,Other Functional Domains,1
DUF4502,DUF4502 domain,Other Functional Domains,1
DUF4503,DUF4503 domain,Other Functional Domains,1
CutC,CutC domain,Other Functional Domains,1
Oxidored_molyb,Oxidored_molyb domain,Other Functional Domains,1
Mito_morph_reg,Mito_morph_reg domain,Other Functional Domains,1
PPI_Ypi1,PPI_Ypi1 domain,Other Functional Domains,1
KLRAQ,KLRAQ domain,Other Functional Domains,1
TTKRSYEDQ,TTKRSYEDQ domain,Other Functional Domains,1
CCSMST1,CCSMST1 domain,Other Functional Domains,1
APG6,APG6 domain,Other Functional Domains,1
BH3,BH3 domain,Other Functional Domains,1
2OG-FeII_Oxy_4,2OG-FeII_Oxy_4 domain,Other Functional Domains,1
Ofd1_CTDD,Ofd1_CTDD domain,Other Functional Domains,1
CCDC73,CCDC73 domain,Other Functional Domains,1
TMEM192,TMEM192 domain,Other Functional Domains,1
RTP801_C,RTP801_C domain,Other Functional Domains,1
Mpp10,Mpp10 domain,Other Functional Domains,1
DUF4792,DUF4792 domain,Other Functional Domains,1
DUF4793,DUF4793 domain,Other Functional Domains,1
Cg6151-P,Cg6151-P domain,Other Functional Domains,1
Rft-1,Rft-1 domain,Other Functional Domains,1
BORCS8,BORCS8 domain,Other Functional Domains,1
Cnd1_N,Cnd1_N domain,Other Functional Domains,1
TRAM1,TRAM1 domain,Other Functional Domains,1
DUF2405,DUF2405 domain,Other Functional Domains,1
SF3a60_bindingd,SF3a60_bindingd domain,Other Functional Domains,1
ACT,ACT domain,Other Functional Domains,1
DUF4708,DUF4708 domain,Other Functional Domains,1
MCM3AP_GANP,MCM3AP_GANP domain,Other Functional Domains,1
TIP41,TIP41 domain,Other Functional Domains,1
DUF2615,DUF2615 domain,Other Functional Domains,1
ARPC4,ARPC4 domain,Other Functional Domains,1
MttA_Hcf106,MttA_Hcf106 domain,Other Functional Domains,1
DUF2358,DUF2358 domain,Other Functional Domains,1
Mo-co_dimer,Mo-co_dimer domain,Other Functional Domains,1
Rho_Binding,Rho_Binding domain,Other Functional Domains,1
NFRKB_winged,NFRKB_winged domain,Other Functional Domains,1
DUF1387,DUF1387 domain,Other Functional Domains,1
Prp19,Prp19 domain,Other Functional Domains,1
Peptidase_C50,Peptidase_C50 domain,Other Functional Domains,1
RICTOR_M,RICTOR_M domain,Other Functional Domains,1
RICTOR_N,RICTOR_N domain,Other Functional Domains,1
RICTOR_V,RICTOR_V domain,Other Functional Domains,1
RasGEF_N_2,RasGEF_N_2 domain,Other Functional Domains,1
Ferrochelatase,Ferrochelatase domain,Other Functional Domains,1
SEP,SEP domain,Other Functional Domains,1
Ribonucleas_3_3,Ribonucleas_3_3 domain,Other Functional Domains,1
Cnd2,Cnd2 domain,Other Functional Domains,1
Ubiquitin_3,Ubiquitin_3 domain,Other Functional Domains,1
CENP-L,CENP-L domain,Other Functional Domains,1
SF3A3,SF3A3 domain,Other Functional Domains,1
Cytochrom_C1,Cytochrom_C1 domain,Other Functional Domains,1
Ribosomal_L21e,Ribosomal_L21e domain,Other Functional Domains,1
TRAP_alpha,TRAP_alpha domain,Other Functional Domains,1
zf-CSL,zf-CSL domain,Other Functional Domains,1
PaaSYMP,PaaSYMP domain,Other Functional Domains,1
RGM_C,RGM_C domain,Other Functional Domains,1
RGM_N,RGM_N domain,Other Functional Domains,1
CDK2AP,CDK2AP domain,Other Functional Domains,1
SYF2,SYF2 domain,Other Functional Domains,1
Ribosomal_L18,Ribosomal_L18 domain,Other Functional Domains,1
CactinC_cactus,CactinC_cactus domain,Other Functional Domains,1
Cactin_mid,Cactin_mid domain,Other Functional Domains,1
WD40_alt,WD40_alt domain,Other Functional Domains,1
eIF3_subunit,eIF3_subunit domain,Other Functional Domains,1
Spatacsin_C,Spatacsin_C domain,Other Functional Domains,1
ATG101,ATG101 domain,Other Functional Domains,1
SURF6,SURF6 domain,Other Functional Domains,1
CK_II_beta,CK_II_beta domain,Other Functional Domains,1
PLA2_B,PLA2_B domain,Other Functional Domains,1
DUF504,DUF504 domain,Other Functional Domains,1
AIF_C,AIF_C domain,Other Functional Domains,1
DUF4495,DUF4495 domain,Other Functional Domains,1
tRNA_int_endo_N,tRNA_int_endo_N domain,Other Functional Domains,1
COX16,COX16 domain,Other Functional Domains,1
mit_SMPDase,mit_SMPDase domain,Other Functional Domains,1
Lipid_DES,Lipid_DES domain,Other Functional Domains,1
HAP2-GCS1,HAP2-GCS1 domain,Other Functional Domains,1
ASF1_hist_chap,ASF1_hist_chap domain,Other Functional Domains,1
zf-NOSIP,zf-NOSIP domain,Other Functional Domains,1
VPS28,VPS28 domain,Other Functional Domains,1
Ndufs5,Ndufs5 domain,Other Functional Domains,1
Codanin-1_C,Codanin-1_C domain,Other Functional Domains,1
NUDIX_4,NUDIX_4 domain,Other Functional Domains,1
GoLoco,GoLoco domain,Other Functional Domains,1
CHD5,CHD5 domain,Other Functional Domains,1
PEN-2,PEN-2 domain,Other Functional Domains,1
APP_Cu_bd,APP_Cu_bd domain,Other Functional Domains,1
APP_E2,APP_E2 domain,Other Functional Domains,1
APP_N,APP_N domain,Other Functional Domains,1
APP_amyloid,APP_amyloid domain,Other Functional Domains,1
Tcp11,Tcp11 domain,Other Functional Domains,1
DUF4588,DUF4588 domain,Other Functional Domains,1
UPF0220,UPF0220 domain,Other Functional Domains,1
DUF4481,DUF4481 domain,Other Functional Domains,1
Tmp39,Tmp39 domain,Other Functional Domains,1
Ribonuclease_T2,Ribonuclease_T2 domain,Other Functional Domains,1
SRP40_C,SRP40_C domain,Other Functional Domains,1
RRP14,RRP14 domain,Other Functional Domains,1
LGT,LGT domain,Other Functional Domains,1
Ribosomal_S6e,Ribosomal_S6e domain,Other Functional Domains,1
Mon1,Mon1 domain,Other Functional Domains,1
tRNA_int_end_N2,tRNA_int_end_N2 domain,Other Functional Domains,1
Alpha_kinase,Alpha_kinase domain,Other Functional Domains,1
HIRA_B,HIRA_B domain,Other Functional Domains,1
Hira,Hira domain,Other Functional Domains,1
Myosin-VI_CBD,Myosin-VI_CBD domain,Other Functional Domains,1
Romo1,Romo1 domain,Other Functional Domains,1
Swi3,Swi3 domain,Other Functional Domains,1
EIF_2_alpha,EIF_2_alpha domain,Other Functional Domains,1
DLH,DLH domain,Other Functional Domains,1
ANAPC8,ANAPC8 domain,Other Functional Domains,1
DUF4508,DUF4508 domain,Other Functional Domains,1
DUF2373,DUF2373 domain,Other Functional Domains,1
PDR_CDR,PDR_CDR domain,Other Functional Domains,1
SAE2,SAE2 domain,Other Functional Domains,1
IFT57,IFT57 domain,Other Functional Domains,1
Rad10,Rad10 domain,Other Functional Domains,1
Mesd,Mesd domain,Other Functional Domains,1
Ribosomal_L38e,Ribosomal_L38e domain,Other Functional Domains,1
CCDC53,CCDC53 domain,Other Functional Domains,1
SOSSC,SOSSC domain,Other Functional Domains,1
DUF4604,DUF4604 domain,Other Functional Domains,1
HBB,HBB domain,Other Functional Domains,1
Kri1,Kri1 domain,Other Functional Domains,1
Kri1_C,Kri1_C domain,Other Functional Domains,1
Peptidase_C1_2,Peptidase_C1_2 domain,Other Functional Domains,1
DUF4807,DUF4807 domain,Other Functional Domains,1
Sec20,Sec20 domain,Other Functional Domains,1
Cytochrom_B_C,Cytochrom_B_C domain,Other Functional Domains,1
Cytochrome_B,Cytochrome_B domain,Other Functional Domains,1
Fmp27_GFWDK,Fmp27_GFWDK domain,Other Functional Domains,1
Ribosomal_S6,Ribosomal_S6 domain,Other Functional Domains,1
Methyltransf_PK,Methyltransf_PK domain,Other Functional Domains,1
Nop14,Nop14 domain,Other Functional Domains,1
AZUL,AZUL domain,Other Functional Domains,1
SPT_ssu-like,SPT_ssu-like domain,Other Functional Domains,1
Urease_alpha,Urease_alpha domain,Other Functional Domains,1
Urease_beta,Urease_beta domain,Other Functional Domains,1
Urease_gamma,Urease_gamma domain,Other Functional Domains,1
NTP_transf_7,NTP_transf_7 domain,Other Functional Domains,1
YoeB_toxin,YoeB_toxin domain,Other Functional Domains,1
Ufd2P_core,Ufd2P_core domain,Other Functional Domains,1
Urm1,Urm1 domain,Other Functional Domains,1
DUF2039,DUF2039 domain,Other Functional Domains,1
DUF4208,DUF4208 domain,Other Functional Domains,1
PRCC,PRCC domain,Other Functional Domains,1
GMP_synt_C,GMP_synt_C domain,Other Functional Domains,1
QIL1,QIL1 domain,Other Functional Domains,1
NCU-G1,NCU-G1 domain,Other Functional Domains,1
Peptidase_C26,Peptidase_C26 domain,Other Functional Domains,1
DUF2052,DUF2052 domain,Other Functional Domains,1
zf-ANAPC11,zf-ANAPC11 domain,Other Functional Domains,1
Med22,Med22 domain,Other Functional Domains,1
Flavokinase,Flavokinase domain,Other Functional Domains,1
NAGidase,NAGidase domain,Other Functional Domains,1
eIF_4EBP,eIF_4EBP domain,Other Functional Domains,1
Alpha-2-MRAP_C,Alpha-2-MRAP_C domain,Other Functional Domains,1
Alpha-2-MRAP_N,Alpha-2-MRAP_N domain,Other Functional Domains,1
ARD,ARD domain,Other Functional Domains,1
AXH,AXH domain,Other Functional Domains,1
ATP-synt_DE_N,ATP-synt_DE_N domain,Other Functional Domains,1
Clathrin_lg_ch,Clathrin_lg_ch domain,Other Functional Domains,1
COG5,COG5 domain,Other Functional Domains,1
NADH_B2,NADH_B2 domain,Other Functional Domains,1
Apt1,Apt1 domain,Other Functional Domains,1
DUF4147,DUF4147 domain,Other Functional Domains,1
Nuf2,Nuf2 domain,Other Functional Domains,1
DUF3535,DUF3535 domain,Other Functional Domains,1
Atrophin-1,Atrophin-1 domain,Other Functional Domains,1
DAZAP2,DAZAP2 domain,Other Functional Domains,1
cwf18,cwf18 domain,Other Functional Domains,1
ATP-synt_G,ATP-synt_G domain,Other Functional Domains,1
Pacifastin_I,Pacifastin_I domain,Other Functional Domains,1
CBM_48,CBM_48 domain,Other Functional Domains,1
Slu7,Slu7 domain,Other Functional Domains,1
Tmemb_14,Tmemb_14 domain,Other Functional Domains,1
MazG-like,MazG-like domain,Other Functional Domains,1
ICAT,ICAT domain,Other Functional Domains,1
BPS,BPS domain,Other Functional Domains,1
zf-Nse,zf-Nse domain,Other Functional Domains,1
G_path_suppress,G_path_suppress domain,Other Functional Domains,1
DUF4808,DUF4808 domain,Other Functional Domains,1
Zn_ribbon_SprT,Zn_ribbon_SprT domain,Other Functional Domains,1
TRAP-gamma,TRAP-gamma domain,Other Functional Domains,1
FAM91_C,FAM91_C domain,Other Functional Domains,1
FAM91_N,FAM91_N domain,Other Functional Domains,1
DUF2431,DUF2431 domain,Other Functional Domains,1
DUF4477,DUF4477 domain,Other Functional Domains,1
KSR1-SAM,KSR1-SAM domain,Other Functional Domains,1
DUF2368,DUF2368 domain,Other Functional Domains,1
Frataxin_Cyay,Frataxin_Cyay domain,Other Functional Domains,1
Sof1,Sof1 domain,Other Functional Domains,1
HTH_IclR,HTH_IclR domain,Other Functional Domains,1
ODC_AZ,ODC_AZ domain,Other Functional Domains,1
DUF3668,DUF3668 domain,Other Functional Domains,1
Beta_elim_lyase,Beta_elim_lyase domain,Other Functional Domains,1
Hrs_helical,Hrs_helical domain,Other Functional Domains,1
Spt4,Spt4 domain,Other Functional Domains,1
DUF4347,DUF4347 domain,Other Functional Domains,1
Ribos_L4_asso_C,Ribos_L4_asso_C domain,Other Functional Domains,1
NAPRTase,NAPRTase domain,Other Functional Domains,1
IRF-2BP1_2,IRF-2BP1_2 domain,Other Functional Domains,1
Hat1_N,Hat1_N domain,Other Functional Domains,1
CENP-F_C_Rb_bdg,CENP-F_C_Rb_bdg domain,Other Functional Domains,1
CENP-F_N,CENP-F_N domain,Other Functional Domains,1
CENP-F_leu_zip,CENP-F_leu_zip domain,Other Functional Domains,1
CoA_trans,CoA_trans domain,Other Functional Domains,1
CytochromB561_N,CytochromB561_N domain,Other Functional Domains,1
OSCP,OSCP domain,Other Functional Domains,1
TIMP,TIMP domain,Other Functional Domains,1
ASH,ASH domain,Other Functional Domains,1
Sdh_cyt,Sdh_cyt domain,Other Functional Domains,1
p53-inducible11,p53-inducible11 domain,Other Functional Domains,1
Nucleopor_Nup85,Nucleopor_Nup85 domain,Other Functional Domains,1
RNA_pol_Rpb8,RNA_pol_Rpb8 domain,Other Functional Domains,1
ProRS-C_1,ProRS-C_1 domain,Other Functional Domains,1
Miff,Miff domain,Other Functional Domains,1
DUF3402,DUF3402 domain,Other Functional Domains,1
N1221,N1221 domain,Other Functional Domains,1
Ribosomal_L39,Ribosomal_L39 domain,Other Functional Domains,1
DSBA,DSBA domain,Other Functional Domains,1
AATF-Che1,AATF-Che1 domain,Other Functional Domains,1
TRAUB,TRAUB domain,Other Functional Domains,1
Gpi1,Gpi1 domain,Other Functional Domains,1
Fes1,Fes1 domain,Other Functional Domains,1
DUF167,DUF167 domain,Other Functional Domains,1
Es2,Es2 domain,Other Functional Domains,1
PCIF1_WW,PCIF1_WW domain,Other Functional Domains,1
Pex14_N,Pex14_N domain,Other Functional Domains,1
C1_4,C1_4 domain,Other Functional Domains,1
Ssl1,Ssl1 domain,Other Functional Domains,1
GRIM-19,GRIM-19 domain,Other Functional Domains,1
TIP_N,TIP_N domain,Other Functional Domains,1
GatB_N,GatB_N domain,Other Functional Domains,1
vATP-synt_E,vATP-synt_E domain,Other Functional Domains,1
TMEM214,TMEM214 domain,Other Functional Domains,1
SCO1-SenC,SCO1-SenC domain,Other Functional Domains,1
SQS_PSY,SQS_PSY domain,Other Functional Domains,1
SRPRB,SRPRB domain,Other Functional Domains,1
MWFE,MWFE domain,Other Functional Domains,1
BRAP2,BRAP2 domain,Other Functional Domains,1
DUF3548,DUF3548 domain,Other Functional Domains,1
Beta-lactamase,Beta-lactamase domain,Other Functional Domains,1
Glycos_trans_3N,Glycos_trans_3N domain,Other Functional Domains,1
Glycos_transf_3,Glycos_transf_3 domain,Other Functional Domains,1
PYNP_C,PYNP_C domain,Other Functional Domains,1
G-patch_2,G-patch_2 domain,Other Functional Domains,1
PEX-1N,PEX-1N domain,Other Functional Domains,1
PEX-2N,PEX-2N domain,Other Functional Domains,1
DUF4600,DUF4600 domain,Other Functional Domains,1
Tyrosinase,Tyrosinase domain,Other Functional Domains,1
Abhydrolase_3,Abhydrolase_3 domain,Other Functional Domains,1
Med19,Med19 domain,Other Functional Domains,1
FAM117,FAM117 domain,Other Functional Domains,1
TFIIIC_delta,TFIIIC_delta domain,Other Functional Domains,1
vATP-synt_AC39,vATP-synt_AC39 domain,Other Functional Domains,1
UPF0239,UPF0239 domain,Other Functional Domains,1
FUN14,FUN14 domain,Other Functional Domains,1
Mad3_BUB1_I,Mad3_BUB1_I domain,Other Functional Domains,1
Misat_Tub_SegII,Misat_Tub_SegII domain,Other Functional Domains,1
Tubulin_3,Tubulin_3 domain,Other Functional Domains,1
HSL_N,HSL_N domain,Other Functional Domains,1
DUF4590,DUF4590 domain,Other Functional Domains,1
Ribosomal_S24e,Ribosomal_S24e domain,Other Functional Domains,1
efThoc1,efThoc1 domain,Other Functional Domains,1
PLDc_3,PLDc_3 domain,Other Functional Domains,1
Methyltrans_RNA,Methyltrans_RNA domain,Other Functional Domains,1
Complex1_30kDa,Complex1_30kDa domain,Other Functional Domains,1
DUF547,DUF547 domain,Other Functional Domains,1
SAA,SAA domain,Other Functional Domains,1
DUF3480,DUF3480 domain,Other Functional Domains,1
SARA,SARA domain,Other Functional Domains,1
DNA_gyraseA_C,DNA_gyraseA_C domain,Other Functional Domains,1
GatB_Yqey,GatB_Yqey domain,Other Functional Domains,1
ACP_syn_III_C,ACP_syn_III_C domain,Other Functional Domains,1
FA_synthesis,FA_synthesis domain,Other Functional Domains,1
DXPR_C,DXPR_C domain,Other Functional Domains,1
DXP_redisom_C,DXP_redisom_C domain,Other Functional Domains,1
DXP_reductoisom,DXP_reductoisom domain,Other Functional Domains,1
NMO,NMO domain,Other Functional Domains,1
Dynactin_p62,Dynactin_p62 domain,Other Functional Domains,1
Glyco_transf_43,Glyco_transf_43 domain,Other Functional Domains,1
MRP-S28,MRP-S28 domain,Other Functional Domains,1
mRNA_cap_C,mRNA_cap_C domain,Other Functional Domains,1
mRNA_cap_enzyme,mRNA_cap_enzyme domain,Other Functional Domains,1
EAF,EAF domain,Other Functional Domains,1
DUF2053,DUF2053 domain,Other Functional Domains,1
DJ-1_PfpI,DJ-1_PfpI domain,Other Functional Domains,1
Ribosomal_L37ae,Ribosomal_L37ae domain,Other Functional Domains,1
Pro_racemase,Pro_racemase domain,Other Functional Domains,1
