Gene ID,protein_id,Preferred_Name,KEGG_KO,KEGG_Pathway,KEGG_Module,KEGG_EC,KEGG_BRITE,sseqid,pident,evalue,bitscore,NPFM1,NPFM2,NPFM3,NPFM4,Protein Description,GO_Terms,eggNOG_OGs,Pfam_Domains,Mean_FPKM,Log2_Mean_FPKM,Detox_Phase,Enzyme_Family,Reaction_Module,Expressed_in_Transcriptome
NPIL_106841,GFT65775.1,LOC661034,,,,,,7070.TC000991-PA,45.2,2.93e-137,426.0,0.0,0.421352493081209,0.660013551644732,0.0408204044933468,hypothetical protein NPIL_106841 [Nephila pilipes],,"38HJK@33154,3BCQV@33208,3CS1Z@33213,3SIX0@50557,41VZP@6656,KOG2504@1,KOG2504@2759",MFS_1,0.280546612304822,0.35675976845048,Phase III: Efflux & Transport,MFS Xenobiotic Transporters,Solute Carrier Efflux,Yes
NPIL_110891,GFT91345.1,,ko:K08193,,,,"ko02000,ko00000",6087.XP_002155626.1,38.5,1.3100000000000002e-97,309.0,0.0,0.0,0.0538844844275899,0.0,hypothetical protein NPIL_110891 [Nephila pilipes],,"38CXA@33154,3BBSD@33208,KOG2532@1,KOG2532@2759",MFS_1,0.013471121106897474,0.019304979747623595,Phase III: Efflux & Transport,MFS Xenobiotic Transporters,Solute Carrier Efflux,No
NPIL_111241,GFT87517.1,G5I_02866,,,,,,103372.F4WBF5,29.9,6.000000000000001e-21,105.0,0.312363270652261,0.0861453918708984,0.065837453589823,0.0,hypothetical protein NPIL_111241 [Nephila pilipes],,"39TIW@33154,3BN1W@33208,3CWIT@33213,3SJD1@50557,41Y4Q@6656,46FDH@7399,KOG2504@1,KOG2504@2759",MFS_1,0.11608652902824561,0.1584488821497653,Phase III: Efflux & Transport,MFS Xenobiotic Transporters,Solute Carrier Efflux,Yes
NPIL_115731,GFU26999.1,CYP4V2,ko:K07427,,,,"ko00000,ko00199",6334.EFV50316,30.0,1.11e-06,54.7,0.0,0.0760644960560544,0.232532123665016,0.159224931812558,uncharacterized protein NPIL_115731 [Nephila pilipes],,"38CHP@33154,3B9GY@33208,3CSG8@33213,40C0Q@6231,COG2124@1,KOG0157@2759",p450,0.11695538788340709,0.15957156454577193,Phase I: Functionalization,Cytochrome P450s (CYP450),CYP Monooxygenases,Yes
"NPIL_119371,",GFS65316.1,GL23362,ko:K08202,"ko05231,map05231",,,"ko02000,ko00001,ko00000",7234.FBpp0187469,51.4,4.45e-14,72.8,0.0,0.0,0.0,0.0,"uncharacterized protein NPIL_119371, partial [Nephila pilipes]",,"38FJ1@33154,3B9N9@33208,3CT4W@33213,3SJ4H@50557,41WFS@6656,44YKN@7147,45V80@7214,KOG0255@1,KOG0255@2759",MFS_1,0.0,0.0,Phase III: Efflux & Transport,MFS Xenobiotic Transporters,Solute Carrier Efflux,No
NPIL_119391,GFT30125.1,,ko:K08189,,,,"ko02000,ko00000",7739.XP_002592532.1,42.9,2.76e-06,57.4,0.430874307584662,0.0,0.363265081319149,0.0,hypothetical protein NPIL_119391 [Nephila pilipes],,"38I0V@33154,KOG2504@1,KOG2504@2759",MFS_1,0.19853484722595274,0.26127185574483497,Phase III: Efflux & Transport,MFS Xenobiotic Transporters,Solute Carrier Efflux,Yes
"NPIL_12211,",GFT61231.1,v1g123237,,,,,,45351.EDO35238,32.6,0.000922,43.5,0.0,0.0,0.0,0.0,"uncharacterized protein NPIL_12211, partial [Nephila pilipes]",,"38CM9@33154,3BC6U@33208,KOG2504@1,KOG2504@2759",MFS_1,0.0,0.0,Phase III: Efflux & Transport,MFS Xenobiotic Transporters,Solute Carrier Efflux,No
"NPIL_122271,",GFS48659.1,,ko:K07414,"ko00140,map04726,ko04726,map00140",,1.14.14.1,"ko01000,ko00001,ko00000,ko00199",181119.XP_005527736.1,43.1,4.69e-09,57.8,0.0,0.0,0.0,0.0,"hypothetical protein NPIL_122271, partial [Nephila pilipes]",,"38BSU@33154,3BC78@33208,3CRSA@33213,483V2@7711,48V8F@7742,4GMZ1@8782,COG2124@1,KOG0156@2759",p450,0.0,0.0,Phase I: Functionalization,Cytochrome P450s (CYP450),CYP Monooxygenases,No
"NPIL_122761,",GFT97651.1,,,,,,,30611.ENSOGAP00000009865,39.4,3.41e-07,53.5,0.0,0.0,0.0,0.0,"hypothetical protein NPIL_122761, partial [Nephila pilipes]",,"35E4R@314146,38BTY@33154,3BF8S@33208,3CV2F@33213,3J4KT@40674,488IN@7711,490UU@7742,4M8DK@9443,COG2124@1,KOG0158@2759",p450,0.0,0.0,Phase I: Functionalization,Cytochrome P450s (CYP450),CYP Monooxygenases,No
"NPIL_125181,",GFU00939.1,CJA09214,,,,,,281687.CJA09214,40.4,1.25e-05,47.8,0.0,0.0,0.0,0.0,"hypothetical protein NPIL_125181, partial [Nephila pilipes]",,"1KYTP@119089,38CHP@33154,3B9GY@33208,3CSG8@33213,40C0Q@6231,40VBW@6236,COG2124@1,KOG0157@2759",p450,0.0,0.0,Phase I: Functionalization,Cytochrome P450s (CYP450),CYP Monooxygenases,No
"NPIL_126231,",GFU48106.1,,,,,,,7668.SPU_018563-tr,31.9,0.000331,48.9,0.0,0.0,0.0,0.0,"uncharacterized protein NPIL_126231, partial [Nephila pilipes]",,"39MZD@33154,3BEE9@33208,3CT41@33213,KOG2504@1,KOG2504@2759",MFS_1,0.0,0.0,Phase III: Efflux & Transport,MFS Xenobiotic Transporters,Solute Carrier Efflux,No
NPIL_133651,GFT57052.1,,,,,,,7091.BGIBMGA003138-TA,37.2,2.18e-11,67.4,0.0,0.0,0.14370493643225,0.0,hypothetical protein NPIL_133651 [Nephila pilipes],,"38D7W@33154,3BAF9@33208,3D0PE@33213,3SK55@50557,41VZG@6656,442D7@7088,KOG2504@1,KOG2504@2759",MFS_1,0.0359262341080625,0.05092127573159494,Phase III: Efflux & Transport,MFS Xenobiotic Transporters,Solute Carrier Efflux,No
NPIL_134551,GFU40620.1,6042294,,,,,,7176.CPIJ009452-PA,28.4,3.56e-18,95.1,0.302699337129088,0.356182250993021,0.306242718254937,0.0,hypothetical protein NPIL_134551 [Nephila pilipes],,"396P2@33154,3BC29@33208,3D0NS@33213,3SI7V@50557,41XNV@6656,455JJ@7147,45ECK@7148,KOG2504@1,KOG2504@2759",MFS_1,0.24128107659426148,0.31182983738079406,Phase III: Efflux & Transport,MFS Xenobiotic Transporters,Solute Carrier Efflux,Yes
NPIL_134561,GFU40622.1,6042294,,,,,,7176.CPIJ009452-PA,29.4,1.1e-20,104.0,0.0266768837953864,0.220713267950732,0.179927745807743,0.0492817639229866,hypothetical protein NPIL_134561 [Nephila pilipes],,"396P2@33154,3BC29@33208,3D0NS@33213,3SI7V@50557,41XNV@6656,455JJ@7147,45ECK@7148,KOG2504@1,KOG2504@2759",MFS_1,0.119149915369212,0.1624033050123091,Phase III: Efflux & Transport,MFS Xenobiotic Transporters,Solute Carrier Efflux,Yes
NPIL_134571,GFU40624.1,,,,,,,69319.XP_008546175.1,25.4,3.46e-38,156.0,0.0806744728036648,0.133493302060855,0.30121239888071,0.0212906658054116,hypothetical protein NPIL_134571 [Nephila pilipes],,"39T7H@33154,3BHHG@33208,3D3AH@33213,3SIZP@50557,41Y97@6656,46K30@7399,KOG2504@1,KOG2504@2759",MFS_1,0.13416770988766036,0.18163398801683853,Phase III: Efflux & Transport,MFS Xenobiotic Transporters,Solute Carrier Efflux,Yes
"NPIL_137561,",GFT58670.1,,,,,,,43179.ENSSTOP00000023321,53.9,3.0099999999999995e-104,320.0,0.0,0.0,0.0,0.0,"hypothetical protein NPIL_137561, partial [Nephila pilipes]",,"358X0@314146,38B44@33154,3BBW2@33208,3CX8R@33213,3J1PW@40674,4835V@7711,48ZMJ@7742,4PU2V@9989,COG0008@1,KOG1147@2759","GST_C,tRNA-synt_1c",0.0,0.0,Phase II: Conjugation,Glutathione S-Transferases (GST),Glutathione Conjugation,No
NPIL_13821,GFS63949.1,L798_03493,ko:K12301,"map04142,ko04142",,,"ko02000,ko00001,ko00000",136037.KDR06530,42.8,2.59e-24,107.0,0.0,0.0153066292463475,0.0087736802056686,0.0,hypothetical protein NPIL_13821 [Nephila pilipes],,"38CXA@33154,3BBSD@33208,3CR7D@33213,3SKJN@50557,41THY@6656,KOG2532@1,KOG2532@2759",MFS_1,0.006020077363004025,0.008659097611633311,Phase III: Efflux & Transport,MFS Xenobiotic Transporters,Solute Carrier Efflux,No
NPIL_13831,GFS63951.1,SLC17A5,,,,,,28737.XP_006902941.1,44.5,8.31e-108,334.0,0.0,0.0,0.0,0.0,hypothetical protein NPIL_13831 [Nephila pilipes],,"34TP0@311790,38CXA@33154,3BBSD@33208,3CR7D@33213,3J5SD@40674,48475@7711,48Z4H@7742,KOG2532@1,KOG2532@2759",MFS_1,0.0,0.0,Phase III: Efflux & Transport,MFS Xenobiotic Transporters,Solute Carrier Efflux,No
"NPIL_142041,",GFU44207.1,,,,,,,126957.SMAR009405-PA,47.1,3.46e-46,167.0,0.0,0.0,0.0,0.0,"uncharacterized protein NPIL_142041, partial [Nephila pilipes]",,"38HJK@33154,3BCQV@33208,3CS1Z@33213,41VZP@6656,KOG2504@1,KOG2504@2759",MFS_1,0.0,0.0,Phase III: Efflux & Transport,MFS Xenobiotic Transporters,Solute Carrier Efflux,No
NPIL_142281,GFU06134.1,,,,,,,7070.TC014220-PA,28.9,1.62e-17,94.7,0.0,0.0,0.0,0.0,uncharacterized protein NPIL_142281 [Nephila pilipes],,"39RJK@33154,3BD4Y@33208,3D24G@33213,3SGYN@50557,41UFD@6656,KOG2504@1,KOG2504@2759",MFS_1,0.0,0.0,Phase III: Efflux & Transport,MFS Xenobiotic Transporters,Solute Carrier Efflux,No
NPIL_142282,GFU06131.1,,,,,,,7070.TC014220-PA,28.9,1.85e-17,94.7,0.0,0.331299372542045,0.295398562307583,0.0,uncharacterized protein NPIL_142282 [Nephila pilipes],,"39RJK@33154,3BD4Y@33208,3D24G@33213,3SGYN@50557,41UFD@6656,KOG2504@1,KOG2504@2759",MFS_1,0.156674483712407,0.20998291214723508,Phase III: Efflux & Transport,MFS Xenobiotic Transporters,Solute Carrier Efflux,Yes
NPIL_14501,GFU38602.1,1274531,,,,,,7165.AGAP004384-PA,23.2,1.17e-25,121.0,1.32568516310854,5.08395355450144,1.01693545870227,1.78683537993982,uncharacterized protein NPIL_14501 [Nephila pilipes],,"39RJK@33154,3BD4Y@33208,3D24G@33213,3SGYN@50557,41UFD@6656,44XWK@7147,45FBX@7148,KOG2504@1,KOG2504@2759",MFS_1,2.3033523890630176,1.723930879050069,Phase III: Efflux & Transport,MFS Xenobiotic Transporters,Solute Carrier Efflux,Yes
NPIL_145931,GFT00394.1,abhd11,,,,,,8128.ENSONIP00000011006,31.1,2.31e-36,139.0,5.89984261188297,2.17709696429261,0.332773505893309,0.268640367681051,hypothetical protein NPIL_145931 [Nephila pilipes],,"39UJH@33154,3BHQ0@33208,3CX97@33213,4895K@7711,48YTE@7742,49ZEY@7898,COG0596@1,KOG2382@2759",Abhydrolase_1,2.169588362437485,1.664295488304275,Phase I: Functionalization,Carboxylesterases (COE),Esterases & Hydrolases,Yes
NPIL_145951,GFT00400.1,abhd11,ko:K13703,,,,"ko01002,ko00000",31033.ENSTRUP00000025600,41.2,2.42e-21,97.4,10.6653899020156,8.07016937104231,0.384901917968789,1.76806946177366,hypothetical protein NPIL_145951 [Nephila pilipes],,"39UJH@33154,3BHQ0@33208,3CX97@33213,4895K@7711,48YTE@7742,49ZEY@7898,COG0596@1,KOG2382@2759",Abhydrolase_1,5.22213266320009,2.637409155158458,Phase I: Functionalization,Carboxylesterases (COE),Esterases & Hydrolases,Yes
"NPIL_153151,",GFU17745.1,ybfF,ko:K01175,,,,"ko01000,ko00000",406817.XNC1_1385,43.8,2.23e-12,67.4,0.0,0.0,0.0,0.0,"hypothetical protein NPIL_153151, partial [Nephila pilipes]",,"1R9X7@1224,1S2CW@1236,COG0596@1,COG0596@2",Abhydrolase_1,0.0,0.0,Phase I: Functionalization,Carboxylesterases (COE),Esterases & Hydrolases,No
NPIL_153691,GFT69641.1,,ko:K02577,"map01100,ko00534,map00534,ko01100",M00059,,"ko01003,ko01000,ko00001,ko00000,ko00002",6669.EFX70155,71.6,0.0,929.0,0.0300744114485724,0.411387321319993,0.603458138976182,0.1111164299773,hypothetical protein NPIL_153691 [Nephila pilipes],,"38FX2@33154,3BAKF@33208,3CVV0@33213,41TYB@6656,KOG3703@2759,KOG3704@1","HSNSD,Sulfotransfer_1",0.28900907543051185,0.3662624212112021,Phase II: Conjugation,Sulfotransferases (SULT),Sulfation,Yes
NPIL_154031,GFU42675.1,,ko:K08189,,,,"ko02000,ko00000",7739.XP_002592532.1,42.9,5.6e-06,57.4,1.69027561316506,0.0,0.0,0.0,hypothetical protein NPIL_154031 [Nephila pilipes],,"38I0V@33154,KOG2504@1,KOG2504@2759",MFS_1,0.422568903291265,0.5084985323414557,Phase III: Efflux & Transport,MFS Xenobiotic Transporters,Solute Carrier Efflux,Yes
NPIL_15531,GFT90994.1,101889976,ko:K20840,,,,"ko02000,ko00000",7370.XP_005181545.1,27.4,1.53e-50,189.0,1.67014169205532,0.670478115499294,0.45213478311108,0.150965147093088,hypothetical protein NPIL_15531 [Nephila pilipes],,"39VY0@33154,3BMCN@33208,3D0H7@33213,3SGUN@50557,41YD6@6656,4505M@7147,KOG2816@1,KOG2816@2759",MFS_1,0.7359299344396956,0.7957087189365855,Phase III: Efflux & Transport,MFS Xenobiotic Transporters,Solute Carrier Efflux,Yes
"NPIL_155671,",GFU42938.1,GI14514,,,,,,7230.FBpp0163731,65.9,1.23e-12,65.5,0.0,0.0,0.0,0.0,"hypothetical protein NPIL_155671, partial [Nephila pilipes]",,"38E9D@33154,3BA6C@33208,3CTTI@33213,3SJG0@50557,41UAZ@6656,44Z2F@7147,45RTP@7214,COG0596@1,KOG2624@2759",Abhydrolase_1,0.0,0.0,Phase I: Functionalization,Carboxylesterases (COE),Esterases & Hydrolases,No
"NPIL_157211,",GFT09064.1,GG17757,ko:K12301,"map04142,ko04142",,,"ko02000,ko00001,ko00000",7220.FBpp0136303,44.4,1.3e-92,294.0,0.0,0.0,0.0,0.0,"hypothetical protein NPIL_157211, partial [Nephila pilipes]",,"38CXA@33154,3BBSD@33208,3CR7D@33213,3SKJN@50557,41THY@6656,4512W@7147,45WHN@7214,KOG2532@1,KOG2532@2759",MFS_1,0.0,0.0,Phase III: Efflux & Transport,MFS Xenobiotic Transporters,Solute Carrier Efflux,No
"NPIL_158761,",GFT19355.1,,,,,,,9733.XP_004268946.1,34.8,1.01e-09,62.4,0.0,0.0,0.0,0.0,"hypothetical protein NPIL_158761, partial [Nephila pilipes]",,"38BTY@33154,3BF8S@33208,3CV2F@33213,3J4KT@40674,488IN@7711,490UU@7742,4J1U9@91561,COG2124@1,KOG0158@2759",p450,0.0,0.0,Phase I: Functionalization,Cytochrome P450s (CYP450),CYP Monooxygenases,No
"NPIL_159031,",GFT26525.1,105622490,ko:K08193,,,,"ko02000,ko00000",12957.ACEP16186-PA,47.5,6.94e-09,58.9,0.0,0.0,0.0,0.0,"uncharacterized protein NPIL_159031, partial [Nephila pilipes]",,"39WWZ@33154,3BP43@33208,3CUA8@33213,3SK8Z@50557,41X4A@6656,46FA7@7399,KOG2532@1,KOG2532@2759",MFS_1,0.0,0.0,Phase III: Efflux & Transport,MFS Xenobiotic Transporters,Solute Carrier Efflux,No
NPIL_166511,GFT98169.1,ACK66184.1,,,,,,41431.PCC8801_2155,42.3,1.67e-73,234.0,0.0,0.188052448177493,0.12161000290409,0.145346961102047,hypothetical protein NPIL_166511 [Nephila pilipes],,"1G8T0@1117,31CAG@2,3KFWM@43988,KOG1584@1",Sulfotransfer_1,0.1137523530459075,0.15542847975983534,Phase II: Conjugation,Sulfotransferases (SULT),Sulfation,Yes
NPIL_167051,GFT26564.1,,ko:K00512,"map01100,map04913,ko04934,ko00140,ko01100,ko04917,ko04913,ko04927,map04927,map04934,map00140,map04917","M00109,M00110","1.14.14.32,1.14.14.19","ko01000,ko00001,ko00000,ko00199,ko00002",7739.XP_002601864.1,44.4,4.26e-14,73.2,0.0,0.0,0.0,0.0,hypothetical protein NPIL_167051 [Nephila pilipes],,"39TR9@33154,3BCD7@33208,3CVMS@33213,48BET@7711,COG2124@1,KOG0156@2759",p450,0.0,0.0,Phase I: Functionalization,Cytochrome P450s (CYP450),CYP Monooxygenases,No
"NPIL_171931,",GFT84271.1,105622490,ko:K08193,,,,"ko02000,ko00000",12957.ACEP16186-PA,47.5,6.94e-09,58.9,0.0,0.0,0.0,0.0,"uncharacterized protein NPIL_171931, partial [Nephila pilipes]",,"39WWZ@33154,3BP43@33208,3CUA8@33213,3SK8Z@50557,41X4A@6656,46FA7@7399,KOG2532@1,KOG2532@2759",MFS_1,0.0,0.0,Phase III: Efflux & Transport,MFS Xenobiotic Transporters,Solute Carrier Efflux,No
"NPIL_175621,",GFT70501.1,,,,,,,13249.RPRC000342-PA,28.2,2.73e-28,117.0,0.0,0.0,0.0,0.0,"hypothetical protein NPIL_175621, partial [Nephila pilipes]",,"39UJH@33154,3BHQ0@33208,3CX97@33213,3EABI@33342,3SKQU@50557,41YJQ@6656,COG0596@1,KOG2382@2759",Abhydrolase_6,0.0,0.0,Phase I: Functionalization,Carboxylesterases (COE),Esterases & Hydrolases,No
"NPIL_17791,",GFU07014.1,GF16120,ko:K08202,"ko05231,map05231",,,"ko02000,ko00001,ko00000",7217.FBpp0119312,47.1,3.28e-10,62.0,0.0,0.0,0.0,0.0,"hypothetical protein NPIL_17791, partial [Nephila pilipes]",,"38FJ1@33154,3B9N9@33208,3CT4W@33213,3SJ4H@50557,41WFS@6656,44YKN@7147,45V80@7214,KOG0255@1,KOG0255@2759",MFS_1,0.0,0.0,Phase III: Efflux & Transport,MFS Xenobiotic Transporters,Solute Carrier Efflux,No
NPIL_178401,GFT89543.1,,,,,,,7719.XP_002126140.1,35.5,9.17e-44,158.0,0.0,1.19237414493368,0.113910442166228,0.0,hypothetical protein NPIL_178401 [Nephila pilipes],,"394HT@33154,3BI89@33208,3CWR8@33213,483TN@7711,KOG1584@1,KOG1584@2759",Sulfotransfer_1,0.326571146774977,0.4077020523829704,Phase II: Conjugation,Sulfotransferases (SULT),Sulfation,Yes
NPIL_178411,GFT89546.1,,,,,,,7719.XP_002126140.1,39.2,4.4e-49,172.0,6.03994775608387,1.79472866987432,0.402918909700216,2.36683743253199,hypothetical protein NPIL_178411 [Nephila pilipes],,"394HT@33154,3BI89@33208,3CWR8@33213,483TN@7711,KOG1584@1,KOG1584@2759",Sulfotransfer_1,2.651108192047599,1.8683344202978205,Phase II: Conjugation,Sulfotransferases (SULT),Sulfation,Yes
NPIL_178421,GFT89547.1,,,,,,,7719.XP_002126140.1,37.0,1.86e-46,165.0,0.353429330910746,0.160540195639591,0.306736014839966,0.134422775561681,hypothetical protein NPIL_178421 [Nephila pilipes],,"394HT@33154,3BI89@33208,3CWR8@33213,483TN@7711,KOG1584@1,KOG1584@2759",Sulfotransfer_1,0.23878207923799602,0.3089224176203055,Phase II: Conjugation,Sulfotransferases (SULT),Sulfation,Yes
"NPIL_181291,",GFS92135.1,,,,,,,6669.EFX78851,28.0,2.1500000000000007e-21,99.4,0.0,0.0,0.0,0.0,"hypothetical protein NPIL_181291, partial [Nephila pilipes]",,"38Z6F@33154,3BN7F@33208,3D5IX@33213,41Y40@6656,KOG3762@1,KOG3762@2759",MFS_1_like,0.0,0.0,Phase III: Efflux & Transport,MFS Xenobiotic Transporters,Solute Carrier Efflux,No
"NPIL_181891,",GFU39863.1,,,,,,,7719.XP_002126140.1,39.4,2.08e-40,146.0,0.0,0.0,0.0,0.0,"hypothetical protein NPIL_181891, partial [Nephila pilipes]",,"394HT@33154,3BI89@33208,3CWR8@33213,483TN@7711,KOG1584@1,KOG1584@2759",Sulfotransfer_1,0.0,0.0,Phase II: Conjugation,Sulfotransferases (SULT),Sulfation,No
NPIL_181901,GFU39864.1,,,,,,,7719.XP_004225930.1,39.3,2.53e-10,63.5,536.082573297508,308.134104169074,2.8824294495976,5.05273783618517,hypothetical protein NPIL_181901 [Nephila pilipes],,"394HT@33154,3BI89@33208,3CWR8@33213,483TN@7711,KOG1584@1,KOG1584@2759",Sulfotransfer_1,213.0379611880912,7.741722881545573,Phase II: Conjugation,Sulfotransferases (SULT),Sulfation,Yes
"NPIL_183741,",GFS67533.1,107363314,ko:K15001,,,,"ko01000,ko00000,ko00199",32264.tetur09g03800.1,29.7,1.9e-12,72.0,0.0,0.0,0.0,0.0,"hypothetical protein NPIL_183741, partial [Nephila pilipes]",,"38CHP@33154,3B9GY@33208,3CSG8@33213,41U3I@6656,COG2124@1,KOG0157@2759",p450,0.0,0.0,Phase I: Functionalization,Cytochrome P450s (CYP450),CYP Monooxygenases,No
NPIL_185741,GFU27357.1,ABHD14A,ko:K13706,,,,"ko01002,ko00000",181119.XP_005522335.1,41.8,9.75e-42,150.0,1.25214269321976,0.966905307814455,0.633400101981637,1.11031500221903,hypothetical protein NPIL_185741 [Nephila pilipes],,"2QR0B@2759,39WJ0@33154,3BKRU@33208,3D3DT@33213,48CME@7711,495TA@7742,4GSC3@8782,COG0596@1",Abhydrolase_6,0.9906907763087205,0.9932691376165342,Phase I: Functionalization,Carboxylesterases (COE),Esterases & Hydrolases,Yes
"NPIL_187841,",GFU23497.1,GF21320,ko:K12301,"map04142,ko04142",,,"ko02000,ko00001,ko00000",7217.FBpp0124512,39.6,3.9099999999999995e-46,170.0,0.0,0.0,0.0,0.0,"hypothetical protein NPIL_187841, partial [Nephila pilipes]",,"38CXA@33154,3BBSD@33208,3CR7D@33213,3SKJN@50557,41THY@6656,4512W@7147,45WHN@7214,KOG2532@1,KOG2532@2759",MFS_1,0.0,0.0,Phase III: Efflux & Transport,MFS Xenobiotic Transporters,Solute Carrier Efflux,No
"NPIL_194231,",GFT40932.1,,,,,,,6326.BUX.s00116.152,53.0,1.73e-11,66.2,0.0,0.0,0.0,0.0,"hypothetical protein NPIL_194231, partial [Nephila pilipes]",,"1KYTP@119089,38CHP@33154,3B9GY@33208,3CSG8@33213,40C0Q@6231,COG2124@1,KOG0157@2759",p450,0.0,0.0,Phase I: Functionalization,Cytochrome P450s (CYP450),CYP Monooxygenases,No
NPIL_194991,GFS71880.1,,,,,,,51511.ENSCSAVP00000010813,36.3,1.06e-40,147.0,18.7305499697345,10.4243181683687,0.711329156016574,0.0,hypothetical protein NPIL_194991 [Nephila pilipes],,"394HT@33154,3BI89@33208,3CWR8@33213,483TN@7711,KOG1584@1,KOG1584@2759",Sulfotransfer_1,7.466549323529944,3.0817740961005082,Phase II: Conjugation,Sulfotransferases (SULT),Sulfation,Yes
"NPIL_197191,",GFT58229.1,,,,,,,8081.XP_008403244.1,61.2,9.7e-09,58.2,0.0,0.0,0.0,0.0,"hypothetical protein NPIL_197191, partial [Nephila pilipes]",,"38BTY@33154,3BF8S@33208,3CV2F@33213,488IN@7711,490UU@7742,49ZTB@7898,COG2124@1,KOG0158@2759",p450,0.0,0.0,Phase I: Functionalization,Cytochrome P450s (CYP450),CYP Monooxygenases,No
NPIL_201451,GFT03983.1,KIAA1919,ko:K08175,,,,"ko02000,ko00000",9823.ENSSSCP00000004767,34.1,7.719999999999999e-54,196.0,0.071396332907528,0.0787604133305562,0.442851530509104,0.113052524113702,hypothetical protein NPIL_201451 [Nephila pilipes],,"28Z0Q@1,2R5UW@2759,38BCW@33154,3BHS8@33208,3D1D3@33213,3J2M1@40674,4846H@7711,48X24@7742,4J37V@91561",MFS_1,0.17651520021522255,0.2345199598596705,Phase III: Efflux & Transport,MFS Xenobiotic Transporters,Solute Carrier Efflux,Yes
"NPIL_202511,",GFU06517.1,v1g190285,ko:K06158,,,,"ko03012,ko00000",45351.EDO36317,81.8,6.62e-10,58.9,0.0,0.0,0.0,0.0,"hypothetical protein NPIL_202511, partial [Nephila pilipes]",,"38FBM@33154,3B9H1@33208,COG0488@1,KOG0062@2759","ABC_tran,ABC_tran_Xtn",0.0,0.0,Phase III: Efflux & Transport,ABC Transporters (ABCA/B/C/G),ATP-Dependent Efflux,No
"NPIL_205671,",GFT65628.1,105622490,ko:K08193,,,,"ko02000,ko00000",12957.ACEP16186-PA,47.5,6.94e-09,58.9,0.0,0.0,0.0,0.0,"uncharacterized protein NPIL_205671, partial [Nephila pilipes]",,"39WWZ@33154,3BP43@33208,3CUA8@33213,3SK8Z@50557,41X4A@6656,46FA7@7399,KOG2532@1,KOG2532@2759",MFS_1,0.0,0.0,Phase III: Efflux & Transport,MFS Xenobiotic Transporters,Solute Carrier Efflux,No
"NPIL_213261,",GFU58016.1,L798_14462,ko:K14999,,,,"ko01000,ko00000,ko00199",136037.KDR10939,66.7,2.38e-06,48.9,0.0,0.0,0.0,0.0,"hypothetical protein NPIL_213261, partial [Nephila pilipes]",,"38BTY@33154,3BF8S@33208,3D3J9@33213,3SZP8@50557,41X57@6656,COG2124@1,KOG0158@2759",p450,0.0,0.0,Phase I: Functionalization,Cytochrome P450s (CYP450),CYP Monooxygenases,No
NPIL_218381,GFT55000.1,107369096,ko:K12301,"map04142,ko04142",,,"ko02000,ko00001,ko00000",32264.tetur30g01230.1,31.9,7.59e-80,264.0,0.0095235096647621,0.0630347969153296,0.192699826482948,0.0,hypothetical protein NPIL_218381 [Nephila pilipes],,"38CXA@33154,3BBSD@33208,3CR7D@33213,41THY@6656,KOG2532@1,KOG2532@2759",MFS_1,0.06631453326575992,0.09263305596810967,Phase III: Efflux & Transport,MFS Xenobiotic Transporters,Solute Carrier Efflux,No
"NPIL_218861,",GFT50224.1,8231855,ko:K08193,,,,"ko02000,ko00000",121225.PHUM343950-PA,38.3,1.86e-10,63.2,0.0,0.0,0.0,0.0,"hypothetical protein NPIL_218861, partial [Nephila pilipes]",,"39XKC@33154,3BMP2@33208,3D5XJ@33213,3EBYQ@33342,3SIAX@50557,41YGC@6656,KOG2532@1,KOG2532@2759",MFS_1,0.0,0.0,Phase III: Efflux & Transport,MFS Xenobiotic Transporters,Solute Carrier Efflux,No
NPIL_220121,GFT80241.1,,ko:K12301,"map04142,ko04142",,,"ko02000,ko00001,ko00000",7070.TC006625-PA,47.6,3.99e-144,430.0,0.0145084765486849,0.059446898429301,0.269102385663288,0.0038289078912911,hypothetical protein NPIL_220121 [Nephila pilipes],,"38CXA@33154,3BBSD@33208,3CR7D@33213,3SKJN@50557,41THY@6656,KOG2532@1,KOG2532@2759",MFS_1,0.08672166713314125,0.11998248234766676,Phase III: Efflux & Transport,MFS Xenobiotic Transporters,Solute Carrier Efflux,No
NPIL_220221,GFU62006.1,,ko:K08229,,,,"ko02000,ko00000",32264.tetur03g06220.1,41.6,1.87e-37,144.0,0.594743089141772,0.256570366186258,0.397775264044468,0.135036197805089,uncharacterized protein NPIL_220221 [Nephila pilipes],,"28M7G@1,2RUIA@2759,396I8@33154,3CAWT@33208,3DS4X@33213,423Q8@6656",MFS_1,0.3460312292943967,0.42871188232973023,Phase III: Efflux & Transport,MFS Xenobiotic Transporters,Solute Carrier Efflux,Yes
"NPIL_221181,",GFS65773.1,,,,,,,13249.RPRC000342-PA,28.9,1.82e-30,123.0,0.0,0.0,0.0,0.0,"hypothetical protein NPIL_221181, partial [Nephila pilipes]",,"39UJH@33154,3BHQ0@33208,3CX97@33213,3EABI@33342,3SKQU@50557,41YJQ@6656,COG0596@1,KOG2382@2759",Abhydrolase_6,0.0,0.0,Phase I: Functionalization,Carboxylesterases (COE),Esterases & Hydrolases,No
NPIL_223411,GFS55850.1,107371576,,,,,,32264.tetur02g09990.1,43.9,3.1e-100,312.0,0.499384910495594,0.323005788069808,0.368018751952445,0.132739983055944,hypothetical protein NPIL_223411 [Nephila pilipes],,"38FPD@33154,3BEBC@33208,3CTZN@33213,429ZB@6656,KOG1584@1,KOG1584@2759",Sulfotransfer_1,0.33078735839344775,0.41228006674241435,Phase II: Conjugation,Sulfotransferases (SULT),Sulfation,Yes
NPIL_226521,GFS45863.1,,ko:K12301,"map04142,ko04142",,,"ko02000,ko00001,ko00000",7091.BGIBMGA005389-TA,33.2,7.01e-88,286.0,0.0,0.0,0.0,0.0,hypothetical protein NPIL_226521 [Nephila pilipes],,"38CXA@33154,3BBSD@33208,3CR7D@33213,3SKJN@50557,41THY@6656,441IM@7088,KOG2532@1,KOG2532@2759",MFS_1,0.0,0.0,Phase III: Efflux & Transport,MFS Xenobiotic Transporters,Solute Carrier Efflux,No
NPIL_226522,GFS45861.1,,ko:K12301,"map04142,ko04142",,,"ko02000,ko00001,ko00000",7091.BGIBMGA005389-TA,33.2,1.5e-87,286.0,0.0,0.0,0.126037789621188,0.0,hypothetical protein NPIL_226522 [Nephila pilipes],,"38CXA@33154,3BBSD@33208,3CR7D@33213,3SKJN@50557,41THY@6656,441IM@7088,KOG2532@1,KOG2532@2759",MFS_1,0.031509447405297,0.04475703466342337,Phase III: Efflux & Transport,MFS Xenobiotic Transporters,Solute Carrier Efflux,No
NPIL_226531,GFS45865.1,,ko:K08193,,,,"ko02000,ko00000",7029.ACYPI009120-PA,30.5,4.5499999999999995e-46,171.0,0.109275376784604,0.0783551867406219,0.0967352295827987,0.0,hypothetical protein NPIL_226531 [Nephila pilipes],,"39XKC@33154,3BMP2@33208,3D5XJ@33213,3EBYQ@33342,3SIAX@50557,41YGC@6656,KOG2532@1,KOG2532@2759",MFS_1,0.07109144827700614,0.0990816606143046,Phase III: Efflux & Transport,MFS Xenobiotic Transporters,Solute Carrier Efflux,No
NPIL_228741,GFT55309.1,,,,,,,126957.SMAR006496-PA,51.5,0.0,1325.0,0.0,0.0,0.0,0.0,hypothetical protein NPIL_228741 [Nephila pilipes],,"38CH6@33154,3BDC6@33208,3CXM9@33213,41VGC@6656,COG1132@1,KOG0054@2759","ABC_membrane,ABC_tran",0.0,0.0,Phase III: Efflux & Transport,ABC Transporters (ABCA/B/C/G),ATP-Dependent Efflux,No
NPIL_228742,GFT55310.1,,,,,,,126957.SMAR006496-PA,51.5,0.0,1330.0,0.0,0.0,0.0,0.0,hypothetical protein NPIL_228742 [Nephila pilipes],,"38CH6@33154,3BDC6@33208,3CXM9@33213,41VGC@6656,COG1132@1,KOG0054@2759","ABC_membrane,ABC_tran",0.0,0.0,Phase III: Efflux & Transport,ABC Transporters (ABCA/B/C/G),ATP-Dependent Efflux,No
NPIL_228743,GFT55308.1,,,,,,,126957.SMAR006496-PA,50.6,0.0,1324.0,0.0,0.0,0.0,0.0,hypothetical protein NPIL_228743 [Nephila pilipes],,"38CH6@33154,3BDC6@33208,3CXM9@33213,41VGC@6656,COG1132@1,KOG0054@2759","ABC_membrane,ABC_tran",0.0,0.0,Phase III: Efflux & Transport,ABC Transporters (ABCA/B/C/G),ATP-Dependent Efflux,No
NPIL_230731,GFT76306.1,ACK66184.1,,,,,,41431.PCC8801_2155,41.6,8.349999999999999e-74,235.0,23.2644301313139,11.5944000223909,0.796506335691767,0.174528890016408,hypothetical protein NPIL_230731 [Nephila pilipes],,"1G8T0@1117,31CAG@2,3KFWM@43988,KOG1584@1",Sulfotransfer_1,8.957466344853245,3.3157786984463153,Phase II: Conjugation,Sulfotransferases (SULT),Sulfation,Yes
"NPIL_230871,",GFT60138.1,,,,,,,79684.XP_005371100.1,50.9,1.13e-09,59.3,0.0,0.0,0.0,0.0,"hypothetical protein NPIL_230871, partial [Nephila pilipes]",,"35CUG@314146,38BSU@33154,3BC78@33208,3CRSA@33213,3JBZK@40674,482KT@7711,48WKH@7742,4PXUR@9989,COG2124@1,KOG0156@2759",p450,0.0,0.0,Phase I: Functionalization,Cytochrome P450s (CYP450),CYP Monooxygenases,No
"NPIL_232411,",GFT28776.1,LOC574944,ko:K12301,"map04142,ko04142",,,"ko02000,ko00001,ko00000",7668.SPU_002558-tr,45.5,5.52e-106,329.0,0.0,0.0,0.0,0.0,"hypothetical protein NPIL_232411, partial [Nephila pilipes]",,"38CXA@33154,3BBSD@33208,3CR7D@33213,KOG2532@1,KOG2532@2759",MFS_1,0.0,0.0,Phase III: Efflux & Transport,MFS Xenobiotic Transporters,Solute Carrier Efflux,No
"NPIL_24351,",GFS80577.1,107369096,ko:K12301,"map04142,ko04142",,,"ko02000,ko00001,ko00000",32264.tetur30g01230.1,44.3,3.44e-25,108.0,0.0,0.0,0.0,0.0,"hypothetical protein NPIL_24351, partial [Nephila pilipes]",,"38CXA@33154,3BBSD@33208,3CR7D@33213,41THY@6656,KOG2532@1,KOG2532@2759",MFS_1,0.0,0.0,Phase III: Efflux & Transport,MFS Xenobiotic Transporters,Solute Carrier Efflux,No
NPIL_244641,GFS40871.1,L798_03493,ko:K12301,"map04142,ko04142",,,"ko02000,ko00001,ko00000",136037.KDR06530,42.8,2.59e-24,107.0,0.0,0.0,0.0058484321469766,0.0,hypothetical protein NPIL_244641 [Nephila pilipes],,"38CXA@33154,3BBSD@33208,3CR7D@33213,3SKJN@50557,41THY@6656,KOG2532@1,KOG2532@2759",MFS_1,0.00146210803674415,0.002107835447510182,Phase III: Efflux & Transport,MFS Xenobiotic Transporters,Solute Carrier Efflux,No
NPIL_244651,GFS40874.1,SLC17A5,,,,,,28737.XP_006902941.1,44.5,8.31e-108,334.0,0.0,0.0101575197943707,0.0,0.0,hypothetical protein NPIL_244651 [Nephila pilipes],,"34TP0@311790,38CXA@33154,3BBSD@33208,3CR7D@33213,3J5SD@40674,48475@7711,48Z4H@7742,KOG2532@1,KOG2532@2759",MFS_1,0.002539379948592675,0.003658907144746628,Phase III: Efflux & Transport,MFS Xenobiotic Transporters,Solute Carrier Efflux,No
NPIL_252001,GFU31643.1,,,,,,,126957.SMAR009417-PA,26.0,9.1e-52,191.0,1.5576240100379,0.662605893784516,0.343324067015768,0.0752284892751546,hypothetical protein NPIL_252001 [Nephila pilipes],,"39VY0@33154,3BMCN@33208,3D0H7@33213,41YD6@6656,KOG2816@1,KOG2816@2759",MFS_1,0.6596956150283346,0.7309186783463516,Phase III: Efflux & Transport,MFS Xenobiotic Transporters,Solute Carrier Efflux,Yes
NPIL_252031,GFU31646.1,1272954,ko:K20840,,,,"ko02000,ko00000",7165.AGAP003000-PA,27.0,3.3e-45,174.0,0.785954589158347,0.245871580581986,0.11867984009283,0.130024456997803,hypothetical protein NPIL_252031 [Nephila pilipes],,"38CQZ@33154,3BGVZ@33208,3CRKZ@33213,3SFX9@50557,41XZR@6656,458VG@7147,45FKB@7148,KOG2816@1,KOG2816@2759",MFS_1,0.3201326167077415,0.4006828658384818,Phase III: Efflux & Transport,MFS Xenobiotic Transporters,Solute Carrier Efflux,Yes
"NPIL_258091,",GFS32385.1,105622490,ko:K08193,,,,"ko02000,ko00000",12957.ACEP16186-PA,47.5,6.94e-09,58.9,0.0,0.0,0.0,0.0,"uncharacterized protein NPIL_258091, partial [Nephila pilipes]",,"39WWZ@33154,3BP43@33208,3CUA8@33213,3SK8Z@50557,41X4A@6656,46FA7@7399,KOG2532@1,KOG2532@2759",MFS_1,0.0,0.0,Phase III: Efflux & Transport,MFS Xenobiotic Transporters,Solute Carrier Efflux,No
NPIL_259941,GFS65016.1,1271075,,,,,,7165.AGAP010881-PA,21.9,1.52e-13,82.4,0.289296187828169,0.0510616417407586,0.390243563273294,0.0,uncharacterized protein NPIL_259941 [Nephila pilipes],,"39T7H@33154,3BHHG@33208,3D3AH@33213,3SIZP@50557,41Y97@6656,44ZRE@7147,45MNY@7148,KOG2504@1,KOG2504@2759",MFS_1,0.18265034821055542,0.2420236024481518,Phase III: Efflux & Transport,MFS Xenobiotic Transporters,Solute Carrier Efflux,Yes
NPIL_259951,GFS65017.1,,,,,,,7918.ENSLOCP00000015323,25.2,0.000143,52.8,1.44903982434031,0.0,0.162889133515343,2.49843609221687,uncharacterized protein NPIL_259951 [Nephila pilipes],,"38FZ2@33154,3BFC5@33208,3CXS2@33213,48358@7711,494PC@7742,4A114@7898,KOG2504@1,KOG2504@2759",MFS_1,1.0275912625181307,1.0197668520598917,Phase III: Efflux & Transport,MFS Xenobiotic Transporters,Solute Carrier Efflux,Yes
NPIL_259961,GFS65019.1,,,,,,,126957.SMAR009253-PA,28.5,2.56e-15,80.9,0.0214185294536592,0.0472554307484613,0.234750246621486,0.0,uncharacterized protein NPIL_259961 [Nephila pilipes],,"39S3U@33154,3BNVI@33208,3D626@33213,41TRF@6656,KOG2504@1,KOG2504@2759",MFS_1,0.07585605170590162,0.10548505988091562,Phase III: Efflux & Transport,MFS Xenobiotic Transporters,Solute Carrier Efflux,No
NPIL_259971,GFS65021.1,G5I_05772,,,,,,103372.F4WJ94,21.2,1.64e-18,97.8,0.0,0.134280524835798,0.218078543884029,0.0562175746092583,uncharacterized protein NPIL_259971 [Nephila pilipes],,"39T7H@33154,3BHHG@33208,3D3AH@33213,3SIZP@50557,41Y97@6656,46K30@7399,KOG2504@1,KOG2504@2759",MFS_1,0.10214416083227133,0.14031294125505964,Phase III: Efflux & Transport,MFS Xenobiotic Transporters,Solute Carrier Efflux,Yes
NPIL_259981,GFS65023.1,,,,,,,10224.XP_002739959.1,31.9,2.64e-14,83.6,0.0075965635152509,0.0670408081746058,0.365060701528542,0.210503625155038,uncharacterized protein NPIL_259981 [Nephila pilipes],,"38CXG@33154,3C7PH@33208,3D71M@33213,KOG2504@1,KOG2504@2759",MFS_1,0.16255042459335917,0.21729329319536167,Phase III: Efflux & Transport,MFS Xenobiotic Transporters,Solute Carrier Efflux,Yes
NPIL_260021,GFS65030.1,AND_004319,,,,,,43151.ADAC004319-PA,30.2,2.87e-13,81.6,0.113079157984514,0.328866744675855,0.394343178360278,0.0949535119337133,uncharacterized protein NPIL_260021 [Nephila pilipes],,"39T7H@33154,3BHHG@33208,3D3AH@33213,3SIZP@50557,41Y97@6656,44ZRE@7147,45MNY@7148,KOG2504@1,KOG2504@2759",MFS_1,0.23281064823859007,0.30195122810636743,Phase III: Efflux & Transport,MFS Xenobiotic Transporters,Solute Carrier Efflux,Yes
"NPIL_261091,",GFU40013.1,,,,,,,13249.RPRC000342-PA,28.2,2.73e-28,117.0,0.0,0.0,0.0,0.0,"hypothetical protein NPIL_261091, partial [Nephila pilipes]",,"39UJH@33154,3BHQ0@33208,3CX97@33213,3EABI@33342,3SKQU@50557,41YJQ@6656,COG0596@1,KOG2382@2759",Abhydrolase_6,0.0,0.0,Phase I: Functionalization,Carboxylesterases (COE),Esterases & Hydrolases,No
NPIL_261611,GFU49176.1,,,,,,,126957.SMAR008711-PA,51.6,5.89e-124,372.0,0.662122416975377,0.672314873462631,0.348892283393069,1.28572621597023,hypothetical protein NPIL_261611 [Nephila pilipes],,"38H8B@33154,3BEPZ@33208,3CWGZ@33213,41V22@6656,COG0596@1,KOG4409@2759",Abhydrolase_1,0.7422639474503268,0.8009632042074535,Phase I: Functionalization,Carboxylesterases (COE),Esterases & Hydrolases,Yes
"NPIL_26271,",GFU00072.1,,,,,,,126957.SMAR008771-PA,43.6,3.06e-06,49.7,0.0,0.0,0.0,0.0,"hypothetical protein NPIL_26271, partial [Nephila pilipes]",,"38CHP@33154,3B9GY@33208,COG2124@1,KOG0157@2759",p450,0.0,0.0,Phase I: Functionalization,Cytochrome P450s (CYP450),CYP Monooxygenases,No
"NPIL_265441,",GFT99176.1,,,,,,,13249.RPRC015157-PA,73.8,3.35e-11,63.2,0.0,0.0,0.0,0.0,"hypothetical protein NPIL_265441, partial [Nephila pilipes]",,"38GN2@33154,3B9WM@33208,3CVEZ@33213,3E8MA@33342,3SKD2@50557,41W0U@6656,KOG2504@1,KOG2504@2759",MFS_1,0.0,0.0,Phase III: Efflux & Transport,MFS Xenobiotic Transporters,Solute Carrier Efflux,No
NPIL_269191,GFS78989.1,,,,,,,7091.BGIBMGA003138-TA,37.7,2.02e-10,63.2,0.0,0.0,0.0193602289518382,0.0,hypothetical protein NPIL_269191 [Nephila pilipes],,"38D7W@33154,3BAF9@33208,3D0PE@33213,3SK55@50557,41VZG@6656,442D7@7088,KOG2504@1,KOG2504@2759",MFS_1,0.00484005723795955,0.006965882505647169,Phase III: Efflux & Transport,MFS Xenobiotic Transporters,Solute Carrier Efflux,No
"NPIL_269601,",GFT68263.1,,,,,,,6669.EFX71860,26.4,4.97e-22,107.0,0.0,0.0,0.0,0.0,"hypothetical protein NPIL_269601, partial [Nephila pilipes]",,"38Z6F@33154,3BN7F@33208,3D5IX@33213,41Y40@6656,KOG3762@1,KOG3762@2759",MFS_1_like,0.0,0.0,Phase III: Efflux & Transport,MFS Xenobiotic Transporters,Solute Carrier Efflux,No
NPIL_274841,GFT94226.1,,ko:K12301,"map04142,ko04142",,,"ko02000,ko00001,ko00000",7070.TC006625-PA,32.1,2.06e-68,236.0,0.0509435021218596,0.110234543046567,0.208141677061093,0.036196501467713,hypothetical protein NPIL_274841 [Nephila pilipes],,"38CXA@33154,3BBSD@33208,3CR7D@33213,3SKJN@50557,41THY@6656,KOG2532@1,KOG2532@2759",MFS_1,0.10137905592430815,0.13931107924385575,Phase III: Efflux & Transport,MFS Xenobiotic Transporters,Solute Carrier Efflux,Yes
NPIL_276651,GFS68023.1,,ko:K12301,"map04142,ko04142",,,"ko02000,ko00001,ko00000",7719.XP_002122757.1,39.2,8.989999999999999e-24,106.0,0.0,0.0,0.0,0.0,hypothetical protein NPIL_276651 [Nephila pilipes],,"38CXA@33154,3BBSD@33208,3CR7D@33213,48475@7711,KOG2532@1,KOG2532@2759",MFS_1,0.0,0.0,Phase III: Efflux & Transport,MFS Xenobiotic Transporters,Solute Carrier Efflux,No
NPIL_276661,GFS68025.1,SLC17A5,,,,,,28737.XP_006902941.1,44.5,3.31e-107,333.0,0.0,0.0,0.0,0.0,hypothetical protein NPIL_276661 [Nephila pilipes],,"34TP0@311790,38CXA@33154,3BBSD@33208,3CR7D@33213,3J5SD@40674,48475@7711,48Z4H@7742,KOG2532@1,KOG2532@2759",MFS_1,0.0,0.0,Phase III: Efflux & Transport,MFS Xenobiotic Transporters,Solute Carrier Efflux,No
NPIL_276662,GFS68027.1,SLC17A5,,,,,,28737.XP_006902941.1,47.8,6.52e-86,274.0,0.0,0.0,0.0,0.0,hypothetical protein NPIL_276662 [Nephila pilipes],,"34TP0@311790,38CXA@33154,3BBSD@33208,3CR7D@33213,3J5SD@40674,48475@7711,48Z4H@7742,KOG2532@1,KOG2532@2759",MFS_1,0.0,0.0,Phase III: Efflux & Transport,MFS Xenobiotic Transporters,Solute Carrier Efflux,No
"NPIL_281381,",GFT36719.1,Cyp2ac1,ko:K17854,,,,"ko00000,ko00199",10116.ENSRNOP00000064100,37.3,8.16e-05,47.4,0.0,0.0,0.0,0.0,"hypothetical protein NPIL_281381, partial [Nephila pilipes]",,"35B7X@314146,38BSU@33154,3BC78@33208,3CRSA@33213,3J9BE@40674,489AB@7711,48YCB@7742,4Q8CP@9989,COG2124@1,KOG0156@2759",p450,0.0,0.0,Phase I: Functionalization,Cytochrome P450s (CYP450),CYP Monooxygenases,No
"NPIL_282951,",GFS50175.1,,,,,,,30611.ENSOGAP00000009865,39.2,6.22e-08,56.2,0.0,0.0,0.0,0.0,"hypothetical protein NPIL_282951, partial [Nephila pilipes]",,"35E4R@314146,38BTY@33154,3BF8S@33208,3CV2F@33213,3J4KT@40674,488IN@7711,490UU@7742,4M8DK@9443,COG2124@1,KOG0158@2759",p450,0.0,0.0,Phase I: Functionalization,Cytochrome P450s (CYP450),CYP Monooxygenases,No
"NPIL_283451,",GFT07331.1,,ko:K00799,"map05418,ko00480,map00480,map05204,ko00980,map00982,ko00982,map00980,ko00983,ko01524,map05225,ko05225,map05200,ko05204,map00983,ko05200,map01524,ko05418",,2.5.1.18,"ko01000,ko02000,ko00001,ko00000",7719.XP_009862354.1,39.7,4.6e-05,46.6,0.0,0.0,0.0,0.0,"hypothetical protein NPIL_283451, partial [Nephila pilipes]",,"38YPE@33154,3BFCR@33208,3CZP0@33213,482MY@7711,KOG1695@1,KOG1695@2759","GST_C_3,GST_N",0.0,0.0,Phase II: Conjugation,Glutathione S-Transferases (GST),Glutathione Conjugation,No
"NPIL_286511,",GFS46261.1,,,,,,,38654.XP_006015962.1,63.3,7.4e-14,70.9,0.0,0.0,0.0,0.0,"hypothetical protein NPIL_286511, partial [Nephila pilipes]",,"38CHP@33154,3B9GY@33208,3CSG8@33213,487KR@7711,49547@7742,COG2124@1,KOG0157@2759",p450,0.0,0.0,Phase I: Functionalization,Cytochrome P450s (CYP450),CYP Monooxygenases,No
"NPIL_287411,",GFT27009.1,,ko:K07418,"map01100,ko01100,map04750,map00590,map00591,ko00591,ko00590,ko04750,ko04913,map04726,map04212,ko04212,map04913,ko04726",,1.14.14.1,"ko01000,ko00001,ko00000,ko00199",7739.XP_002590123.1,43.1,8.05e-11,62.8,0.0,0.0,0.0,0.0,"hypothetical protein NPIL_287411, partial [Nephila pilipes]",,"38BSU@33154,3BC78@33208,3CRSA@33213,483G0@7711,COG2124@1,KOG0156@2759",p450,0.0,0.0,Phase I: Functionalization,Cytochrome P450s (CYP450),CYP Monooxygenases,No
"NPIL_295811,",GFT56292.1,,,,,,,9733.XP_004268946.1,34.8,1.01e-09,62.4,0.0,0.0,0.0,0.0,"hypothetical protein NPIL_295811, partial [Nephila pilipes]",,"38BTY@33154,3BF8S@33208,3CV2F@33213,3J4KT@40674,488IN@7711,490UU@7742,4J1U9@91561,COG2124@1,KOG0158@2759",p450,0.0,0.0,Phase I: Functionalization,Cytochrome P450s (CYP450),CYP Monooxygenases,No
NPIL_29711,GFU24918.1,,,,,,,85681.XP_006431767.1,47.8,3.01e-09,59.7,5.36144735005914,0.0,0.0,0.0,hypothetical protein NPIL_29711 [Nephila pilipes],,"37SDE@33090,3GCA8@35493,COG2124@1,KOG0156@2759",p450,1.340361837514785,1.2267315985402656,Phase I: Functionalization,Cytochrome P450s (CYP450),CYP Monooxygenases,Yes
"NPIL_297631,",GFS99245.1,,,,,,,30611.ENSOGAP00000009865,39.4,3.41e-07,53.5,0.0,0.0,0.0,0.0,"hypothetical protein NPIL_297631, partial [Nephila pilipes]",,"35E4R@314146,38BTY@33154,3BF8S@33208,3CV2F@33213,3J4KT@40674,488IN@7711,490UU@7742,4M8DK@9443,COG2124@1,KOG0158@2759",p450,0.0,0.0,Phase I: Functionalization,Cytochrome P450s (CYP450),CYP Monooxygenases,No
"NPIL_297961,",GFS70704.1,107369096,ko:K12301,"map04142,ko04142",,,"ko02000,ko00001,ko00000",32264.tetur30g01230.1,46.9,4.06e-12,68.2,0.0,0.0,0.0,0.0,"hypothetical protein NPIL_297961, partial [Nephila pilipes]",,"38CXA@33154,3BBSD@33208,3CR7D@33213,41THY@6656,KOG2532@1,KOG2532@2759",MFS_1,0.0,0.0,Phase III: Efflux & Transport,MFS Xenobiotic Transporters,Solute Carrier Efflux,No
"NPIL_298461,",GFT73534.1,107369096,ko:K12301,"map04142,ko04142",,,"ko02000,ko00001,ko00000",32264.tetur30g01230.1,44.0,2.52e-89,283.0,0.0,0.0,0.0,0.0,"hypothetical protein NPIL_298461, partial [Nephila pilipes]",,"38CXA@33154,3BBSD@33208,3CR7D@33213,41THY@6656,KOG2532@1,KOG2532@2759",MFS_1,0.0,0.0,Phase III: Efflux & Transport,MFS Xenobiotic Transporters,Solute Carrier Efflux,No
NPIL_304251,GFU06893.1,,ko:K01016,"ko00140,map00140",,2.8.2.4,"ko01000,ko00001,ko00000",6669.EFX89489,42.0,3.47e-86,271.0,0.130245576996713,0.343234564034917,0.512439761053545,0.414384325792899,hypothetical protein NPIL_304251 [Nephila pilipes],,"38FPD@33154,3BEBC@33208,3CTZN@33213,41Y9I@6656,KOG1584@1,KOG1584@2759",Sulfotransfer_1,0.3500760569695185,0.43304068425531955,Phase II: Conjugation,Sulfotransferases (SULT),Sulfation,Yes
"NPIL_315501,",GFT88969.1,TBXAS1,ko:K01832,"map01100,ko01100,map00590,ko00590,ko04611,map04611",,5.3.99.5,"ko01000,ko00001,ko00000,ko00199",7897.ENSLACP00000016836,37.9,3.66e-63,216.0,0.0,0.0,0.0,0.0,"hypothetical protein NPIL_315501, partial [Nephila pilipes]",,"38BTY@33154,3BF8S@33208,3CV2F@33213,47Z83@7711,48W40@7742,COG2124@1,KOG0158@2759",p450,0.0,0.0,Phase I: Functionalization,Cytochrome P450s (CYP450),CYP Monooxygenases,No
"NPIL_318141,",GFT17505.1,GI14514,,,,,,7230.FBpp0163731,65.9,1.23e-12,65.5,0.0,0.0,0.0,0.0,"hypothetical protein NPIL_318141, partial [Nephila pilipes]",,"38E9D@33154,3BA6C@33208,3CTTI@33213,3SJG0@50557,41UAZ@6656,44Z2F@7147,45RTP@7214,COG0596@1,KOG2624@2759",Abhydrolase_1,0.0,0.0,Phase I: Functionalization,Carboxylesterases (COE),Esterases & Hydrolases,No
"NPIL_319981,",GFS85428.1,,,,,,,126957.SMAR008771-PA,43.6,3.06e-06,49.7,0.0,0.0,0.0,0.0,"hypothetical protein NPIL_319981, partial [Nephila pilipes]",,"38CHP@33154,3B9GY@33208,COG2124@1,KOG0157@2759",p450,0.0,0.0,Phase I: Functionalization,Cytochrome P450s (CYP450),CYP Monooxygenases,No
NPIL_324571,GFT27832.1,,ko:K08193,,,,"ko02000,ko00000",6087.XP_002155626.1,38.5,9.28e-98,310.0,0.0111510265371665,0.0082007896237915,0.0125350664621835,0.0137332946261296,hypothetical protein NPIL_324571 [Nephila pilipes],,"38CXA@33154,3BBSD@33208,KOG2532@1,KOG2532@2759",MFS_1,0.011405044312317775,0.016360878936958333,Phase III: Efflux & Transport,MFS Xenobiotic Transporters,Solute Carrier Efflux,No
NPIL_326111,GFT34718.1,,,,,,,4006.Lus10032026,57.7,2.48e-10,62.8,0.179859471944649,0.238093007439868,0.0,0.0,hypothetical protein NPIL_326111 [Nephila pilipes],,"37SDE@33090,3GCA8@35493,4JERP@91835,COG2124@1,KOG0156@2759",p450,0.10448811984612924,0.14337790078349807,Phase I: Functionalization,Cytochrome P450s (CYP450),CYP Monooxygenases,Yes
NPIL_329611,GFT65640.1,,,,,,,126957.SMAR008806-PA,36.0,4.45e-16,85.1,0.0,0.0457356163676232,0.0699077792696781,0.0,hypothetical protein NPIL_329611 [Nephila pilipes],,"38CHP@33154,3B9GY@33208,3DP8S@33213,42470@6656,COG2124@1,KOG0157@2759",p450,0.028910848909325326,0.04111798377866382,Phase I: Functionalization,Cytochrome P450s (CYP450),CYP Monooxygenases,No
"NPIL_330161,",GFT01476.1,,ko:K07424,"map01100,map05204,ko00140,map00591,ko00591,ko01100,ko00830,map00830,ko05204,map00140",,1.14.14.1,"ko01000,ko00001,ko00000,ko00199",118797.XP_007468941.1,44.0,6.95e-11,66.2,0.0,0.0,0.0,0.0,"hypothetical protein NPIL_330161, partial [Nephila pilipes]",,"38BTY@33154,3BF8S@33208,3CV2F@33213,3J4KT@40674,488IN@7711,490UU@7742,4J1U9@91561,COG2124@1,KOG0158@2759",p450,0.0,0.0,Phase I: Functionalization,Cytochrome P450s (CYP450),CYP Monooxygenases,No
NPIL_331311,GFS87265.1,107369096,ko:K12301,"map04142,ko04142",,,"ko02000,ko00001,ko00000",32264.tetur30g01230.1,38.9,7.959999999999999e-119,365.0,0.0527591359928289,0.109935047245172,0.19769159785521,0.0,hypothetical protein NPIL_331311 [Nephila pilipes],,"38CXA@33154,3BBSD@33208,3CR7D@33213,41THY@6656,KOG2532@1,KOG2532@2759",MFS_1,0.09009644527330272,0.12445578175645726,Phase III: Efflux & Transport,MFS Xenobiotic Transporters,Solute Carrier Efflux,No
NPIL_331331,GFS87267.1,GG17757,ko:K12301,"map04142,ko04142",,,"ko02000,ko00001,ko00000",7220.FBpp0136303,42.8,6.639999999999999e-138,417.0,0.697164847424942,0.577970007958523,0.192361587068359,0.725914768743736,hypothetical protein NPIL_331331 [Nephila pilipes],,"38CXA@33154,3BBSD@33208,3CR7D@33213,3SKJN@50557,41THY@6656,4512W@7147,45WHN@7214,KOG2532@1,KOG2532@2759",MFS_1,0.54835280279889,0.6307342368931078,Phase III: Efflux & Transport,MFS Xenobiotic Transporters,Solute Carrier Efflux,Yes
NPIL_331711,GFT56650.1,,,,,,,126957.SMAR009113-PA,31.5,3.1400000000000004e-43,167.0,0.895305101937158,0.487728475913868,0.217438218303811,0.871216119689577,hypothetical protein NPIL_331711 [Nephila pilipes],,"299AF@1,2S1BS@2759,3A52X@33154,3BS4S@33208,3D8TE@33213,41ZUK@6656",Sulfotransfer_1,0.6179219789611035,0.6941420383736624,Phase II: Conjugation,Sulfotransferases (SULT),Sulfation,Yes
"NPIL_33631,",GFT68457.1,107363314,ko:K15001,,,,"ko01000,ko00000,ko00199",32264.tetur09g03800.1,63.5,6.15e-20,94.7,0.0,0.0,0.0,0.0,"hypothetical protein NPIL_33631, partial [Nephila pilipes]",,"38CHP@33154,3B9GY@33208,3CSG8@33213,41U3I@6656,COG2124@1,KOG0157@2759",p450,0.0,0.0,Phase I: Functionalization,Cytochrome P450s (CYP450),CYP Monooxygenases,No
NPIL_340491,GFT18368.1,101893002,,,,,,7370.XP_005178061.1,35.1,1.13e-47,176.0,0.172402204679125,0.174335702098023,0.26647551184465,0.0265407209726535,hypothetical protein NPIL_340491 [Nephila pilipes],,"299AF@1,2S1BS@2759,3A52X@33154,3BS4S@33208,3D8TE@33213,3SZ0D@50557,41ZUK@6656,458I9@7147",Sulfotransfer_1,0.15993853489861287,0.2140483590197694,Phase II: Conjugation,Sulfotransferases (SULT),Sulfation,Yes
NPIL_341881,GFT26278.1,,ko:K12301,"map04142,ko04142",,,"ko02000,ko00001,ko00000",10224.XP_002737486.1,60.2,1.1399999999999998e-52,180.0,0.0,0.0,0.0,0.0,hypothetical protein NPIL_341881 [Nephila pilipes],,"38CXA@33154,3BBSD@33208,3CR7D@33213,KOG2532@1,KOG2532@2759",MFS_1,0.0,0.0,Phase III: Efflux & Transport,MFS Xenobiotic Transporters,Solute Carrier Efflux,No
"NPIL_346271,",GFU08024.1,,ko:K12301,"map04142,ko04142",,,"ko02000,ko00001,ko00000",7091.BGIBMGA005389-TA,40.4,0.000933,42.4,0.0,0.0,0.0,0.0,"hypothetical protein NPIL_346271, partial [Nephila pilipes]",,"38CXA@33154,3BBSD@33208,3CR7D@33213,3SKJN@50557,41THY@6656,441IM@7088,KOG2532@1,KOG2532@2759",MFS_1,0.0,0.0,Phase III: Efflux & Transport,MFS Xenobiotic Transporters,Solute Carrier Efflux,No
"NPIL_347271,",GFU45380.1,,,,,,,7091.BGIBMGA003138-TA,36.4,1.31e-06,60.1,0.0,0.0,0.0,0.0,"hypothetical protein NPIL_347271, partial [Nephila pilipes]",,"38D7W@33154,3BAF9@33208,3D0PE@33213,3SK55@50557,41VZG@6656,442D7@7088,KOG2504@1,KOG2504@2759",MFS_1,0.0,0.0,Phase III: Efflux & Transport,MFS Xenobiotic Transporters,Solute Carrier Efflux,No
"NPIL_351271,",GFU23220.1,SLC17A5,ko:K12301,"map04142,ko04142",,,"ko02000,ko00001,ko00000",9305.ENSSHAP00000008111,44.1,2.86e-30,117.0,0.0,0.0,0.0,0.0,"hypothetical protein NPIL_351271, partial [Nephila pilipes]",,"38CXA@33154,3BBSD@33208,3CR7D@33213,3J5SD@40674,48475@7711,48Z4H@7742,4K7ZQ@9263,KOG2532@1,KOG2532@2759",MFS_1,0.0,0.0,Phase III: Efflux & Transport,MFS Xenobiotic Transporters,Solute Carrier Efflux,No
NPIL_352751,GFT17978.1,101896086,ko:K13703,,,,"ko01002,ko00000",7370.XP_005187154.1,39.3,4.99e-08,55.1,0.638177454511862,0.673392667242893,0.152054764542992,0.0256291836256746,hypothetical protein NPIL_352751 [Nephila pilipes],,"39UJH@33154,3BHQ0@33208,3CX97@33213,3SKQU@50557,41YJQ@6656,44XDA@7147,COG0596@1,KOG2382@2759",Abhydrolase_1,0.3723135174808554,0.4566101159449462,Phase I: Functionalization,Carboxylesterases (COE),Esterases & Hydrolases,Yes
"NPIL_366351,",GFT81123.1,8231855,ko:K08193,,,,"ko02000,ko00000",121225.PHUM343950-PA,38.3,1.86e-10,63.2,0.0,0.0,0.0,0.0,"hypothetical protein NPIL_366351, partial [Nephila pilipes]",,"39XKC@33154,3BMP2@33208,3D5XJ@33213,3EBYQ@33342,3SIAX@50557,41YGC@6656,KOG2532@1,KOG2532@2759",MFS_1,0.0,0.0,Phase III: Efflux & Transport,MFS Xenobiotic Transporters,Solute Carrier Efflux,No
NPIL_366901,GFU03016.1,107363314,ko:K15001,,,,"ko01000,ko00000,ko00199",32264.tetur09g03800.1,60.9,8.06e-19,91.3,0.0,0.0,0.607174606440707,0.0,hypothetical protein NPIL_366901 [Nephila pilipes],,"38CHP@33154,3B9GY@33208,3CSG8@33213,41U3I@6656,COG2124@1,KOG0157@2759",p450,0.15179365161017674,0.2038822754052511,Phase I: Functionalization,Cytochrome P450s (CYP450),CYP Monooxygenases,Yes
"NPIL_367871,",GFU35192.1,ABCF3,ko:K06158,,,,"ko03012,ko00000",8932.XP_005506690.1,89.3,5.53e-09,55.8,0.0,0.0,0.0,0.0,"hypothetical protein NPIL_367871, partial [Nephila pilipes]",,"38FBM@33154,3B9H1@33208,3CS1F@33213,4897V@7711,48XGA@7742,4GSH1@8782,COG0488@1,KOG0062@2759","ABC_tran,ABC_tran_Xtn",0.0,0.0,Phase III: Efflux & Transport,ABC Transporters (ABCA/B/C/G),ATP-Dependent Efflux,No
NPIL_369991,GFT77162.1,,,,,,,10036.XP_005072491.1,40.3,0.00091,46.6,1.12447816975651,0.0,0.0997930918325309,0.218664645444541,hypothetical protein NPIL_369991 [Nephila pilipes],,"35B7X@314146,38BSU@33154,3BC78@33208,3CRSA@33213,3J9BE@40674,489AB@7711,48YCB@7742,4Q8CP@9989,COG2124@1,KOG0156@2759",p450,0.36073397675839547,0.44438504779381294,Phase I: Functionalization,Cytochrome P450s (CYP450),CYP Monooxygenases,Yes
"NPIL_372271,",GFS86114.1,105622490,ko:K08193,,,,"ko02000,ko00000",12957.ACEP16186-PA,47.5,6.94e-09,58.9,0.0,0.0,0.0,0.0,"uncharacterized protein NPIL_372271, partial [Nephila pilipes]",,"39WWZ@33154,3BP43@33208,3CUA8@33213,3SK8Z@50557,41X4A@6656,46FA7@7399,KOG2532@1,KOG2532@2759",MFS_1,0.0,0.0,Phase III: Efflux & Transport,MFS Xenobiotic Transporters,Solute Carrier Efflux,No
NPIL_37311,GFT92691.1,KGM_202624,ko:K20840,,,,"ko02000,ko00000",13037.EHJ64141,28.3,1.02e-41,162.0,0.61298823641267,2.21845677806538,0.734404549316237,0.0397336468244867,uncharacterized protein NPIL_37311 [Nephila pilipes],,"39VY0@33154,3BMCN@33208,3D0H7@33213,3SGUN@50557,41YD6@6656,445AE@7088,KOG2816@1,KOG2816@2759",MFS_1,0.9013958026546934,0.9270588807974754,Phase III: Efflux & Transport,MFS Xenobiotic Transporters,Solute Carrier Efflux,Yes
NPIL_374391,GFS92229.1,,,,,,,69319.XP_008559808.1,28.3,3e-29,120.0,0.0,0.0,0.117545881809831,0.0,hypothetical protein NPIL_374391 [Nephila pilipes],,"39UJH@33154,3BHQ0@33208,3CX97@33213,3SKQU@50557,41YJQ@6656,46KSF@7399,COG0596@1,KOG2382@2759",Abhydrolase_1,0.02938647045245775,0.04178472599066163,Phase I: Functionalization,Carboxylesterases (COE),Esterases & Hydrolases,No
NPIL_374392,GFS92225.1,,,,,,,69319.XP_008559808.1,28.3,3e-29,120.0,0.0,0.0,0.235091763619662,0.0,hypothetical protein NPIL_374392 [Nephila pilipes],,"39UJH@33154,3BHQ0@33208,3CX97@33213,3SKQU@50557,41YJQ@6656,46KSF@7399,COG0596@1,KOG2382@2759",Abhydrolase_1,0.0587729409049155,0.08239322941220056,Phase I: Functionalization,Carboxylesterases (COE),Esterases & Hydrolases,No
"NPIL_377421,",GFT05062.1,GV64_07830,,,,,,305900.GV64_07830,45.6,3.26e-09,58.2,0.0,0.0,0.0,0.0,"hypothetical protein NPIL_377421, partial [Nephila pilipes]",,"1R9X7@1224,1S2CW@1236,1XIWZ@135619,COG0596@1,COG0596@2",Abhydrolase_1,0.0,0.0,Phase I: Functionalization,Carboxylesterases (COE),Esterases & Hydrolases,No
"NPIL_380401,",GFS64938.1,CYP2U1,,,,,,9315.ENSMEUP00000008978,55.9,4.1e-11,64.7,0.0,0.0,0.0,0.0,"hypothetical protein NPIL_380401, partial [Nephila pilipes]",,"38BSU@33154,3BC78@33208,3CRSA@33213,3JAYF@40674,483DV@7711,492KN@7742,4K4EP@9263,COG2124@1,KOG0156@2759",p450,0.0,0.0,Phase I: Functionalization,Cytochrome P450s (CYP450),CYP Monooxygenases,No
NPIL_384161,GFU07647.1,,,,,,,126957.SMAR014994-PA,28.9,8.34e-10,68.6,0.123208748295231,0.0,0.242376988885035,0.0,uncharacterized protein NPIL_384161 [Nephila pilipes],,"39VY0@33154,3BMCN@33208,3D0H7@33213,41YD6@6656,KOG2816@1,KOG2816@2759",MFS_1,0.0913964342950665,0.1261752353971092,Phase III: Efflux & Transport,MFS Xenobiotic Transporters,Solute Carrier Efflux,No
"NPIL_384261,",GFU09622.1,CYP4V2,ko:K07427,,,,"ko00000,ko00199",7897.ENSLACP00000009335,50.0,1.86e-12,67.8,0.0,0.0,0.0,0.0,"hypothetical protein NPIL_384261, partial [Nephila pilipes]",,"38CHP@33154,3B9GY@33208,3CSG8@33213,487KR@7711,49547@7742,COG2124@1,KOG0157@2759",p450,0.0,0.0,Phase I: Functionalization,Cytochrome P450s (CYP450),CYP Monooxygenases,No
"NPIL_385001,",GFT75333.1,,,,,,,126957.SMAR008806-PA,51.1,4.6e-19,88.6,0.0,0.0,0.0,0.0,"hypothetical protein NPIL_385001, partial [Nephila pilipes]",,"38CHP@33154,3B9GY@33208,3DP8S@33213,42470@6656,COG2124@1,KOG0157@2759",p450,0.0,0.0,Phase I: Functionalization,Cytochrome P450s (CYP450),CYP Monooxygenases,No
"NPIL_391451,",GFT34640.1,EAZ88491.1,,,,,,391612.CY0110_15255,36.8,1.42e-33,127.0,0.0,0.0,0.0,0.0,"hypothetical protein NPIL_391451, partial [Nephila pilipes]",,"1G8T0@1117,31CAG@2,3KFWM@43988,KOG1584@1",Sulfotransfer_1,0.0,0.0,Phase II: Conjugation,Sulfotransferases (SULT),Sulfation,No
"NPIL_394851,",GFT03848.1,GI14514,,,,,,7230.FBpp0163731,65.9,1.23e-12,65.5,0.0,0.0,0.0,0.0,"hypothetical protein NPIL_394851, partial [Nephila pilipes]",,"38E9D@33154,3BA6C@33208,3CTTI@33213,3SJG0@50557,41UAZ@6656,44Z2F@7147,45RTP@7214,COG0596@1,KOG2624@2759",Abhydrolase_1,0.0,0.0,Phase I: Functionalization,Carboxylesterases (COE),Esterases & Hydrolases,No
NPIL_398221,GFT65309.1,,,,,,,7091.BGIBMGA003138-TA,38.0,2.04e-08,65.9,0.820678587095737,0.415287337437406,0.16504144110105,0.111272472455246,hypothetical protein NPIL_398221 [Nephila pilipes],,"38D7W@33154,3BAF9@33208,3D0PE@33213,3SK55@50557,41VZG@6656,442D7@7088,KOG2504@1,KOG2504@2759",MFS_1,0.3780699595223598,0.4626491302004045,Phase III: Efflux & Transport,MFS Xenobiotic Transporters,Solute Carrier Efflux,Yes
"NPIL_401811,",GFU06639.1,AAEL011465,,,,,,7159.AAEL011465-PA,37.2,1.33e-101,325.0,0.0,0.0,0.0,0.0,"hypothetical protein NPIL_401811, partial [Nephila pilipes]",,"39V1X@33154,3BM5A@33208,3D3C0@33213,3SGGJ@50557,41WA8@6656,4594R@7147,45DSS@7148,KOG3762@1,KOG3762@2759",MFS_1_like,0.0,0.0,Phase III: Efflux & Transport,MFS Xenobiotic Transporters,Solute Carrier Efflux,No
"NPIL_401812,",GFU06638.1,AAEL011465,,,,,,7159.AAEL011465-PA,37.2,5.78e-102,326.0,0.0,0.0,0.0,0.0,"hypothetical protein NPIL_401812, partial [Nephila pilipes]",,"39V1X@33154,3BM5A@33208,3D3C0@33213,3SGGJ@50557,41WA8@6656,4594R@7147,45DSS@7148,KOG3762@1,KOG3762@2759",MFS_1_like,0.0,0.0,Phase III: Efflux & Transport,MFS Xenobiotic Transporters,Solute Carrier Efflux,No
"NPIL_401901,",GFU05394.1,KGM_213007,ko:K14985,"ko00981,map00981",,,"ko01000,ko00001,ko00000,ko00199",13037.EHJ76072,47.4,1.06e-15,77.4,0.0,0.0,0.0,0.0,"hypothetical protein NPIL_401901, partial [Nephila pilipes]",,"38BSU@33154,3BC78@33208,3CRSA@33213,3SKAJ@50557,41V2X@6656,443FK@7088,COG2124@1,KOG0156@2759",p450,0.0,0.0,Phase I: Functionalization,Cytochrome P450s (CYP450),CYP Monooxygenases,No
"NPIL_4021,",GFS60787.1,,,,,,,10224.XP_002730610.1,58.9,7.76e-31,121.0,0.0,0.0,0.0,0.0,"hypothetical protein NPIL_4021, partial [Nephila pilipes]",,"38BTY@33154,3BF8S@33208,3CV2F@33213,COG2124@1,KOG0158@2759",p450,0.0,0.0,Phase I: Functionalization,Cytochrome P450s (CYP450),CYP Monooxygenases,No
NPIL_402561,GFS87088.1,slc16a12,ko:K11810,,,,"ko02000,ko00000",8010.XP_010893898.1,28.6,2.01e-05,50.1,3.99836751529834,1.8378224373713,0.0,0.0,hypothetical protein NPIL_402561 [Nephila pilipes],,"38HQ8@33154,3BE6B@33208,3CZUM@33213,488WX@7711,4901G@7742,4A0QT@7898,KOG2504@1,KOG2504@2759",MFS_1,1.45904748816741,1.2980995959677857,Phase III: Efflux & Transport,MFS Xenobiotic Transporters,Solute Carrier Efflux,Yes
"NPIL_404481,",GFS61399.1,SLC17A5,ko:K12301,"map04142,ko04142",,,"ko02000,ko00001,ko00000",9305.ENSSHAP00000008111,43.1,3.8e-30,116.0,0.0,0.0,0.0,0.0,"hypothetical protein NPIL_404481, partial [Nephila pilipes]",,"38CXA@33154,3BBSD@33208,3CR7D@33213,3J5SD@40674,48475@7711,48Z4H@7742,4K7ZQ@9263,KOG2532@1,KOG2532@2759",MFS_1,0.0,0.0,Phase III: Efflux & Transport,MFS Xenobiotic Transporters,Solute Carrier Efflux,No
"NPIL_404482,",GFS61402.1,SLC17A5,ko:K12301,"map04142,ko04142",,,"ko02000,ko00001,ko00000",9305.ENSSHAP00000008111,56.4,1.23e-24,98.6,0.0,0.0,0.0,0.0,"hypothetical protein NPIL_404482, partial [Nephila pilipes]",,"38CXA@33154,3BBSD@33208,3CR7D@33213,3J5SD@40674,48475@7711,48Z4H@7742,4K7ZQ@9263,KOG2532@1,KOG2532@2759",MFS_1,0.0,0.0,Phase III: Efflux & Transport,MFS Xenobiotic Transporters,Solute Carrier Efflux,No
NPIL_406781,GFU14822.1,v1g162389,,,,,,45351.EDO45408,41.6,6.65e-14,75.1,0.0,0.0,0.0,0.0,hypothetical protein NPIL_406781 [Nephila pilipes],,"38CZC@33154,3B9J4@33208,COG2124@1,KOG0159@2759",p450,0.0,0.0,Phase I: Functionalization,Cytochrome P450s (CYP450),CYP Monooxygenases,No
NPIL_406782,GFU14820.1,v1g162389,,,,,,45351.EDO45408,38.2,3.21e-11,67.8,0.0,0.0,0.0,0.0,hypothetical protein NPIL_406782 [Nephila pilipes],,"38CZC@33154,3B9J4@33208,COG2124@1,KOG0159@2759",p450,0.0,0.0,Phase I: Functionalization,Cytochrome P450s (CYP450),CYP Monooxygenases,No
NPIL_408091,GFT77832.1,,,,,,,126957.SMAR009405-PA,63.7,4.63e-81,259.0,0.0,0.0263984233243839,0.0201752517774634,0.0,uncharacterized protein NPIL_408091 [Nephila pilipes],,"38HJK@33154,3BCQV@33208,3CS1Z@33213,41VZP@6656,KOG2504@1,KOG2504@2759",MFS_1,0.011643418775461826,0.016700862544587188,Phase III: Efflux & Transport,MFS Xenobiotic Transporters,Solute Carrier Efflux,No
"NPIL_411851,",GFU35053.1,LOC658979,ko:K14999,,,,"ko01000,ko00000,ko00199",7070.TC000148-PA,56.7,3.2e-05,47.8,0.0,0.0,0.0,0.0,"hypothetical protein NPIL_411851, partial [Nephila pilipes]",,"39RVP@33154,3BMY8@33208,3D605@33213,3SKRH@50557,41WDN@6656,COG2124@1,KOG0158@2759",p450,0.0,0.0,Phase I: Functionalization,Cytochrome P450s (CYP450),CYP Monooxygenases,No
NPIL_411921,GFU04533.1,,,,,,,6669.EFX71860,22.1,1.08e-37,155.0,0.473600282159092,0.233236231027978,0.684491742816895,5.81189838223277,hypothetical protein NPIL_411921 [Nephila pilipes],,"38Z6F@33154,3BN7F@33208,3D5IX@33213,41Y40@6656,KOG3762@1,KOG3762@2759",MFS_1_like,1.8008066595591838,1.4858423972209525,Phase III: Efflux & Transport,MFS Xenobiotic Transporters,Solute Carrier Efflux,Yes
NPIL_412881,GFS95549.1,,,,,,,6087.XP_002170560.1,33.7,2.11e-06,53.9,1.67969394827802,0.0,0.157347810144173,0.0,hypothetical protein NPIL_412881 [Nephila pilipes],,"39XXS@33154,3BAJV@33208,KOG1584@1,KOG1584@2759",Sulfotransfer_1,0.45926043960554824,0.5452373893531169,Phase II: Conjugation,Sulfotransferases (SULT),Sulfation,Yes
NPIL_412941,GFS95565.1,,,,,,,7719.XP_002126140.1,31.3,1.09e-37,142.0,34.0659999434123,6.23852602713162,0.0,0.0,hypothetical protein NPIL_412941 [Nephila pilipes],,"394HT@33154,3BI89@33208,3CWR8@33213,483TN@7711,KOG1584@1,KOG1584@2759",Sulfotransfer_1,10.07613149263598,3.469382181065604,Phase II: Conjugation,Sulfotransferases (SULT),Sulfation,Yes
NPIL_412951,GFS95567.1,Tery_0085,,,,,,203124.Tery_0085,29.1,2.31e-31,125.0,0.538592884480827,1.03975433785527,0.0,0.0,hypothetical protein NPIL_412951 [Nephila pilipes],,"1G8T0@1117,31CAG@2,KOG1584@1",Sulfotransfer_1,0.39458680558402426,0.4798377372259876,Phase II: Conjugation,Sulfotransferases (SULT),Sulfation,Yes
NPIL_419911,GFS58377.1,,,,,,,32264.tetur32g00550.1,36.5,5.22e-69,235.0,1.98572124076265,5.60777173617296,0.803586392009027,14.5266212790323,hypothetical protein NPIL_419911 [Nephila pilipes],,"299AF@1,2S1BS@2759,3A52X@33154,3BS4S@33208,3D8TE@33213,41ZUK@6656",Sulfotransfer_1,5.730925161994234,2.7508048161116956,Phase II: Conjugation,Sulfotransferases (SULT),Sulfation,Yes
"NPIL_423071,",GFT31058.1,GI14514,,,,,,7230.FBpp0163731,65.9,1.23e-12,65.5,0.0,0.0,0.0,0.0,"hypothetical protein NPIL_423071, partial [Nephila pilipes]",,"38E9D@33154,3BA6C@33208,3CTTI@33213,3SJG0@50557,41UAZ@6656,44Z2F@7147,45RTP@7214,COG0596@1,KOG2624@2759",Abhydrolase_1,0.0,0.0,Phase I: Functionalization,Carboxylesterases (COE),Esterases & Hydrolases,No
"NPIL_424001,",GFT23727.1,,,,,,,7739.XP_002604819.1,46.6,2.81e-10,61.2,0.0,0.0,0.0,0.0,"hypothetical protein NPIL_424001, partial [Nephila pilipes]",,"38BSU@33154,3BC78@33208,3CRSA@33213,COG2124@1,KOG0156@2759",p450,0.0,0.0,Phase I: Functionalization,Cytochrome P450s (CYP450),CYP Monooxygenases,No
NPIL_424011,GFT23729.1,105618528,ko:K14985,"ko00981,map00981",,,"ko01000,ko00001,ko00000,ko00199",12957.ACEP24860-PA,40.0,1.76e-16,80.9,0.0248110731386834,0.0,0.0836717004721221,0.0,hypothetical protein NPIL_424011 [Nephila pilipes],,"38BSU@33154,3BC78@33208,3CRSA@33213,3SKAJ@50557,41V2X@6656,COG2124@1,KOG0156@2759",p450,0.027120693402701377,0.03860571772504964,Phase I: Functionalization,Cytochrome P450s (CYP450),CYP Monooxygenases,No
NPIL_426271,GFS31725.1,MFS10,ko:K12301,"map04142,ko04142",,,"ko02000,ko00001,ko00000",7227.FBpp0073555,38.4,3.05e-122,376.0,0.562288099250738,0.173469411492518,0.128558239904486,0.0176058917452822,hypothetical protein NPIL_426271 [Nephila pilipes],"P|GO:0006810|IBA,P|GO:0006811|IBA,P|GO:0006820|IBA,P|GO:0008150|IBA,P|GO:0051179|IBA,P|GO:0051234|IBA,P|GO:0055085|IBA,P|GO:0055085|IBA,C|GO:0005575|IBA,C|GO:0005623|IBA,C|GO:0005886|IBA,C|GO:0016020|IBA,C|GO:0016021|IBA,C|GO:0031224|IBA,C|GO:0044425|IBA,C|GO:0044464|IBA,C|GO:0071944|IBA,F|GO:0003674|IBA,F|GO:0005215|IBA,F|GO:0022857|IBA","38CXA@33154,3BBSD@33208,3CR7D@33213,3SKJN@50557,41THY@6656,4512W@7147,45WHN@7214,KOG2532@1,KOG2532@2759",MFS_1,0.22048041059825602,0.28744913923249943,Phase III: Efflux & Transport,MFS Xenobiotic Transporters,Solute Carrier Efflux,Yes
"NPIL_426831,",GFS73223.1,,,,,,,48698.ENSPFOP00000006131,29.8,2.8e-08,58.9,0.0,0.0,0.0,0.0,"uncharacterized protein NPIL_426831, partial [Nephila pilipes]",,"38FJ1@33154,3B9N9@33208,3CT4W@33213,47ZGI@7711,48VWJ@7742,49QJG@7898,KOG0255@1,KOG0255@2759",MFS_1,0.0,0.0,Phase III: Efflux & Transport,MFS Xenobiotic Transporters,Solute Carrier Efflux,No
NPIL_431561,GFT23522.1,,,,,,,7719.XP_002126140.1,34.1,2.34e-40,149.0,0.0,0.0,0.0,0.0,hypothetical protein NPIL_431561 [Nephila pilipes],,"394HT@33154,3BI89@33208,3CWR8@33213,483TN@7711,KOG1584@1,KOG1584@2759",Sulfotransfer_1,0.0,0.0,Phase II: Conjugation,Sulfotransferases (SULT),Sulfation,No
"NPIL_433071,",GFU28452.1,,,,,,,8081.XP_008403244.1,61.2,9.7e-09,58.2,0.0,0.0,0.0,0.0,"hypothetical protein NPIL_433071, partial [Nephila pilipes]",,"38BTY@33154,3BF8S@33208,3CV2F@33213,488IN@7711,490UU@7742,49ZTB@7898,COG2124@1,KOG0158@2759",p450,0.0,0.0,Phase I: Functionalization,Cytochrome P450s (CYP450),CYP Monooxygenases,No
"NPIL_433391,",GFU05741.1,105622490,ko:K08193,,,,"ko02000,ko00000",12957.ACEP16186-PA,47.5,6.94e-09,58.9,0.0,0.0,0.0,0.0,"uncharacterized protein NPIL_433391, partial [Nephila pilipes]",,"39WWZ@33154,3BP43@33208,3CUA8@33213,3SK8Z@50557,41X4A@6656,46FA7@7399,KOG2532@1,KOG2532@2759",MFS_1,0.0,0.0,Phase III: Efflux & Transport,MFS Xenobiotic Transporters,Solute Carrier Efflux,No
NPIL_433811,GFS38018.1,Tery_0085,,,,,,203124.Tery_0085,38.4,2.54e-62,205.0,0.0,0.0,0.0,0.0,hypothetical protein NPIL_433811 [Nephila pilipes],,"1G8T0@1117,31CAG@2,KOG1584@1",Sulfotransfer_1,0.0,0.0,Phase II: Conjugation,Sulfotransferases (SULT),Sulfation,No
NPIL_435211,GFS57373.1,,ko:K10721,"ko00981,map00981",,,"ko00001,ko00000,ko00199",6669.EFX63066,43.6,1.75e-07,54.7,0.0,0.0716902636726656,0.0,0.0,hypothetical protein NPIL_435211 [Nephila pilipes],,"38HDW@33154,3BI90@33208,3D2T3@33213,41W48@6656,COG2124@1,KOG0159@2759",p450,0.0179225659181664,0.025627818766435693,Phase I: Functionalization,Cytochrome P450s (CYP450),CYP Monooxygenases,No
NPIL_435341,GFU13535.1,LOC658391,,,,,,7070.TC010266-PA,44.7,1.84e-05,48.5,0.720683350517115,0.530011521653312,0.405066460330416,1.33136040235531,hypothetical protein NPIL_435341 [Nephila pilipes],,"39SPX@33154,3BP2B@33208,3D49A@33213,3SIT2@50557,41WWP@6656,KOG2532@1,KOG2532@2759",MFS_1,0.7467804337140382,0.804698276199994,Phase III: Efflux & Transport,MFS Xenobiotic Transporters,Solute Carrier Efflux,Yes
NPIL_441731,GFS87416.1,,ko:K06889,,,,ko00000,7739.XP_002589103.1,52.3,8.11e-64,209.0,0.0412755774062642,0.113832230752847,0.608981726418249,0.101667709873083,hypothetical protein NPIL_441731 [Nephila pilipes],,"38DWX@33154,3BB4H@33208,3CWGB@33213,489F9@7711,COG1073@1,KOG4391@2759",Abhydrolase_1,0.2164393111126108,0.2826643451502125,Phase I: Functionalization,Carboxylesterases (COE),Esterases & Hydrolases,Yes
"NPIL_444841,",GFS72630.1,,,,,,,126957.SMAR010965-PA,44.6,4e-52,182.0,0.0,0.0,0.0,0.0,"hypothetical protein NPIL_444841, partial [Nephila pilipes]",,"38CXA@33154,3BBSD@33208,3CR7D@33213,41THY@6656,KOG2532@1,KOG2532@2759",MFS_1,0.0,0.0,Phase III: Efflux & Transport,MFS Xenobiotic Transporters,Solute Carrier Efflux,No
"NPIL_444842,",GFS72628.1,SLC17A5,ko:K12301,"map04142,ko04142",,,"ko02000,ko00001,ko00000",13735.ENSPSIP00000004493,42.4,2.91e-63,211.0,0.0,0.0,0.0,0.0,"hypothetical protein NPIL_444842, partial [Nephila pilipes]",,"38CXA@33154,3BBSD@33208,3CR7D@33213,48475@7711,48Z4H@7742,4CACW@8459,KOG2532@1,KOG2532@2759",MFS_1,0.0,0.0,Phase III: Efflux & Transport,MFS Xenobiotic Transporters,Solute Carrier Efflux,No
"NPIL_445991,",GFT48372.1,,ko:K12301,"map04142,ko04142",,,"ko02000,ko00001,ko00000",7091.BGIBMGA005389-TA,41.7,0.000176,44.7,0.0,0.0,0.0,0.0,"hypothetical protein NPIL_445991, partial [Nephila pilipes]",,"38CXA@33154,3BBSD@33208,3CR7D@33213,3SKJN@50557,41THY@6656,441IM@7088,KOG2532@1,KOG2532@2759",MFS_1,0.0,0.0,Phase III: Efflux & Transport,MFS Xenobiotic Transporters,Solute Carrier Efflux,No
"NPIL_44771,",GFT59182.1,,,,,,,32264.tetur03g05010.1,42.7,2.37e-16,79.7,0.0,0.0,0.0,0.0,"hypothetical protein NPIL_44771, partial [Nephila pilipes]",,"38BSU@33154,3BC78@33208,3CRSA@33213,41V2X@6656,COG2124@1,KOG0156@2759",p450,0.0,0.0,Phase I: Functionalization,Cytochrome P450s (CYP450),CYP Monooxygenases,No
NPIL_452911,GFU27099.1,,ko:K12301,"map04142,ko04142",,,"ko02000,ko00001,ko00000",7070.TC006625-PA,33.2,4.33e-78,262.0,0.0,0.0,0.118174469413092,0.517883111551955,hypothetical protein NPIL_452911 [Nephila pilipes],,"38CXA@33154,3BBSD@33208,3CR7D@33213,3SKJN@50557,41THY@6656,KOG2532@1,KOG2532@2759",MFS_1,0.15901439524126174,0.21289848507968126,Phase III: Efflux & Transport,MFS Xenobiotic Transporters,Solute Carrier Efflux,Yes
NPIL_452912,GFU27100.1,,ko:K12301,"map04142,ko04142",,,"ko02000,ko00001,ko00000",7070.TC006625-PA,33.2,2.83e-78,262.0,0.0,0.0,0.0,0.0,hypothetical protein NPIL_452912 [Nephila pilipes],,"38CXA@33154,3BBSD@33208,3CR7D@33213,3SKJN@50557,41THY@6656,KOG2532@1,KOG2532@2759",MFS_1,0.0,0.0,Phase III: Efflux & Transport,MFS Xenobiotic Transporters,Solute Carrier Efflux,No
"NPIL_458031,",GFT62268.1,,,,,,,126957.SMAR008771-PA,41.8,1.53e-05,50.8,0.0,0.0,0.0,0.0,"hypothetical protein NPIL_458031, partial [Nephila pilipes]",,"38CHP@33154,3B9GY@33208,COG2124@1,KOG0157@2759",p450,0.0,0.0,Phase I: Functionalization,Cytochrome P450s (CYP450),CYP Monooxygenases,No
NPIL_459741,GFT90521.1,,,,,,,126957.SMAR000135-PA,37.9,6.98e-19,89.0,1.22968037880703,0.165428553259028,0.0758582284745665,0.0277031745197998,uncharacterized protein NPIL_459741 [Nephila pilipes],,"38BTY@33154,3BF8S@33208,3CV2F@33213,COG2124@1,KOG0158@2759",p450,0.3746675837651061,0.45908279446759737,Phase I: Functionalization,Cytochrome P450s (CYP450),CYP Monooxygenases,Yes
NPIL_46271,GFT44560.1,,ko:K12301,"map04142,ko04142",,,"ko02000,ko00001,ko00000",7719.XP_002122757.1,45.4,1.11e-133,403.0,0.0,0.0671575889372326,0.117621717862612,0.0,hypothetical protein NPIL_46271 [Nephila pilipes],,"38CXA@33154,3BBSD@33208,3CR7D@33213,48475@7711,KOG2532@1,KOG2532@2759",MFS_1,0.04619482669996115,0.06515154120313678,Phase III: Efflux & Transport,MFS Xenobiotic Transporters,Solute Carrier Efflux,No
NPIL_46281,GFT44562.1,MFS10,ko:K12301,"map04142,ko04142",,,"ko02000,ko00001,ko00000",7227.FBpp0073555,51.3,2.86e-80,259.0,0.0,0.124232322297065,0.189891521205141,0.104021634651145,hypothetical protein NPIL_46281 [Nephila pilipes],"P|GO:0006810|IBA,P|GO:0006811|IBA,P|GO:0006820|IBA,P|GO:0008150|IBA,P|GO:0051179|IBA,P|GO:0051234|IBA,P|GO:0055085|IBA,P|GO:0055085|IBA,C|GO:0005575|IBA,C|GO:0005623|IBA,C|GO:0005886|IBA,C|GO:0016020|IBA,C|GO:0016021|IBA,C|GO:0031224|IBA,C|GO:0044425|IBA,C|GO:0044464|IBA,C|GO:0071944|IBA,F|GO:0003674|IBA,F|GO:0005215|IBA,F|GO:0022857|IBA","38CXA@33154,3BBSD@33208,3CR7D@33213,3SKJN@50557,41THY@6656,4512W@7147,45WHN@7214,KOG2532@1,KOG2532@2759",MFS_1,0.10453636953833775,0.14344092370788775,Phase III: Efflux & Transport,MFS Xenobiotic Transporters,Solute Carrier Efflux,Yes
NPIL_46301,GFT44569.1,107369096,ko:K12301,"map04142,ko04142",,,"ko02000,ko00001,ko00000",32264.tetur30g01230.1,45.2,6.25e-11,64.7,5.04748872145207,0.293058172445694,0.0,61.8362932823674,hypothetical protein NPIL_46301 [Nephila pilipes],,"38CXA@33154,3BBSD@33208,3CR7D@33213,41THY@6656,KOG2532@1,KOG2532@2759",MFS_1,16.79421004406629,4.153335982171427,Phase III: Efflux & Transport,MFS Xenobiotic Transporters,Solute Carrier Efflux,Yes
NPIL_46341,GFT44582.1,,,,,,,7213.XP_004523930.1,48.4,5.19e-154,459.0,0.541036221322567,0.295140999317756,0.741856180737201,0.329501465576116,hypothetical protein NPIL_46341 [Nephila pilipes],,"38CXA@33154,3BBSD@33208,3CR7D@33213,3SKJN@50557,41THY@6656,4512W@7147,KOG2532@1,KOG2532@2759",MFS_1,0.47688371673841,0.5625562391771435,Phase III: Efflux & Transport,MFS Xenobiotic Transporters,Solute Carrier Efflux,Yes
NPIL_465681,GFS31058.1,,ko:K12307,"map04142,ko04142",,,"ko02000,ko00001,ko00000",8090.ENSORLP00000008969,32.8,1.13e-85,282.0,0.304497630366264,0.413421090612959,0.409762037875327,0.84377435816253,hypothetical protein NPIL_465681 [Nephila pilipes],,"39TDU@33154,3BIRN@33208,3D3AR@33213,489PT@7711,48ZSQ@7742,49Z7X@7898,KOG2325@1,KOG2325@2759",MFS_1,0.49286377925427005,0.5780825285265007,Phase III: Efflux & Transport,MFS Xenobiotic Transporters,Solute Carrier Efflux,Yes
NPIL_466151,GFS86312.1,,,,,,,29730.Gorai.004G202000.1,46.0,4.1e-11,64.3,0.299370156602287,0.412810369815635,0.904417108392139,0.0,hypothetical protein NPIL_466151 [Nephila pilipes],,"37SDE@33090,3GCA8@35493,COG2124@1,KOG0156@2759",p450,0.40414940870251526,0.489696453965765,Phase I: Functionalization,Cytochrome P450s (CYP450),CYP Monooxygenases,Yes
NPIL_467301,GFU08205.1,SVOPL,,,,,,59894.ENSFALP00000009439,37.3,1.89e-07,55.1,0.0,0.0877810352599933,0.228097533858057,0.0,hypothetical protein NPIL_467301 [Nephila pilipes],,"38BRT@33154,3BCKS@33208,3CUK1@33213,483S1@7711,49123@7742,4GQHE@8782,KOG0253@1,KOG0253@2759",MFS_1,0.07896964227951257,0.10965427395574823,Phase III: Efflux & Transport,MFS Xenobiotic Transporters,Solute Carrier Efflux,No
"NPIL_468371,",GFT83675.1,,ko:K07418,"map01100,ko01100,map04750,map00590,map00591,ko00591,ko00590,ko04750,ko04913,map04726,map04212,ko04212,map04913,ko04726",,1.14.14.1,"ko01000,ko00001,ko00000,ko00199",9785.ENSLAFP00000009643,48.4,0.000972,41.6,0.0,0.0,0.0,0.0,"hypothetical protein NPIL_468371, partial [Nephila pilipes]",,"351YP@311790,38BSU@33154,3BC78@33208,3CRSA@33213,3J4ZJ@40674,483G0@7711,48WIJ@7742,COG2124@1,KOG0156@2759",p450,0.0,0.0,Phase I: Functionalization,Cytochrome P450s (CYP450),CYP Monooxygenases,No
"NPIL_468551,",GFT63955.1,,,,,,,126957.SMAR008771-PA,41.8,1.53e-05,50.8,0.0,0.0,0.0,0.0,"hypothetical protein NPIL_468551, partial [Nephila pilipes]",,"38CHP@33154,3B9GY@33208,COG2124@1,KOG0157@2759",p450,0.0,0.0,Phase I: Functionalization,Cytochrome P450s (CYP450),CYP Monooxygenases,No
NPIL_471911,GFS92931.1,,,,,,,6500.XP_005111296.1,31.1,0.000125,54.3,0.829948896659019,0.348456692756789,0.193206321802737,0.0,uncharacterized protein NPIL_471911 [Nephila pilipes],,"KOG2504@1,KOG2504@2759",MFS_1,0.3429029778046363,0.4253550765476387,Phase III: Efflux & Transport,MFS Xenobiotic Transporters,Solute Carrier Efflux,Yes
NPIL_47241,GFS37533.1,,ko:K08193,,,,"ko02000,ko00000",6087.XP_002155626.1,38.5,9.28e-98,310.0,0.0,0.0041003948118957,0.0313376661554587,0.0068666473130648,hypothetical protein NPIL_47241 [Nephila pilipes],,"38CXA@33154,3BBSD@33208,KOG2532@1,KOG2532@2759",MFS_1,0.0105761770701048,0.015178075937373811,Phase III: Efflux & Transport,MFS Xenobiotic Transporters,Solute Carrier Efflux,No
"NPIL_476561,",GFT47534.1,,,,,,,13249.RPRC000342-PA,28.9,1.82e-30,123.0,0.0,0.0,0.0,0.0,"hypothetical protein NPIL_476561, partial [Nephila pilipes]",,"39UJH@33154,3BHQ0@33208,3CX97@33213,3EABI@33342,3SKQU@50557,41YJQ@6656,COG0596@1,KOG2382@2759",Abhydrolase_6,0.0,0.0,Phase I: Functionalization,Carboxylesterases (COE),Esterases & Hydrolases,No
NPIL_479421,GFT68514.1,,,,,,,32264.tetur15g00680.1,25.7,1.52e-15,84.3,0.260068235915117,0.253234835847092,0.335627778713122,0.0456283063923094,uncharacterized protein NPIL_479421 [Nephila pilipes],,"38H1N@33154,3BACG@33208,3CWZQ@33213,41TGC@6656,KOG3764@1,KOG3764@2759",MFS_1,0.2236397892169101,0.2911789250298433,Phase III: Efflux & Transport,MFS Xenobiotic Transporters,Solute Carrier Efflux,Yes
NPIL_479541,GFS78874.1,L798_10801,,,,,,136037.KDR23928,41.0,7.69e-06,50.4,0.283311068938273,0.0520888024683299,0.0796187478071394,0.0872295112832207,hypothetical protein NPIL_479541 [Nephila pilipes],,"38CHP@33154,3B9GY@33208,3CSG8@33213,3SGAE@50557,41U3I@6656,COG2124@1,KOG0157@2759",p450,0.12556203262424076,0.17064556962475932,Phase I: Functionalization,Cytochrome P450s (CYP450),CYP Monooxygenases,Yes
"NPIL_483071,",GFS54608.1,,ko:K07427,,,,"ko00000,ko00199",244447.XP_008336093.1,48.1,9.63e-08,56.6,0.0,0.0,0.0,0.0,"hypothetical protein NPIL_483071, partial [Nephila pilipes]",,"38CHP@33154,3B9GY@33208,3CSG8@33213,487KR@7711,49547@7742,49UUX@7898,COG2124@1,KOG0157@2759",p450,0.0,0.0,Phase I: Functionalization,Cytochrome P450s (CYP450),CYP Monooxygenases,No
"NPIL_483091,",GFS58124.1,,,,,,,43179.ENSSTOP00000023321,53.6,1.06e-104,321.0,0.0,0.0,0.0,0.0,"hypothetical protein NPIL_483091, partial [Nephila pilipes]",,"358X0@314146,38B44@33154,3BBW2@33208,3CX8R@33213,3J1PW@40674,4835V@7711,48ZMJ@7742,4PU2V@9989,COG0008@1,KOG1147@2759","GST_C,tRNA-synt_1c",0.0,0.0,Phase II: Conjugation,Glutathione S-Transferases (GST),Glutathione Conjugation,No
NPIL_486071,GFS65287.1,,,,,,,10224.XP_006813741.1,29.1,5.24e-14,80.9,0.558919976843048,0.130567561276953,0.39360636284922,0.923199256221255,uncharacterized protein NPIL_486071 [Nephila pilipes],,"38GSY@33154,KOG2504@1,KOG2504@2759",MFS_1,0.501573289297619,0.5864748921616828,Phase III: Efflux & Transport,MFS Xenobiotic Transporters,Solute Carrier Efflux,Yes
NPIL_486321,GFU17322.1,,ko:K08193,,,,"ko02000,ko00000",7029.ACYPI008878-PA,35.0,7.01e-79,259.0,0.108885323744201,1.69764167985527,0.532439657392282,0.0134100141045901,hypothetical protein NPIL_486321 [Nephila pilipes],,"39XKC@33154,3BMP2@33208,3D5XJ@33213,3EBYQ@33342,3SIAX@50557,41YGC@6656,KOG2532@1,KOG2532@2759",MFS_1,0.5880941687740858,0.6672964621001204,Phase III: Efflux & Transport,MFS Xenobiotic Transporters,Solute Carrier Efflux,Yes
"NPIL_486751,",GFU31354.1,105622490,ko:K08193,,,,"ko02000,ko00000",12957.ACEP16186-PA,47.5,6.94e-09,58.9,0.0,0.0,0.0,0.0,"uncharacterized protein NPIL_486751, partial [Nephila pilipes]",,"39WWZ@33154,3BP43@33208,3CUA8@33213,3SK8Z@50557,41X4A@6656,46FA7@7399,KOG2532@1,KOG2532@2759",MFS_1,0.0,0.0,Phase III: Efflux & Transport,MFS Xenobiotic Transporters,Solute Carrier Efflux,No
NPIL_493431,GFU42624.1,,ko:K13703,,,,"ko01002,ko00000",132113.XP_003488811.1,29.2,1.8400000000000002e-29,122.0,5.37661792475406,9.86512937225773,0.624438861731112,1.19089127505537,hypothetical protein NPIL_493431 [Nephila pilipes],,"39UJH@33154,3BHQ0@33208,3CX97@33213,3SKQU@50557,41YJQ@6656,46KSF@7399,COG0596@1,KOG2382@2759",Abhydrolase_1,4.264269358449568,2.3962333097717456,Phase I: Functionalization,Carboxylesterases (COE),Esterases & Hydrolases,Yes
NPIL_495571,GFS92420.1,,,,,,,126957.SMAR002783-PA,24.4,4.84e-36,150.0,0.0482993496176656,0.154515254429006,0.138450093951025,0.0535357239717011,hypothetical protein NPIL_495571 [Nephila pilipes],,"38DZC@33154,3BAPN@33208,3D1IT@33213,41USG@6656,KOG3762@1,KOG3762@2759",MFS_1_like,0.09870010549234942,0.13579765074462724,Phase III: Efflux & Transport,MFS Xenobiotic Transporters,Solute Carrier Efflux,No
NPIL_500851,GFS37930.1,,,,,,,7213.XP_004525298.1,23.4,6.74e-23,109.0,0.0582830007308504,0.0464349338793386,0.131033907119074,0.0119632875362625,hypothetical protein NPIL_500851 [Nephila pilipes],,"38HDW@33154,3BI90@33208,3D2T3@33213,3SITQ@50557,41W48@6656,44ZDR@7147,COG2124@1,KOG0159@2759",p450,0.061928782316381374,0.08668701581797468,Phase I: Functionalization,Cytochrome P450s (CYP450),CYP Monooxygenases,No
NPIL_505351,GFT89954.1,,,,,,,126957.SMAR009405-PA,63.7,4.63e-81,259.0,0.0,0.0263984233243839,0.0,0.0,uncharacterized protein NPIL_505351 [Nephila pilipes],,"38HJK@33154,3BCQV@33208,3CS1Z@33213,41VZP@6656,KOG2504@1,KOG2504@2759",MFS_1,0.006599605831095975,0.009489938010402607,Phase III: Efflux & Transport,MFS Xenobiotic Transporters,Solute Carrier Efflux,No
NPIL_506611,GFU09256.1,6045777,ko:K13703,,,,"ko01002,ko00000",7176.CPIJ012526-PA,41.1,3.790000000000001e-71,229.0,0.753808347094537,0.401685237665491,0.382393356628537,1.01491234022702,hypothetical protein NPIL_506611 [Nephila pilipes],,"39UJH@33154,3BHQ0@33208,3CX97@33213,3SKQU@50557,41YJQ@6656,44XDA@7147,45CES@7148,COG0596@1,KOG2382@2759",Abhydrolase_1,0.6381998204038963,0.7121113413034013,Phase I: Functionalization,Carboxylesterases (COE),Esterases & Hydrolases,Yes
NPIL_508521,GFS57311.1,AAEL011465,,,,,,7159.AAEL011465-PA,33.7,4.02e-93,302.0,0.888140134443622,0.452190542366249,0.604784285037202,0.567939146443489,hypothetical protein NPIL_508521 [Nephila pilipes],,"39V1X@33154,3BM5A@33208,3D3C0@33213,3SGGJ@50557,41WA8@6656,4594R@7147,45DSS@7148,KOG3762@1,KOG3762@2759",MFS_1_like,0.6282635270726405,0.7033342121552836,Phase III: Efflux & Transport,MFS Xenobiotic Transporters,Solute Carrier Efflux,Yes
"NPIL_508951,",GFT19588.1,,ko:K12301,"map04142,ko04142",,,"ko02000,ko00001,ko00000",7091.BGIBMGA005389-TA,40.4,0.000933,42.4,0.0,0.0,0.0,0.0,"hypothetical protein NPIL_508951, partial [Nephila pilipes]",,"38CXA@33154,3BBSD@33208,3CR7D@33213,3SKJN@50557,41THY@6656,441IM@7088,KOG2532@1,KOG2532@2759",MFS_1,0.0,0.0,Phase III: Efflux & Transport,MFS Xenobiotic Transporters,Solute Carrier Efflux,No
"NPIL_50931,",GFT61194.1,,,,,,,1561998.Csp11.Scaffold630.g20441.t2,43.4,0.000394,43.5,0.0,0.0,0.0,0.0,"hypothetical protein NPIL_50931, partial [Nephila pilipes]",,"1M2AX@119089,38CHP@33154,3B9GY@33208,3CSG8@33213,40J08@6231,40WFS@6236,COG2124@1,KOG0157@2759",p450,0.0,0.0,Phase I: Functionalization,Cytochrome P450s (CYP450),CYP Monooxygenases,No
"NPIL_513031,",GFS34040.1,107372143,ko:K07418,"map01100,ko01100,map04750,map00590,map00591,ko00591,ko00590,ko04750,ko04913,map04726,map04212,ko04212,map04913,ko04726",,1.14.14.1,"ko01000,ko00001,ko00000,ko00199",32264.tetur03g00970.1,51.4,1.05e-16,82.0,0.0,0.0,0.0,0.0,"hypothetical protein NPIL_513031, partial [Nephila pilipes]",,"38BSU@33154,3BC78@33208,3CRSA@33213,41V2X@6656,COG2124@1,KOG0156@2759",p450,0.0,0.0,Phase I: Functionalization,Cytochrome P450s (CYP450),CYP Monooxygenases,No
NPIL_525821,GFT92439.1,,,,,,,7425.NV12030-PA,22.6,4.999999999999999e-32,140.0,0.164919557286993,0.371440349532684,0.799490044249004,0.0253887933801905,uncharacterized protein NPIL_525821 [Nephila pilipes],,"396P2@33154,3BC29@33208,3D0NS@33213,3SI7V@50557,41XNV@6656,46G4E@7399,KOG2504@1,KOG2504@2759",MFS_1,0.3403096861122179,0.4225663820252352,Phase III: Efflux & Transport,MFS Xenobiotic Transporters,Solute Carrier Efflux,Yes
NPIL_525841,GFT92443.1,GK14778,,,,,,7260.FBpp0243921,24.0,1.7300000000000003e-27,125.0,0.93977890135996,0.285624501729998,0.42849774378774,0.035430783607396,uncharacterized protein NPIL_525841 [Nephila pilipes],,"39RJK@33154,3BD4Y@33208,3D24G@33213,3SGYN@50557,41UFD@6656,44XWK@7147,45Q8P@7214,KOG2504@1,KOG2504@2759",MFS_1,0.42233298262127345,0.5082592540850732,Phase III: Efflux & Transport,MFS Xenobiotic Transporters,Solute Carrier Efflux,Yes
"NPIL_529471,",GFU21919.1,,,,,,,48698.ENSPFOP00000027117,30.1,2.42e-07,59.7,0.0,0.0,0.0,0.0,"uncharacterized protein NPIL_529471, partial [Nephila pilipes]",,"38FJ1@33154,3B9N9@33208,3CT4W@33213,47ZGI@7711,48VWJ@7742,49QJG@7898,KOG0255@1,KOG0255@2759",MFS_1,0.0,0.0,Phase III: Efflux & Transport,MFS Xenobiotic Transporters,Solute Carrier Efflux,No
"NPIL_529981,",GFT97594.1,,ko:K08229,,,,"ko02000,ko00000",32264.tetur03g06220.1,44.9,2.08e-17,85.1,0.0,0.0,0.0,0.0,"uncharacterized protein NPIL_529981, partial [Nephila pilipes]",,"28M7G@1,2RUIA@2759,396I8@33154,3CAWT@33208,3DS4X@33213,423Q8@6656",MFS_1,0.0,0.0,Phase III: Efflux & Transport,MFS Xenobiotic Transporters,Solute Carrier Efflux,No
"NPIL_532151,",GFS45282.1,GL23362,ko:K08202,"ko05231,map05231",,,"ko02000,ko00001,ko00000",7234.FBpp0187469,51.4,4.45e-14,72.8,0.0,0.0,0.0,0.0,"uncharacterized protein NPIL_532151, partial [Nephila pilipes]",,"38FJ1@33154,3B9N9@33208,3CT4W@33213,3SJ4H@50557,41WFS@6656,44YKN@7147,45V80@7214,KOG0255@1,KOG0255@2759",MFS_1,0.0,0.0,Phase III: Efflux & Transport,MFS Xenobiotic Transporters,Solute Carrier Efflux,No
NPIL_545661,GFT74630.1,KAT2A,,,,,,52644.XP_010583906.1,44.8,7.09e-199,588.0,0.0802939698443166,0.172230693586192,0.300866246157226,0.700455416790191,hypothetical protein NPIL_545661 [Nephila pilipes],,"38C6C@33154,3BA34@33208,3CXGI@33213,4878T@7711,492FV@7742,4GK2U@8782,COG5076@1,KOG1472@2759","Acetyltransf_1,Bromodomain,PCAF_N",0.3134615815944814,0.3933740026384948,Phase II: Conjugation,N-Acetyltransferases (NAT),Acetylation,Yes
"NPIL_545921,",GFT95142.1,8231855,ko:K08193,,,,"ko02000,ko00000",121225.PHUM343950-PA,38.3,2.55e-10,62.8,0.0,0.0,0.0,0.0,"hypothetical protein NPIL_545921, partial [Nephila pilipes]",,"39XKC@33154,3BMP2@33208,3D5XJ@33213,3EBYQ@33342,3SIAX@50557,41YGC@6656,KOG2532@1,KOG2532@2759",MFS_1,0.0,0.0,Phase III: Efflux & Transport,MFS Xenobiotic Transporters,Solute Carrier Efflux,No
NPIL_547091,GFU16528.1,,,,,,,10224.XP_002732542.1,48.0,4.09e-166,488.0,0.109018095652319,0.386106316219253,0.406347256162564,0.275593826862996,hypothetical protein NPIL_547091 [Nephila pilipes],,"38GEC@33154,3BDIU@33208,3CRQ1@33213,KOG1553@1,KOG1553@2759",Abhydrolase_1,0.294266373724283,0.3721345698050995,Phase I: Functionalization,Carboxylesterases (COE),Esterases & Hydrolases,Yes
NPIL_549731,GFS91159.1,,,,,,,126957.SMAR002783-PA,23.7,1.16e-35,149.0,0.0,0.106659421950623,0.310777846030951,0.960056429630193,hypothetical protein NPIL_549731 [Nephila pilipes],,"38DZC@33154,3BAPN@33208,3D1IT@33213,41USG@6656,KOG3762@1,KOG3762@2759",MFS_1_like,0.3443734244029417,0.42693392881996284,Phase III: Efflux & Transport,MFS Xenobiotic Transporters,Solute Carrier Efflux,Yes
NPIL_551641,GFU26264.1,,,,,,,126957.SMAR011388-PA,23.9,8.38e-07,60.5,0.0,0.0,0.0193019829214125,0.0845882450254213,hypothetical protein NPIL_551641 [Nephila pilipes],,"39TKX@33154,3BAVM@33208,3CS3K@33213,41WYY@6656,KOG0006@1,KOG0006@2759,KOG3762@1,KOG3762@2759","IBR,MFS_1_like,ubiquitin",0.02597255698670845,0.03699214183318734,Phase III: Efflux & Transport,MFS Xenobiotic Transporters,Solute Carrier Efflux,No
NPIL_554241,GFT27248.1,,ko:K13703,,,,"ko01002,ko00000",9305.ENSSHAP00000008220,27.0,6.79e-23,103.0,1.10340952135887,0.473593833418832,0.606422810833733,4.30636565166551,hypothetical protein NPIL_554241 [Nephila pilipes],,"39UJH@33154,3BHQ0@33208,3CX97@33213,3JJWZ@40674,48K6R@7711,49H1E@7742,4JXWM@9263,COG0596@1,KOG2382@2759",Abhydrolase_1,1.6224479543192363,1.3909141410425354,Phase I: Functionalization,Carboxylesterases (COE),Esterases & Hydrolases,Yes
NPIL_554251,GFT27250.1,GK19111,ko:K13703,,,,"ko01002,ko00000",7260.FBpp0248254,34.4,2.83e-33,130.0,0.0881141781315164,0.315908445486328,0.408584172610809,0.0813892311832983,hypothetical protein NPIL_554251 [Nephila pilipes],,"39UJH@33154,3BHQ0@33208,3CX97@33213,3SKQU@50557,41YJQ@6656,44XDA@7147,45VGR@7214,COG0596@1,KOG2382@2759",Abhydrolase_1,0.22349900685298793,0.29101293034345643,Phase I: Functionalization,Carboxylesterases (COE),Esterases & Hydrolases,Yes
NPIL_554261,GFT27252.1,,ko:K13703,,,,"ko01002,ko00000",7165.AGAP009289-PA,32.1,6.43e-35,135.0,1.08716539766498,1.13129811039327,0.670896136144937,0.434804798830786,hypothetical protein NPIL_554261 [Nephila pilipes],,"39UJH@33154,3BHQ0@33208,3CX97@33213,3SKQU@50557,41YJQ@6656,44XDA@7147,45CES@7148,COG0596@1,KOG2382@2759",Abhydrolase_1,0.8310411107584933,0.872664183064021,Phase I: Functionalization,Carboxylesterases (COE),Esterases & Hydrolases,Yes
NPIL_55621,GFU27607.1,,ko:K08193,,,,"ko02000,ko00000",7425.NV17613-PA,33.0,2.65e-80,265.0,0.0247650575710469,0.0682985417814439,0.222710719274644,0.0,hypothetical protein NPIL_55621 [Nephila pilipes],,"39XKC@33154,3BMP2@33208,3D5XJ@33213,3SIAX@50557,41YGC@6656,46GDW@7399,KOG2532@1,KOG2532@2759",MFS_1,0.0789435796567837,0.10961942508770006,Phase III: Efflux & Transport,MFS Xenobiotic Transporters,Solute Carrier Efflux,No
NPIL_557731,GFU43938.1,,ko:K08193,,,,"ko02000,ko00000",7425.NV17613-PA,34.8,2.07e-80,265.0,0.0305001853258261,0.1009382599257,0.372858059903342,1.17619711371052,hypothetical protein NPIL_557731 [Nephila pilipes],,"39XKC@33154,3BMP2@33208,3D5XJ@33213,3SIAX@50557,41YGC@6656,46GDW@7399,KOG2532@1,KOG2532@2759",MFS_1,0.420123404716347,0.5060163013050885,Phase III: Efflux & Transport,MFS Xenobiotic Transporters,Solute Carrier Efflux,Yes
"NPIL_558191,",GFT54195.1,,,,,,,30611.ENSOGAP00000009865,39.2,6.22e-08,56.2,0.0,0.0,0.0,0.0,"hypothetical protein NPIL_558191, partial [Nephila pilipes]",,"35E4R@314146,38BTY@33154,3BF8S@33208,3CV2F@33213,3J4KT@40674,488IN@7711,490UU@7742,4M8DK@9443,COG2124@1,KOG0158@2759",p450,0.0,0.0,Phase I: Functionalization,Cytochrome P450s (CYP450),CYP Monooxygenases,No
NPIL_567541,GFT34376.1,107369096,ko:K12301,"map04142,ko04142",,,"ko02000,ko00001,ko00000",32264.tetur30g01230.1,43.5,3.71e-21,95.1,0.246246016077873,0.217315788836556,0.0830428526188869,0.0,hypothetical protein NPIL_567541 [Nephila pilipes],,"38CXA@33154,3BBSD@33208,3CR7D@33213,41THY@6656,KOG2532@1,KOG2532@2759",MFS_1,0.13665116438332897,0.18478956238183417,Phase III: Efflux & Transport,MFS Xenobiotic Transporters,Solute Carrier Efflux,Yes
"NPIL_568381,",GFS91912.1,v1g190285,ko:K06158,,,,"ko03012,ko00000",45351.EDO36317,81.8,6.62e-10,58.9,0.0,0.0,0.0,0.0,"hypothetical protein NPIL_568381, partial [Nephila pilipes]",,"38FBM@33154,3B9H1@33208,COG0488@1,KOG0062@2759","ABC_tran,ABC_tran_Xtn",0.0,0.0,Phase III: Efflux & Transport,ABC Transporters (ABCA/B/C/G),ATP-Dependent Efflux,No
"NPIL_571761,",GFS32265.1,8231855,ko:K08193,,,,"ko02000,ko00000",121225.PHUM343950-PA,38.3,2.55e-10,62.8,0.0,0.0,0.0,0.0,"hypothetical protein NPIL_571761, partial [Nephila pilipes]",,"39XKC@33154,3BMP2@33208,3D5XJ@33213,3EBYQ@33342,3SIAX@50557,41YGC@6656,KOG2532@1,KOG2532@2759",MFS_1,0.0,0.0,Phase III: Efflux & Transport,MFS Xenobiotic Transporters,Solute Carrier Efflux,No
"NPIL_572361,",GFT81821.1,,,,,,,126957.SMAR002727-PA,57.1,6.84e-11,62.8,0.0,0.0,0.0,0.0,"hypothetical protein NPIL_572361, partial [Nephila pilipes]",,"38BTY@33154,3BF8S@33208,3CV2F@33213,41TTZ@6656,COG2124@1,KOG0158@2759",p450,0.0,0.0,Phase I: Functionalization,Cytochrome P450s (CYP450),CYP Monooxygenases,No
NPIL_572501,GFT29376.1,,,,,,,51511.ENSCSAVP00000010813,35.5,1.61e-46,165.0,2.49842251095287,1.7407067366674,0.0,0.0,hypothetical protein NPIL_572501 [Nephila pilipes],,"394HT@33154,3BI89@33208,3CWR8@33213,483TN@7711,KOG1584@1,KOG1584@2759",Sulfotransfer_1,1.0597823119050676,1.0424918742385807,Phase II: Conjugation,Sulfotransferases (SULT),Sulfation,Yes
NPIL_572721,GFU15077.1,,ko:K12301,"map04142,ko04142",,,"ko02000,ko00001,ko00000",7719.XP_002122757.1,39.2,8.989999999999999e-24,106.0,0.0,0.0,0.0,0.0,hypothetical protein NPIL_572721 [Nephila pilipes],,"38CXA@33154,3BBSD@33208,3CR7D@33213,48475@7711,KOG2532@1,KOG2532@2759",MFS_1,0.0,0.0,Phase III: Efflux & Transport,MFS Xenobiotic Transporters,Solute Carrier Efflux,No
NPIL_572731,GFU15078.1,SLC17A5,,,,,,28737.XP_006902941.1,44.5,3.31e-107,333.0,0.0,0.0,0.0,0.0,hypothetical protein NPIL_572731 [Nephila pilipes],,"34TP0@311790,38CXA@33154,3BBSD@33208,3CR7D@33213,3J5SD@40674,48475@7711,48Z4H@7742,KOG2532@1,KOG2532@2759",MFS_1,0.0,0.0,Phase III: Efflux & Transport,MFS Xenobiotic Transporters,Solute Carrier Efflux,No
NPIL_572732,GFU15080.1,SLC17A5,,,,,,28737.XP_006902941.1,47.8,6.52e-86,274.0,0.0,0.0,0.0,0.0,hypothetical protein NPIL_572732 [Nephila pilipes],,"34TP0@311790,38CXA@33154,3BBSD@33208,3CR7D@33213,3J5SD@40674,48475@7711,48Z4H@7742,KOG2532@1,KOG2532@2759",MFS_1,0.0,0.0,Phase III: Efflux & Transport,MFS Xenobiotic Transporters,Solute Carrier Efflux,No
"NPIL_573131,",GFS69564.1,cyp2v1,,,,,,7955.ENSDARP00000011215,50.0,2.81e-10,61.2,0.0,0.0,0.0,0.0,"hypothetical protein NPIL_573131, partial [Nephila pilipes]",,"38BSU@33154,3BC78@33208,3CRSA@33213,483G0@7711,48WIJ@7742,49ZZM@7898,COG2124@1,KOG0156@2759",p450,0.0,0.0,Phase I: Functionalization,Cytochrome P450s (CYP450),CYP Monooxygenases,No
NPIL_57341,GFT69678.1,,ko:K12301,"map04142,ko04142",,,"ko02000,ko00001,ko00000",6669.EFX89259,50.9,1.26e-06,52.8,0.0,0.0,0.0,0.0,hypothetical protein NPIL_57341 [Nephila pilipes],,"38CXA@33154,3BBSD@33208,3CR7D@33213,41THY@6656,KOG2532@1,KOG2532@2759",MFS_1,0.0,0.0,Phase III: Efflux & Transport,MFS Xenobiotic Transporters,Solute Carrier Efflux,No
NPIL_573501,GFT87397.1,8237156,ko:K13703,,,,"ko01002,ko00000",121225.PHUM609380-PA,30.5,7.92e-36,139.0,28.1052927817099,1.75728175149682,0.528153802790455,0.2810537500875,hypothetical protein NPIL_573501 [Nephila pilipes],,"39UJH@33154,3BHQ0@33208,3CX97@33213,3EABI@33342,3SKQU@50557,41YJQ@6656,COG0596@1,KOG2382@2759",Abhydrolase_1,7.667945521521169,3.115690086048311,Phase I: Functionalization,Carboxylesterases (COE),Esterases & Hydrolases,Yes
NPIL_578601,GFT34736.1,,,,,,,126957.SMAR009405-PA,63.7,1.18e-81,261.0,0.0,0.0,0.0100988946898667,0.0,uncharacterized protein NPIL_578601 [Nephila pilipes],,"38HJK@33154,3BCQV@33208,3CS1Z@33213,41VZP@6656,KOG2504@1,KOG2504@2759",MFS_1,0.002524723672466675,0.0036378160117028833,Phase III: Efflux & Transport,MFS Xenobiotic Transporters,Solute Carrier Efflux,No
NPIL_579881,GFU00972.1,,ko:K08193,,,,"ko02000,ko00000",7425.NV17613-PA,42.2,3.92e-12,68.2,0.439256172545026,0.0510065968506029,0.194911438673299,4.82607272990197,uncharacterized protein NPIL_579881 [Nephila pilipes],,"39XKC@33154,3BMP2@33208,3D5XJ@33213,3SIAX@50557,41YGC@6656,46GDW@7399,KOG2532@1,KOG2532@2759",MFS_1,1.3778117344927245,1.2496344928523193,Phase III: Efflux & Transport,MFS Xenobiotic Transporters,Solute Carrier Efflux,Yes
NPIL_580661,GFS59019.1,,,,,,,51511.ENSCSAVP00000005952,37.9,8.970000000000001e-37,139.0,6.71150058092911,1.8407111868799,0.648682547070317,22.6393351118525,hypothetical protein NPIL_580661 [Nephila pilipes],,"2QR0B@2759,39UB0@33154,3CNQS@33208,3E4WW@33213,48RGI@7711,COG0596@1",Abhydrolase_6,7.960057356682957,3.1635079675437288,Phase I: Functionalization,Carboxylesterases (COE),Esterases & Hydrolases,Yes
"NPIL_582531,",GFS50985.1,,,,,,,8081.XP_008403244.1,63.3,1.21e-09,59.7,0.0,0.0,0.0,0.0,"hypothetical protein NPIL_582531, partial [Nephila pilipes]",,"38BTY@33154,3BF8S@33208,3CV2F@33213,488IN@7711,490UU@7742,49ZTB@7898,COG2124@1,KOG0158@2759",p450,0.0,0.0,Phase I: Functionalization,Cytochrome P450s (CYP450),CYP Monooxygenases,No
NPIL_59001,GFU27218.1,20216267,ko:K08175,,,,"ko02000,ko00000",6412.HelroP83935,24.7,2.63e-14,83.2,0.0,0.0,0.079746444275154,0.0,hypothetical protein NPIL_59001 [Nephila pilipes],,"28Z0Q@1,2R5UW@2759,38BCW@33154,3BHS8@33208,3D1D3@33213",MFS_1,0.0199366110687885,0.028479491668851126,Phase III: Efflux & Transport,MFS Xenobiotic Transporters,Solute Carrier Efflux,No
NPIL_593441,GFT99489.1,,ko:K12301,"map04142,ko04142",,,"ko02000,ko00001,ko00000",7719.XP_002122757.1,39.3,1.74e-110,345.0,0.0,0.0,0.063623682668661,0.0,hypothetical protein NPIL_593441 [Nephila pilipes],,"38CXA@33154,3BBSD@33208,3CR7D@33213,48475@7711,KOG2532@1,KOG2532@2759",MFS_1,0.01590592066716525,0.02276680558314582,Phase III: Efflux & Transport,MFS Xenobiotic Transporters,Solute Carrier Efflux,No
NPIL_593442,GFT99486.1,,ko:K12301,"map04142,ko04142",,,"ko02000,ko00001,ko00000",7719.XP_002122757.1,39.5,2.19e-111,347.0,0.0,0.0,0.0,0.0,hypothetical protein NPIL_593442 [Nephila pilipes],,"38CXA@33154,3BBSD@33208,3CR7D@33213,48475@7711,KOG2532@1,KOG2532@2759",MFS_1,0.0,0.0,Phase III: Efflux & Transport,MFS Xenobiotic Transporters,Solute Carrier Efflux,No
NPIL_595021,GFS51545.1,,ko:K08189,,,,"ko02000,ko00000",7739.XP_002592532.1,40.0,3.6e-06,55.1,0.0,0.0,0.0,0.0,hypothetical protein NPIL_595021 [Nephila pilipes],,"38I0V@33154,KOG2504@1,KOG2504@2759",MFS_1,0.0,0.0,Phase III: Efflux & Transport,MFS Xenobiotic Transporters,Solute Carrier Efflux,No
NPIL_596491,GFT40483.1,AAEL011465,,,,,,7159.AAEL011465-PA,34.0,4.15e-88,292.0,0.0,0.217751574148004,0.246758848662822,0.0,hypothetical protein NPIL_596491 [Nephila pilipes],,"39V1X@33154,3BM5A@33208,3D3C0@33213,3SGGJ@50557,41WA8@6656,4594R@7147,45DSS@7148,KOG3762@1,KOG3762@2759",MFS_1_like,0.1161276057027065,0.15850197841291108,Phase III: Efflux & Transport,MFS Xenobiotic Transporters,Solute Carrier Efflux,Yes
"NPIL_600801,",GFT06487.1,,,,,,,7739.XP_002605111.1,56.7,4.39e-17,81.3,0.0,0.0,0.0,0.0,"hypothetical protein NPIL_600801, partial [Nephila pilipes]",,"38BSU@33154,COG2124@1,KOG0156@2759",p450,0.0,0.0,Phase I: Functionalization,Cytochrome P450s (CYP450),CYP Monooxygenases,No
NPIL_604531,GFS31326.1,,,,,,,126957.SMAR009253-PA,22.2,7.54e-15,86.7,0.0484899657559306,0.151558964413847,0.327050576809429,0.0298594476444653,uncharacterized protein NPIL_604531 [Nephila pilipes],,"39S3U@33154,3BNVI@33208,3D626@33213,41TRF@6656,KOG2504@1,KOG2504@2759",MFS_1,0.139239738655918,0.18807137599728094,Phase III: Efflux & Transport,MFS Xenobiotic Transporters,Solute Carrier Efflux,Yes
NPIL_605171,GFT85486.1,,ko:K12301,"map04142,ko04142",,,"ko02000,ko00001,ko00000",7070.TC006625-PA,41.8,5.400000000000001e-134,404.0,0.0704260175348599,0.0776900160608348,0.178126051169281,0.0542092046933738,hypothetical protein NPIL_605171 [Nephila pilipes],,"38CXA@33154,3BBSD@33208,3CR7D@33213,3SKJN@50557,41THY@6656,KOG2532@1,KOG2532@2759",MFS_1,0.09511282236458739,0.1310795089872933,Phase III: Efflux & Transport,MFS Xenobiotic Transporters,Solute Carrier Efflux,No
NPIL_605611,GFS39800.1,,,,,,,126957.SMAR009405-PA,63.7,1.18e-81,261.0,0.0,0.0,0.0,0.0,uncharacterized protein NPIL_605611 [Nephila pilipes],,"38HJK@33154,3BCQV@33208,3CS1Z@33213,41VZP@6656,KOG2504@1,KOG2504@2759",MFS_1,0.0,0.0,Phase III: Efflux & Transport,MFS Xenobiotic Transporters,Solute Carrier Efflux,No
NPIL_609611,GFT61339.1,,ko:K08189,,,,"ko02000,ko00000",7739.XP_002592532.1,39.0,9.4e-08,62.8,0.203263028709071,0.130799856388485,0.435562057634677,0.0469374565632552,hypothetical protein NPIL_609611 [Nephila pilipes],,"38I0V@33154,KOG2504@1,KOG2504@2759",MFS_1,0.20414059982387206,0.26800385623870004,Phase III: Efflux & Transport,MFS Xenobiotic Transporters,Solute Carrier Efflux,Yes
NPIL_61031,GFT26117.1,107362610,ko:K06975,,,,ko00000,32264.tetur08g06970.1,46.0,1.78e-17,80.5,3.6185582851247,0.754811142952497,0.599059132597091,3.57331547526398,hypothetical protein NPIL_61031 [Nephila pilipes],,"2C105@1,2S2NM@2759,3A41B@33154,3BS27@33208,3D859@33213,421HX@6656",Acetyltransf_CG,2.136436008984567,1.6491261284186491,Phase II: Conjugation,N-Acetyltransferases (NAT),Acetylation,Yes
"NPIL_611971,",GFU49588.1,GL23362,ko:K08202,"ko05231,map05231",,,"ko02000,ko00001,ko00000",7234.FBpp0187469,48.6,3.96e-13,70.1,0.0,0.0,0.0,0.0,"uncharacterized protein NPIL_611971, partial [Nephila pilipes]",,"38FJ1@33154,3B9N9@33208,3CT4W@33213,3SJ4H@50557,41WFS@6656,44YKN@7147,45V80@7214,KOG0255@1,KOG0255@2759",MFS_1,0.0,0.0,Phase III: Efflux & Transport,MFS Xenobiotic Transporters,Solute Carrier Efflux,No
"NPIL_614681,",GFS30030.1,,,,,,,8081.XP_008403244.1,61.7,1.83e-08,55.5,0.0,0.0,0.0,0.0,"hypothetical protein NPIL_614681, partial [Nephila pilipes]",,"38BTY@33154,3BF8S@33208,3CV2F@33213,488IN@7711,490UU@7742,49ZTB@7898,COG2124@1,KOG0158@2759",p450,0.0,0.0,Phase I: Functionalization,Cytochrome P450s (CYP450),CYP Monooxygenases,No
"NPIL_625161,",GFT63646.1,,,,,,,7739.XP_002604819.1,43.1,3.43e-09,58.2,0.0,0.0,0.0,0.0,"hypothetical protein NPIL_625161, partial [Nephila pilipes]",,"38BSU@33154,3BC78@33208,3CRSA@33213,COG2124@1,KOG0156@2759",p450,0.0,0.0,Phase I: Functionalization,Cytochrome P450s (CYP450),CYP Monooxygenases,No
NPIL_629541,GFU19782.1,CYP306A1,ko:K10720,"ko00981,map00981",,,"ko00001,ko00000,ko00199",7159.AAEL004888-PA,55.2,2.66e-11,64.7,0.810311178312711,0.828879497484423,1.00611405157388,0.0544340042931514,hypothetical protein NPIL_629541 [Nephila pilipes],,"39SXI@33154,3BG1W@33208,3D3IZ@33213,3SJC7@50557,41UYC@6656,44Y6H@7147,45C8F@7148,COG2124@1,KOG0156@2759",p450,0.6749346829160413,0.7441048361850526,Phase I: Functionalization,Cytochrome P450s (CYP450),CYP Monooxygenases,Yes
NPIL_629551,GFU19783.1,,,,,,,3847.GLYMA07G34250.1,52.8,3.26e-07,53.9,0.411699272953931,0.0454163450491756,0.242969183971316,0.0,hypothetical protein NPIL_629551 [Nephila pilipes],,"37SDE@33090,3GCA8@35493,4JERP@91835,COG2124@1,KOG0156@2759",p450,0.17502120049360564,0.23268678706351986,Phase I: Functionalization,Cytochrome P450s (CYP450),CYP Monooxygenases,Yes
"NPIL_630481,",GFS62601.1,,,,,,,8081.XP_008403244.1,61.2,9.7e-09,58.2,0.0,0.0,0.0,0.0,"hypothetical protein NPIL_630481, partial [Nephila pilipes]",,"38BTY@33154,3BF8S@33208,3CV2F@33213,488IN@7711,490UU@7742,49ZTB@7898,COG2124@1,KOG0158@2759",p450,0.0,0.0,Phase I: Functionalization,Cytochrome P450s (CYP450),CYP Monooxygenases,No
"NPIL_633841,",GFS47136.1,,,,,,,8081.XP_008403244.1,61.7,1.83e-08,55.5,0.0,0.0,0.0,0.0,"hypothetical protein NPIL_633841, partial [Nephila pilipes]",,"38BTY@33154,3BF8S@33208,3CV2F@33213,488IN@7711,490UU@7742,49ZTB@7898,COG2124@1,KOG0158@2759",p450,0.0,0.0,Phase I: Functionalization,Cytochrome P450s (CYP450),CYP Monooxygenases,No
NPIL_636931,GFT19344.1,,ko:K08193,,,,"ko02000,ko00000",6087.XP_002155626.1,38.5,1.3100000000000002e-97,309.0,0.0279952155395893,0.0132354621672147,0.0101153306897688,0.0,hypothetical protein NPIL_636931 [Nephila pilipes],,"38CXA@33154,3BBSD@33208,KOG2532@1,KOG2532@2759",MFS_1,0.0128365020991432,0.018401304792458193,Phase III: Efflux & Transport,MFS Xenobiotic Transporters,Solute Carrier Efflux,No
NPIL_638631,GFT44688.1,LOC732867,ko:K13703,,,,"ko01002,ko00000",7091.BGIBMGA013114-TA,29.2,1.24e-52,195.0,1.81564579964038,0.61075532149378,0.281438286495189,0.0300820486208995,hypothetical protein NPIL_638631 [Nephila pilipes],,"39UJH@33154,3BHQ0@33208,3CX97@33213,3SKQU@50557,41YJQ@6656,44313@7088,COG0596@1,KOG2382@2759",Abhydrolase_1,0.6844803640625621,0.7523036111045635,Phase I: Functionalization,Carboxylesterases (COE),Esterases & Hydrolases,Yes
NPIL_638632,GFT44690.1,,,,,,,69293.ENSGACP00000027104,32.7,5.45e-40,150.0,0.0,0.0,0.0,0.0,hypothetical protein NPIL_638632 [Nephila pilipes],,"39UJH@33154,3BHQ0@33208,3CX97@33213,4895K@7711,48YTE@7742,49ZEY@7898,COG0596@1,KOG2382@2759",Abhydrolase_6,0.0,0.0,Phase I: Functionalization,Carboxylesterases (COE),Esterases & Hydrolases,No
NPIL_638641,GFT44692.1,EAZ82359.1,,,,,,388413.ALPR1_03920,34.9,3.85e-34,131.0,0.0853450227249253,0.1606051086789,0.16083698695137,0.129839985894735,hypothetical protein NPIL_638641 [Nephila pilipes],,"47JB4@768503,4NDZI@976,COG0596@1,COG0596@2",Abhydrolase_1,0.13415677606248258,0.1816200797991566,Phase I: Functionalization,Carboxylesterases (COE),Esterases & Hydrolases,Yes
NPIL_638651,GFT44694.1,abhd11,,,,,,48698.ENSPFOP00000010932,35.7,7.19e-42,153.0,1.2595624258722,0.757106145347262,0.321458741787319,0.879253093734903,hypothetical protein NPIL_638651 [Nephila pilipes],,"39UJH@33154,3BHQ0@33208,3CX97@33213,4895K@7711,48YTE@7742,49ZEY@7898,COG0596@1,KOG2382@2759",Abhydrolase_1,0.8043451016854211,0.8514752969496301,Phase I: Functionalization,Carboxylesterases (COE),Esterases & Hydrolases,Yes
"NPIL_639921,",GFS28523.1,,,,,,,8081.XP_008403244.1,61.7,1.83e-08,55.5,0.0,0.0,0.0,0.0,"hypothetical protein NPIL_639921, partial [Nephila pilipes]",,"38BTY@33154,3BF8S@33208,3CV2F@33213,488IN@7711,490UU@7742,49ZTB@7898,COG2124@1,KOG0158@2759",p450,0.0,0.0,Phase I: Functionalization,Cytochrome P450s (CYP450),CYP Monooxygenases,No
"NPIL_641741,",GFT98770.1,,ko:K07424,"map01100,map05204,ko00140,map00591,ko00591,ko01100,ko00830,map00830,ko05204,map00140",,1.14.14.1,"ko01000,ko00001,ko00000,ko00199",118797.XP_007468941.1,44.0,6.95e-11,66.2,0.0,0.0,0.0,0.0,"hypothetical protein NPIL_641741, partial [Nephila pilipes]",,"38BTY@33154,3BF8S@33208,3CV2F@33213,3J4KT@40674,488IN@7711,490UU@7742,4J1U9@91561,COG2124@1,KOG0158@2759",p450,0.0,0.0,Phase I: Functionalization,Cytochrome P450s (CYP450),CYP Monooxygenases,No
"NPIL_646081,",GFT21244.1,,,,,,,51511.ENSCSAVP00000006328,49.0,3.3e-06,49.3,0.0,0.0,0.0,0.0,"hypothetical protein NPIL_646081, partial [Nephila pilipes]",,"38CH6@33154,3BA19@33208,3CSDY@33213,47Z73@7711,COG1132@1,KOG0054@2759","ABC_membrane,ABC_tran",0.0,0.0,Phase III: Efflux & Transport,ABC Transporters (ABCA/B/C/G),ATP-Dependent Efflux,No
"NPIL_647361,",GFT82482.1,,,,,,,9739.XP_004318051.1,75.0,9.25e-24,95.1,0.0,0.0,0.0,0.0,"hypothetical protein NPIL_647361, partial [Nephila pilipes]",,"38CH6@33154,3BDC6@33208,3CXM9@33213,3J90E@40674,47Z6D@7711,490XK@7742,4IZAX@91561,COG1132@1,KOG0054@2759",ABC_tran,0.0,0.0,Phase III: Efflux & Transport,ABC Transporters (ABCA/B/C/G),ATP-Dependent Efflux,No
"NPIL_651801,",GFT33865.1,,,,,,,126957.SMAR002783-PA,24.1,1.5100000000000002e-21,106.0,0.0,0.0,0.0,0.0,"hypothetical protein NPIL_651801, partial [Nephila pilipes]",,"38DZC@33154,3BAPN@33208,3D1IT@33213,41USG@6656,KOG3762@1,KOG3762@2759",MFS_1_like,0.0,0.0,Phase III: Efflux & Transport,MFS Xenobiotic Transporters,Solute Carrier Efflux,No
"NPIL_658801,",GFT48351.1,,,,,,,8081.XP_008403244.1,61.2,9.7e-09,58.2,0.0,0.0,0.0,0.0,"hypothetical protein NPIL_658801, partial [Nephila pilipes]",,"38BTY@33154,3BF8S@33208,3CV2F@33213,488IN@7711,490UU@7742,49ZTB@7898,COG2124@1,KOG0158@2759",p450,0.0,0.0,Phase I: Functionalization,Cytochrome P450s (CYP450),CYP Monooxygenases,No
NPIL_664191,GFS36280.1,,,,,,,6669.EFX78851,30.7,2.37e-28,123.0,0.267845859376634,0.0549716217008399,0.141792513323836,7.27251635642304,hypothetical protein NPIL_664191 [Nephila pilipes],,"38Z6F@33154,3BN7F@33208,3D5IX@33213,41Y40@6656,KOG3762@1,KOG3762@2759",MFS_1_like,1.9342815877060875,1.5530073255763703,Phase III: Efflux & Transport,MFS Xenobiotic Transporters,Solute Carrier Efflux,Yes
NPIL_665841,GFT40254.1,,ko:K08189,,,,"ko02000,ko00000",7739.XP_002592532.1,41.5,1.27e-05,55.8,1.59754187405825,0.0,0.374130233299914,0.327914701558292,hypothetical protein NPIL_665841 [Nephila pilipes],,"38I0V@33154,KOG2504@1,KOG2504@2759",MFS_1,0.574896702229114,0.6552572050766521,Phase III: Efflux & Transport,MFS Xenobiotic Transporters,Solute Carrier Efflux,Yes
NPIL_676491,GFT19696.1,107359083,ko:K07418,"map01100,ko01100,map04750,map00590,map00591,ko00591,ko00590,ko04750,ko04913,map04726,map04212,ko04212,map04913,ko04726",,1.14.14.1,"ko01000,ko00001,ko00000,ko00199",32264.tetur03g05540.1,49.3,9.29e-12,67.0,5.12834094353483,0.471441407847421,0.0,0.0,hypothetical protein NPIL_676491 [Nephila pilipes],,"38BSU@33154,3BC78@33208,3CRSA@33213,41V2X@6656,COG2124@1,KOG0156@2759",p450,1.3999455878455629,1.263001697069106,Phase I: Functionalization,Cytochrome P450s (CYP450),CYP Monooxygenases,Yes
"NPIL_677321,",GFT30292.1,GI16367,ko:K12301,"map04142,ko04142",,,"ko02000,ko00001,ko00000",7230.FBpp0165584,37.5,9.1e-70,233.0,0.0,0.0,0.0,0.0,"hypothetical protein NPIL_677321, partial [Nephila pilipes]",,"38CXA@33154,3BBSD@33208,3CR7D@33213,3SKJN@50557,41THY@6656,4512W@7147,45WHN@7214,KOG2532@1,KOG2532@2759",MFS_1,0.0,0.0,Phase III: Efflux & Transport,MFS Xenobiotic Transporters,Solute Carrier Efflux,No
NPIL_67851,GFT37917.1,107368633,,,,,,32264.tetur27g00340.1,49.3,1.05e-12,69.7,3.84625570765112,0.0,0.0,0.0,hypothetical protein NPIL_67851 [Nephila pilipes],,"38BSU@33154,3BC78@33208,3CRSA@33213,41V2X@6656,COG2124@1,KOG0156@2759",p450,0.96156392691278,0.9720043532774616,Phase I: Functionalization,Cytochrome P450s (CYP450),CYP Monooxygenases,Yes
NPIL_678621,GFS35591.1,,,,,,,126957.SMAR011781-PA,63.0,2.57e-25,107.0,0.0,0.0,1.26518849886917,0.0,uncharacterized protein NPIL_678621 [Nephila pilipes],,"28Z0Q@1,2QRVK@2759,38E0I@33154,3BDWI@33208,3CZF1@33213,423Q6@6656",MFS_1,0.3162971247172925,0.39648518206119815,Phase III: Efflux & Transport,MFS Xenobiotic Transporters,Solute Carrier Efflux,Yes
"NPIL_68051,",GFT28997.1,GV64_07830,,,,,,305900.GV64_07830,45.6,3.26e-09,58.2,0.0,0.0,0.0,0.0,"hypothetical protein NPIL_68051, partial [Nephila pilipes]",,"1R9X7@1224,1S2CW@1236,1XIWZ@135619,COG0596@1,COG0596@2",Abhydrolase_1,0.0,0.0,Phase I: Functionalization,Carboxylesterases (COE),Esterases & Hydrolases,No
NPIL_684011,GFS87503.1,107372143,ko:K07418,"map01100,ko01100,map04750,map00590,map00591,ko00591,ko00590,ko04750,ko04913,map04726,map04212,ko04212,map04913,ko04726",,1.14.14.1,"ko01000,ko00001,ko00000,ko00199",32264.tetur03g00970.1,45.2,7.66e-25,107.0,2.26786411505706,0.909738168260239,0.463517495487825,0.0846375293010236,hypothetical protein NPIL_684011 [Nephila pilipes],,"38BSU@33154,3BC78@33208,3CRSA@33213,41V2X@6656,COG2124@1,KOG0156@2759",p450,0.931439327026537,0.9496763584019631,Phase I: Functionalization,Cytochrome P450s (CYP450),CYP Monooxygenases,Yes
"NPIL_688161,",GFT21298.1,G5I_06543,ko:K07427,,,,"ko00000,ko00199",103372.F4WLB8,48.0,8.09e-06,48.9,0.0,0.0,0.0,0.0,"hypothetical protein NPIL_688161, partial [Nephila pilipes]",,"38CHP@33154,3B9GY@33208,3CSG8@33213,3SGAE@50557,41U3I@6656,46KTU@7399,COG2124@1,KOG0157@2759",p450,0.0,0.0,Phase I: Functionalization,Cytochrome P450s (CYP450),CYP Monooxygenases,No
NPIL_690421,GFU41493.1,107371576,,,,,,32264.tetur02g09990.1,41.6,1.03e-97,304.0,0.0643402927594715,0.102028844163897,0.26444216721898,0.0148574471011513,hypothetical protein NPIL_690421 [Nephila pilipes],,"38FPD@33154,3BEBC@33208,3CTZN@33213,429ZB@6656,KOG1584@1,KOG1584@2759",Sulfotransfer_1,0.11141718781087495,0.1524004565201449,Phase II: Conjugation,Sulfotransferases (SULT),Sulfation,Yes
NPIL_695401,GFT69594.1,,ko:K12301,"map04142,ko04142",,,"ko02000,ko00001,ko00000",7719.XP_002122757.1,32.2,2.5000000000000003e-66,229.0,0.0,0.215375928106223,0.411507869518692,0.0171750074237791,hypothetical protein NPIL_695401 [Nephila pilipes],,"38CXA@33154,3BBSD@33208,3CR7D@33213,48475@7711,KOG2532@1,KOG2532@2759",MFS_1,0.16101470126217352,0.21538624033763137,Phase III: Efflux & Transport,MFS Xenobiotic Transporters,Solute Carrier Efflux,Yes
NPIL_70191,GFS67866.1,SLC16A13,ko:K08189,,,,"ko02000,ko00000",9031.ENSGALP00000020906,36.3,1.63e-10,71.6,1.09390613847595,0.271940426314391,0.320409386721063,0.758999674961415,hypothetical protein NPIL_70191 [Nephila pilipes],,"38GSY@33154,3BDTX@33208,3CXV6@33213,484WJ@7711,48X75@7742,4GK59@8782,KOG2504@1,KOG2504@2759",MFS_1,0.6113139066182047,0.6882375787158966,Phase III: Efflux & Transport,MFS Xenobiotic Transporters,Solute Carrier Efflux,Yes
"NPIL_703071,",GFS37044.1,v1g190285,ko:K06158,,,,"ko03012,ko00000",45351.EDO36317,81.8,6.62e-10,58.9,0.0,0.0,0.0,0.0,"hypothetical protein NPIL_703071, partial [Nephila pilipes]",,"38FBM@33154,3B9H1@33208,COG0488@1,KOG0062@2759","ABC_tran,ABC_tran_Xtn",0.0,0.0,Phase III: Efflux & Transport,ABC Transporters (ABCA/B/C/G),ATP-Dependent Efflux,No
"NPIL_74121,",GFT53055.1,,ko:K12301,"map04142,ko04142",,,"ko02000,ko00001,ko00000",7719.XP_002122757.1,41.3,1.04e-74,246.0,0.0,0.0,0.0,0.0,"hypothetical protein NPIL_74121, partial [Nephila pilipes]",,"38CXA@33154,3BBSD@33208,3CR7D@33213,48475@7711,KOG2532@1,KOG2532@2759",MFS_1,0.0,0.0,Phase III: Efflux & Transport,MFS Xenobiotic Transporters,Solute Carrier Efflux,No
NPIL_75891,GFS94477.1,v1g120897,ko:K01832,"map01100,ko01100,map00590,ko00590,ko04611,map04611",,5.3.99.5,"ko01000,ko00001,ko00000,ko00199",45351.EDO36004,52.1,1.38e-15,77.4,1.58566484413604,0.993872812143967,0.243064628197048,0.399448797773575,uncharacterized protein NPIL_75891 [Nephila pilipes],,"38BTY@33154,3BF8S@33208,COG2124@1,KOG0158@2759",p450,0.8055127705626575,0.852408624641168,Phase I: Functionalization,Cytochrome P450s (CYP450),CYP Monooxygenases,Yes
NPIL_77061,GFT65364.1,101892288,,,,,,7370.XP_005187720.1,27.8,3.05e-11,73.6,1.29273024780569,1.25321057071098,0.3632952428171,0.144735515898695,hypothetical protein NPIL_77061 [Nephila pilipes],,"39T7H@33154,3BHHG@33208,3D3AH@33213,3SIZP@50557,41Y97@6656,44ZRE@7147,KOG2504@1,KOG2504@2759",MFS_1,0.7634928943081163,0.8184357626838723,Phase III: Efflux & Transport,MFS Xenobiotic Transporters,Solute Carrier Efflux,Yes
NPIL_77071,GFT65365.1,G5I_02866,,,,,,103372.F4WBF5,30.1,4.13e-11,68.9,0.0855964018151677,0.14163769437506,0.108247985498313,0.395318068188471,hypothetical protein NPIL_77071 [Nephila pilipes],,"39TIW@33154,3BN1W@33208,3CWIT@33213,3SJD1@50557,41Y4Q@6656,46FDH@7399,KOG2504@1,KOG2504@2759",MFS_1,0.18270003746925292,0.2420842162561971,Phase III: Efflux & Transport,MFS Xenobiotic Transporters,Solute Carrier Efflux,Yes
"NPIL_81621,",GFT56166.1,105622490,ko:K08193,,,,"ko02000,ko00000",12957.ACEP16186-PA,47.5,6.94e-09,58.9,0.0,0.0,0.0,0.0,"uncharacterized protein NPIL_81621, partial [Nephila pilipes]",,"39WWZ@33154,3BP43@33208,3CUA8@33213,3SK8Z@50557,41X4A@6656,46FA7@7399,KOG2532@1,KOG2532@2759",MFS_1,0.0,0.0,Phase III: Efflux & Transport,MFS Xenobiotic Transporters,Solute Carrier Efflux,No
NPIL_85971,GFT90984.1,ACYPI34361,ko:K20230,"ko04013,map04013",,,"ko00001,ko00000",7029.ACYPI007861-PA,47.2,1.33e-72,254.0,0.0,0.0,0.0,0.0,hypothetical protein NPIL_85971 [Nephila pilipes],,"39SSM@33154,3BCQX@33208,3CX5X@33213,3EC87@33342,3SG14@50557,41TXV@6656,COG4886@1,KOG0619@2759","I-set,LRR_8",0.0,0.0,Phase I: Functionalization,Cytochrome P450s (CYP450),CYP Monooxygenases,No
NPIL_90521,GFU17851.1,107369096,ko:K12301,"map04142,ko04142",,,"ko02000,ko00001,ko00000",32264.tetur30g01230.1,33.8,2.83e-76,255.0,0.0310334249898182,0.0547749225703591,0.193612986340314,0.0114659713315873,hypothetical protein NPIL_90521 [Nephila pilipes],,"38CXA@33154,3BBSD@33208,3CR7D@33213,41THY@6656,KOG2532@1,KOG2532@2759",MFS_1,0.07272182630801964,0.10127601100989897,Phase III: Efflux & Transport,MFS Xenobiotic Transporters,Solute Carrier Efflux,No
"NPIL_95471,",GFS68054.1,,,,,,,4006.Lus10032215,50.8,3.47e-10,61.2,0.0,0.0,0.0,0.0,"hypothetical protein NPIL_95471, partial [Nephila pilipes]",,"37SDE@33090,3GCA8@35493,4JERP@91835,COG2124@1,KOG0156@2759",p450,0.0,0.0,Phase I: Functionalization,Cytochrome P450s (CYP450),CYP Monooxygenases,No
"NPIL_9701,",GFU35202.1,GV64_07830,,,,,,305900.GV64_07830,45.6,3.26e-09,58.2,0.0,0.0,0.0,0.0,"hypothetical protein NPIL_9701, partial [Nephila pilipes]",,"1R9X7@1224,1S2CW@1236,1XIWZ@135619,COG0596@1,COG0596@2",Abhydrolase_1,0.0,0.0,Phase I: Functionalization,Carboxylesterases (COE),Esterases & Hydrolases,No
"NPIL_98761,",GFT87084.1,,ko:K12301,"map04142,ko04142",,,"ko02000,ko00001,ko00000",7091.BGIBMGA005389-TA,41.7,0.000176,44.7,0.0,0.0,0.0,0.0,"hypothetical protein NPIL_98761, partial [Nephila pilipes]",,"38CXA@33154,3BBSD@33208,3CR7D@33213,3SKJN@50557,41THY@6656,441IM@7088,KOG2532@1,KOG2532@2759",MFS_1,0.0,0.0,Phase III: Efflux & Transport,MFS Xenobiotic Transporters,Solute Carrier Efflux,No
,GFS29044.1,8235887,ko:K01017,"map00532,ko00532",,2.8.2.5,"ko01003,ko01000,ko00001,ko00000",121225.PHUM310380-PA,32.5,4.24e-35,140.0,0.0,0.0,0.0,0.0,carbohydrate sulfotransferase 11 [Nephila pilipes],,"39NS8@33154,3BPSA@33208,3D6N3@33213,3EC48@33342,3SFZ1@50557,41YRR@6656,KOG4651@1,KOG4651@2759",Sulfotransfer_2,0.0,0.0,Phase II: Conjugation,Sulfotransferases (SULT),Sulfation,No
,GFS29616.1,AAEL004048,,,,,,7159.AAEL004048-PA,38.0,1.97e-111,345.0,0.0,0.0,0.0,0.0,UNC93-like protein [Nephila pilipes],,"39NH3@33154,3BCBB@33208,3CYBR@33213,3SG3N@50557,41VW6@6656,44YC2@7147,45ECP@7148,KOG3097@1,KOG3097@2759","MFS_1,UNC-93",0.0,0.0,Phase III: Efflux & Transport,MFS Xenobiotic Transporters,Solute Carrier Efflux,No
,GFS29622.1,LOC657121,ko:K00784,"ko03013,map03013",,3.1.26.11,"ko01000,ko00001,ko03016,ko00000",7070.TC006728-PA,41.4,3.34e-199,592.0,0.0,0.0,0.0,0.0,zinc phosphodiesterase ELAC protein 2 [Nephila pilipes],,"38D9A@33154,3BA6A@33208,3CSCA@33213,3SI7P@50557,41W7R@6656,COG1234@1,KOG2121@2759","Lactamase_B_2,Lactamase_B_4",0.0,0.0,Phase I: Functionalization,Carboxylesterases (COE),Esterases & Hydrolases,No
,GFS29898.1,CYP6N6,ko:K14999,,,,"ko01000,ko00000,ko00199",7159.AAEL009126-PA,54.4,1.86e-33,129.0,0.0,0.0,0.0,0.0,"cytochrome P450 9e2, partial [Nephila pilipes]",,"38BTY@33154,3BF8S@33208,3CV2F@33213,3SK5P@50557,41VYX@6656,458DN@7147,45MJX@7148,COG2124@1,KOG0158@2759",p450,0.0,0.0,Phase I: Functionalization,Cytochrome P450s (CYP450),CYP Monooxygenases,No
,GFS30047.1,,ko:K07809,"ko00534,map00534",,2.8.2.30,"ko01003,ko01000,ko00001,ko00000",7994.ENSAMXP00000025721,72.3,1.26e-109,320.0,0.0,0.0,0.0,0.0,heparan sulfate glucosamine 3-O-sulfotransferase 3A1 [Nephila pilipes],,"38F53@33154,3BBC6@33208,3CSSA@33213,480NP@7711,48VX4@7742,4A110@7898,KOG3704@1,KOG3704@2759",Sulfotransfer_1,0.0,0.0,Phase II: Conjugation,Sulfotransferases (SULT),Sulfation,No
,GFS30049.1,,,,,,,126957.SMAR011232-PA,86.3,1.6999999999999997e-23,99.4,0.0,0.0,0.0,0.0,heparan sulfate glucosamine 3-O-sulfotransferase 2 [Nephila pilipes],,"3A8C1@33154,3BUPY@33208,3DAT8@33213,KOG3704@1,KOG3704@2759",Sulfotransfer_1,0.0,0.0,Phase II: Conjugation,Sulfotransferases (SULT),Sulfation,No
,GFS30130.1,20217691,,,,,,6412.HelroP96929,35.4,1.31e-09,63.2,0.0,0.0,0.0,0.0,cytochrome P450 3A24 [Nephila pilipes],,"38BTY@33154,3BF8S@33208,3CV2F@33213,COG2124@1,KOG0158@2759",p450,0.0,0.0,Phase I: Functionalization,Cytochrome P450s (CYP450),CYP Monooxygenases,No
,GFS30198.1,,,,,,,126957.SMAR000507-PA,86.3,3.18e-59,187.0,0.0,0.0,0.0,0.0,n-alpha-acetyltransferase 50 [Nephila pilipes],,"39V9I@33154,3BC25@33208,3D00Y@33213,41U8R@6656,COG0456@1,KOG3138@2759",Acetyltransf_1,0.0,0.0,Phase II: Conjugation,N-Acetyltransferases (NAT),Acetylation,No
,GFS30372.1,,,,,,,7739.XP_002604402.1,50.0,2.12e-28,114.0,0.0,0.0,0.0,0.0,cytochrome P450 2D9 [Nephila pilipes],,"38BSU@33154,3BC78@33208,3CRSA@33213,483G0@7711,COG2124@1,KOG0156@2759",p450,0.0,0.0,Phase I: Functionalization,Cytochrome P450s (CYP450),CYP Monooxygenases,No
,GFS30763.1,LOC575452,,,,,,7668.SPU_016816-tr,40.0,5.51e-45,160.0,0.0,0.0,0.0,0.0,cytochrome P450 2U1 [Nephila pilipes],,"39W44@33154,COG2124@1,KOG0156@2759",p450,0.0,0.0,Phase I: Functionalization,Cytochrome P450s (CYP450),CYP Monooxygenases,No
,GFS31356.1,,,,,,,69319.XP_008549084.1,32.3,2.67e-100,330.0,0.0,0.0,0.0,0.0,organic cation transporter 1 [Nephila pilipes],,"38FJ1@33154,3B9N9@33208,3CT4W@33213,3SQ9R@50557,41WYB@6656,46GHY@7399,KOG0255@1,KOG0255@2759",MFS_1,0.0,0.0,Phase III: Efflux & Transport,MFS Xenobiotic Transporters,Solute Carrier Efflux,No
,GFS31726.1,107369096,ko:K12301,"map04142,ko04142",,,"ko02000,ko00001,ko00000",32264.tetur30g01230.1,36.4,3.89e-30,122.0,0.0,0.0,0.0,0.0,"sialin, partial [Nephila pilipes]",,"38CXA@33154,3BBSD@33208,3CR7D@33213,41THY@6656,KOG2532@1,KOG2532@2759",MFS_1,0.0,0.0,Phase III: Efflux & Transport,MFS Xenobiotic Transporters,Solute Carrier Efflux,No
,GFS31929.1,,,,,,,126957.SMAR012322-PA,40.6,1.65e-87,282.0,0.0,0.0,0.0,0.0,cytochrome P450 4V2 [Nephila pilipes],,"38CHP@33154,3B9GY@33208,3CSG8@33213,41U3I@6656,COG2124@1,KOG0157@2759",p450,0.0,0.0,Phase I: Functionalization,Cytochrome P450s (CYP450),CYP Monooxygenases,No
,GFS31958.1,LOC658391,,,,,,7070.TC010266-PA,35.2,5.3e-11,65.1,0.0,0.0,0.0,0.0,vesicular glutamate transporter 2.2 [Nephila pilipes],,"39SPX@33154,3BP2B@33208,3D49A@33213,3SIT2@50557,41WWP@6656,KOG2532@1,KOG2532@2759",MFS_1,0.0,0.0,Phase III: Efflux & Transport,MFS Xenobiotic Transporters,Solute Carrier Efflux,No
,GFS32173.1,,,,,,,126957.SMAR001124-PA,52.8,5.98e-143,436.0,0.0,0.0,0.0,0.0,carnitine O-acetyltransferase [Nephila pilipes],,"38CAT@33154,3BAAZ@33208,3CRF9@33213,41TF4@6656,KOG3717@1,KOG3717@2759",Carn_acyltransf,0.0,0.0,Phase II: Conjugation,N-Acetyltransferases (NAT),Acetylation,No
,GFS32396.1,,,,,,,126957.SMAR012322-PA,42.9,7.05e-112,346.0,0.0,0.0,0.0,0.0,cytochrome P450 4V2 [Nephila pilipes],,"38CHP@33154,3B9GY@33208,3CSG8@33213,41U3I@6656,COG2124@1,KOG0157@2759",p450,0.0,0.0,Phase I: Functionalization,Cytochrome P450s (CYP450),CYP Monooxygenases,No
,GFS33894.1,,,,,,,10228.TriadP61619,32.4,0.000344,45.4,0.0,0.0,0.0,0.0,acetyltransf_18 domain-containing protein [Nephila pilipes],,"2S9B9@2759,3AC4G@33154,3BVTK@33208,COG0454@1",Acetyltransf_1,0.0,0.0,Phase II: Conjugation,N-Acetyltransferases (NAT),Acetylation,No
,GFS34124.1,107368029,ko:K01049,"map00564,ko00564,map04725,ko04725",,3.1.1.7,"ko01000,ko00001,ko00537,ko00000",32264.tetur25g00710.1,31.4,1.25e-70,246.0,0.0,0.0,0.0,0.0,acetylcholinesterase-1 [Nephila pilipes],,"39MBH@33154,3CNZ2@33208,3E52U@33213,COG2272@1,KOG4389@2759",COesterase,0.0,0.0,Phase I: Functionalization,Carboxylesterases (COE),Esterases & Hydrolases,No
,GFS34470.1,CYP4V2,ko:K07427,,,,"ko00000,ko00199",28377.ENSACAP00000001477,44.6,8.309999999999999e-23,102.0,0.0,0.0,0.0,0.0,"cytochrome P450 4V2, partial [Nephila pilipes]",,"38CHP@33154,3B9GY@33208,3CSG8@33213,487KR@7711,49547@7742,COG2124@1,KOG0157@2759",p450,0.0,0.0,Phase I: Functionalization,Cytochrome P450s (CYP450),CYP Monooxygenases,No
,GFS34924.1,,,,,,,126957.SMAR006933-PA,55.0,2.22e-133,393.0,0.0,0.0,0.0,0.0,phosphotriesterase-related protein [Nephila pilipes],,"2QQQR@2759,38DYH@33154,3BGDX@33208,3CUQN@33213,41V9F@6656,COG1735@1",PTE,0.0,0.0,Phase I: Functionalization,Carboxylesterases (COE),Esterases & Hydrolases,No
,GFS34926.1,,,,,,,126957.SMAR006933-PA,55.0,5.98e-134,393.0,0.0,0.0,0.0,0.0,phosphotriesterase-related protein [Nephila pilipes],,"2QQQR@2759,38DYH@33154,3BGDX@33208,3CUQN@33213,41V9F@6656,COG1735@1",PTE,0.0,0.0,Phase I: Functionalization,Carboxylesterases (COE),Esterases & Hydrolases,No
,GFS34952.1,ALDH5A1,ko:K00139,"map01100,ko00650,map01120,map00650,ko01100,ko00250,map00250,ko01120",M00027,1.2.1.24,"ko01000,ko00001,ko00000,ko00002",7897.ENSLACP00000004782,59.8,6.16e-186,537.0,0.0,0.0,0.0,0.0,"succinate-semialdehyde dehydrogenase, mitochondrial [Nephila pilipes]",,"38D8C@33154,3BG29@33208,3CRS6@33213,486DF@7711,48YRP@7742,COG1012@1,KOG2451@2759",Aldedh,0.0,0.0,Phase I: Functionalization,Aldehyde Dehydrogenases (ALDH),Aldehyde Oxidation,No
,GFS35532.1,,,,,,,126957.SMAR008001-PA,42.0,2e-20,92.0,0.0,0.0,0.0,0.0,"cytochrome P450 3A13, partial [Nephila pilipes]",,"38BTY@33154,3BF8S@33208,3CV2F@33213,41TTZ@6656,COG2124@1,KOG0158@2759",p450,0.0,0.0,Phase I: Functionalization,Cytochrome P450s (CYP450),CYP Monooxygenases,No
,GFS35590.1,,,,,,,126957.SMAR011781-PA,42.4,2.14e-87,282.0,0.0,0.0,0.0,0.0,major facilitator superfamily domain-containing protein 4A [Nephila pilipes],,"28Z0Q@1,2QRVK@2759,38E0I@33154,3BDWI@33208,3CZF1@33213,423Q6@6656",MFS_1,0.0,0.0,Phase III: Efflux & Transport,MFS Xenobiotic Transporters,Solute Carrier Efflux,No
,GFS35592.1,L798_02565,ko:K00289,"map00670,ko00670",,1.5.1.6,"ko01000,ko00001,ko00000",136037.KDR07781,68.4,0.0,1305.0,0.0,0.0,0.0,0.0,mitochondrial 10-formyltetrahydrofolate dehydrogenase [Nephila pilipes],,"39MAJ@33154,3BCUT@33208,3CY12@33213,3SHBS@50557,41TD0@6656,COG1012@1,KOG2452@2759","Aldedh,Formyl_trans_C,Formyl_trans_N,PP-binding",0.0,0.0,Phase I: Functionalization,Aldehyde Dehydrogenases (ALDH),Aldehyde Oxidation,No
,GFS35594.1,L798_02565,ko:K00289,"map00670,ko00670",,1.5.1.6,"ko01000,ko00001,ko00000",136037.KDR07781,68.0,0.0,1303.0,0.0,0.0,0.0,0.0,mitochondrial 10-formyltetrahydrofolate dehydrogenase [Nephila pilipes],,"39MAJ@33154,3BCUT@33208,3CY12@33213,3SHBS@50557,41TD0@6656,COG1012@1,KOG2452@2759","Aldedh,Formyl_trans_C,Formyl_trans_N,PP-binding",0.0,0.0,Phase I: Functionalization,Aldehyde Dehydrogenases (ALDH),Aldehyde Oxidation,No
,GFS35720.1,ALDH2,,,,,,9365.XP_007529015.1,69.4,3.3800000000000003e-265,739.0,0.0,0.0,0.0,0.0,"aldehyde dehydrogenase, mitochondrial [Nephila pilipes]",,"38CDB@33154,3BCJG@33208,3CU6J@33213,3JEDZ@40674,48131@7711,48WXF@7742,COG1012@1,KOG2450@2759",Aldedh,0.0,0.0,Phase I: Functionalization,Aldehyde Dehydrogenases (ALDH),Aldehyde Oxidation,No
,GFS36338.1,,,,,,,126957.SMAR009052-PA,66.2,2.79e-236,691.0,0.0,0.0,0.0,0.0,"1-phosphatidylinositol 4,5-bisphosphate phosphodiesterase classes I and II, partial [Nephila pilipes]",,"3ASPT@33154,3BB4P@33208,3CUHB@33213,41UZY@6656,KOG0169@1,KOG1265@2759","EF-hand_like,PI-PLC-X,PI-PLC-Y,PLC-beta_C",0.0,0.0,Phase I: Functionalization,Carboxylesterases (COE),Esterases & Hydrolases,No
,GFS36339.1,WD_0470,,,,,,163164.WD_0470,99.2,7.78e-274,751.0,0.0,0.0,0.0,0.0,inner membrane metabolite transport protein YhjE [Nephila pilipes],,"1MU46@1224,2TQVP@28211,47F3Y@766,COG0477@1,COG0477@2",MFS_1,0.0,0.0,Phase III: Efflux & Transport,MFS Xenobiotic Transporters,Solute Carrier Efflux,No
,GFS36341.1,,,,,,,126957.SMAR009052-PA,66.2,3.16e-236,690.0,0.0,0.0,0.0,0.0,"1-phosphatidylinositol 4,5-bisphosphate phosphodiesterase classes I and II, partial [Nephila pilipes]",,"3ASPT@33154,3BB4P@33208,3CUHB@33213,41UZY@6656,KOG0169@1,KOG1265@2759","EF-hand_like,PI-PLC-X,PI-PLC-Y,PLC-beta_C",0.0,0.0,Phase I: Functionalization,Carboxylesterases (COE),Esterases & Hydrolases,No
,GFS36667.1,,,,,,,126957.SMAR010973-PA,29.1,3.5600000000000003e-35,137.0,0.0,0.0,0.0,0.0,putative inorganic phosphate cotransporter [Nephila pilipes],,"38CXA@33154,3BBSD@33208,3CR7D@33213,41THY@6656,KOG2532@1,KOG2532@2759",MFS_1,0.0,0.0,Phase III: Efflux & Transport,MFS Xenobiotic Transporters,Solute Carrier Efflux,No
,GFS36844.1,,,,,,,7739.XP_002598588.1,52.4,4.17e-147,436.0,0.0,0.0,0.0,0.0,molybdate-anion transporter [Nephila pilipes],,"38BSQ@33154,3BH1S@33208,3CW1T@33213,488C9@7711,KOG4332@1,KOG4332@2759",MFS_5,0.0,0.0,Phase III: Efflux & Transport,MFS Xenobiotic Transporters,Solute Carrier Efflux,No
,GFS39272.1,107359285,ko:K07418,"map01100,ko01100,map04750,map00590,map00591,ko00591,ko00590,ko04750,ko04913,map04726,map04212,ko04212,map04913,ko04726",,1.14.14.1,"ko01000,ko00001,ko00000,ko00199",32264.tetur03g00020.1,38.3,5.3299999999999995e-90,288.0,0.0,0.0,0.0,0.0,"cytochrome P450 2A9, partial [Nephila pilipes]",,"38BSU@33154,3BC78@33208,3CRSA@33213,41V2X@6656,COG2124@1,KOG0156@2759",p450,0.0,0.0,Phase I: Functionalization,Cytochrome P450s (CYP450),CYP Monooxygenases,No
,GFS39557.1,EAZ88491.1,,,,,,391612.CY0110_15255,32.0,1.32e-41,152.0,0.0,0.0,0.0,0.0,sulfotransferase family cytosolic 1B member 1 [Nephila pilipes],,"1G8T0@1117,31CAG@2,3KFWM@43988,KOG1584@1",Sulfotransfer_1,0.0,0.0,Phase II: Conjugation,Sulfotransferases (SULT),Sulfation,No
,GFS39612.1,,,,,,,126957.SMAR009405-PA,47.1,7.44e-45,167.0,0.0,0.0,0.0,0.0,"monocarboxylate transporter, putative [Nephila pilipes]",,"38HJK@33154,3BCQV@33208,3CS1Z@33213,41VZP@6656,KOG2504@1,KOG2504@2759",MFS_1,0.0,0.0,Phase III: Efflux & Transport,MFS Xenobiotic Transporters,Solute Carrier Efflux,No
,GFS39615.1,Gstm1,ko:K00799,"map05418,ko00480,map00480,map05204,ko00980,map00982,ko00982,map00980,ko00983,ko01524,map05225,ko05225,map05200,ko05204,map00983,ko05200,map01524,ko05418",,2.5.1.18,"ko01000,ko02000,ko00001,ko00000",10090.ENSMUSP00000004140,47.6,2.42e-65,208.0,0.0,0.0,0.0,0.0,glutathione S-transferase Mu 1 [Nephila pilipes],"P|GO:0006518|ISO,P|GO:0006575|ISO,P|GO:0006749|ISO,P|GO:0006790|ISO,P|GO:0006805|ISO,P|GO:0006807|ISO,P|GO:0008150|IDA,P|GO:0008150|ISO,P|GO:0008152|ISO,P|GO:0009056|ISO,P|GO:0009410|ISO,P|GO:0009987|IDA,P|GO:0009987|ISO,P|GO:0034641|ISO,P|GO:0035690|IDA,P|GO:0042178|ISO,P|GO:0042221|IDA,P|GO:0042221|ISO,P|GO:0042493|IDA,P|GO:0043603|ISO,P|GO:0044237|ISO,P|GO:0044248|ISO,P|GO:0050896|IDA,P|GO:0050896|ISO,P|GO:0051186|ISO,P|GO:0051716|IDA,P|GO:0051716|ISO,P|GO:0070887|IDA,P|GO:0070887|ISO,P|GO:0071466|ISO,P|GO:0071704|ISO,P|GO:1901564|ISO,C|GO:0005575|ISO,C|GO:0005575|CURATED,C|GO:0005575|IDA,C|GO:0005576|ISO,C|GO:0005576|ISO,C|GO:0005622|ISO,C|GO:0005622|CURATED,C|GO:0005623|ISO,C|GO:0005623|CURATED,C|GO:0005623|IDA,C|GO:0005737|ISO,C|GO:0005737|CURATED,C|GO:0005829|ISO,C|GO:0032991|ISO,C|GO:0043209|IDA,C|GO:0044421|ISO,C|GO:0044424|ISO,C|GO:0044424|CURATED,C|GO:0044444|ISO,C|GO:0044464|ISO,C|GO:0044464|CURATED,C|GO:0044464|IDA,C|GO:0045171|ISO,F|GO:0003674|IDA,F|GO:0003674|ISO,F|GO:0003824|ISO,F|GO:0004364|ISO,F|GO:0005488|IDA,F|GO:0005488|ISO,F|GO:0005496|ISO,F|GO:0005515|IDA,F|GO:0005515|ISO,F|GO:0008289|ISO,F|GO:0016151|ISO,F|GO:0016740|ISO,F|GO:0016765|ISO,F|GO:0019899|ISO,F|GO:0019900|ISO,F|GO:0019901|ISO,F|GO:0033218|ISO,F|GO:0042277|ISO,F|GO:0042802|IDA,F|GO:0042802|ISO,F|GO:0042803|IDA,F|GO:0043167|ISO,F|GO:0043168|ISO,F|GO:0043169|ISO,F|GO:0043295|ISO,F|GO:0046872|ISO,F|GO:0046914|ISO,F|GO:0046982|IDA,F|GO:0046983|IDA,F|GO:0048037|ISO,F|GO:0072341|ISO,F|GO:0097159|ISO,F|GO:1900750|ISO,F|GO:1901681|ISO","35AZR@314146,38YPE@33154,3BFCR@33208,3CZP0@33213,3JFS3@40674,48D41@7711,49AQ0@7742,4Q9CB@9989,KOG1695@1,KOG1695@2759","GST_C_3,GST_N",0.0,0.0,Phase II: Conjugation,Glutathione S-Transferases (GST),Glutathione Conjugation,No
,GFS39617.1,107359165,ko:K00799,"map05418,ko00480,map00480,map05204,ko00980,map00982,ko00982,map00980,ko00983,ko01524,map05225,ko05225,map05200,ko05204,map00983,ko05200,map01524,ko05418",,2.5.1.18,"ko01000,ko02000,ko00001,ko00000",32264.tetur03g09230.1,44.3,7.52e-66,209.0,0.0,0.0,0.0,0.0,glutathione S-transferase Mu 1 [Nephila pilipes],,"38YPE@33154,3BFCR@33208,3CZP0@33213,422DP@6656,KOG1695@1,KOG1695@2759","GST_C_3,GST_N",0.0,0.0,Phase II: Conjugation,Glutathione S-Transferases (GST),Glutathione Conjugation,No
,GFS39619.1,107359165,ko:K00799,"map05418,ko00480,map00480,map05204,ko00980,map00982,ko00982,map00980,ko00983,ko01524,map05225,ko05225,map05200,ko05204,map00983,ko05200,map01524,ko05418",,2.5.1.18,"ko01000,ko02000,ko00001,ko00000",32264.tetur03g09230.1,43.5,2.55e-66,211.0,0.0,0.0,0.0,0.0,glutathione S-transferase Mu 1 [Nephila pilipes],,"38YPE@33154,3BFCR@33208,3CZP0@33213,422DP@6656,KOG1695@1,KOG1695@2759","GST_C_3,GST_N",0.0,0.0,Phase II: Conjugation,Glutathione S-Transferases (GST),Glutathione Conjugation,No
,GFS39621.1,Gstm1,ko:K00799,"map05418,ko00480,map00480,map05204,ko00980,map00982,ko00982,map00980,ko00983,ko01524,map05225,ko05225,map05200,ko05204,map00983,ko05200,map01524,ko05418",,2.5.1.18,"ko01000,ko02000,ko00001,ko00000",10090.ENSMUSP00000004140,47.9,2.7699999999999997e-69,218.0,0.0,0.0,0.0,0.0,glutathione S-transferase Mu 1 [Nephila pilipes],"P|GO:0006518|ISO,P|GO:0006575|ISO,P|GO:0006749|ISO,P|GO:0006790|ISO,P|GO:0006805|ISO,P|GO:0006807|ISO,P|GO:0008150|IDA,P|GO:0008150|ISO,P|GO:0008152|ISO,P|GO:0009056|ISO,P|GO:0009410|ISO,P|GO:0009987|IDA,P|GO:0009987|ISO,P|GO:0034641|ISO,P|GO:0035690|IDA,P|GO:0042178|ISO,P|GO:0042221|IDA,P|GO:0042221|ISO,P|GO:0042493|IDA,P|GO:0043603|ISO,P|GO:0044237|ISO,P|GO:0044248|ISO,P|GO:0050896|IDA,P|GO:0050896|ISO,P|GO:0051186|ISO,P|GO:0051716|IDA,P|GO:0051716|ISO,P|GO:0070887|IDA,P|GO:0070887|ISO,P|GO:0071466|ISO,P|GO:0071704|ISO,P|GO:1901564|ISO,C|GO:0005575|ISO,C|GO:0005575|CURATED,C|GO:0005575|IDA,C|GO:0005576|ISO,C|GO:0005576|ISO,C|GO:0005622|ISO,C|GO:0005622|CURATED,C|GO:0005623|ISO,C|GO:0005623|CURATED,C|GO:0005623|IDA,C|GO:0005737|ISO,C|GO:0005737|CURATED,C|GO:0005829|ISO,C|GO:0032991|ISO,C|GO:0043209|IDA,C|GO:0044421|ISO,C|GO:0044424|ISO,C|GO:0044424|CURATED,C|GO:0044444|ISO,C|GO:0044464|ISO,C|GO:0044464|CURATED,C|GO:0044464|IDA,C|GO:0045171|ISO,F|GO:0003674|IDA,F|GO:0003674|ISO,F|GO:0003824|ISO,F|GO:0004364|ISO,F|GO:0005488|IDA,F|GO:0005488|ISO,F|GO:0005496|ISO,F|GO:0005515|IDA,F|GO:0005515|ISO,F|GO:0008289|ISO,F|GO:0016151|ISO,F|GO:0016740|ISO,F|GO:0016765|ISO,F|GO:0019899|ISO,F|GO:0019900|ISO,F|GO:0019901|ISO,F|GO:0033218|ISO,F|GO:0042277|ISO,F|GO:0042802|IDA,F|GO:0042802|ISO,F|GO:0042803|IDA,F|GO:0043167|ISO,F|GO:0043168|ISO,F|GO:0043169|ISO,F|GO:0043295|ISO,F|GO:0046872|ISO,F|GO:0046914|ISO,F|GO:0046982|IDA,F|GO:0046983|IDA,F|GO:0048037|ISO,F|GO:0072341|ISO,F|GO:0097159|ISO,F|GO:1900750|ISO,F|GO:1901681|ISO","35AZR@314146,38YPE@33154,3BFCR@33208,3CZP0@33213,3JFS3@40674,48D41@7711,49AQ0@7742,4Q9CB@9989,KOG1695@1,KOG1695@2759","GST_C_3,GST_N",0.0,0.0,Phase II: Conjugation,Glutathione S-Transferases (GST),Glutathione Conjugation,No
,GFS39622.1,,,,,,,79684.XP_005367921.1,47.5,2.86e-61,197.0,0.0,0.0,0.0,0.0,glutathione S-transferase Mu 1 [Nephila pilipes],,"35AZR@314146,38YPE@33154,3BFCR@33208,3CZP0@33213,3JFS3@40674,48D41@7711,49AQ0@7742,4Q9CB@9989,KOG1695@1,KOG1695@2759","GST_C_3,GST_N",0.0,0.0,Phase II: Conjugation,Glutathione S-Transferases (GST),Glutathione Conjugation,No
,GFS39625.1,107359165,ko:K00799,"map05418,ko00480,map00480,map05204,ko00980,map00982,ko00982,map00980,ko00983,ko01524,map05225,ko05225,map05200,ko05204,map00983,ko05200,map01524,ko05418",,2.5.1.18,"ko01000,ko02000,ko00001,ko00000",32264.tetur03g09230.1,39.7,4.33e-52,174.0,0.0,0.0,0.0,0.0,glutathione S-transferase Mu 1 [Nephila pilipes],,"38YPE@33154,3BFCR@33208,3CZP0@33213,422DP@6656,KOG1695@1,KOG1695@2759","GST_C_3,GST_N",0.0,0.0,Phase II: Conjugation,Glutathione S-Transferases (GST),Glutathione Conjugation,No
,GFS39628.1,,,,,,,126957.SMAR009110-PA,48.6,6.41e-63,202.0,0.0,0.0,0.0,0.0,glutathione S-transferase class-mu 26 kDa isozyme 47 [Nephila pilipes],,"38YPE@33154,3BFCR@33208,3CZP0@33213,422DP@6656,KOG1695@1,KOG1695@2759","GST_C_3,GST_N",0.0,0.0,Phase II: Conjugation,Glutathione S-Transferases (GST),Glutathione Conjugation,No
,GFS40541.1,,ko:K15001,,,,"ko01000,ko00000,ko00199",6669.EFX87731,60.8,1.1699999999999999e-46,165.0,0.0,0.0,0.0,0.0,cytochrome P450 4V2 [Nephila pilipes],,"38CHP@33154,3B9GY@33208,3CSG8@33213,41U3I@6656,COG2124@1,KOG0157@2759",p450,0.0,0.0,Phase I: Functionalization,Cytochrome P450s (CYP450),CYP Monooxygenases,No
,GFS41541.1,,ko:K01021,,,2.8.2.20,"ko01000,ko00000",32264.tetur20g02740.1,71.3,5.4e-116,344.0,0.0,0.0,0.0,0.0,protein-tyrosine sulfotransferase [Nephila pilipes],,"38FAU@33154,3BEU7@33208,3CS0P@33213,41XMQ@6656,COG0457@1,KOG3988@2759",Sulfotransfer_3,0.0,0.0,Phase II: Conjugation,Sulfotransferases (SULT),Sulfation,No
,GFS41624.1,ACOT13,ko:K17362,,,,"ko01000,ko00000,ko01004",59894.ENSFALP00000004907,54.7,1.7499999999999999e-40,146.0,0.0,0.0,0.0,0.0,acyl-coenzyme A thioesterase 13 [Nephila pilipes],,"39ZWT@33154,3BQMZ@33208,3D78R@33213,48ENW@7711,49BNQ@7742,4GUY8@8782,COG2050@1,KOG3328@2759",4HBT,0.0,0.0,Phase I: Functionalization,Carboxylesterases (COE),Esterases & Hydrolases,No
,GFS42227.1,,,,,,,126957.SMAR010453-PA,41.0,1.16e-97,308.0,0.0,0.0,0.0,0.0,cytochrome P450 3A24 [Nephila pilipes],,"38BTY@33154,3BF8S@33208,3CV2F@33213,41TTZ@6656,COG2124@1,KOG0158@2759",p450,0.0,0.0,Phase I: Functionalization,Cytochrome P450s (CYP450),CYP Monooxygenases,No
,GFS43199.1,107369096,ko:K12301,"map04142,ko04142",,,"ko02000,ko00001,ko00000",32264.tetur30g01230.1,37.1,3.81e-51,184.0,0.0,0.0,0.0,0.0,vesicular glutamate transporter 2.1 [Nephila pilipes],,"38CXA@33154,3BBSD@33208,3CR7D@33213,41THY@6656,KOG2532@1,KOG2532@2759",MFS_1,0.0,0.0,Phase III: Efflux & Transport,MFS Xenobiotic Transporters,Solute Carrier Efflux,No
,GFS44624.1,,ko:K00623,"map00564,ko00564,map04725,ko04725",,2.3.1.6,"ko01000,ko00001,ko00000",32264.tetur18g03310.1,45.4,1.54e-172,519.0,0.0,0.0,0.0,0.0,choline O-acetyltransferase [Nephila pilipes],,"38CAT@33154,3BAAZ@33208,3CRF9@33213,41TNM@6656,KOG3717@1,KOG3717@2759",Carn_acyltransf,0.0,0.0,Phase II: Conjugation,N-Acetyltransferases (NAT),Acetylation,No
,GFS44637.1,,ko:K14636,"ko04725,map04725,ko04721,map04721",,,"ko02000,ko00001,ko00000",7091.BGIBMGA013466-TA,60.7,2.3e-206,595.0,0.0,0.0,0.0,0.0,vesicular acetylcholine transporter [Nephila pilipes],,"39JDB@33154,3B9EU@33208,3CUEV@33213,3SJ8C@50557,41XW2@6656,4452M@7088,KOG3764@1,KOG3764@2759",MFS_1,0.0,0.0,Phase III: Efflux & Transport,MFS Xenobiotic Transporters,Solute Carrier Efflux,No
,GFS44709.1,,,,,,,6326.BUX.s00713.728,62.5,2.15e-16,79.0,0.0,0.0,0.0,0.0,"cytochrome P450 3A21, partial [Nephila pilipes]",,"1KXQU@119089,38BTY@33154,3BF8S@33208,3CV2F@33213,40CZF@6231,COG2124@1,KOG0158@2759",p450,0.0,0.0,Phase I: Functionalization,Cytochrome P450s (CYP450),CYP Monooxygenases,No
,GFS44878.1,107365376,ko:K15001,,,,"ko01000,ko00000,ko00199",32264.tetur01g00650.1,46.6,2.76e-33,137.0,0.0,0.0,0.0,0.0,"cytochrome P450 4V2, partial [Nephila pilipes]",,"38CHP@33154,3B9GY@33208,3CSG8@33213,429YF@6656,COG2124@1,KOG0157@2759",p450,0.0,0.0,Phase I: Functionalization,Cytochrome P450s (CYP450),CYP Monooxygenases,No
,GFS44882.1,L798_14796,ko:K15001,,,,"ko01000,ko00000,ko00199",136037.KDR11277,43.6,6.8400000000000004e-49,174.0,0.0,0.0,0.0,0.0,cytochrome P450 4C1 [Nephila pilipes],,"38CHP@33154,3B9GY@33208,3CSG8@33213,3SGAE@50557,41U3I@6656,COG2124@1,KOG0157@2759",p450,0.0,0.0,Phase I: Functionalization,Cytochrome P450s (CYP450),CYP Monooxygenases,No
,GFS45366.1,,,,,,,8153.XP_005931439.1,46.9,1.5499999999999998e-42,146.0,0.0,0.0,0.0,0.0,glycerophosphodiester phosphodiesterase 1 [Nephila pilipes],,"38CP3@33154,3BF2P@33208,3CTQT@33213,48877@7711,490HH@7742,49TI8@7898,COG0584@1,KOG2258@2759",GDPD,0.0,0.0,Phase I: Functionalization,Carboxylesterases (COE),Esterases & Hydrolases,No
,GFS45437.1,TXSA,ko:K01832,"map01100,ko01100,map00590,ko00590,ko04611,map04611",,5.3.99.5,"ko01000,ko00001,ko00000,ko00199",6669.EFX87565,45.3,7.030000000000001e-129,389.0,0.0,0.0,0.0,0.0,cytochrome P450 3A41 [Nephila pilipes],,"38BTY@33154,3BF8S@33208,3CV2F@33213,COG2124@1,KOG0158@2759",p450,0.0,0.0,Phase I: Functionalization,Cytochrome P450s (CYP450),CYP Monooxygenases,No
,GFS45857.1,107372143,ko:K07418,"map01100,ko01100,map04750,map00590,map00591,ko00591,ko00590,ko04750,ko04913,map04726,map04212,ko04212,map04913,ko04726",,1.14.14.1,"ko01000,ko00001,ko00000,ko00199",32264.tetur03g00970.1,30.3,1.57e-34,139.0,0.0,0.0,0.0,0.0,cytochrome P450 18a1 [Nephila pilipes],,"38BSU@33154,3BC78@33208,3CRSA@33213,41V2X@6656,COG2124@1,KOG0156@2759",p450,0.0,0.0,Phase I: Functionalization,Cytochrome P450s (CYP450),CYP Monooxygenases,No
,GFS45869.1,Slc17a1,,,,,,10160.XP_004640193.1,27.8,2.94e-08,59.7,0.0,0.0,0.0,0.0,inorganic phosphate cotransporter [Nephila pilipes],,"35IFA@314146,39S37@33154,3BYNY@33208,3D48H@33213,3JG1J@40674,48A63@7711,497B4@7742,4Q2MZ@9989,KOG2532@1,KOG2532@2759",MFS_1,0.0,0.0,Phase III: Efflux & Transport,MFS Xenobiotic Transporters,Solute Carrier Efflux,No
,GFS46435.1,,,,,,,9823.ENSSSCP00000019701,64.3,4.79e-94,289.0,0.0,0.0,0.0,0.0,ATP-dependent translocase ABCB1 [Nephila pilipes],,"38E88@33154,3B958@33208,3CVKH@33213,3J4H0@40674,483MS@7711,48ZZW@7742,4IVFI@91561,COG1132@1,KOG0055@2759","ABC_membrane,ABC_tran",0.0,0.0,Phase III: Efflux & Transport,ABC Transporters (ABCA/B/C/G),ATP-Dependent Efflux,No
,GFS46528.1,,ko:K05658,"ko02010,map05206,ko05226,ko04976,map02010,map04976,ko05206,map05226",,3.6.3.44,"ko02000,ko04147,ko01000,ko00001,ko00000,ko04090",6669.EFX85237,44.1,9.400000000000001e-270,807.0,0.0,0.0,0.0,0.0,ATP-dependent translocase ABCB1 [Nephila pilipes],,"38E88@33154,3B958@33208,3CVKH@33213,41WNN@6656,COG1132@1,KOG0055@2759","ABC_membrane,ABC_tran",0.0,0.0,Phase III: Efflux & Transport,ABC Transporters (ABCA/B/C/G),ATP-Dependent Efflux,No
,GFS46964.1,,,,,,,126957.SMAR008771-PA,46.1,2.63e-82,258.0,0.0,0.0,0.0,0.0,cytochrome P450 4C1 [Nephila pilipes],,"38CHP@33154,3B9GY@33208,COG2124@1,KOG0157@2759",p450,0.0,0.0,Phase I: Functionalization,Cytochrome P450s (CYP450),CYP Monooxygenases,No
,GFS47033.1,,,,,,,126957.SMAR010453-PA,41.0,1.16e-97,308.0,0.0,0.0,0.0,0.0,cytochrome P450 3A24 [Nephila pilipes],,"38BTY@33154,3BF8S@33208,3CV2F@33213,41TTZ@6656,COG2124@1,KOG0158@2759",p450,0.0,0.0,Phase I: Functionalization,Cytochrome P450s (CYP450),CYP Monooxygenases,No
,GFS47714.1,aldh3b1,ko:K00129,"map01110,map00350,ko00010,map00410,ko00982,map01120,ko01110,ko00350,map01100,map05204,ko00980,map00982,ko00410,map00980,map00340,ko00360,map00010,map00360,ko01120,ko00340,ko01100,ko05204",,1.2.1.5,"ko01000,ko00001,ko00000",8083.ENSXMAP00000002537,42.4,2.01e-14,74.3,0.0,0.0,0.0,0.0,"aldehyde dehydrogenase, dimeric NADP-preferring, partial [Nephila pilipes]",,"38CW8@33154,3BDR1@33208,3CZ4X@33213,47ZQK@7711,48XGY@7742,4A1NU@7898,COG1012@1,KOG2456@2759",Aldedh,0.0,0.0,Phase I: Functionalization,Aldehyde Dehydrogenases (ALDH),Aldehyde Oxidation,No
,GFS48647.1,107363314,ko:K15001,,,,"ko01000,ko00000,ko00199",32264.tetur09g03800.1,44.8,4.6800000000000005e-133,407.0,0.0,0.0,0.0,0.0,cytochrome P450 4V2 [Nephila pilipes],,"38CHP@33154,3B9GY@33208,3CSG8@33213,41U3I@6656,COG2124@1,KOG0157@2759",p450,0.0,0.0,Phase I: Functionalization,Cytochrome P450s (CYP450),CYP Monooxygenases,No
,GFS48649.1,107365376,ko:K15001,,,,"ko01000,ko00000,ko00199",32264.tetur01g00650.1,46.2,3.3199999999999997e-126,384.0,0.0,0.0,0.0,0.0,cytochrome P450 4C1 [Nephila pilipes],,"38CHP@33154,3B9GY@33208,3CSG8@33213,429YF@6656,COG2124@1,KOG0157@2759",p450,0.0,0.0,Phase I: Functionalization,Cytochrome P450s (CYP450),CYP Monooxygenases,No
,GFS48651.1,107363314,ko:K15001,,,,"ko01000,ko00000,ko00199",32264.tetur09g03800.1,45.0,3.73e-132,404.0,0.0,0.0,0.0,0.0,cytochrome P450 4C1 [Nephila pilipes],,"38CHP@33154,3B9GY@33208,3CSG8@33213,41U3I@6656,COG2124@1,KOG0157@2759",p450,0.0,0.0,Phase I: Functionalization,Cytochrome P450s (CYP450),CYP Monooxygenases,No
,GFS48652.1,107363314,ko:K15001,,,,"ko01000,ko00000,ko00199",32264.tetur09g03800.1,41.6,1.03e-52,190.0,0.0,0.0,0.0,0.0,cytochrome P450 4C1 [Nephila pilipes],,"38CHP@33154,3B9GY@33208,3CSG8@33213,41U3I@6656,COG2124@1,KOG0157@2759",p450,0.0,0.0,Phase I: Functionalization,Cytochrome P450s (CYP450),CYP Monooxygenases,No
,GFS48653.1,107363314,ko:K15001,,,,"ko01000,ko00000,ko00199",32264.tetur09g03800.1,45.4,1.47e-77,253.0,0.0,0.0,0.0,0.0,cytochrome P450 4C1 [Nephila pilipes],,"38CHP@33154,3B9GY@33208,3CSG8@33213,41U3I@6656,COG2124@1,KOG0157@2759",p450,0.0,0.0,Phase I: Functionalization,Cytochrome P450s (CYP450),CYP Monooxygenases,No
,GFS48657.1,107365376,ko:K15001,,,,"ko01000,ko00000,ko00199",32264.tetur01g00650.1,49.4,6.77e-138,415.0,0.0,0.0,0.0,0.0,cytochrome P450 4V2 [Nephila pilipes],,"38CHP@33154,3B9GY@33208,3CSG8@33213,429YF@6656,COG2124@1,KOG0157@2759",p450,0.0,0.0,Phase I: Functionalization,Cytochrome P450s (CYP450),CYP Monooxygenases,No
,GFS49391.1,,,,,,,126957.SMAR010453-PA,41.7,2.42e-99,313.0,0.0,0.0,0.0,0.0,"cytochrome P450 3A8, partial [Nephila pilipes]",,"38BTY@33154,3BF8S@33208,3CV2F@33213,41TTZ@6656,COG2124@1,KOG0158@2759",p450,0.0,0.0,Phase I: Functionalization,Cytochrome P450s (CYP450),CYP Monooxygenases,No
,GFS49394.1,,,,,,,126957.SMAR010457-PA,38.9,3.22e-114,355.0,0.0,0.0,0.0,0.0,cytochrome P450 3A11 [Nephila pilipes],,"38BTY@33154,3BF8S@33208,3CV2F@33213,41TTZ@6656,COG2124@1,KOG0158@2759",p450,0.0,0.0,Phase I: Functionalization,Cytochrome P450s (CYP450),CYP Monooxygenases,No
,GFS49398.1,,,,,,,126957.SMAR015584-PA,39.0,2.08e-79,255.0,0.0,0.0,0.0,0.0,cytochrome P450 3A21 [Nephila pilipes],,"38BTY@33154,3BF8S@33208,3CV2F@33213,COG2124@1,KOG0158@2759",p450,0.0,0.0,Phase I: Functionalization,Cytochrome P450s (CYP450),CYP Monooxygenases,No
,GFS49402.1,,ko:K07424,"map01100,map05204,ko00140,map00591,ko00591,ko01100,ko00830,map00830,ko05204,map00140",,1.14.14.1,"ko01000,ko00001,ko00000,ko00199",13735.ENSPSIP00000010937,36.3,1.71e-53,193.0,0.0,0.0,0.0,0.0,cytochrome P450 3A21 [Nephila pilipes],,"38BTY@33154,3BF8S@33208,3CV2F@33213,488IN@7711,490UU@7742,4CJS1@8459,COG2124@1,KOG0158@2759",p450,0.0,0.0,Phase I: Functionalization,Cytochrome P450s (CYP450),CYP Monooxygenases,No
,GFS49405.1,,,,,,,7739.XP_002592942.1,45.0,5.02e-18,85.9,0.0,0.0,0.0,0.0,cytochrome P450 3A11 [Nephila pilipes],,"38BTY@33154,3BF8S@33208,3CV2F@33213,488IN@7711,COG2124@1,KOG0158@2759",p450,0.0,0.0,Phase I: Functionalization,Cytochrome P450s (CYP450),CYP Monooxygenases,No
,GFS49408.1,,,,,,,10224.XP_002730610.1,47.8,1.1199999999999999e-60,207.0,0.0,0.0,0.0,0.0,cytochrome P450 3A8 [Nephila pilipes],,"38BTY@33154,3BF8S@33208,3CV2F@33213,COG2124@1,KOG0158@2759",p450,0.0,0.0,Phase I: Functionalization,Cytochrome P450s (CYP450),CYP Monooxygenases,No
,GFS49763.1,107369096,ko:K12301,"map04142,ko04142",,,"ko02000,ko00001,ko00000",32264.tetur30g01230.1,51.9,9.07e-20,89.4,0.0,0.0,0.0,0.0,"inorganic phosphate cotransporter, partial [Nephila pilipes]",,"38CXA@33154,3BBSD@33208,3CR7D@33213,41THY@6656,KOG2532@1,KOG2532@2759",MFS_1,0.0,0.0,Phase III: Efflux & Transport,MFS Xenobiotic Transporters,Solute Carrier Efflux,No
,GFS49963.1,T01_2962,,,,,,6334.EFV58277,33.9,5.48e-29,123.0,0.0,0.0,0.0,0.0,"dual 3',5'-cyclic-AMP and-GMP phosphodiesterase 11 [Nephila pilipes]",,"COG0560@1,KOG1615@2759","DUF1759,Peptidase_A17",0.0,0.0,Phase I: Functionalization,Carboxylesterases (COE),Esterases & Hydrolases,No
,GFS50384.1,,ko:K12300,,,,"ko02000,ko00000",8479.XP_008169233.1,36.9,6.450000000000001e-35,135.0,0.0,0.0,0.0,0.0,"vesicular glutamate transporter 3, partial [Nephila pilipes]",,"38CXA@33154,3BBSD@33208,3CR7D@33213,4814Q@7711,48VYQ@7742,4CCFV@8459,KOG2532@1,KOG2532@2759",MFS_1,0.0,0.0,Phase III: Efflux & Transport,MFS Xenobiotic Transporters,Solute Carrier Efflux,No
,GFS50516.1,,ko:K05668,"ko02010,map01523,ko01523,map02010",,,"ko02000,ko00001,ko00000",6669.EFX72656,43.4,0.0,1082.0,0.0,0.0,0.0,0.0,multidrug resistance-associated protein 5 [Nephila pilipes],,"38CH6@33154,3BAG8@33208,3CSJ8@33213,41Y87@6656,COG1132@1,KOG0054@2759","ABC_membrane,ABC_tran",0.0,0.0,Phase III: Efflux & Transport,ABC Transporters (ABCA/B/C/G),ATP-Dependent Efflux,No
,GFS50850.1,,,,,,,10228.TriadP61619,31.7,5.02e-10,63.2,0.0,0.0,0.0,0.0,acetyltransf_18 domain-containing protein [Nephila pilipes],,"2S9B9@2759,3AC4G@33154,3BVTK@33208,COG0454@1",Acetyltransf_1,0.0,0.0,Phase II: Conjugation,N-Acetyltransferases (NAT),Acetylation,No
,GFS51253.1,Slc17a1,,,,,,10160.XP_004640193.1,27.8,6.31e-08,58.5,0.0,0.0,0.0,0.0,"inorganic phosphate cotransporter, partial [Nephila pilipes]",,"35IFA@314146,39S37@33154,3BYNY@33208,3D48H@33213,3JG1J@40674,48A63@7711,497B4@7742,4Q2MZ@9989,KOG2532@1,KOG2532@2759",MFS_1,0.0,0.0,Phase III: Efflux & Transport,MFS Xenobiotic Transporters,Solute Carrier Efflux,No
,GFS51363.1,enpp1,ko:K01513,"ko00500,map01100,ko01100,ko00760,map00230,map00760,ko00770,ko00740,map00240,map00500,ko00230,map00770,map00740,ko00240",,"3.6.1.9,3.1.4.1","ko01000,ko00001,ko00537,ko04090,ko00000",7955.ENSDARP00000112341,35.9,2.63e-141,445.0,0.0,0.0,0.0,0.0,venom phosphodiesterase 1 [Nephila pilipes],,"38EE7@33154,3BC7K@33208,3CW1U@33213,48024@7711,490AZ@7742,49UXS@7898,COG1524@1,KOG2645@2759","Phosphodiest,Somatomedin_B",0.0,0.0,Phase I: Functionalization,Carboxylesterases (COE),Esterases & Hydrolases,No
,GFS51365.1,enpp1,ko:K01513,"ko00500,map01100,ko01100,ko00760,map00230,map00760,ko00770,ko00740,map00240,map00500,ko00230,map00770,map00740,ko00240",,"3.6.1.9,3.1.4.1","ko01000,ko00001,ko00537,ko04090,ko00000",7955.ENSDARP00000112341,35.9,1.23e-141,445.0,0.0,0.0,0.0,0.0,venom phosphodiesterase 1 [Nephila pilipes],,"38EE7@33154,3BC7K@33208,3CW1U@33213,48024@7711,490AZ@7742,49UXS@7898,COG1524@1,KOG2645@2759","Phosphodiest,Somatomedin_B",0.0,0.0,Phase I: Functionalization,Carboxylesterases (COE),Esterases & Hydrolases,No
,GFS52438.1,,,,,,,126957.SMAR004400-PA,35.3,1.25e-28,124.0,0.0,0.0,0.0,0.0,histone acetyltransferase [Nephila pilipes],,"38BNE@33154,3B9Y1@33208,3CS24@33213,41X66@6656,COG5027@1,KOG2747@2759","MOZ_SAS,PHD,zf-C2HC",0.0,0.0,Phase II: Conjugation,N-Acetyltransferases (NAT),Acetylation,No
,GFS53382.1,L798_14796,ko:K15001,,,,"ko01000,ko00000,ko00199",136037.KDR11277,45.1,1.52e-147,439.0,0.0,0.0,0.0,0.0,cytochrome P450 4c3 [Nephila pilipes],,"38CHP@33154,3B9GY@33208,3CSG8@33213,3SGAE@50557,41U3I@6656,COG2124@1,KOG0157@2759",p450,0.0,0.0,Phase I: Functionalization,Cytochrome P450s (CYP450),CYP Monooxygenases,No
,GFS53384.1,L798_07229,ko:K15001,,,,"ko01000,ko00000,ko00199",136037.KDR18347,44.9,2.31e-148,442.0,0.0,0.0,0.0,0.0,cytochrome P450 4c3 [Nephila pilipes],,"38CHP@33154,3B9GY@33208,3CSG8@33213,3SGAE@50557,41U3I@6656,COG2124@1,KOG0157@2759",p450,0.0,0.0,Phase I: Functionalization,Cytochrome P450s (CYP450),CYP Monooxygenases,No
,GFS53386.1,,,,,,,7719.XP_002126140.1,40.5,2.39e-52,180.0,0.0,0.0,0.0,0.0,"sulfotransferase family cytosolic 1B member 1, partial [Nephila pilipes]",,"394HT@33154,3BI89@33208,3CWR8@33213,483TN@7711,KOG1584@1,KOG1584@2759",Sulfotransfer_1,0.0,0.0,Phase II: Conjugation,Sulfotransferases (SULT),Sulfation,No
,GFS53837.1,AAEL007243,ko:K13703,,,,"ko01002,ko00000",7159.AAEL007243-PA,39.6,4.2e-10,64.7,0.0,0.0,0.0,0.0,abhydrolase domain-containing protein 11 [Nephila pilipes],,"39UJH@33154,3BHQ0@33208,3CX97@33213,3SKQU@50557,41YJQ@6656,44XDA@7147,45CES@7148,COG0596@1,KOG2382@2759",Abhydrolase_1,0.0,0.0,Phase I: Functionalization,Carboxylesterases (COE),Esterases & Hydrolases,No
,GFS54138.1,wh3,ko:K21396,,,,"ko02000,ko00000",7091.BGIBMGA002922-TA,41.8,3.07e-158,476.0,0.0,0.0,0.0,0.0,protein white [Nephila pilipes],,"38CVQ@33154,3BCP7@33208,3CWB5@33213,3SIJM@50557,41TWH@6656,448XU@7088,COG1131@1,KOG0061@2759","ABC2_membrane,ABC_tran",0.0,0.0,Phase III: Efflux & Transport,ABC Transporters (ABCA/B/C/G),ATP-Dependent Efflux,No
,GFS54140.1,wh3,ko:K21396,,,,"ko02000,ko00000",7091.BGIBMGA002922-TA,45.5,2.54e-169,502.0,0.0,0.0,0.0,0.0,protein white [Nephila pilipes],,"38CVQ@33154,3BCP7@33208,3CWB5@33213,3SIJM@50557,41TWH@6656,448XU@7088,COG1131@1,KOG0061@2759","ABC2_membrane,ABC_tran",0.0,0.0,Phase III: Efflux & Transport,ABC Transporters (ABCA/B/C/G),ATP-Dependent Efflux,No
,GFS54142.1,,ko:K21396,,,,"ko02000,ko00000",10224.XP_002742012.1,53.6,4.85e-107,336.0,0.0,0.0,0.0,0.0,protein white [Nephila pilipes],,"38CVQ@33154,3BCP7@33208,3CWB5@33213,COG1131@1,KOG0061@2759","ABC2_membrane,ABC_tran",0.0,0.0,Phase III: Efflux & Transport,ABC Transporters (ABCA/B/C/G),ATP-Dependent Efflux,No
,GFS54301.1,,,,,,,126957.SMAR009052-PA,66.2,5.05e-236,691.0,0.0,0.0,0.0,0.0,"1-phosphatidylinositol 4,5-bisphosphate phosphodiesterase classes I and II, partial [Nephila pilipes]",,"3ASPT@33154,3BB4P@33208,3CUHB@33213,41UZY@6656,KOG0169@1,KOG1265@2759","EF-hand_like,PI-PLC-X,PI-PLC-Y,PLC-beta_C",0.0,0.0,Phase I: Functionalization,Carboxylesterases (COE),Esterases & Hydrolases,No
,GFS55470.1,,,,,,,69293.ENSGACP00000009848,48.4,4.92e-63,221.0,0.0,0.0,0.0,0.0,"canalicular multispecific organic anion transporter 1, partial [Nephila pilipes]",,"38CH6@33154,3BA19@33208,3CSDY@33213,47ZXT@7711,49362@7742,49VKH@7898,COG1132@1,KOG0054@2759","ABC_membrane,ABC_tran",0.0,0.0,Phase III: Efflux & Transport,ABC Transporters (ABCA/B/C/G),ATP-Dependent Efflux,No
,GFS55686.1,,,,,,,126957.SMAR007995-PA,50.3,2.43e-162,479.0,0.0,0.0,0.0,0.0,"cytochrome P450 315a1, mitochondrial [Nephila pilipes]",,"38CZC@33154,3B9J4@33208,3CUCS@33213,41WWC@6656,COG2124@1,KOG0159@2759",p450,0.0,0.0,Phase I: Functionalization,Cytochrome P450s (CYP450),CYP Monooxygenases,No
,GFS55727.1,,ko:K08202,"ko05231,map05231",,,"ko02000,ko00001,ko00000",7739.XP_002603285.1,43.9,7.51e-32,128.0,0.0,0.0,0.0,0.0,"solute carrier family 22 member 5, partial [Nephila pilipes]",,"38FJ1@33154,3B9N9@33208,3CT4W@33213,47ZGI@7711,KOG0255@1,KOG0255@2759",MFS_1,0.0,0.0,Phase III: Efflux & Transport,MFS Xenobiotic Transporters,Solute Carrier Efflux,No
,GFS55928.1,,ko:K17973,,,,"ko03029,ko00000",10224.XP_006821637.1,41.3,8.15e-215,646.0,0.0,0.0,0.0,0.0,"n-alpha-acetyltransferase 25, NatB auxiliary subunit [Nephila pilipes]",,"38CGC@33154,3BF3N@33208,3CSIT@33213,KOG2053@1,KOG2053@2759",NatB_MDM20,0.0,0.0,Phase II: Conjugation,N-Acetyltransferases (NAT),Acetylation,No
,GFS56047.1,abca3,ko:K05643,"ko02010,map02010",,,"ko02000,ko00001,ko00000",8083.ENSXMAP00000004820,33.7,1.02e-275,847.0,0.0,0.0,0.0,0.0,ATP-binding cassette sub-family A member 3 [Nephila pilipes],,"38BPG@33154,3BBB4@33208,3CSBI@33213,48247@7711,4907A@7742,49Y5W@7898,COG1131@1,KOG0059@2759","ABC2_membrane_3,ABC_tran",0.0,0.0,Phase III: Efflux & Transport,ABC Transporters (ABCA/B/C/G),ATP-Dependent Efflux,No
,GFS56049.1,abca3,ko:K05643,"ko02010,map02010",,,"ko02000,ko00001,ko00000",8083.ENSXMAP00000004820,37.0,2.89e-240,739.0,0.0,0.0,0.0,0.0,ATP-binding cassette sub-family A member 3 [Nephila pilipes],,"38BPG@33154,3BBB4@33208,3CSBI@33213,48247@7711,4907A@7742,49Y5W@7898,COG1131@1,KOG0059@2759","ABC2_membrane_3,ABC_tran",0.0,0.0,Phase III: Efflux & Transport,ABC Transporters (ABCA/B/C/G),ATP-Dependent Efflux,No
,GFS57298.1,,,,,,,7029.ACYPI005800-PA,26.6,1.68e-48,186.0,0.0,0.0,0.0,0.0,major facilitator superfamily domain-containing protein 6 [Nephila pilipes],,"39V1X@33154,3BM5A@33208,3D3C0@33213,3ED1Y@33342,3SGGJ@50557,41WA8@6656,KOG3762@1,KOG3762@2759",MFS_1_like,0.0,0.0,Phase III: Efflux & Transport,MFS Xenobiotic Transporters,Solute Carrier Efflux,No
,GFS57300.1,AND_003231,,,,,,43151.ADAC003231-PA,38.4,1.0099999999999999e-46,176.0,0.0,0.0,0.0,0.0,major facilitator superfamily domain-containing protein 6 [Nephila pilipes],,"39V1X@33154,3BM5A@33208,3D3C0@33213,3SGGJ@50557,41WA8@6656,4594R@7147,45DSS@7148,KOG3762@1,KOG3762@2759","MFS_1_like,Nuc_H_symport",0.0,0.0,Phase III: Efflux & Transport,MFS Xenobiotic Transporters,Solute Carrier Efflux,No
,GFS57304.1,AND_003231,,,,,,43151.ADAC003231-PA,29.0,9.94e-55,204.0,0.0,0.0,0.0,0.0,major facilitator superfamily domain-containing protein 6 [Nephila pilipes],,"39V1X@33154,3BM5A@33208,3D3C0@33213,3SGGJ@50557,41WA8@6656,4594R@7147,45DSS@7148,KOG3762@1,KOG3762@2759","MFS_1_like,Nuc_H_symport",0.0,0.0,Phase III: Efflux & Transport,MFS Xenobiotic Transporters,Solute Carrier Efflux,No
,GFS57307.1,AND_003231,,,,,,43151.ADAC003231-PA,28.5,2.6099999999999998e-48,186.0,0.0,0.0,0.0,0.0,major facilitator superfamily domain-containing protein 6 [Nephila pilipes],,"39V1X@33154,3BM5A@33208,3D3C0@33213,3SGGJ@50557,41WA8@6656,4594R@7147,45DSS@7148,KOG3762@1,KOG3762@2759","MFS_1_like,Nuc_H_symport",0.0,0.0,Phase III: Efflux & Transport,MFS Xenobiotic Transporters,Solute Carrier Efflux,No
,GFS57309.1,AAEL011465,,,,,,7159.AAEL011465-PA,32.7,2.63e-84,280.0,0.0,0.0,0.0,0.0,MFS_1_like domain-containing protein [Nephila pilipes],,"39V1X@33154,3BM5A@33208,3D3C0@33213,3SGGJ@50557,41WA8@6656,4594R@7147,45DSS@7148,KOG3762@1,KOG3762@2759",MFS_1_like,0.0,0.0,Phase III: Efflux & Transport,MFS Xenobiotic Transporters,Solute Carrier Efflux,No
,GFS57316.1,L798_12190,,,,,,136037.KDR13937,30.3,1.25e-75,259.0,0.0,0.0,0.0,0.0,major facilitator superfamily domain-containing protein 6 [Nephila pilipes],,"39V1X@33154,3BM5A@33208,3D3C0@33213,3SGGJ@50557,41WA8@6656,KOG3762@1,KOG3762@2759",MFS_1_like,0.0,0.0,Phase III: Efflux & Transport,MFS Xenobiotic Transporters,Solute Carrier Efflux,No
,GFS57317.1,AAEL011465,,,,,,7159.AAEL011465-PA,35.1,6.82e-93,303.0,0.0,0.0,0.0,0.0,major facilitator superfamily domain-containing protein 6 [Nephila pilipes],,"39V1X@33154,3BM5A@33208,3D3C0@33213,3SGGJ@50557,41WA8@6656,4594R@7147,45DSS@7148,KOG3762@1,KOG3762@2759",MFS_1_like,0.0,0.0,Phase III: Efflux & Transport,MFS Xenobiotic Transporters,Solute Carrier Efflux,No
,GFS57376.1,,,,,,,6669.EFX79020,38.9,2.27e-103,326.0,0.0,0.0,0.0,0.0,"probable cytochrome P450 301a1, mitochondrial [Nephila pilipes]",,"38CZC@33154,3B9J4@33208,3CUCS@33213,41W0C@6656,COG2124@1,KOG0159@2759",p450,0.0,0.0,Phase I: Functionalization,Cytochrome P450s (CYP450),CYP Monooxygenases,No
,GFS57902.1,,,,,,,126957.SMAR008993-PA,55.0,2.25e-13,70.1,0.0,0.0,0.0,0.0,"protein phosphatase methylesterase 1, partial [Nephila pilipes]",,"38CHN@33154,3BGQY@33208,3CUPF@33213,41XCU@6656,COG0596@1,KOG1818@1,KOG1818@2759,KOG2564@2759","Abhydrolase_6,FYVE",0.0,0.0,Phase I: Functionalization,Carboxylesterases (COE),Esterases & Hydrolases,No
,GFS58075.1,L798_07943,,,,,,136037.KDR24002,53.9,1.14e-144,422.0,0.0,0.0,0.0,0.0,metallophosphoesterase 1 [Nephila pilipes],,"38HZ0@33154,3BEHE@33208,3CWYP@33213,3SJCY@50557,41UFK@6656,KOG3662@1,KOG3662@2759",Metallophos,0.0,0.0,Phase I: Functionalization,Carboxylesterases (COE),Esterases & Hydrolases,No
,GFS59074.1,GE13356,ko:K08155,"ko05012,ko05031,ko05030,map05031,map05012,ko05034,ko04728,map04728,map05034,map04726,ko04726,map05030,ko04721,map04721",,,"ko02000,ko00001,ko00000",7245.FBpp0258366,88.7,8.86e-30,116.0,0.0,0.0,0.0,0.0,"chromaffin granule amine transporter, partial [Nephila pilipes]",,"38CBP@33154,3BEZR@33208,3CTHD@33213,3SHM6@50557,41W03@6656,451B9@7147,45P8S@7214,KOG3764@1,KOG3764@2759",MFS_1,0.0,0.0,Phase III: Efflux & Transport,MFS Xenobiotic Transporters,Solute Carrier Efflux,No
,GFS59500.1,,,,,,,126957.SMAR011388-PA,64.5,1.45e-77,255.0,0.0,0.0,0.0,0.0,e3 ubiquitin-protein ligase parkin [Nephila pilipes],,"39TKX@33154,3BAVM@33208,3CS3K@33213,41WYY@6656,KOG0006@1,KOG0006@2759,KOG3762@1,KOG3762@2759","IBR,MFS_1_like,ubiquitin",0.0,0.0,Phase III: Efflux & Transport,MFS Xenobiotic Transporters,Solute Carrier Efflux,No
,GFS60178.1,aldh18a1,ko:K12657,"map01100,map01110,ko01110,ko01100,map00330,ko01230,map01230,ko00330",M00015,"2.7.2.11,1.2.1.41","ko01000,ko00001,ko00000,ko00002",244447.XP_008320515.1,51.3,2.29e-12,70.1,0.0,0.0,0.0,0.0,"delta-1-pyrroline-5-carboxylate synthase, partial [Nephila pilipes]",,"38GA1@33154,3B9IB@33208,3CRE1@33213,482X4@7711,48ZBW@7742,49RS3@7898,COG0014@1,COG0263@1,KOG1154@2759,KOG4165@2759","AA_kinase,Aldedh",0.0,0.0,Phase I: Functionalization,Aldehyde Dehydrogenases (ALDH),Aldehyde Oxidation,No
,GFS60325.1,,ko:K00799,"map05418,ko00480,map00480,map05204,ko00980,map00982,ko00982,map00980,ko00983,ko01524,map05225,ko05225,map05200,ko05204,map00983,ko05200,map01524,ko05418",,2.5.1.18,"ko01000,ko02000,ko00001,ko00000",132113.XP_003487026.1,54.3,6.600000000000001e-78,239.0,0.0,0.0,0.0,0.0,"glutathione S-transferase 1, isoform C [Nephila pilipes]",,"3A046@33154,3BQ1T@33208,3D6RP@33213,3SM0U@50557,41Z29@6656,46FDZ@7399,COG0625@1,KOG0867@2759","GST_C,GST_N_3",0.0,0.0,Phase II: Conjugation,Glutathione S-Transferases (GST),Glutathione Conjugation,No
,GFS60577.1,,,,,,,126957.SMAR010065-PA,66.9,5.72e-125,374.0,0.0,0.0,0.0,0.0,heparan sulfate glucosamine 3-O-sulfotransferase 5 [Nephila pilipes],,"399CW@33154,3BK8P@33208,3CUDH@33213,41UDB@6656,KOG3704@1,KOG3704@2759",Sulfotransfer_1,0.0,0.0,Phase II: Conjugation,Sulfotransferases (SULT),Sulfation,No
,GFS60795.1,UNC93A,,,,,,176946.XP_007437071.1,33.8,3.37e-48,181.0,0.0,0.0,0.0,0.0,UNC93-like protein [Nephila pilipes],,"39NH3@33154,3BCBB@33208,3CYBR@33213,487S8@7711,490PJ@7742,KOG3097@1,KOG3097@2759","MFS_1,UNC-93",0.0,0.0,Phase III: Efflux & Transport,MFS Xenobiotic Transporters,Solute Carrier Efflux,No
,GFS61340.1,107363314,ko:K15001,,,,"ko01000,ko00000,ko00199",32264.tetur09g03800.1,48.8,1.13e-156,466.0,0.0,0.0,0.0,0.0,cytochrome P450 4c3 [Nephila pilipes],,"38CHP@33154,3B9GY@33208,3CSG8@33213,41U3I@6656,COG2124@1,KOG0157@2759",p450,0.0,0.0,Phase I: Functionalization,Cytochrome P450s (CYP450),CYP Monooxygenases,No
,GFS61343.1,,,,,,,126957.SMAR012322-PA,45.1,1.53e-142,429.0,0.0,0.0,0.0,0.0,cytochrome P450 4c3 [Nephila pilipes],,"38CHP@33154,3B9GY@33208,3CSG8@33213,41U3I@6656,COG2124@1,KOG0157@2759",p450,0.0,0.0,Phase I: Functionalization,Cytochrome P450s (CYP450),CYP Monooxygenases,No
,GFS61346.1,107363314,ko:K15001,,,,"ko01000,ko00000,ko00199",32264.tetur09g03800.1,44.0,8.27e-142,428.0,0.0,0.0,0.0,0.0,cytochrome P450 4c3 [Nephila pilipes],,"38CHP@33154,3B9GY@33208,3CSG8@33213,41U3I@6656,COG2124@1,KOG0157@2759",p450,0.0,0.0,Phase I: Functionalization,Cytochrome P450s (CYP450),CYP Monooxygenases,No
,GFS61818.1,ABCC1,ko:K05665,"ko02010,map05206,ko04977,ko01523,map02010,map04977,ko04071,map01523,map04071,ko05206",,,"ko02000,ko00001,ko00000",8932.XP_005508541.1,69.4,6.27e-17,84.7,0.0,0.0,0.0,0.0,"multidrug resistance-associated protein 1, partial [Nephila pilipes]",,"38CH6@33154,3BA19@33208,3CSDY@33213,47Z73@7711,48ZCK@7742,4GU0H@8782,COG1132@1,KOG0054@2759","ABC_membrane,ABC_tran",0.0,0.0,Phase III: Efflux & Transport,ABC Transporters (ABCA/B/C/G),ATP-Dependent Efflux,No
,GFS62402.1,107359285,ko:K07418,"map01100,ko01100,map04750,map00590,map00591,ko00591,ko00590,ko04750,ko04913,map04726,map04212,ko04212,map04913,ko04726",,1.14.14.1,"ko01000,ko00001,ko00000,ko00199",32264.tetur03g00020.1,38.1,2.97e-89,286.0,0.0,0.0,0.0,0.0,"cytochrome P450 18a1, partial [Nephila pilipes]",,"38BSU@33154,3BC78@33208,3CRSA@33213,41V2X@6656,COG2124@1,KOG0156@2759",p450,0.0,0.0,Phase I: Functionalization,Cytochrome P450s (CYP450),CYP Monooxygenases,No
,GFS62711.1,,,,,,,126957.SMAR003391-PA,43.8,1.14e-10,64.3,0.0,0.0,0.0,0.0,"1-phosphatidylinositol 4,5-bisphosphate phosphodiesterase epsilon-1, partial [Nephila pilipes]",,"38BAR@33154,3BDE8@33208,3CSQY@33213,41UEG@6656,KOG0169@1,KOG0169@2759","C2,EF-hand_like,PI-PLC-X,PI-PLC-Y,RA,RasGEF",0.0,0.0,Phase I: Functionalization,Carboxylesterases (COE),Esterases & Hydrolases,No
,GFS63582.1,EAZ88491.1,,,,,,391612.CY0110_15255,48.7,4.340000000000001e-65,213.0,0.0,0.0,0.0,0.0,sulfotransferase 1C2 [Nephila pilipes],,"1G8T0@1117,31CAG@2,3KFWM@43988,KOG1584@1",Sulfotransfer_1,0.0,0.0,Phase II: Conjugation,Sulfotransferases (SULT),Sulfation,No
,GFS63617.1,CYP6AS31,ko:K14999,,,,"ko01000,ko00000,ko00199",7425.NV17463-PA,59.2,3.39e-18,84.3,0.0,0.0,0.0,0.0,"cytochrome P450 3A21, partial [Nephila pilipes]",,"38BTY@33154,3BF8S@33208,3CV2F@33213,3SQ7E@50557,42264@6656,46JRF@7399,COG2124@1,KOG0158@2759",p450,0.0,0.0,Phase I: Functionalization,Cytochrome P450s (CYP450),CYP Monooxygenases,No
,GFS64024.1,,,,,,,126957.SMAR005844-PA,53.2,1.7e-40,147.0,0.0,0.0,0.0,0.0,"uncharacterized MFS-type transporter C09D4.1, partial [Nephila pilipes]",,"38GTZ@33154,3BA29@33208,3CYWF@33213,41XW3@6656,KOG2563@1,KOG2563@2759",MFS_1,0.0,0.0,Phase III: Efflux & Transport,MFS Xenobiotic Transporters,Solute Carrier Efflux,No
,GFS64652.1,,,,,,,6669.EFX85293,39.8,4.4e-68,223.0,0.0,0.0,0.0,0.0,serine hydrolase-like protein [Nephila pilipes],,"39U8B@33154,3BE1T@33208,3D2T1@33213,41XTZ@6656,COG0596@1,KOG1454@2759",Abhydrolase_1,0.0,0.0,Phase I: Functionalization,Carboxylesterases (COE),Esterases & Hydrolases,No
,GFS64658.1,serhl2,,,,,,48698.ENSPFOP00000012352,41.9,9.01e-70,226.0,0.0,0.0,0.0,0.0,serine hydrolase-like protein [Nephila pilipes],,"39U8B@33154,3BE1T@33208,3D2T1@33213,48A6T@7711,497RI@7742,49URS@7898,COG0596@1,KOG1454@2759",Abhydrolase_1,0.0,0.0,Phase I: Functionalization,Carboxylesterases (COE),Esterases & Hydrolases,No
,GFS65006.1,AChE-2,ko:K01049,"map00564,ko00564,map04725,ko04725",,3.1.1.7,"ko01000,ko00001,ko00537,ko00000",7460.GB41856-PA,30.7,6.34e-72,246.0,0.0,0.0,0.0,0.0,acetylcholinesterase-1 [Nephila pilipes],,"38BW2@33154,3B9C3@33208,3CRAS@33213,3SJ34@50557,41UNM@6656,46HEF@7399,COG2272@1,KOG4389@2759",COesterase,0.0,0.0,Phase I: Functionalization,Carboxylesterases (COE),Esterases & Hydrolases,No
,GFS65007.1,107368029,ko:K01049,"map00564,ko00564,map04725,ko04725",,3.1.1.7,"ko01000,ko00001,ko00537,ko00000",32264.tetur25g00710.1,36.4,2.39e-100,322.0,0.0,0.0,0.0,0.0,acetylcholinesterase-1 [Nephila pilipes],,"39MBH@33154,3CNZ2@33208,3E52U@33213,COG2272@1,KOG4389@2759",COesterase,0.0,0.0,Phase I: Functionalization,Carboxylesterases (COE),Esterases & Hydrolases,No
,GFS65770.1,GK16216,ko:K13703,,,,"ko01002,ko00000",7260.FBpp0245359,29.3,3.05e-28,117.0,0.0,0.0,0.0,0.0,"AB hydrolase-1 domain-containing protein, partial [Nephila pilipes]",,"39UJH@33154,3BHQ0@33208,3CX97@33213,3SKQU@50557,41YJQ@6656,44XDA@7147,45VGR@7214,COG0596@1,KOG2382@2759",Abhydrolase_1,0.0,0.0,Phase I: Functionalization,Carboxylesterases (COE),Esterases & Hydrolases,No
,GFS66009.1,FIC_01862,,,,,,531844.FIC_01862,39.4,1.15e-08,58.2,0.0,0.0,0.0,0.0,abhydrolase domain-containing protein 11 [Nephila pilipes],,"1HXF6@117743,4068N@61432,4NDZI@976,COG0596@1,COG0596@2",Abhydrolase_1,0.0,0.0,Phase I: Functionalization,Carboxylesterases (COE),Esterases & Hydrolases,No
,GFS66066.1,,,,,,,6669.EFX75430,71.0,4e-20,89.7,0.0,0.0,0.0,0.0,"cGMP-inhibited 3',5'-cyclic phosphodiesterase A, partial [Nephila pilipes]",,"2QSV8@2759,38C43@33154,3BDAW@33208,3CUCX@33213,41V2V@6656,KOG1229@1",PDEase_I,0.0,0.0,Phase I: Functionalization,Carboxylesterases (COE),Esterases & Hydrolases,No
,GFS66157.1,,,,,,,126957.SMAR011666-PA,37.1,4.26e-65,233.0,0.0,0.0,0.0,0.0,inositol polyphosphate 1-phosphatase [Nephila pilipes],,"3AFUU@33154,3BAEJ@33208,3CTJD@33213,41WFD@6656,COG1012@1,COG1218@1,COG1804@1,COG4690@1,KOG0600@1,KOG0600@2759,KOG1923@1,KOG1923@2759,KOG2450@2759,KOG2826@2759,KOG3099@2759,KOG3957@2759","Aldedh,CoA_transf_3,Drf_FH3,Drf_GBD,FH2,Inositol_P,P34-Arc,Pkinase",0.0,0.0,Phase I: Functionalization,Aldehyde Dehydrogenases (ALDH),Aldehyde Oxidation,No
,GFS66956.1,6051441,ko:K14999,,,,"ko01000,ko00000,ko00199",7176.CPIJ017462-PA,46.5,1.04e-28,116.0,0.0,0.0,0.0,0.0,"cytochrome P450 3A8, partial [Nephila pilipes]",,"38BTY@33154,3BF8S@33208,3CV2F@33213,3SGMH@50557,41VYX@6656,44XUS@7147,45JUQ@7148,COG2124@1,KOG0158@2759",p450,0.0,0.0,Phase I: Functionalization,Cytochrome P450s (CYP450),CYP Monooxygenases,No
,GFS67085.1,,,,,,,126957.SMAR008951-PA,42.7,2.33e-169,510.0,0.0,0.0,0.0,0.0,cysteine-rich protein 2-binding protein [Nephila pilipes],,"38CAF@33154,3BCVV@33208,3CSXH@33213,41XHA@6656,COG0456@1,KOG3138@2759",Acetyltransf_1,0.0,0.0,Phase II: Conjugation,N-Acetyltransferases (NAT),Acetylation,No
,GFS67181.1,GK11735,ko:K08202,"ko05231,map05231",,,"ko02000,ko00001,ko00000",7260.FBpp0240878,42.0,1.42e-102,326.0,0.0,0.0,0.0,0.0,organic cation transporter protein [Nephila pilipes],,"38FJ1@33154,3B9N9@33208,3CT4W@33213,3SJ4H@50557,41WFS@6656,44YKN@7147,45V80@7214,KOG0255@1,KOG0255@2759",MFS_1,0.0,0.0,Phase III: Efflux & Transport,MFS Xenobiotic Transporters,Solute Carrier Efflux,No
,GFS67302.1,,ko:K12301,"map04142,ko04142",,,"ko02000,ko00001,ko00000",7070.TC006625-PA,28.7,7.18e-64,225.0,0.0,0.0,0.0,0.0,putative inorganic phosphate cotransporter [Nephila pilipes],,"38CXA@33154,3BBSD@33208,3CR7D@33213,3SKJN@50557,41THY@6656,KOG2532@1,KOG2532@2759",MFS_1,0.0,0.0,Phase III: Efflux & Transport,MFS Xenobiotic Transporters,Solute Carrier Efflux,No
,GFS67308.1,,ko:K08193,,,,"ko02000,ko00000",7029.ACYPI008878-PA,30.3,2.3e-08,57.8,0.0,0.0,0.0,0.0,sialin [Nephila pilipes],,"39XKC@33154,3BMP2@33208,3D5XJ@33213,3EBYQ@33342,3SIAX@50557,41YGC@6656,KOG2532@1,KOG2532@2759",MFS_1,0.0,0.0,Phase III: Efflux & Transport,MFS Xenobiotic Transporters,Solute Carrier Efflux,No
,GFS67310.1,GF21320,ko:K12301,"map04142,ko04142",,,"ko02000,ko00001,ko00000",7217.FBpp0124512,37.7,2.78e-18,90.9,0.0,0.0,0.0,0.0,putative sialin [Nephila pilipes],,"38CXA@33154,3BBSD@33208,3CR7D@33213,3SKJN@50557,41THY@6656,4512W@7147,45WHN@7214,KOG2532@1,KOG2532@2759",MFS_1,0.0,0.0,Phase III: Efflux & Transport,MFS Xenobiotic Transporters,Solute Carrier Efflux,No
,GFS67321.1,,,,,,,126957.SMAR009060-PA,62.6,1.3500000000000001e-210,603.0,0.0,0.0,0.0,0.0,histone acetyltransferase KAT5 [Nephila pilipes],,"38BNE@33154,3BGCC@33208,3CRW2@33213,41UYH@6656,COG5027@1,KOG2747@2759",MOZ_SAS,0.0,0.0,Phase II: Conjugation,N-Acetyltransferases (NAT),Acetylation,No
,GFS67323.1,KAT5,ko:K11304,"map05166,ko05166",,2.3.1.48,"ko01000,ko03036,ko00001,ko00000",181119.XP_005533686.1,65.7,1.5200000000000002e-210,600.0,0.0,0.0,0.0,0.0,histone acetyltransferase KAT5 [Nephila pilipes],,"38BNE@33154,3BGCC@33208,3CRW2@33213,4880H@7711,48Y5I@7742,4GW4Z@8782,COG5027@1,KOG2747@2759","MOZ_SAS,Tudor-knot",0.0,0.0,Phase II: Conjugation,N-Acetyltransferases (NAT),Acetylation,No
,GFS67326.1,KAT5,ko:K11304,"map05166,ko05166",,2.3.1.48,"ko01000,ko03036,ko00001,ko00000",181119.XP_005533686.1,69.3,1.63e-214,609.0,0.0,0.0,0.0,0.0,histone acetyltransferase KAT5 [Nephila pilipes],,"38BNE@33154,3BGCC@33208,3CRW2@33213,4880H@7711,48Y5I@7742,4GW4Z@8782,COG5027@1,KOG2747@2759","MOZ_SAS,Tudor-knot",0.0,0.0,Phase II: Conjugation,N-Acetyltransferases (NAT),Acetylation,No
,GFS67369.1,EPHX1,,,,,,9365.XP_007526635.1,53.4,2.52e-161,473.0,0.0,0.0,0.0,0.0,epoxide hydrolase 1 [Nephila pilipes],,"38FY7@33154,3BB6M@33208,3CZY0@33213,3JBBN@40674,4822N@7711,498NB@7742,COG0596@1,KOG2565@2759",EHN,0.0,0.0,Phase I: Functionalization,Epoxide Hydrolases (mEH),Epoxide Hydrolysis,No
,GFS67856.1,L798_05058,ko:K15003,,,,"ko01000,ko00000,ko00199",136037.KDR20273,39.5,4.45e-38,147.0,0.0,0.0,0.0,0.0,"cytochrome P450 9e2, partial [Nephila pilipes]",,"38BTY@33154,3BF8S@33208,3CV2F@33213,3SZ1K@50557,41TTZ@6656,COG2124@1,KOG0158@2759",p450,0.0,0.0,Phase I: Functionalization,Cytochrome P450s (CYP450),CYP Monooxygenases,No
,GFS67864.1,,,,,,,6669.EFX90175,24.9,3.84e-28,126.0,0.0,0.0,0.0,0.0,MFS domain-containing protein [Nephila pilipes],,"39T7H@33154,3BHHG@33208,3D3AH@33213,41Y97@6656,KOG2504@1,KOG2504@2759",MFS_1,0.0,0.0,Phase III: Efflux & Transport,MFS Xenobiotic Transporters,Solute Carrier Efflux,No
,GFS67912.1,,,,,,,126957.SMAR002479-PA,58.6,5.67e-197,566.0,0.0,0.0,0.0,0.0,major facilitator superfamily domain-containing protein 1 [Nephila pilipes],,"38NCS@33154,3BE5V@33208,3D0CK@33213,42A5F@6656,COG0477@1,KOG4686@2759",MFS_1,0.0,0.0,Phase III: Efflux & Transport,MFS Xenobiotic Transporters,Solute Carrier Efflux,No
,GFS67913.1,8233037,,,,,,121225.PHUM509520-PA,55.4,2.39e-62,208.0,0.0,0.0,0.0,0.0,major facilitator superfamily domain-containing protein 1 [Nephila pilipes],,"38NCS@33154,3BE5V@33208,3D0CK@33213,3E8T9@33342,3SZM5@50557,42A5F@6656,COG0477@1,KOG4686@2759","MFS_1,Sugar_tr",0.0,0.0,Phase III: Efflux & Transport,MFS Xenobiotic Transporters,Solute Carrier Efflux,No
,GFS68171.1,CYP4C60,ko:K15001,,,,"ko01000,ko00000,ko00199",7425.NV14753-PA,53.2,6.8100000000000005e-31,121.0,0.0,0.0,0.0,0.0,"cytochrome P450 4c3, partial [Nephila pilipes]",,"38CHP@33154,3B9GY@33208,3CSG8@33213,3SGAE@50557,41U3I@6656,COG2124@1,KOG0157@2759",p450,0.0,0.0,Phase I: Functionalization,Cytochrome P450s (CYP450),CYP Monooxygenases,No
,GFS68254.1,,,,,,,10224.XP_002734595.2,42.5,2.06e-58,193.0,0.0,0.0,0.0,0.0,isoamyl acetate-hydrolyzing esterase 1 homolog [Nephila pilipes],,"38HFB@33154,3BIJQ@33208,3CVJG@33213,COG0214@1,KOG3035@2759",Lipase_GDSL_2,0.0,0.0,Phase I: Functionalization,Carboxylesterases (COE),Esterases & Hydrolases,No
,GFS68458.1,,,,,,,9823.ENSSSCP00000019701,65.3,2.72e-93,287.0,0.0,0.0,0.0,0.0,ATP-dependent translocase ABCB1 [Nephila pilipes],,"38E88@33154,3B958@33208,3CVKH@33213,3J4H0@40674,483MS@7711,48ZZW@7742,4IVFI@91561,COG1132@1,KOG0055@2759","ABC_membrane,ABC_tran",0.0,0.0,Phase III: Efflux & Transport,ABC Transporters (ABCA/B/C/G),ATP-Dependent Efflux,No
,GFS68779.1,GF16120,ko:K08202,"ko05231,map05231",,,"ko02000,ko00001,ko00000",7217.FBpp0119312,35.9,1.25e-92,301.0,0.0,0.0,0.0,0.0,organic cation transporter protein [Nephila pilipes],,"38FJ1@33154,3B9N9@33208,3CT4W@33213,3SJ4H@50557,41WFS@6656,44YKN@7147,45V80@7214,KOG0255@1,KOG0255@2759",MFS_1,0.0,0.0,Phase III: Efflux & Transport,MFS Xenobiotic Transporters,Solute Carrier Efflux,No
,GFS68784.1,GF16120,ko:K08202,"ko05231,map05231",,,"ko02000,ko00001,ko00000",7217.FBpp0119312,35.9,6.33e-93,302.0,0.0,0.0,0.0,0.0,organic cation transporter protein [Nephila pilipes],,"38FJ1@33154,3B9N9@33208,3CT4W@33213,3SJ4H@50557,41WFS@6656,44YKN@7147,45V80@7214,KOG0255@1,KOG0255@2759",MFS_1,0.0,0.0,Phase III: Efflux & Transport,MFS Xenobiotic Transporters,Solute Carrier Efflux,No
,GFS68791.1,GF16120,ko:K08202,"ko05231,map05231",,,"ko02000,ko00001,ko00000",7217.FBpp0119312,35.2,1.08e-90,295.0,0.0,0.0,0.0,0.0,organic cation transporter protein [Nephila pilipes],,"38FJ1@33154,3B9N9@33208,3CT4W@33213,3SJ4H@50557,41WFS@6656,44YKN@7147,45V80@7214,KOG0255@1,KOG0255@2759",MFS_1,0.0,0.0,Phase III: Efflux & Transport,MFS Xenobiotic Transporters,Solute Carrier Efflux,No
,GFS69109.1,,ko:K07424,"map01100,map05204,ko00140,map00591,ko00591,ko01100,ko00830,map00830,ko05204,map00140",,1.14.14.1,"ko01000,ko00001,ko00000,ko00199",27679.XP_003934265.1,36.3,1.38e-44,164.0,0.0,0.0,0.0,0.0,"cytochrome P450 3A1, partial [Nephila pilipes]",,"35E4R@314146,38BTY@33154,3BF8S@33208,3CV2F@33213,3J4KT@40674,488IN@7711,490UU@7742,4M8DK@9443,COG2124@1,KOG0158@2759",p450,0.0,0.0,Phase I: Functionalization,Cytochrome P450s (CYP450),CYP Monooxygenases,No
,GFS69110.1,,,,,,,7091.BGIBMGA013236-TA,52.6,2.43e-06,52.0,0.0,0.0,0.0,0.0,cytochrome P450 3A11 [Nephila pilipes],,"38BTY@33154,3BF8S@33208,3CV2F@33213,3SQ7E@50557,42264@6656,4491M@7088,COG2124@1,KOG0158@2759",p450,0.0,0.0,Phase I: Functionalization,Cytochrome P450s (CYP450),CYP Monooxygenases,No
,GFS69580.1,,,,,,,126957.SMAR008993-PA,54.8,8.92e-46,167.0,0.0,0.0,0.0,0.0,protein phosphatase methylesterase 1 [Nephila pilipes],,"38CHN@33154,3BGQY@33208,3CUPF@33213,41XCU@6656,COG0596@1,KOG1818@1,KOG1818@2759,KOG2564@2759","Abhydrolase_6,FYVE",0.0,0.0,Phase I: Functionalization,Carboxylesterases (COE),Esterases & Hydrolases,No
,GFS69927.1,picot,,,,,,7425.NV15041-PA,34.1,9.45e-59,208.0,0.0,0.0,0.0,0.0,putative inorganic phosphate cotransporter [Nephila pilipes],,"38CXA@33154,3BBSD@33208,3CR7D@33213,3SINN@50557,41THY@6656,46G37@7399,KOG2532@1,KOG2532@2759",MFS_1,0.0,0.0,Phase III: Efflux & Transport,MFS Xenobiotic Transporters,Solute Carrier Efflux,No
,GFS70544.1,G5I_09945,ko:K08193,,,,"ko02000,ko00000",103372.F4WVK5,42.6,2.6e-10,62.8,0.0,0.0,0.0,0.0,putative transporter slc-17.2 [Nephila pilipes],,"39WQQ@33154,3BG8K@33208,3CXG7@33213,3SGXZ@50557,41U4I@6656,46EBN@7399,KOG2532@1,KOG2532@2759",MFS_1,0.0,0.0,Phase III: Efflux & Transport,MFS Xenobiotic Transporters,Solute Carrier Efflux,No
,GFS70715.1,,,,,,,126957.SMAR002727-PA,39.2,1.33e-52,192.0,0.0,0.0,0.0,0.0,cytochrome P450 9e2 [Nephila pilipes],,"38BTY@33154,3BF8S@33208,3CV2F@33213,41TTZ@6656,COG2124@1,KOG0158@2759",p450,0.0,0.0,Phase I: Functionalization,Cytochrome P450s (CYP450),CYP Monooxygenases,No
,GFS70945.1,107369116,,,,,,32264.tetur30g01560.1,44.4,9.75e-184,551.0,0.0,0.0,0.0,0.0,esterase FE4 [Nephila pilipes],,"38HS0@33154,3BH7C@33208,3D13Y@33213,41VIC@6656,COG2272@1,KOG1516@2759",COesterase,0.0,0.0,Phase I: Functionalization,Carboxylesterases (COE),Esterases & Hydrolases,No
,GFS71215.1,,ko:K01074,"map01100,ko01212,map01212,ko01100,ko00062,ko04142,map00062,map04142",,3.1.2.22,"ko01000,ko00001,ko00000,ko01004",7739.XP_002593602.1,62.5,6.379999999999998e-128,374.0,0.0,0.0,0.0,0.0,palmitoyl-protein thioesterase 1 [Nephila pilipes],,"38HI2@33154,3BD3E@33208,3CYJE@33213,484Z9@7711,COG1075@1,KOG2541@2759",Palm_thioest,0.0,0.0,Phase I: Functionalization,Carboxylesterases (COE),Esterases & Hydrolases,No
,GFS71623.1,GL14693,ko:K13703,,,,"ko01002,ko00000",7234.FBpp0178800,31.0,5.0400000000000004e-29,121.0,0.0,0.0,0.0,0.0,ethanol acetyltransferase 1 [Nephila pilipes],,"39UJH@33154,3BHQ0@33208,3CX97@33213,3SKQU@50557,41YJQ@6656,44XDA@7147,45VGR@7214,COG0596@1,KOG2382@2759",Abhydrolase_1,0.0,0.0,Phase I: Functionalization,Carboxylesterases (COE),Esterases & Hydrolases,No
,GFS71803.1,Picot,,,,,,7217.FBpp0116648,31.9,1.58e-06,54.7,0.0,0.0,0.0,0.0,inorganic phosphate cotransporter [Nephila pilipes],"P|GO:0006810|IEA,P|GO:0006810|IEA,P|GO:0006811|IEA,P|GO:0006811|IEA,P|GO:0006812|IEA,P|GO:0006814|IEA,P|GO:0006817|IEA,P|GO:0006820|IEA,P|GO:0008150|IEA,P|GO:0008150|IEA,P|GO:0015672|IEA,P|GO:0015698|IEA,P|GO:0030001|IEA,P|GO:0034220|IEA,P|GO:0035435|IEA,P|GO:0051179|IEA,P|GO:0051179|IEA,P|GO:0051234|IEA,P|GO:0051234|IEA,P|GO:0055085|IEA,P|GO:0055085|IEA,P|GO:0098656|IEA,P|GO:0098660|IEA,P|GO:0098661|IEA,C|GO:0005575|IEA,C|GO:0016020|IEA,C|GO:0016021|IEA,C|GO:0031224|IEA,C|GO:0044425|IEA,F|GO:0003674|IEA,F|GO:0003674|IEA,F|GO:0005215|IEA,F|GO:0005215|IEA,F|GO:0008509|IEA,F|GO:0015075|IEA,F|GO:0015103|IEA,F|GO:0015114|IEA,F|GO:0015291|IEA,F|GO:0015293|IEA,F|GO:0015318|IEA,F|GO:0022804|IEA,F|GO:0022857|IEA,F|GO:0022857|IEA","38CXA@33154,3BBSD@33208,3CR7D@33213,3SINN@50557,41THY@6656,450FQ@7147,45SE5@7214,KOG2532@1,KOG2532@2759",MFS_1,0.0,0.0,Phase III: Efflux & Transport,MFS Xenobiotic Transporters,Solute Carrier Efflux,No
,GFS71807.1,,ko:K12300,,,,"ko02000,ko00000",13616.ENSMODP00000013332,47.1,3.74e-19,92.8,0.0,0.0,0.0,0.0,inorganic phosphate cotransporter [Nephila pilipes],,"38CXA@33154,3BBSD@33208,3CR7D@33213,3J1R0@40674,4814Q@7711,48VYQ@7742,4K3VM@9263,KOG2532@1,KOG2532@2759",MFS_1,0.0,0.0,Phase III: Efflux & Transport,MFS Xenobiotic Transporters,Solute Carrier Efflux,No
,GFS71811.1,,,,,,,69319.XP_008547248.1,46.8,2.35e-15,80.5,0.0,0.0,0.0,0.0,inorganic phosphate cotransporter [Nephila pilipes],,"39WQQ@33154,3BG8K@33208,3CXG7@33213,3SGXZ@50557,41U4I@6656,46EBN@7399,KOG2532@1,KOG2532@2759",MFS_1,0.0,0.0,Phase III: Efflux & Transport,MFS Xenobiotic Transporters,Solute Carrier Efflux,No
,GFS71823.1,8230072,ko:K20791,,,2.3.1.255,"ko01000,ko03036,ko00000",121225.PHUM232250-PA,91.1,2.33e-102,298.0,0.0,0.0,0.0,0.0,n-alpha-acetyltransferase 10 [Nephila pilipes],,"38C5J@33154,3BAQS@33208,3D075@33213,3E9CB@33342,3SJI3@50557,41TK0@6656,COG0456@1,KOG3235@2759",Acetyltransf_1,0.0,0.0,Phase II: Conjugation,N-Acetyltransferases (NAT),Acetylation,No
,GFS71878.1,,,,,,,7719.XP_002126140.1,37.5,1.24e-51,182.0,0.0,0.0,0.0,0.0,sulfotransferase 1 family member D1 [Nephila pilipes],,"394HT@33154,3BI89@33208,3CWR8@33213,483TN@7711,KOG1584@1,KOG1584@2759",Sulfotransfer_1,0.0,0.0,Phase II: Conjugation,Sulfotransferases (SULT),Sulfation,No
,GFS71894.1,PDE2A,,,,,,8128.ENSONIP00000021052,51.2,2.03e-229,671.0,0.0,0.0,0.0,0.0,"cGMP-dependent 3',5'-cyclic phosphodiesterase [Nephila pilipes]",,"38BQB@33154,3B9XB@33208,3CSEF@33213,485RM@7711,4959X@7742,49ZZ7@7898,KOG3689@1,KOG3689@2759","GAF,GAF_2,PDEase_I",0.0,0.0,Phase I: Functionalization,Carboxylesterases (COE),Esterases & Hydrolases,No
,GFS72076.1,,,,,,,126957.SMAR008343-PA,86.7,1.34e-110,319.0,0.0,0.0,0.0,0.0,n-alpha-acetyltransferase 20 [Nephila pilipes],,"39SD1@33154,3BC97@33208,3CW77@33213,41THA@6656,COG0456@1,KOG3234@2759",Acetyltransf_1,0.0,0.0,Phase II: Conjugation,N-Acetyltransferases (NAT),Acetylation,No
,GFS72077.1,,,,,,,126957.SMAR012644-PA,53.4,5.440000000000002e-166,493.0,0.0,0.0,0.0,0.0,tyrosyl-DNA phosphodiesterase 1 [Nephila pilipes],,"38CZE@33154,3BEY4@33208,3CU7Q@33213,41V9H@6656,KOG2031@1,KOG2031@2759","Tyr-DNA_phospho,zf-CCHH",0.0,0.0,Phase I: Functionalization,Carboxylesterases (COE),Esterases & Hydrolases,No
,GFS72132.1,LOC659847,ko:K05658,"ko02010,map05206,ko05226,ko04976,map02010,map04976,ko05206,map05226",,3.6.3.44,"ko02000,ko04147,ko01000,ko00001,ko00000,ko04090",7070.TC003797-PA,57.8,3.91e-29,117.0,0.0,0.0,0.0,0.0,"ATP-binding cassette sub-family B member 5, partial [Nephila pilipes]",,"38E88@33154,3B958@33208,3CVKH@33213,3SIMD@50557,41WNN@6656,COG1132@1,KOG0055@2759","ABC_membrane,ABC_tran",0.0,0.0,Phase III: Efflux & Transport,ABC Transporters (ABCA/B/C/G),ATP-Dependent Efflux,No
,GFS72161.1,,,,,,,8128.ENSONIP00000016426,43.7,2e-280,822.0,0.0,0.0,0.0,0.0,valine--tRNA ligase [Nephila pilipes],,"38BX5@33154,3BDDJ@33208,3CUM1@33213,481XS@7711,48Z1G@7742,49YES@7898,COG0525@1,COG0625@1,KOG0432@2759,KOG0867@2759","Anticodon_1,GST_C,tRNA-synt_1",0.0,0.0,Phase II: Conjugation,Glutathione S-Transferases (GST),Glutathione Conjugation,No
,GFS72588.1,101889014,ko:K15001,,,,"ko01000,ko00000,ko00199",7370.XP_005186030.1,43.1,2.48e-75,250.0,0.0,0.0,0.0,0.0,"cytochrome P450 4C1, partial [Nephila pilipes]",,"38CHP@33154,3B9GY@33208,3CSG8@33213,3SGAE@50557,41U3I@6656,4517P@7147,COG2124@1,KOG0157@2759",p450,0.0,0.0,Phase I: Functionalization,Cytochrome P450s (CYP450),CYP Monooxygenases,No
,GFS72894.1,,,,,,,126957.SMAR008771-PA,46.1,1.12e-83,262.0,0.0,0.0,0.0,0.0,cytochrome P450 4c3 [Nephila pilipes],,"38CHP@33154,3B9GY@33208,COG2124@1,KOG0157@2759",p450,0.0,0.0,Phase I: Functionalization,Cytochrome P450s (CYP450),CYP Monooxygenases,No
,GFS72897.1,,,,,,,126957.SMAR008771-PA,44.9,1.7999999999999997e-55,191.0,0.0,0.0,0.0,0.0,cytochrome P450 4c3 [Nephila pilipes],,"38CHP@33154,3B9GY@33208,COG2124@1,KOG0157@2759",p450,0.0,0.0,Phase I: Functionalization,Cytochrome P450s (CYP450),CYP Monooxygenases,No
,GFS73147.1,,,,,,,34740.HMEL022586-PA,35.7,1.18e-12,70.1,0.0,0.0,0.0,0.0,"cytochrome P450 4V2, partial [Nephila pilipes]",,"38CHP@33154,3B9GY@33208,3CSG8@33213,3SGAE@50557,41U3I@6656,448K5@7088,COG2124@1,KOG0157@2759",p450,0.0,0.0,Phase I: Functionalization,Cytochrome P450s (CYP450),CYP Monooxygenases,No
,GFS74085.1,,,,,,,126957.SMAR012322-PA,53.8,1.07e-22,97.4,0.0,0.0,0.0,0.0,"cytochrome P450 4V2, partial [Nephila pilipes]",,"38CHP@33154,3B9GY@33208,3CSG8@33213,41U3I@6656,COG2124@1,KOG0157@2759",p450,0.0,0.0,Phase I: Functionalization,Cytochrome P450s (CYP450),CYP Monooxygenases,No
,GFS74154.1,TXSA,ko:K01832,"map01100,ko01100,map00590,ko00590,ko04611,map04611",,5.3.99.5,"ko01000,ko00001,ko00000,ko00199",6669.EFX87565,51.3,4.450000000000001e-47,166.0,0.0,0.0,0.0,0.0,"cytochrome P450 3A24, partial [Nephila pilipes]",,"38BTY@33154,3BF8S@33208,3CV2F@33213,COG2124@1,KOG0158@2759",p450,0.0,0.0,Phase I: Functionalization,Cytochrome P450s (CYP450),CYP Monooxygenases,No
,GFS74157.1,,,,,,,303518.XP_005734874.1,34.5,1.93e-91,299.0,0.0,0.0,0.0,0.0,cytochrome P450 3A24 [Nephila pilipes],,"38BTY@33154,3BF8S@33208,3CV2F@33213,47Z83@7711,48W40@7742,49VXM@7898,COG2124@1,KOG0158@2759",p450,0.0,0.0,Phase I: Functionalization,Cytochrome P450s (CYP450),CYP Monooxygenases,No
,GFS74159.1,,,,,,,303518.XP_005734874.1,37.7,1.1099999999999999e-101,324.0,0.0,0.0,0.0,0.0,cytochrome P450 3A1 [Nephila pilipes],,"38BTY@33154,3BF8S@33208,3CV2F@33213,47Z83@7711,48W40@7742,49VXM@7898,COG2124@1,KOG0158@2759",p450,0.0,0.0,Phase I: Functionalization,Cytochrome P450s (CYP450),CYP Monooxygenases,No
,GFS74161.1,,,,,,,303518.XP_005734874.1,37.7,1.1099999999999999e-101,324.0,0.0,0.0,0.0,0.0,cytochrome P450 3A1 [Nephila pilipes],,"38BTY@33154,3BF8S@33208,3CV2F@33213,47Z83@7711,48W40@7742,49VXM@7898,COG2124@1,KOG0158@2759",p450,0.0,0.0,Phase I: Functionalization,Cytochrome P450s (CYP450),CYP Monooxygenases,No
,GFS74372.1,,ko:K19882,"ko04310,map04310",,3.1.1.98,"ko01000,ko00001,ko00000",6669.EFX74213,52.9,5.19e-199,571.0,0.0,0.0,0.0,0.0,palmitoleoyl-protein carboxylesterase NOTUM [Nephila pilipes],,"38W7Q@33154,3B9FY@33208,3CSKJ@33213,41YHD@6656,KOG4287@1,KOG4287@2759",PAE,0.0,0.0,Phase I: Functionalization,Carboxylesterases (COE),Esterases & Hydrolases,No
,GFS74374.1,,ko:K19882,"ko04310,map04310",,3.1.1.98,"ko01000,ko00001,ko00000",6669.EFX74213,54.5,3.6e-201,576.0,0.0,0.0,0.0,0.0,palmitoleoyl-protein carboxylesterase NOTUM [Nephila pilipes],,"38W7Q@33154,3B9FY@33208,3CSKJ@33213,41YHD@6656,KOG4287@1,KOG4287@2759",PAE,0.0,0.0,Phase I: Functionalization,Carboxylesterases (COE),Esterases & Hydrolases,No
,GFS74431.1,,ko:K13783,,,,"ko02000,ko00000",7029.ACYPI006039-PA,36.1,1.6600000000000002e-26,117.0,0.0,0.0,0.0,0.0,"glucose-6-phosphate exchanger SLC37A2, partial [Nephila pilipes]",,"38GSS@33154,3BHM6@33208,3CSKX@33213,3E922@33342,3SJQT@50557,41Y3K@6656,COG0477@1,KOG2533@2759",MFS_1,0.0,0.0,Phase III: Efflux & Transport,MFS Xenobiotic Transporters,Solute Carrier Efflux,No
,GFS74835.1,CYP4V2,ko:K07427,,,,"ko00000,ko00199",59894.ENSFALP00000012483,42.0,2.81e-107,334.0,0.0,0.0,0.0,0.0,cytochrome P450 4V2 [Nephila pilipes],,"38CHP@33154,3B9GY@33208,3CSG8@33213,487KR@7711,49547@7742,4GHA2@8782,COG2124@1,KOG0157@2759",p450,0.0,0.0,Phase I: Functionalization,Cytochrome P450s (CYP450),CYP Monooxygenases,No
,GFS74841.1,,,,,,,126957.SMAR008771-PA,43.3,3.66e-85,267.0,0.0,0.0,0.0,0.0,cytochrome P450 4C1 [Nephila pilipes],,"38CHP@33154,3B9GY@33208,COG2124@1,KOG0157@2759",p450,0.0,0.0,Phase I: Functionalization,Cytochrome P450s (CYP450),CYP Monooxygenases,No
,GFS74895.1,AAEL001134,ko:K00140,"map01100,ko01200,ko01100,ko00562,ko00410,map00562,ko00640,map00640,ko00280,map01200,map00280,map00410",M00013,"1.2.1.27,1.2.1.18","ko01000,ko00001,ko00000,ko00002",7159.AAEL001134-PA,77.0,1.9699999999999998e-285,790.0,0.0,0.0,0.0,0.0,"probable methylmalonate-semialdehyde dehydrogenase, mitochondrial [Nephila pilipes]","P|GO:0006082|ISS,P|GO:0006139|ISS,P|GO:0006206|ISS,P|GO:0006520|ISS,P|GO:0006573|ISS,P|GO:0006725|ISS,P|GO:0006807|ISS,P|GO:0008150|ISS,P|GO:0008152|ISS,P|GO:0009081|ISS,P|GO:0009112|ISS,P|GO:0009987|ISS,P|GO:0019752|ISS,P|GO:0019859|ISS,P|GO:0034641|ISS,P|GO:0043436|ISS,P|GO:0044237|ISS,P|GO:0044238|ISS,P|GO:0044281|ISS,P|GO:0046483|ISS,P|GO:0055086|ISS,P|GO:0055114|ISS,P|GO:0071704|ISS,P|GO:0072527|ISS,P|GO:1901360|ISS,P|GO:1901564|ISS,P|GO:1901605|ISS,C|GO:0005575|IEA,C|GO:0005622|IEA,C|GO:0005623|IEA,C|GO:0005737|IEA,C|GO:0005739|IEA,C|GO:0043226|IEA,C|GO:0043227|IEA,C|GO:0043229|IEA,C|GO:0043231|IEA,C|GO:0044424|IEA,C|GO:0044444|IEA,C|GO:0044464|IEA,F|GO:0003674|ISS,F|GO:0003824|ISS,F|GO:0004491|ISS,F|GO:0016491|ISS,F|GO:0016620|ISS,F|GO:0016903|ISS,F|GO:0018478|ISS","38EU5@33154,3BBIA@33208,3CTRG@33213,3SJ3N@50557,41X6K@6656,44XC6@7147,45HBZ@7148,KOG2449@1,KOG2449@2759",Aldedh,0.0,0.0,Phase I: Functionalization,Aldehyde Dehydrogenases (ALDH),Aldehyde Oxidation,No
,GFS75079.1,,,,,,,28737.XP_006882324.1,38.7,1.5300000000000002e-36,142.0,0.0,0.0,0.0,0.0,probable cytochrome P450 4e1 [Nephila pilipes],,"34U3B@311790,38CHP@33154,3B9GY@33208,3CSG8@33213,3JE48@40674,487KR@7711,49547@7742,COG2124@1,KOG0157@2759",p450,0.0,0.0,Phase I: Functionalization,Cytochrome P450s (CYP450),CYP Monooxygenases,No
,GFS75082.1,,,,,,,28737.XP_006882324.1,41.5,8.49e-35,135.0,0.0,0.0,0.0,0.0,probable cytochrome P450 4e1 [Nephila pilipes],,"34U3B@311790,38CHP@33154,3B9GY@33208,3CSG8@33213,3JE48@40674,487KR@7711,49547@7742,COG2124@1,KOG0157@2759",p450,0.0,0.0,Phase I: Functionalization,Cytochrome P450s (CYP450),CYP Monooxygenases,No
,GFS75085.1,,ko:K15001,,,,"ko01000,ko00000,ko00199",6669.EFX87732,43.5,1.94e-117,359.0,0.0,0.0,0.0,0.0,cytochrome P450 4V2 [Nephila pilipes],,"38CHP@33154,3B9GY@33208,3CSG8@33213,41U3I@6656,COG2124@1,KOG0157@2759",p450,0.0,0.0,Phase I: Functionalization,Cytochrome P450s (CYP450),CYP Monooxygenases,No
,GFS75092.1,,,,,,,126957.SMAR008771-PA,45.7,4.78e-77,250.0,0.0,0.0,0.0,0.0,cytochrome P450 4c3 [Nephila pilipes],,"38CHP@33154,3B9GY@33208,COG2124@1,KOG0157@2759",p450,0.0,0.0,Phase I: Functionalization,Cytochrome P450s (CYP450),CYP Monooxygenases,No
,GFS75094.1,,,,,,,126957.SMAR012322-PA,49.6,3.1499999999999997e-40,148.0,0.0,0.0,0.0,0.0,cytochrome P450 4V2 [Nephila pilipes],,"38CHP@33154,3B9GY@33208,3CSG8@33213,41U3I@6656,COG2124@1,KOG0157@2759",p450,0.0,0.0,Phase I: Functionalization,Cytochrome P450s (CYP450),CYP Monooxygenases,No
,GFS75096.1,,,,,,,126957.SMAR008774-PA,39.9,4.01e-63,216.0,0.0,0.0,0.0,0.0,cytochrome P450 4V2 [Nephila pilipes],,"38CHP@33154,3B9GY@33208,3CSG8@33213,41U3I@6656,COG2124@1,KOG0157@2759",p450,0.0,0.0,Phase I: Functionalization,Cytochrome P450s (CYP450),CYP Monooxygenases,No
,GFS75110.1,,ko:K07427,,,,"ko00000,ko00199",244447.XP_008316037.1,24.8,3.29e-28,121.0,0.0,0.0,0.0,0.0,cytochrome P450 4c3 [Nephila pilipes],,"38CHP@33154,3B9GY@33208,3CSG8@33213,487KR@7711,49547@7742,49UUX@7898,COG2124@1,KOG0157@2759",p450,0.0,0.0,Phase I: Functionalization,Cytochrome P450s (CYP450),CYP Monooxygenases,No
,GFS75173.1,CYP4CA1,,,,,,7425.NV13372-PA,35.1,1.38e-07,55.1,0.0,0.0,0.0,0.0,"cytochrome P450 4V2, partial [Nephila pilipes]",,"38CHP@33154,3B9GY@33208,3CSG8@33213,3SHJ4@50557,41U3I@6656,46E58@7399,COG2124@1,KOG0157@2759",p450,0.0,0.0,Phase I: Functionalization,Cytochrome P450s (CYP450),CYP Monooxygenases,No
,GFS75661.1,107363314,ko:K15001,,,,"ko01000,ko00000,ko00199",32264.tetur09g03800.1,30.0,1.81e-36,144.0,0.0,0.0,0.0,0.0,cytochrome P450 4V2 [Nephila pilipes],,"38CHP@33154,3B9GY@33208,3CSG8@33213,41U3I@6656,COG2124@1,KOG0157@2759",p450,0.0,0.0,Phase I: Functionalization,Cytochrome P450s (CYP450),CYP Monooxygenases,No
,GFS75664.1,CYP4C60,ko:K15001,,,,"ko01000,ko00000,ko00199",7425.NV14753-PA,51.7,9.43e-32,125.0,0.0,0.0,0.0,0.0,cytochrome P450 4c3 [Nephila pilipes],,"38CHP@33154,3B9GY@33208,3CSG8@33213,3SGAE@50557,41U3I@6656,COG2124@1,KOG0157@2759",p450,0.0,0.0,Phase I: Functionalization,Cytochrome P450s (CYP450),CYP Monooxygenases,No
,GFS75838.1,,,,,,,126957.SMAR004089-PA,26.9,1.6499999999999998e-52,195.0,0.0,0.0,0.0,0.0,"MFS_1_like domain-containing protein, partial [Nephila pilipes]",,"38DZC@33154,3BAPN@33208,3D1IT@33213,41USG@6656,KOG3762@1,KOG3762@2759",MFS_1_like,0.0,0.0,Phase III: Efflux & Transport,MFS Xenobiotic Transporters,Solute Carrier Efflux,No
,GFS77661.1,LOC661910,ko:K00699,"map01110,ko00830,map00040,ko00053,map00983,map00140,ko00140,ko00860,map00860,map00980,map01100,map05204,ko00980,map00982,ko00982,ko00983,map00053,ko00040,ko01100,ko01110,map00830,ko05204","M00014,M00129",2.4.1.17,"ko01003,ko01000,ko00001,ko00000,ko00002",7070.TC004274-PA,40.0,4.02e-21,101.0,0.0,0.0,0.0,0.0,PH domain-containing protein [Nephila pilipes],,"38B62@33154,3BDT1@33208,3CY8Z@33213,KOG1192@1,KOG1192@2759","PH,UDPGT",0.0,0.0,Phase II: Conjugation,UDP-Glucuronosyltransferases (UGT),Glucuronidation,No
,GFS77667.1,,ko:K04498,"map04110,map05166,map05164,ko05164,map05211,map05161,map04350,map05168,map05169,map05165,ko04066,map04330,ko04068,map05167,map04310,ko05165,ko05200,ko04630,map04919,ko04024,map05215,map04922,map05016,ko05215,ko04520,map04720,map05152,ko04919,map05203,ko05016,ko05152,ko04916,ko05211,map04068,ko04110,map05206,map04066,map04024,ko04310,ko05169,ko05168,ko04922,ko04350,ko05167,ko05166,ko05161,map04630,map05200,ko05206,ko04330,ko04720,map04520,map04916,ko05203",,2.3.1.48,"ko03036,ko03029,ko01000,ko03000,ko00001,ko00000",7070.TC008222-PA,67.6,8.82e-27,114.0,0.0,0.0,0.0,0.0,histone acetyltransferase p300 [Nephila pilipes],,"38G23@33154,3BAGN@33208,3CRQD@33213,3SH4X@50557,41WB6@6656,COG5076@1,KOG1778@2759","Bromodomain,Creb_binding,DUF902,HAT_KAT11,KIX,ZZ,zf-TAZ",0.0,0.0,Phase II: Conjugation,N-Acetyltransferases (NAT),Acetylation,No
,GFS77794.1,,,,,,,126957.SMAR012322-PA,47.6,9.55e-130,395.0,0.0,0.0,0.0,0.0,cytochrome P450 4C1 [Nephila pilipes],,"38CHP@33154,3B9GY@33208,3CSG8@33213,41U3I@6656,COG2124@1,KOG0157@2759",p450,0.0,0.0,Phase I: Functionalization,Cytochrome P450s (CYP450),CYP Monooxygenases,No
,GFS78355.1,,,,,,,6500.XP_005090146.1,39.2,7.08e-39,144.0,0.0,0.0,0.0,0.0,"acid sphingomyelinase-like phosphodiesterase 3a, partial [Nephila pilipes]",,"38E4G@33154,3BEWN@33208,3CV2I@33213,KOG3770@1,KOG3770@2759",Metallophos,0.0,0.0,Phase I: Functionalization,Carboxylesterases (COE),Esterases & Hydrolases,No
,GFS78517.1,,ko:K01049,"map00564,ko00564,map04725,ko04725",,3.1.1.7,"ko01000,ko00001,ko00537,ko00000",6669.EFX86815,40.0,6.34e-94,305.0,0.0,0.0,0.0,0.0,acetylcholinesterase-1 [Nephila pilipes],,"38BW2@33154,3B9C3@33208,3CRAS@33213,41UNM@6656,COG2272@1,KOG4389@2759",COesterase,0.0,0.0,Phase I: Functionalization,Carboxylesterases (COE),Esterases & Hydrolases,No
,GFS78539.1,,,,,,,38654.XP_006015962.1,58.8,1.64e-19,89.4,0.0,0.0,0.0,0.0,cytochrome P450 4c3 [Nephila pilipes],,"38CHP@33154,3B9GY@33208,3CSG8@33213,487KR@7711,49547@7742,COG2124@1,KOG0157@2759",p450,0.0,0.0,Phase I: Functionalization,Cytochrome P450s (CYP450),CYP Monooxygenases,No
,GFS78902.1,OP10G_0529,,,,,,661478.OP10G_0529,23.8,6.32e-14,80.5,0.0,0.0,0.0,0.0,n-acetyltransferase domain-containing protein [Nephila pilipes],,"COG0454@1,COG0454@2",Acetyltransf_1,0.0,0.0,Phase II: Conjugation,N-Acetyltransferases (NAT),Acetylation,No
,GFS79741.1,OTUB1,,,,,,185453.XP_006861060.1,66.0,2.47e-117,343.0,0.0,0.0,0.0,0.0,ubiquitin thioesterase OTUB1 [Nephila pilipes],,"34TB3@311790,38D99@33154,3B9SF@33208,3CWX8@33213,3J4HG@40674,488IM@7711,48ZKQ@7742,KOG3991@1,KOG3991@2759",Peptidase_C65,0.0,0.0,Phase I: Functionalization,Carboxylesterases (COE),Esterases & Hydrolases,No
,GFS80017.1,,,,,,,126957.SMAR008771-PA,46.0,1.84e-30,118.0,0.0,0.0,0.0,0.0,"cytochrome P450 4c3, partial [Nephila pilipes]",,"38CHP@33154,3B9GY@33208,COG2124@1,KOG0157@2759",p450,0.0,0.0,Phase I: Functionalization,Cytochrome P450s (CYP450),CYP Monooxygenases,No
,GFS80030.1,105619333,,,,,,12957.ACEP25082-PA,39.9,7.800000000000001e-38,137.0,0.0,0.0,0.0,0.0,"UNC93-like protein, partial [Nephila pilipes]",,"39NH3@33154,3BCBB@33208,3CYBR@33213,3SG3N@50557,41VW6@6656,46F33@7399,KOG3097@1,KOG3097@2759",MFS_1,0.0,0.0,Phase III: Efflux & Transport,MFS Xenobiotic Transporters,Solute Carrier Efflux,No
,GFS80106.1,,ko:K07427,,,,"ko00000,ko00199",181119.XP_005517737.1,37.3,8.85e-22,102.0,0.0,0.0,0.0,0.0,cytochrome P450 4V2 [Nephila pilipes],,"38CHP@33154,3B9GY@33208,3CSG8@33213,487KR@7711,49547@7742,4GHA2@8782,COG2124@1,KOG0157@2759",p450,0.0,0.0,Phase I: Functionalization,Cytochrome P450s (CYP450),CYP Monooxygenases,No
,GFS80134.1,,ko:K08229,,,,"ko02000,ko00000",32264.tetur03g06220.1,38.2,7.12e-125,385.0,0.0,0.0,0.0,0.0,solute carrier family 43 member 3 [Nephila pilipes],,"28M7G@1,2RUIA@2759,396I8@33154,3CAWT@33208,3DS4X@33213,423Q8@6656",MFS_1,0.0,0.0,Phase III: Efflux & Transport,MFS Xenobiotic Transporters,Solute Carrier Efflux,No
,GFS80152.1,,,,,,,7213.XP_004523930.1,39.9,1.18e-50,184.0,0.0,0.0,0.0,0.0,vesicular glutamate transporter 1 [Nephila pilipes],,"38CXA@33154,3BBSD@33208,3CR7D@33213,3SKJN@50557,41THY@6656,4512W@7147,KOG2532@1,KOG2532@2759",MFS_1,0.0,0.0,Phase III: Efflux & Transport,MFS Xenobiotic Transporters,Solute Carrier Efflux,No
,GFS80690.1,,,,,,,126957.SMAR008670-PA,71.1,6.55e-75,239.0,0.0,0.0,0.0,0.0,ER membrane protein complex subunit 4 [Nephila pilipes],,"3A6CP@33154,3BHEG@33208,3D3W5@33213,41Z5C@6656,COG0625@1,KOG0867@2759,KOG3318@1,KOG3318@2759","DUF1077,GST_C,GST_N_3",0.0,0.0,Phase II: Conjugation,Glutathione S-Transferases (GST),Glutathione Conjugation,No
,GFS80960.1,,,,,,,10224.XP_002731619.1,47.9,1.28e-57,199.0,0.0,0.0,0.0,0.0,cytochrome P450 9e2 [Nephila pilipes],,"38BTY@33154,3BF8S@33208,3CV2F@33213,COG2124@1,KOG0158@2759",p450,0.0,0.0,Phase I: Functionalization,Cytochrome P450s (CYP450),CYP Monooxygenases,No
,GFS81051.1,,,,,,,51511.ENSCSAVP00000014219,37.6,4.07e-18,87.8,0.0,0.0,0.0,0.0,"cytochrome P450 2B12, partial [Nephila pilipes]",,"38BSU@33154,3BC78@33208,3CRSA@33213,483DV@7711,COG2124@1,KOG0156@2759",p450,0.0,0.0,Phase I: Functionalization,Cytochrome P450s (CYP450),CYP Monooxygenases,No
,GFS81382.1,,,,,,,32264.tetur12g03330.1,48.5,3.62e-57,195.0,0.0,0.0,0.0,0.0,MFS-type transporter SLC18B1 [Nephila pilipes],,"38H1N@33154,3BACG@33208,3CWZQ@33213,41TGC@6656,KOG3764@1,KOG3764@2759",MFS_1,0.0,0.0,Phase III: Efflux & Transport,MFS Xenobiotic Transporters,Solute Carrier Efflux,No
,GFS81384.1,105617773,,,,,,12957.ACEP17414-PA,54.5,2.61e-46,164.0,0.0,0.0,0.0,0.0,MFS-type transporter SLC18B1 [Nephila pilipes],,"38H1N@33154,3BACG@33208,3CWZQ@33213,3SHDA@50557,41TGC@6656,KOG3764@1,KOG3764@2759",MFS_1,0.0,0.0,Phase III: Efflux & Transport,MFS Xenobiotic Transporters,Solute Carrier Efflux,No
,GFS81423.1,,,,,,,13249.RPRC000788-PA,38.7,1.06e-28,126.0,0.0,0.0,0.0,0.0,cytochrome P450 9e2 [Nephila pilipes],,"38BTY@33154,3BF8S@33208,3CV2F@33213,3EC8F@33342,3SJJ9@50557,41Z59@6656,COG2124@1,KOG0158@2759",p450,0.0,0.0,Phase I: Functionalization,Cytochrome P450s (CYP450),CYP Monooxygenases,No
,GFS82876.1,,,,,,,126957.SMAR014358-PA,61.5,1.75e-145,444.0,0.0,0.0,0.0,0.0,"cGMP-inhibited 3',5'-cyclic phosphodiesterase B [Nephila pilipes]",,"2QSV8@2759,38C43@33154,3BDAW@33208,3CUCX@33213,41V2V@6656,KOG1229@1",PDEase_I,0.0,0.0,Phase I: Functionalization,Carboxylesterases (COE),Esterases & Hydrolases,No
,GFS82881.1,,,,,,,29078.XP_008150132.1,67.5,1.94e-32,121.0,0.0,0.0,0.0,0.0,"cytochrome P450 4V2, partial [Nephila pilipes]",,"38CHP@33154,3B9GY@33208,3CSG8@33213,3JE48@40674,487KR@7711,49547@7742,4KWV0@9397,COG2124@1,KOG0157@2759",p450,0.0,0.0,Phase I: Functionalization,Cytochrome P450s (CYP450),CYP Monooxygenases,No
,GFS82887.1,,,,,,,126957.SMAR014358-PA,52.4,1.31e-42,166.0,0.0,0.0,0.0,0.0,"cGMP-inhibited 3',5'-cyclic phosphodiesterase A [Nephila pilipes]",,"2QSV8@2759,38C43@33154,3BDAW@33208,3CUCX@33213,41V2V@6656,KOG1229@1",PDEase_I,0.0,0.0,Phase I: Functionalization,Carboxylesterases (COE),Esterases & Hydrolases,No
,GFS82973.1,GL23362,ko:K08202,"ko05231,map05231",,,"ko02000,ko00001,ko00000",7234.FBpp0187469,41.7,4.860000000000001e-47,170.0,0.0,0.0,0.0,0.0,"organic cation transporter protein, partial [Nephila pilipes]",,"38FJ1@33154,3B9N9@33208,3CT4W@33213,3SJ4H@50557,41WFS@6656,44YKN@7147,45V80@7214,KOG0255@1,KOG0255@2759",MFS_1,0.0,0.0,Phase III: Efflux & Transport,MFS Xenobiotic Transporters,Solute Carrier Efflux,No
,GFS83238.1,,,,,,,126957.SMAR015584-PA,46.2,4.22e-62,204.0,0.0,0.0,0.0,0.0,cytochrome P450 3A24 [Nephila pilipes],,"38BTY@33154,3BF8S@33208,3CV2F@33213,COG2124@1,KOG0158@2759",p450,0.0,0.0,Phase I: Functionalization,Cytochrome P450s (CYP450),CYP Monooxygenases,No
,GFS83241.1,,,,,,,126957.SMAR008263-PA,41.9,1.05e-17,83.6,0.0,0.0,0.0,0.0,cytochrome P450 3A11 [Nephila pilipes],,"38BTY@33154,3BF8S@33208,COG2124@1,KOG0158@2759",p450,0.0,0.0,Phase I: Functionalization,Cytochrome P450s (CYP450),CYP Monooxygenases,No
,GFS83645.1,LOC657121,ko:K00784,"ko03013,map03013",,3.1.26.11,"ko01000,ko00001,ko03016,ko00000",7070.TC006728-PA,33.6,2.35e-130,412.0,0.0,0.0,0.0,0.0,zinc phosphodiesterase ELAC protein 2 [Nephila pilipes],,"38D9A@33154,3BA6A@33208,3CSCA@33213,3SI7P@50557,41W7R@6656,COG1234@1,KOG2121@2759","Lactamase_B_2,Lactamase_B_4",0.0,0.0,Phase I: Functionalization,Carboxylesterases (COE),Esterases & Hydrolases,No
,GFS83658.1,,,,,,,126957.SMAR014358-PA,44.2,2.47e-149,470.0,0.0,0.0,0.0,0.0,"cGMP-inhibited 3',5'-cyclic phosphodiesterase A [Nephila pilipes]",,"2QSV8@2759,38C43@33154,3BDAW@33208,3CUCX@33213,41V2V@6656,KOG1229@1",PDEase_I,0.0,0.0,Phase I: Functionalization,Carboxylesterases (COE),Esterases & Hydrolases,No
,GFS83791.1,,,,,,,126957.SMAR012999-PA,27.4,0.000393,48.9,0.0,0.0,0.0,0.0,ATP-binding cassette sub-family A member 3 [Nephila pilipes],,"38BPG@33154,3BBB4@33208,3CSBI@33213,41WWW@6656,COG1131@1,KOG0059@2759","ABC2_membrane_3,ABC_tran",0.0,0.0,Phase III: Efflux & Transport,ABC Transporters (ABCA/B/C/G),ATP-Dependent Efflux,No
,GFS83796.1,abca3,ko:K05643,"ko02010,map02010",,,"ko02000,ko00001,ko00000",8083.ENSXMAP00000004820,35.7,4.33e-281,858.0,0.0,0.0,0.0,0.0,ATP-binding cassette sub-family A member 3 [Nephila pilipes],,"38BPG@33154,3BBB4@33208,3CSBI@33213,48247@7711,4907A@7742,49Y5W@7898,COG1131@1,KOG0059@2759","ABC2_membrane_3,ABC_tran",0.0,0.0,Phase III: Efflux & Transport,ABC Transporters (ABCA/B/C/G),ATP-Dependent Efflux,No
,GFS83852.1,,,,,,,10228.TriadP61619,31.7,5.02e-10,63.2,0.0,0.0,0.0,0.0,acetyltransf_18 domain-containing protein [Nephila pilipes],,"2S9B9@2759,3AC4G@33154,3BVTK@33208,COG0454@1",Acetyltransf_1,0.0,0.0,Phase II: Conjugation,N-Acetyltransferases (NAT),Acetylation,No
,GFS83974.1,107359661,,,,,,32264.tetur04g06300.1,31.2,3.14e-69,244.0,0.0,0.0,0.0,0.0,major facilitator superfamily domain-containing protein 6 [Nephila pilipes],,"38Z6F@33154,3BN7F@33208,3CRAU@33213,41V5E@6656,KOG3762@1,KOG3762@2759",MFS_1_like,0.0,0.0,Phase III: Efflux & Transport,MFS Xenobiotic Transporters,Solute Carrier Efflux,No
,GFS84157.1,,ko:K08206,,,,"ko02000,ko00000",10029.XP_007635803.1,46.2,0.000975,43.1,0.0,0.0,0.0,0.0,"organic cation transporter protein, partial [Nephila pilipes]",,"35KDG@314146,38HTA@33154,3BN5E@33208,3CXWB@33213,3J555@40674,484Y5@7711,49952@7742,4PXS8@9989,KOG0255@1,KOG0255@2759",MFS_1,0.0,0.0,Phase III: Efflux & Transport,MFS Xenobiotic Transporters,Solute Carrier Efflux,No
,GFS84183.1,GI13718,,,,,,7230.FBpp0162935,29.2,3.69e-59,214.0,0.0,0.0,0.0,0.0,major facilitator superfamily domain-containing protein 6 [Nephila pilipes],,"38Z6F@33154,3BM99@33208,3E4NI@33213,3SZXB@50557,42AFX@6656,44WRE@7147,45PWF@7214,KOG3762@1,KOG3762@2759",MFS_1_like,0.0,0.0,Phase III: Efflux & Transport,MFS Xenobiotic Transporters,Solute Carrier Efflux,No
,GFS84373.1,ABCC1,,,,,,128390.XP_009466144.1,72.2,1.35e-16,83.2,0.0,0.0,0.0,0.0,"multidrug resistance-associated protein 1, partial [Nephila pilipes]",,"38CH6@33154,3BA19@33208,3CSDY@33213,47Z73@7711,48ZCK@7742,4GU0H@8782,COG1132@1,KOG0054@2759","ABC_membrane,ABC_tran",0.0,0.0,Phase III: Efflux & Transport,ABC Transporters (ABCA/B/C/G),ATP-Dependent Efflux,No
,GFS84426.1,L798_15147,ko:K06258,"ko04512,map04512",,,"ko02000,ko00001,ko00000",136037.KDR10619,42.0,4.81e-168,502.0,0.0,0.0,0.0,0.0,synaptic vesicle glycoprotein 2C [Nephila pilipes],,"38BDZ@33154,3B9V0@33208,3CVDU@33213,3SJZ8@50557,41XX9@6656,KOG0255@1,KOG0255@2759","MFS_1,Pentapeptide_4",0.0,0.0,Phase III: Efflux & Transport,MFS Xenobiotic Transporters,Solute Carrier Efflux,No
,GFS84456.1,6051441,ko:K14999,,,,"ko01000,ko00000,ko00199",7176.CPIJ017462-PA,51.0,5.33e-29,115.0,0.0,0.0,0.0,0.0,"cytochrome P450 6B2, partial [Nephila pilipes]",,"38BTY@33154,3BF8S@33208,3CV2F@33213,3SGMH@50557,41VYX@6656,44XUS@7147,45JUQ@7148,COG2124@1,KOG0158@2759",p450,0.0,0.0,Phase I: Functionalization,Cytochrome P450s (CYP450),CYP Monooxygenases,No
,GFS84574.1,,,,,,,126957.SMAR002531-PA,50.4,5.12e-69,236.0,0.0,0.0,0.0,0.0,"n-alpha-acetyltransferase 15, NatA auxiliary subunit [Nephila pilipes]",,"38EST@33154,3B9UM@33208,3CWE0@33213,41V49@6656,KOG1156@1,KOG1156@2759","NARP1,TPR_8",0.0,0.0,Phase II: Conjugation,N-Acetyltransferases (NAT),Acetylation,No
,GFS84578.1,L798_06447,ko:K20792,,,,"ko03036,ko00000",136037.KDR18769,73.3,0.0,895.0,0.0,0.0,0.0,0.0,"n-alpha-acetyltransferase 15, NatA auxiliary subunit [Nephila pilipes]",,"38EST@33154,3B9UM@33208,3CWE0@33213,3SHQC@50557,41V49@6656,KOG1156@1,KOG1156@2759","NARP1,TPR_8",0.0,0.0,Phase II: Conjugation,N-Acetyltransferases (NAT),Acetylation,No
,GFS84865.1,107365376,ko:K15001,,,,"ko01000,ko00000,ko00199",32264.tetur01g00650.1,44.9,2.51e-101,317.0,0.0,0.0,0.0,0.0,"cytochrome P450 4V2, partial [Nephila pilipes]",,"38CHP@33154,3B9GY@33208,3CSG8@33213,429YF@6656,COG2124@1,KOG0157@2759",p450,0.0,0.0,Phase I: Functionalization,Cytochrome P450s (CYP450),CYP Monooxygenases,No
,GFS85149.1,AChE-1,ko:K01049,"map00564,ko00564,map04725,ko04725",,3.1.1.7,"ko01000,ko00001,ko00537,ko00000",7070.TC014402-PA,65.1,4.25e-250,706.0,0.0,0.0,0.0,0.0,acetylcholinesterase [Nephila pilipes],,"38BW2@33154,3B9C3@33208,3CRAS@33213,3SIFH@50557,41VH9@6656,COG2272@1,KOG4389@2759",COesterase,0.0,0.0,Phase I: Functionalization,Carboxylesterases (COE),Esterases & Hydrolases,No
,GFS85256.1,LOC727307,,,,,,7460.GB49197-PA,67.7,5.3999999999999997e-101,301.0,0.0,0.0,0.0,0.0,multidrug resistance-associated protein 1 [Nephila pilipes],,"38CH6@33154,3BA19@33208,3CSDY@33213,3SK80@50557,41W0W@6656,46E9M@7399,COG1132@1,KOG0054@2759",ABC_tran,0.0,0.0,Phase III: Efflux & Transport,ABC Transporters (ABCA/B/C/G),ATP-Dependent Efflux,No
,GFS85283.1,CYP6AS31,ko:K14999,,,,"ko01000,ko00000,ko00199",7425.NV17463-PA,59.2,3.39e-18,84.3,0.0,0.0,0.0,0.0,"cytochrome P450 3A21, partial [Nephila pilipes]",,"38BTY@33154,3BF8S@33208,3CV2F@33213,3SQ7E@50557,42264@6656,46JRF@7399,COG2124@1,KOG0158@2759",p450,0.0,0.0,Phase I: Functionalization,Cytochrome P450s (CYP450),CYP Monooxygenases,No
,GFS85350.1,L798_09966,ko:K05676,"ko02010,map04146,ko04146,map02010",,,"ko02000,ko00001,ko00000",136037.KDR16020,56.2,6.84e-297,840.0,0.0,0.0,0.0,0.0,ATP-binding cassette sub-family D member 1 [Nephila pilipes],,"38B9E@33154,3BFDE@33208,3CWQW@33213,3SFZH@50557,41TUF@6656,COG4178@1,KOG0064@2759","ABC_membrane_2,ABC_tran",0.0,0.0,Phase III: Efflux & Transport,ABC Transporters (ABCA/B/C/G),ATP-Dependent Efflux,No
,GFS85377.1,,,,,,,13249.RPRC000788-PA,58.9,2.06e-16,79.7,0.0,0.0,0.0,0.0,cytochrome P450 3A8 [Nephila pilipes],,"38BTY@33154,3BF8S@33208,3CV2F@33213,3EC8F@33342,3SJJ9@50557,41Z59@6656,COG2124@1,KOG0158@2759",p450,0.0,0.0,Phase I: Functionalization,Cytochrome P450s (CYP450),CYP Monooxygenases,No
,GFS86373.1,,,,,,,10224.XP_002730610.1,36.0,5.98e-99,316.0,0.0,0.0,0.0,0.0,cytochrome P450 3A8 [Nephila pilipes],,"38BTY@33154,3BF8S@33208,3CV2F@33213,COG2124@1,KOG0158@2759",p450,0.0,0.0,Phase I: Functionalization,Cytochrome P450s (CYP450),CYP Monooxygenases,No
,GFS86374.1,,,,,,,10224.XP_006824666.1,35.7,3.66e-97,311.0,0.0,0.0,0.0,0.0,cytochrome P450 3A21 [Nephila pilipes],,"38BTY@33154,3BF8S@33208,3CV2F@33213,COG2124@1,KOG0158@2759",p450,0.0,0.0,Phase I: Functionalization,Cytochrome P450s (CYP450),CYP Monooxygenases,No
,GFS86375.1,,,,,,,126957.SMAR002727-PA,36.8,3.58e-12,70.5,0.0,0.0,0.0,0.0,lithocholate 6-beta-hydroxylase [Nephila pilipes],,"38BTY@33154,3BF8S@33208,3CV2F@33213,41TTZ@6656,COG2124@1,KOG0158@2759",p450,0.0,0.0,Phase I: Functionalization,Cytochrome P450s (CYP450),CYP Monooxygenases,No
,GFS86450.1,L798_13834,ko:K15001,,,,"ko01000,ko00000,ko00199",136037.KDR12227,40.7,6.570000000000001e-88,280.0,0.0,0.0,0.0,0.0,cytochrome P450 4C1 [Nephila pilipes],,"38CHP@33154,3B9GY@33208,3CSG8@33213,3SGAE@50557,41U3I@6656,COG2124@1,KOG0157@2759",p450,0.0,0.0,Phase I: Functionalization,Cytochrome P450s (CYP450),CYP Monooxygenases,No
,GFS86826.1,,,,,,,7739.XP_002587334.1,34.7,6.08e-83,272.0,0.0,0.0,0.0,0.0,cytochrome P450 2C28 [Nephila pilipes],,"38BSU@33154,3BC78@33208,3CRSA@33213,483DV@7711,COG2124@1,KOG0156@2759",p450,0.0,0.0,Phase I: Functionalization,Cytochrome P450s (CYP450),CYP Monooxygenases,No
,GFS86830.1,,,,,,,10224.XP_002738775.1,28.8,2.08e-55,201.0,0.0,0.0,0.0,0.0,cytochrome P450 18a1 [Nephila pilipes],,"38BSU@33154,3BC78@33208,3CRSA@33213,COG2124@1,KOG0156@2759",p450,0.0,0.0,Phase I: Functionalization,Cytochrome P450s (CYP450),CYP Monooxygenases,No
,GFS86832.1,CYP2B6,,,,,,9668.ENSMPUP00000017545,29.8,3.71e-50,185.0,0.0,0.0,0.0,0.0,cytochrome P450 2B11 [Nephila pilipes],,"38BSU@33154,3BC78@33208,3CRSA@33213,3ERHU@33554,3JFRN@40674,482KT@7711,48WKH@7742,COG2124@1,KOG0156@2759",p450,0.0,0.0,Phase I: Functionalization,Cytochrome P450s (CYP450),CYP Monooxygenases,No
,GFS86838.1,,ko:K07418,"map01100,ko01100,map04750,map00590,map00591,ko00591,ko00590,ko04750,ko04913,map04726,map04212,ko04212,map04913,ko04726",,1.14.14.1,"ko01000,ko00001,ko00000,ko00199",10224.XP_002731713.1,28.6,1.6e-52,192.0,0.0,0.0,0.0,0.0,cytochrome P450 2A9 [Nephila pilipes],,"38BSU@33154,3BC78@33208,3CRSA@33213,COG2124@1,KOG0156@2759",p450,0.0,0.0,Phase I: Functionalization,Cytochrome P450s (CYP450),CYP Monooxygenases,No
,GFS86840.1,,ko:K07418,"map01100,ko01100,map04750,map00590,map00591,ko00591,ko00590,ko04750,ko04913,map04726,map04212,ko04212,map04913,ko04726",,1.14.14.1,"ko01000,ko00001,ko00000,ko00199",32264.tetur03g05110.1,30.1,4.8e-58,207.0,0.0,0.0,0.0,0.0,cytochrome P450 2B1 [Nephila pilipes],,"38BSU@33154,3BC78@33208,3CRSA@33213,41V2X@6656,COG2124@1,KOG0156@2759",p450,0.0,0.0,Phase I: Functionalization,Cytochrome P450s (CYP450),CYP Monooxygenases,No
,GFS86842.1,,ko:K07418,"map01100,ko01100,map04750,map00590,map00591,ko00591,ko00590,ko04750,ko04913,map04726,map04212,ko04212,map04913,ko04726",,1.14.14.1,"ko01000,ko00001,ko00000,ko00199",10224.XP_002731713.1,31.0,3.41e-65,226.0,0.0,0.0,0.0,0.0,cytochrome P450 2B11 [Nephila pilipes],,"38BSU@33154,3BC78@33208,3CRSA@33213,COG2124@1,KOG0156@2759",p450,0.0,0.0,Phase I: Functionalization,Cytochrome P450s (CYP450),CYP Monooxygenases,No
,GFS86844.1,,ko:K07418,"map01100,ko01100,map04750,map00590,map00591,ko00591,ko00590,ko04750,ko04913,map04726,map04212,ko04212,map04913,ko04726",,1.14.14.1,"ko01000,ko00001,ko00000,ko00199",10224.XP_002731713.1,28.4,2.09e-53,196.0,0.0,0.0,0.0,0.0,cytochrome P450 18a1 [Nephila pilipes],,"38BSU@33154,3BC78@33208,3CRSA@33213,COG2124@1,KOG0156@2759",p450,0.0,0.0,Phase I: Functionalization,Cytochrome P450s (CYP450),CYP Monooxygenases,No
,GFS86846.1,,ko:K14985,"ko00981,map00981",,,"ko01000,ko00001,ko00000,ko00199",132113.XP_003494528.1,30.1,3.8999999999999997e-53,195.0,0.0,0.0,0.0,0.0,cytochrome P450 18a1 [Nephila pilipes],,"38BSU@33154,3BC78@33208,3CRSA@33213,3SKAJ@50557,41V2X@6656,46KBD@7399,COG2124@1,KOG0156@2759",p450,0.0,0.0,Phase I: Functionalization,Cytochrome P450s (CYP450),CYP Monooxygenases,No
,GFS86924.1,8234117,,,,,,121225.PHUM409050-PA,53.4,2.5e-233,673.0,0.0,0.0,0.0,0.0,ABC transporter G family member 14 [Nephila pilipes],,"38CVQ@33154,3BGZU@33208,3CR5V@33213,3E81X@33342,3SGJX@50557,41XCZ@6656,COG1131@1,KOG0061@2759","ABC2_membrane,ABC_tran",0.0,0.0,Phase III: Efflux & Transport,ABC Transporters (ABCA/B/C/G),ATP-Dependent Efflux,No
,GFS87117.1,20210423,ko:K13783,,,,"ko02000,ko00000",6412.HelroP186070,35.5,1.73e-37,144.0,0.0,0.0,0.0,0.0,"glucose-6-phosphate exchanger SLC37A2, partial [Nephila pilipes]",,"38GSS@33154,3BHM6@33208,3CSKX@33213,COG0477@1,KOG2533@2759",MFS_1,0.0,0.0,Phase III: Efflux & Transport,MFS Xenobiotic Transporters,Solute Carrier Efflux,No
,GFS87493.1,ALDH8A1,,,,,,9031.ENSGALP00000022601,55.1,2.14e-193,554.0,0.0,0.0,0.0,0.0,2-aminomuconic semialdehyde dehydrogenase [Nephila pilipes],,"38CDB@33154,3BDDX@33208,3CT91@33213,47YVG@7711,490XE@7742,4GQIN@8782,COG1012@1,KOG2450@2759",Aldedh,0.0,0.0,Phase I: Functionalization,Aldehyde Dehydrogenases (ALDH),Aldehyde Oxidation,No
,GFS87499.1,107359285,ko:K07418,"map01100,ko01100,map04750,map00590,map00591,ko00591,ko00590,ko04750,ko04913,map04726,map04212,ko04212,map04913,ko04726",,1.14.14.1,"ko01000,ko00001,ko00000,ko00199",32264.tetur03g00020.1,40.0,9.01e-115,354.0,0.0,0.0,0.0,0.0,cytochrome P450 18a1 [Nephila pilipes],,"38BSU@33154,3BC78@33208,3CRSA@33213,41V2X@6656,COG2124@1,KOG0156@2759",p450,0.0,0.0,Phase I: Functionalization,Cytochrome P450s (CYP450),CYP Monooxygenases,No
,GFS87502.1,,,,,,,32264.tetur03g00010.1,40.1,1.26e-64,212.0,0.0,0.0,0.0,0.0,cytochrome P450 2U1 [Nephila pilipes],,"38BSU@33154,3BC78@33208,3CRSA@33213,41V2X@6656,COG2124@1,KOG0156@2759",p450,0.0,0.0,Phase I: Functionalization,Cytochrome P450s (CYP450),CYP Monooxygenases,No
,GFS87714.1,SVOPL,,,,,,8479.XP_008169369.1,43.8,1.68e-13,71.6,0.0,0.0,0.0,0.0,synaptic vesicle 2-related protein [Nephila pilipes],,"38BRT@33154,3BCKS@33208,3CUK1@33213,483S1@7711,49123@7742,4CGC7@8459,KOG0253@1,KOG0253@2759",MFS_1,0.0,0.0,Phase III: Efflux & Transport,MFS Xenobiotic Transporters,Solute Carrier Efflux,No
,GFS87835.1,,,,,,,69319.XP_008555008.1,61.3,9.44e-117,350.0,0.0,0.0,0.0,0.0,heparan sulfate glucosamine 3-O-sulfotransferase 3A1 [Nephila pilipes],,"38F53@33154,3BBC6@33208,3CSSA@33213,3SFYV@50557,41XI2@6656,46F54@7399,KOG3704@1,KOG3704@2759",Sulfotransfer_1,0.0,0.0,Phase II: Conjugation,Sulfotransferases (SULT),Sulfation,No
,GFS88121.1,,,,,,,126957.SMAR008711-PA,53.1,3.9999999999999995e-130,388.0,0.0,0.0,0.0,0.0,1-acylglycerol-3-phosphate O-acyltransferase ABHD5 [Nephila pilipes],,"38H8B@33154,3BEPZ@33208,3CWGZ@33213,41V22@6656,COG0596@1,KOG4409@2759",Abhydrolase_1,0.0,0.0,Phase I: Functionalization,Carboxylesterases (COE),Esterases & Hydrolases,No
,GFS88123.1,,,,,,,126957.SMAR008711-PA,53.1,1.94e-131,390.0,0.0,0.0,0.0,0.0,1-acylglycerol-3-phosphate O-acyltransferase ABHD5 [Nephila pilipes],,"38H8B@33154,3BEPZ@33208,3CWGZ@33213,41V22@6656,COG0596@1,KOG4409@2759",Abhydrolase_1,0.0,0.0,Phase I: Functionalization,Carboxylesterases (COE),Esterases & Hydrolases,No
,GFS88423.1,,ko:K19681,,,,"ko03036,ko00000",10224.XP_002730611.2,60.0,2.03e-181,520.0,0.0,0.0,0.0,0.0,intraflagellar transport protein 52 homolog [Nephila pilipes],,"38CN2@33154,3BF0V@33208,3CZGU@33213,KOG3861@1,KOG3861@2759",ABC_transp_aux,0.0,0.0,Phase III: Efflux & Transport,ABC Transporters (ABCA/B/C/G),ATP-Dependent Efflux,No
,GFS88905.1,,,,,,,13249.RPRC004933-PA,74.6,3.92e-227,633.0,0.0,0.0,0.0,0.0,"ascorbate transporter, chloroplastic [Nephila pilipes]",,"39VHY@33154,3BEVY@33208,3D0JU@33213,3E97M@33342,3SK6I@50557,41WS9@6656,KOG2532@1,KOG2532@2759",MFS_1,0.0,0.0,Phase III: Efflux & Transport,MFS Xenobiotic Transporters,Solute Carrier Efflux,No
,GFS89061.1,107368029,ko:K01049,"map00564,ko00564,map04725,ko04725",,3.1.1.7,"ko01000,ko00001,ko00537,ko00000",32264.tetur25g00710.1,36.5,2.4e-109,347.0,0.0,0.0,0.0,0.0,acetylcholinesterase-1 [Nephila pilipes],,"39MBH@33154,3CNZ2@33208,3E52U@33213,COG2272@1,KOG4389@2759",COesterase,0.0,0.0,Phase I: Functionalization,Carboxylesterases (COE),Esterases & Hydrolases,No
,GFS89447.1,L798_05368,ko:K08187,"map04919,ko04919,ko04974,map04974",,,"ko02000,ko00001,ko00000",136037.KDR23400,57.9,5.660000000000001e-157,460.0,0.0,0.0,0.0,0.0,monocarboxylate transporter 10 [Nephila pilipes],,"38CM9@33154,3BC6U@33208,3CRTK@33213,3SFZW@50557,41VWA@6656,KOG2504@1,KOG2504@2759",MFS_1,0.0,0.0,Phase III: Efflux & Transport,MFS Xenobiotic Transporters,Solute Carrier Efflux,No
,GFS89499.1,Thini_4315,,,,,,870187.Thini_4315,38.9,2.68e-13,72.0,0.0,0.0,0.0,0.0,"sulfotransferase 1C2A, partial [Nephila pilipes]",,"1MUCG@1224,1RR44@1236,COG4301@1,COG4301@2","Methyltransf_33,Sulfotransfer_1",0.0,0.0,Phase II: Conjugation,Sulfotransferases (SULT),Sulfation,No
,GFS89613.1,ABHD11,ko:K13703,,,,"ko01002,ko00000",72004.XP_005892910.1,26.7,1.2799999999999999e-28,119.0,0.0,0.0,0.0,0.0,probable alcohol acetyltransferase [Nephila pilipes],,"39UJH@33154,3BHQ0@33208,3CX97@33213,3JCH1@40674,4895K@7711,48YTE@7742,4IXG5@91561,COG0596@1,KOG2382@2759,KOG4178@2759",Abhydrolase_1,0.0,0.0,Phase I: Functionalization,Carboxylesterases (COE),Esterases & Hydrolases,No
,GFS89649.1,,,,,,,8010.XP_010867954.1,57.7,7.1500000000000004e-43,147.0,0.0,0.0,0.0,0.0,ATP-binding cassette sub-family A member 3 [Nephila pilipes],,"38BPG@33154,3BBB4@33208,3CSBI@33213,48247@7711,4907A@7742,49Y5W@7898,COG1131@1,KOG0059@2759",ABC_tran,0.0,0.0,Phase III: Efflux & Transport,ABC Transporters (ABCA/B/C/G),ATP-Dependent Efflux,No
,GFS90268.1,,,,,,,10224.XP_002742062.1,37.6,4.99e-38,154.0,0.0,0.0,0.0,0.0,n-acetyltransferase domain-containing protein [Nephila pilipes],,"28JDG@1,2QRSC@2759,39WIK@33154,3BK02@33208,3D4ZA@33213",Acetyltransf_10,0.0,0.0,Phase II: Conjugation,N-Acetyltransferases (NAT),Acetylation,No
,GFS90387.1,ACK69738.1,,,,,,65393.PCC7424_1291,38.5,6.710000000000001e-56,191.0,0.0,0.0,0.0,0.0,sulfotransferase 1C4 [Nephila pilipes],,"1G8T0@1117,31CAG@2,3KFWM@43988,KOG1584@1",Sulfotransfer_1,0.0,0.0,Phase II: Conjugation,Sulfotransferases (SULT),Sulfation,No
,GFS90548.1,MM_1935,,,,,,192952.MM_1935,39.1,5.45e-08,56.2,0.0,0.0,0.0,0.0,"n-acetyltransferase domain-containing protein, partial [Nephila pilipes]",,"2N9P8@224756,2XXI2@28890,COG0454@1,arCOG05161@2157",Acetyltransf_1,0.0,0.0,Phase II: Conjugation,N-Acetyltransferases (NAT),Acetylation,No
,GFS91143.1,,,,,,,126957.SMAR002783-PA,25.9,1.93e-45,178.0,0.0,0.0,0.0,0.0,MFS_1_like domain-containing protein [Nephila pilipes],,"38DZC@33154,3BAPN@33208,3D1IT@33213,41USG@6656,KOG3762@1,KOG3762@2759",MFS_1_like,0.0,0.0,Phase III: Efflux & Transport,MFS Xenobiotic Transporters,Solute Carrier Efflux,No
,GFS91145.1,6032955,,,,,,7176.CPIJ001797-PA,25.7,1.05e-36,150.0,0.0,0.0,0.0,0.0,MFS_1_like domain-containing protein [Nephila pilipes],,"38Z6F@33154,3BN7F@33208,3D5IX@33213,3SKJ5@50557,42A5R@6656,455WT@7147,45BKH@7148,KOG3762@1,KOG3762@2759",MFS_1_like,0.0,0.0,Phase III: Efflux & Transport,MFS Xenobiotic Transporters,Solute Carrier Efflux,No
,GFS91148.1,,,,,,,6669.EFX71860,26.0,3.05e-33,141.0,0.0,0.0,0.0,0.0,MFS_1_like domain-containing protein [Nephila pilipes],,"38Z6F@33154,3BN7F@33208,3D5IX@33213,41Y40@6656,KOG3762@1,KOG3762@2759",MFS_1_like,0.0,0.0,Phase III: Efflux & Transport,MFS Xenobiotic Transporters,Solute Carrier Efflux,No
,GFS91366.1,,,,,,,126957.SMAR011666-PA,67.0,0.0,1259.0,0.0,0.0,0.0,0.0,formin-like protein [Nephila pilipes],,"3AFUU@33154,3BAEJ@33208,3CTJD@33213,41WFD@6656,COG1012@1,COG1218@1,COG1804@1,COG4690@1,KOG0600@1,KOG0600@2759,KOG1923@1,KOG1923@2759,KOG2450@2759,KOG2826@2759,KOG3099@2759,KOG3957@2759","Aldedh,CoA_transf_3,Drf_FH3,Drf_GBD,FH2,Inositol_P,P34-Arc,Pkinase",0.0,0.0,Phase I: Functionalization,Aldehyde Dehydrogenases (ALDH),Aldehyde Oxidation,No
,GFS91620.1,L798_07602,ko:K05665,"ko02010,map05206,ko04977,ko01523,map02010,map04977,ko04071,map01523,map04071,ko05206",,,"ko02000,ko00001,ko00000",136037.KDR24195,39.3,2.51e-76,266.0,0.0,0.0,0.0,0.0,"canalicular multispecific organic anion transporter 2, partial [Nephila pilipes]",,"38CH6@33154,3BA19@33208,3CSDY@33213,3SK80@50557,41W0W@6656,COG1132@1,KOG0054@2759","ABC_membrane,ABC_tran",0.0,0.0,Phase III: Efflux & Transport,ABC Transporters (ABCA/B/C/G),ATP-Dependent Efflux,No
,GFS91831.1,,,,,,,126957.SMAR003524-PA,59.4,1.65e-121,361.0,0.0,0.0,0.0,0.0,failed axon connections [Nephila pilipes],,"39T6N@33154,3BGJ2@33208,3CXV0@33213,41UY4@6656,KOG4244@1,KOG4244@2759","GST_C_6,GST_N_4",0.0,0.0,Phase II: Conjugation,Glutathione S-Transferases (GST),Glutathione Conjugation,No
,GFS92298.1,,,,,,,7739.XP_002602128.1,58.0,2.57e-67,211.0,0.0,0.0,0.0,0.0,n-acetyltransferase aca1 [Nephila pilipes],,"2C0N0@1,2RR82@2759,38VHT@33154,3C4PV@33208,3DJZJ@33213",Acetyltransf_1,0.0,0.0,Phase II: Conjugation,N-Acetyltransferases (NAT),Acetylation,No
,GFS92416.1,,ko:K07427,,,,"ko00000,ko00199",181119.XP_005517737.1,36.4,8.229999999999999e-42,159.0,0.0,0.0,0.0,0.0,"cytochrome P450 4V2, partial [Nephila pilipes]",,"38CHP@33154,3B9GY@33208,3CSG8@33213,487KR@7711,49547@7742,4GHA2@8782,COG2124@1,KOG0157@2759",p450,0.0,0.0,Phase I: Functionalization,Cytochrome P450s (CYP450),CYP Monooxygenases,No
,GFS92921.1,LOC551263,,,,,,7460.GB41972-PA,23.8,1.23e-31,138.0,0.0,0.0,0.0,0.0,monocarboxylate transporter 12-B [Nephila pilipes],,"39RJK@33154,3BD4Y@33208,3D24G@33213,3SGYN@50557,41UFD@6656,46G0F@7399,KOG2504@1,KOG2504@2759",MFS_1,0.0,0.0,Phase III: Efflux & Transport,MFS Xenobiotic Transporters,Solute Carrier Efflux,No
,GFS92992.1,107363314,ko:K15001,,,,"ko01000,ko00000,ko00199",32264.tetur09g03800.1,53.5,1.38e-59,207.0,0.0,0.0,0.0,0.0,cytochrome P450 4V2 [Nephila pilipes],,"38CHP@33154,3B9GY@33208,3CSG8@33213,41U3I@6656,COG2124@1,KOG0157@2759",p450,0.0,0.0,Phase I: Functionalization,Cytochrome P450s (CYP450),CYP Monooxygenases,No
,GFS93275.1,GH11095,ko:K08193,,,,"ko02000,ko00000",7222.FBpp0145001,37.8,3.35e-15,81.3,0.0,0.0,0.0,0.0,sialin [Nephila pilipes],,"39XKC@33154,3BMP2@33208,3D5XJ@33213,3SIAX@50557,41YGC@6656,44WVX@7147,45WKV@7214,KOG2532@1,KOG2532@2759",MFS_1,0.0,0.0,Phase III: Efflux & Transport,MFS Xenobiotic Transporters,Solute Carrier Efflux,No
,GFS93572.1,,,,,,,6500.XP_005090146.1,39.2,7.08e-39,144.0,0.0,0.0,0.0,0.0,"acid sphingomyelinase-like phosphodiesterase 3a, partial [Nephila pilipes]",,"38E4G@33154,3BEWN@33208,3CV2I@33213,KOG3770@1,KOG3770@2759",Metallophos,0.0,0.0,Phase I: Functionalization,Carboxylesterases (COE),Esterases & Hydrolases,No
,GFS93939.1,,,,,,,6500.XP_005090146.1,36.0,7.519999999999999e-54,186.0,0.0,0.0,0.0,0.0,"acid sphingomyelinase-like phosphodiesterase 3a, partial [Nephila pilipes]",,"38E4G@33154,3BEWN@33208,3CV2I@33213,KOG3770@1,KOG3770@2759",Metallophos,0.0,0.0,Phase I: Functionalization,Carboxylesterases (COE),Esterases & Hydrolases,No
,GFS93944.1,,,,,,,126957.SMAR008806-PA,54.9,4.82e-28,116.0,0.0,0.0,0.0,0.0,"cytochrome P450 4V2, partial [Nephila pilipes]",,"38CHP@33154,3B9GY@33208,3DP8S@33213,42470@6656,COG2124@1,KOG0157@2759",p450,0.0,0.0,Phase I: Functionalization,Cytochrome P450s (CYP450),CYP Monooxygenases,No
,GFS94156.1,,,,,,,303518.XP_005734874.1,38.6,3.92e-105,337.0,0.0,0.0,0.0,0.0,cytochrome P450 3A24 [Nephila pilipes],,"38BTY@33154,3BF8S@33208,3CV2F@33213,47Z83@7711,48W40@7742,49VXM@7898,COG2124@1,KOG0158@2759",p450,0.0,0.0,Phase I: Functionalization,Cytochrome P450s (CYP450),CYP Monooxygenases,No
,GFS94428.1,,ko:K07427,,,,"ko00000,ko00199",244447.XP_008336093.1,54.8,2.55e-46,154.0,0.0,0.0,0.0,0.0,"cytochrome P450 4c3, partial [Nephila pilipes]",,"38CHP@33154,3B9GY@33208,3CSG8@33213,487KR@7711,49547@7742,49UUX@7898,COG2124@1,KOG0157@2759",p450,0.0,0.0,Phase I: Functionalization,Cytochrome P450s (CYP450),CYP Monooxygenases,No
,GFS94625.1,,,,,,,6669.EFX75566,49.7,2.31e-173,513.0,0.0,0.0,0.0,0.0,monocarboxylate transporter 14 [Nephila pilipes],,"38D7W@33154,3BAF9@33208,3D0PE@33213,41VZG@6656,KOG2504@1,KOG2504@2759",MFS_1,0.0,0.0,Phase III: Efflux & Transport,MFS Xenobiotic Transporters,Solute Carrier Efflux,No
,GFS94678.1,aasdhppt,ko:K06133,"map00770,ko00770",,,"ko01000,ko00001,ko00000",8081.XP_008423735.1,42.0,1.65e-74,236.0,0.0,0.0,0.0,0.0,l-aminoadipate-semialdehyde dehydrogenase-phosphopantetheinyl transferase [Nephila pilipes],,"39R6M@33154,3BIEE@33208,3CWER@33213,482C8@7711,495DW@7742,49WNC@7898,COG2091@1,KOG0945@2759",ACPS,0.0,0.0,Phase I: Functionalization,Aldehyde Dehydrogenases (ALDH),Aldehyde Oxidation,No
,GFS94983.1,,,,,,,126957.SMAR014358-PA,56.8,6.87e-20,89.4,0.0,0.0,0.0,0.0,"phosphodiesterase, partial [Nephila pilipes]",,"2QSV8@2759,38C43@33154,3BDAW@33208,3CUCX@33213,41V2V@6656,KOG1229@1",PDEase_I,0.0,0.0,Phase I: Functionalization,Carboxylesterases (COE),Esterases & Hydrolases,No
,GFS95588.1,,,,,,,126957.SMAR009213-PA,53.7,4.84e-158,468.0,0.0,0.0,0.0,0.0,protein spinster homolog 1 [Nephila pilipes],,"38BMQ@33154,3BBSQ@33208,3CTWB@33213,41UTD@6656,COG0477@1,KOG1330@2759",MFS_1,0.0,0.0,Phase III: Efflux & Transport,MFS Xenobiotic Transporters,Solute Carrier Efflux,No
,GFS95659.1,ALDH9A1,ko:K00149,"map00310,map01110,ko00561,map00330,ko01130,ko00053,ko00010,map00410,map01120,ko01110,ko00310,ko00071,ko00330,map01100,map00561,ko00410,map00340,map00053,map00010,ko01120,map00071,ko00340,map00380,map00280,ko01100,map00620,ko00280,map01130,ko00380,ko00620",M00135,"1.2.1.47,1.2.1.3","ko01000,ko00001,ko00000,ko00002",176946.XP_007438920.1,55.3,6.53e-189,545.0,0.0,0.0,0.0,0.0,4-trimethylaminobutyraldehyde dehydrogenase A [Nephila pilipes],,"38CDB@33154,3BDJE@33208,3CUWK@33213,481KK@7711,495F5@7742,COG1012@1,KOG2450@2759",Aldedh,0.0,0.0,Phase I: Functionalization,Aldehyde Dehydrogenases (ALDH),Aldehyde Oxidation,No
,GFS95723.1,,ko:K05658,"ko02010,map05206,ko05226,ko04976,map02010,map04976,ko05206,map05226",,3.6.3.44,"ko02000,ko04147,ko01000,ko00001,ko00000,ko04090",6669.EFX85237,45.6,0.0,1043.0,0.0,0.0,0.0,0.0,ATP-dependent translocase ABCB1 [Nephila pilipes],,"38E88@33154,3B958@33208,3CVKH@33213,41WNN@6656,COG1132@1,KOG0055@2759","ABC_membrane,ABC_tran",0.0,0.0,Phase III: Efflux & Transport,ABC Transporters (ABCA/B/C/G),ATP-Dependent Efflux,No
,GFS95725.1,,ko:K05658,"ko02010,map05206,ko05226,ko04976,map02010,map04976,ko05206,map05226",,3.6.3.44,"ko02000,ko04147,ko01000,ko00001,ko00000,ko04090",6669.EFX85237,51.5,0.0,1249.0,0.0,0.0,0.0,0.0,ATP-dependent translocase ABCB1 [Nephila pilipes],,"38E88@33154,3B958@33208,3CVKH@33213,41WNN@6656,COG1132@1,KOG0055@2759","ABC_membrane,ABC_tran",0.0,0.0,Phase III: Efflux & Transport,ABC Transporters (ABCA/B/C/G),ATP-Dependent Efflux,No
,GFS95826.1,,ko:K05860,"map01100,ko04070,ko04919,ko04024,ko00562,map00562,map04015,map04014,ko01100,map05205,ko04020,map04024,map04919,ko04014,ko04015,map04020,ko04933,ko05205,map04070,map04933",M00130,3.1.4.11,"ko04131,ko01000,ko00001,ko00000,ko00002",6669.EFX63408,54.1,1.06e-13,73.2,0.0,0.0,0.0,0.0,"1-phosphatidylinositol 4,5-bisphosphate phosphodiesterase epsilon-1, partial [Nephila pilipes]",,"28KA0@1,2QSQT@2759,3A6HE@33154,3BTCM@33208,3D9EV@33213",RasGEF,0.0,0.0,Phase I: Functionalization,Carboxylesterases (COE),Esterases & Hydrolases,No
,GFS95928.1,,,,,,,7029.ACYPI005800-PA,25.6,1.82e-48,186.0,0.0,0.0,0.0,0.0,major facilitator superfamily domain-containing protein 6 [Nephila pilipes],,"39V1X@33154,3BM5A@33208,3D3C0@33213,3ED1Y@33342,3SGGJ@50557,41WA8@6656,KOG3762@1,KOG3762@2759",MFS_1_like,0.0,0.0,Phase III: Efflux & Transport,MFS Xenobiotic Transporters,Solute Carrier Efflux,No
,GFS96285.1,8232330,ko:K05309,"map00590,map01100,ko00590,ko01100",,5.3.99.3,"ko01000,ko00001,ko00000",121225.PHUM580720-PA,47.6,6.25e-120,361.0,0.0,0.0,0.0,0.0,prostaglandin E synthase 2 [Nephila pilipes],,"38GK8@33154,3BDPT@33208,3CWTB@33213,3E7IU@33342,3SH2R@50557,41WCY@6656,KOG3029@1,KOG3029@2759",GST_N_3,0.0,0.0,Phase II: Conjugation,Glutathione S-Transferases (GST),Glutathione Conjugation,No
,GFS97373.1,nat10,ko:K14521,"ko03008,map03008",,,"ko03009,ko01000,ko00001,ko00000",7955.ENSDARP00000070873,52.1,5.08e-304,873.0,0.0,0.0,0.0,0.0,RNA cytidine acetyltransferase [Nephila pilipes],,"38FQJ@33154,3B9XC@33208,3CUWZ@33213,484CZ@7711,493R5@7742,49XUA@7898,COG1444@1,KOG2036@2759","DUF1726,GNAT_acetyltr_2,Helicase_RecD,tRNA_bind_2",0.0,0.0,Phase II: Conjugation,N-Acetyltransferases (NAT),Acetylation,No
,GFS97415.1,picot,,,,,,7425.NV15041-PA,34.1,9.45e-59,208.0,0.0,0.0,0.0,0.0,putative inorganic phosphate cotransporter [Nephila pilipes],,"38CXA@33154,3BBSD@33208,3CR7D@33213,3SINN@50557,41THY@6656,46G37@7399,KOG2532@1,KOG2532@2759",MFS_1,0.0,0.0,Phase III: Efflux & Transport,MFS Xenobiotic Transporters,Solute Carrier Efflux,No
,GFS98345.1,107360148,,,,,,32264.tetur04g06380.1,45.4,2.8899999999999998e-182,540.0,0.0,0.0,0.0,0.0,venom carboxylesterase-6 [Nephila pilipes],,"38D2A@33154,3BDJX@33208,3CTBY@33213,41TV5@6656,COG2272@1,KOG1516@2759",COesterase,0.0,0.0,Phase I: Functionalization,Carboxylesterases (COE),Esterases & Hydrolases,No
,GFS98519.1,,ko:K11810,,,,"ko02000,ko00000",7739.XP_002593145.1,42.9,1.19e-11,72.0,0.0,0.0,0.0,0.0,MFS domain-containing protein [Nephila pilipes],,"396P2@33154,3BC29@33208,3D0NS@33213,KOG2504@1,KOG2504@2759",MFS_1,0.0,0.0,Phase III: Efflux & Transport,MFS Xenobiotic Transporters,Solute Carrier Efflux,No
,GFS99009.1,WD_1053,,,,,,163164.WD_1053,87.1,6.89e-93,275.0,0.0,0.0,0.0,0.0,ABC transporter substrate-binding protein [Nephila pilipes],,"COG2854@1,COG2854@2",MlaC,0.0,0.0,Phase III: Efflux & Transport,ABC Transporters (ABCA/B/C/G),ATP-Dependent Efflux,No
,GFS99256.1,20203127,ko:K01121,,,3.1.4.37,"ko01000,ko04147,ko00000",6412.HelroP170216,27.5,3.6800000000000004e-21,103.0,0.0,0.0,0.0,0.0,"2',3'-cyclic-nucleotide 3'-phosphodiesterase [Nephila pilipes]",,"KOG2401@1,KOG2401@2759","AAA_33,CNPase",0.0,0.0,Phase I: Functionalization,Carboxylesterases (COE),Esterases & Hydrolases,No
,GFS99707.1,,,,,,,7425.NV12030-PA,30.6,4.14e-17,94.7,0.0,0.0,0.0,0.0,MFS domain-containing protein [Nephila pilipes],,"396P2@33154,3BC29@33208,3D0NS@33213,3SI7V@50557,41XNV@6656,46G4E@7399,KOG2504@1,KOG2504@2759",MFS_1,0.0,0.0,Phase III: Efflux & Transport,MFS Xenobiotic Transporters,Solute Carrier Efflux,No
,GFS99860.1,8230515,ko:K03193,"map00532,ko00532",,,"ko01003,ko01000,ko00001,ko00000",121225.PHUM454030-PA,43.6,6.96e-63,212.0,0.0,0.0,0.0,0.0,heparan sulfate 2-O-sulfotransferase pipe [Nephila pilipes],,"39ZYG@33154,3BPX7@33208,3D6MH@33213,3SMY6@50557,41YP9@6656,KOG3922@1,KOG3922@2759",Sulfotransfer_2,0.0,0.0,Phase II: Conjugation,Sulfotransferases (SULT),Sulfation,No
,GFS99973.1,GF21320,ko:K12301,"map04142,ko04142",,,"ko02000,ko00001,ko00000",7217.FBpp0124512,45.1,8.76e-14,72.4,0.0,0.0,0.0,0.0,"inorganic phosphate cotransporter, partial [Nephila pilipes]",,"38CXA@33154,3BBSD@33208,3CR7D@33213,3SKJN@50557,41THY@6656,4512W@7147,45WHN@7214,KOG2532@1,KOG2532@2759",MFS_1,0.0,0.0,Phase III: Efflux & Transport,MFS Xenobiotic Transporters,Solute Carrier Efflux,No
,GFT00392.1,abhd11,ko:K13703,,,,"ko01002,ko00000",8081.XP_008425630.1,29.0,2.36e-19,92.0,0.0,0.0,0.0,0.0,abhydrolase domain-containing protein 11 [Nephila pilipes],,"39UJH@33154,3BHQ0@33208,3CX97@33213,4895K@7711,48YTE@7742,49ZEY@7898,COG0596@1,KOG2382@2759",Abhydrolase_1,0.0,0.0,Phase I: Functionalization,Carboxylesterases (COE),Esterases & Hydrolases,No
,GFT00396.1,abhd11,,,,,,48698.ENSPFOP00000010932,33.9,1.5300000000000002e-36,139.0,0.0,0.0,0.0,0.0,abhydrolase domain-containing protein C22H12.03 [Nephila pilipes],,"39UJH@33154,3BHQ0@33208,3CX97@33213,4895K@7711,48YTE@7742,49ZEY@7898,COG0596@1,KOG2382@2759",Abhydrolase_1,0.0,0.0,Phase I: Functionalization,Carboxylesterases (COE),Esterases & Hydrolases,No
,GFT00398.1,abhd11,,,,,,48698.ENSPFOP00000010932,34.1,2.43e-37,141.0,0.0,0.0,0.0,0.0,abhydrolase domain-containing protein C22H12.03 [Nephila pilipes],,"39UJH@33154,3BHQ0@33208,3CX97@33213,4895K@7711,48YTE@7742,49ZEY@7898,COG0596@1,KOG2382@2759",Abhydrolase_1,0.0,0.0,Phase I: Functionalization,Carboxylesterases (COE),Esterases & Hydrolases,No
,GFT00654.1,107365376,ko:K15001,,,,"ko01000,ko00000,ko00199",32264.tetur01g00650.1,52.3,1.15e-34,133.0,0.0,0.0,0.0,0.0,cytochrome P450 4V2 [Nephila pilipes],,"38CHP@33154,3B9GY@33208,3CSG8@33213,429YF@6656,COG2124@1,KOG0157@2759",p450,0.0,0.0,Phase I: Functionalization,Cytochrome P450s (CYP450),CYP Monooxygenases,No
,GFT00948.1,LOC658101,ko:K13719,"ko04141,map04141",,,"ko01002,ko01000,ko00001,ko00000",7070.TC011093-PA,42.6,1.49e-80,254.0,0.0,0.0,0.0,0.0,ubiquitin thioesterase OTU1 [Nephila pilipes],,"38HA5@33154,3BC2P@33208,3CW3H@33213,3SIKG@50557,41YB8@6656,COG5539@1,KOG3288@2759",OTU,0.0,0.0,Phase I: Functionalization,Carboxylesterases (COE),Esterases & Hydrolases,No
,GFT01758.1,,,,,,,126957.SMAR008774-PA,34.7,9.74e-103,324.0,0.0,0.0,0.0,0.0,cytochrome P450 4V2 [Nephila pilipes],,"38CHP@33154,3B9GY@33208,3CSG8@33213,41U3I@6656,COG2124@1,KOG0157@2759",p450,0.0,0.0,Phase I: Functionalization,Cytochrome P450s (CYP450),CYP Monooxygenases,No
,GFT02192.1,POMP,ko:K11599,"map03050,ko03050",,,"ko00001,ko00000,ko03051",8496.XP_006266244.1,51.3,7.1099999999999995e-28,114.0,0.0,0.0,0.0,0.0,probable glutathione S-transferase 7 [Nephila pilipes],,"3A06T@33154,3BPC9@33208,3D6FE@33213,48DYE@7711,49ASR@7742,KOG3061@1,KOG3061@2759",UMP1,0.0,0.0,Phase II: Conjugation,Glutathione S-Transferases (GST),Glutathione Conjugation,No
,GFT02264.1,,ko:K07427,,,,"ko00000,ko00199",244447.XP_008336093.1,54.8,2.55e-46,154.0,0.0,0.0,0.0,0.0,"cytochrome P450 4c3, partial [Nephila pilipes]",,"38CHP@33154,3B9GY@33208,3CSG8@33213,487KR@7711,49547@7742,49UUX@7898,COG2124@1,KOG0157@2759",p450,0.0,0.0,Phase I: Functionalization,Cytochrome P450s (CYP450),CYP Monooxygenases,No
,GFT02308.1,107367066,ko:K06185,,,,"ko03009,ko00000",32264.tetur20g02610.1,78.2,6.590000000000001e-167,486.0,0.0,0.0,0.0,0.0,ATP-binding cassette sub-family F member 2 [Nephila pilipes],,"38D7Z@33154,3BDRJ@33208,3CSZD@33213,41VWG@6656,COG0488@1,KOG0927@2759","ABC_tran,ABC_tran_Xtn",0.0,0.0,Phase III: Efflux & Transport,ABC Transporters (ABCA/B/C/G),ATP-Dependent Efflux,No
,GFT04216.1,LOC409131,,,,,,7460.GB46918-PA,24.7,1.91e-32,140.0,0.0,0.0,0.0,0.0,monocarboxylate transporter 9 [Nephila pilipes],,"39T7H@33154,3BHHG@33208,3D3AH@33213,3SIZP@50557,41Y97@6656,46K30@7399,KOG2504@1,KOG2504@2759",MFS_1,0.0,0.0,Phase III: Efflux & Transport,MFS Xenobiotic Transporters,Solute Carrier Efflux,No
,GFT04244.1,LOC658391,,,,,,7070.TC010266-PA,35.2,5.3e-11,65.1,0.0,0.0,0.0,0.0,vesicular glutamate transporter 2.2 [Nephila pilipes],,"39SPX@33154,3BP2B@33208,3D49A@33213,3SIT2@50557,41WWP@6656,KOG2532@1,KOG2532@2759",MFS_1,0.0,0.0,Phase III: Efflux & Transport,MFS Xenobiotic Transporters,Solute Carrier Efflux,No
,GFT04588.1,,ko:K01049,"map00564,ko00564,map04725,ko04725",,3.1.1.7,"ko01000,ko00001,ko00537,ko00000",6669.EFX86815,35.1,1.05e-88,293.0,0.0,0.0,0.0,0.0,acetylcholinesterase-1 [Nephila pilipes],,"38BW2@33154,3B9C3@33208,3CRAS@33213,41UNM@6656,COG2272@1,KOG4389@2759",COesterase,0.0,0.0,Phase I: Functionalization,Carboxylesterases (COE),Esterases & Hydrolases,No
,GFT04602.1,107368029,ko:K01049,"map00564,ko00564,map04725,ko04725",,3.1.1.7,"ko01000,ko00001,ko00537,ko00000",32264.tetur25g00710.1,33.6,1.19e-93,308.0,0.0,0.0,0.0,0.0,acetylcholinesterase-1 [Nephila pilipes],,"39MBH@33154,3CNZ2@33208,3E52U@33213,COG2272@1,KOG4389@2759",COesterase,0.0,0.0,Phase I: Functionalization,Carboxylesterases (COE),Esterases & Hydrolases,No
,GFT05006.1,20196584,ko:K12302,"ko05033,map05033,ko04724,map04724,map04723,ko04721,map04721,ko04723",,,"ko02000,ko00001,ko00000",6412.HelroP141392,83.1,1.3500000000000002e-32,120.0,0.0,0.0,0.0,0.0,"vesicular glutamate transporter 3, partial [Nephila pilipes]",,"38CXA@33154,3BBSD@33208,3CRGY@33213,KOG2532@1,KOG2532@2759",MFS_1,0.0,0.0,Phase III: Efflux & Transport,MFS Xenobiotic Transporters,Solute Carrier Efflux,No
,GFT05361.1,WP1253,,,,,,570417.WP1253,86.7,2.04e-272,748.0,0.0,0.0,0.0,0.0,phosphoesterase [Nephila pilipes],,"1R8W7@1224,2U64B@28211,COG1409@1,COG1409@2",Metallophos,0.0,0.0,Phase I: Functionalization,Carboxylesterases (COE),Esterases & Hydrolases,No
,GFT05491.1,,,,,,,1561998.Csp11.Scaffold589.g5030.t1,34.5,4.86e-17,83.2,0.0,0.0,0.0,0.0,"cytochrome P450 4V2, partial [Nephila pilipes]",,"1KYTP@119089,38CHP@33154,3B9GY@33208,3CSG8@33213,40C0Q@6231,40VBW@6236,COG2124@1,KOG0157@2759",p450,0.0,0.0,Phase I: Functionalization,Cytochrome P450s (CYP450),CYP Monooxygenases,No
,GFT05492.1,,,,,,,1561998.Csp11.Scaffold589.g5030.t1,35.3,1.72e-18,87.4,0.0,0.0,0.0,0.0,"cytochrome P450 4V2, partial [Nephila pilipes]",,"1KYTP@119089,38CHP@33154,3B9GY@33208,3CSG8@33213,40C0Q@6231,40VBW@6236,COG2124@1,KOG0157@2759",p450,0.0,0.0,Phase I: Functionalization,Cytochrome P450s (CYP450),CYP Monooxygenases,No
,GFT05696.1,UY3_17652,ko:K07412,"map01100,ko01100,ko00140,ko00590,map00590,ko00830,map00830,ko05204,map00140,map05204",,1.14.14.1,"ko01000,ko00001,ko00000,ko00199",8469.XP_007070986.1,35.3,7.42e-08,56.6,0.0,0.0,0.0,0.0,"cytochrome P450 2C39, partial [Nephila pilipes]",,"38BSU@33154,3BC78@33208,3CRSA@33213,48Q3P@7711,49PG2@7742,4CIZC@8459,COG2124@1,KOG0156@2759",p450,0.0,0.0,Phase I: Functionalization,Cytochrome P450s (CYP450),CYP Monooxygenases,No
,GFT06539.1,,,,,,,13249.RPRC008593-PA,43.8,6.43e-40,147.0,0.0,0.0,0.0,0.0,"putative inorganic phosphate cotransporter, partial [Nephila pilipes]",,"38CXA@33154,3BBSD@33208,3CR7D@33213,3E7DT@33342,3SINN@50557,41THY@6656,KOG2532@1,KOG2532@2759",MFS_1,0.0,0.0,Phase III: Efflux & Transport,MFS Xenobiotic Transporters,Solute Carrier Efflux,No
,GFT06620.1,,ko:K21396,,,,"ko02000,ko00000",132113.XP_003489743.1,63.5,3.36e-27,110.0,0.0,0.0,0.0,0.0,"protein white, partial [Nephila pilipes]",,"38CVQ@33154,3BCP7@33208,3CWB5@33213,3SIJM@50557,41TWH@6656,46JD7@7399,COG1131@1,KOG0061@2759","ABC2_membrane,ABC_tran",0.0,0.0,Phase III: Efflux & Transport,ABC Transporters (ABCA/B/C/G),ATP-Dependent Efflux,No
,GFT06971.1,GI14854,ko:K01021,,,2.8.2.20,"ko01000,ko00000",7230.FBpp0164071,63.9,1.22e-34,132.0,0.0,0.0,0.0,0.0,protein-tyrosine sulfotransferase [Nephila pilipes],,"38FAU@33154,3BEU7@33208,3CS0P@33213,3SFXA@50557,41XMQ@6656,44X7G@7147,45VK9@7214,COG0457@1,KOG3988@2759",Sulfotransfer_3,0.0,0.0,Phase II: Conjugation,Sulfotransferases (SULT),Sulfation,No
,GFT07333.1,Gstm1,ko:K00799,"map05418,ko00480,map00480,map05204,ko00980,map00982,ko00982,map00980,ko00983,ko01524,map05225,ko05225,map05200,ko05204,map00983,ko05200,map01524,ko05418",,2.5.1.18,"ko01000,ko02000,ko00001,ko00000",10090.ENSMUSP00000004140,47.1,5.58e-64,204.0,0.0,0.0,0.0,0.0,glutathione S-transferase Mu 1 [Nephila pilipes],"P|GO:0006518|ISO,P|GO:0006575|ISO,P|GO:0006749|ISO,P|GO:0006790|ISO,P|GO:0006805|ISO,P|GO:0006807|ISO,P|GO:0008150|IDA,P|GO:0008150|ISO,P|GO:0008152|ISO,P|GO:0009056|ISO,P|GO:0009410|ISO,P|GO:0009987|IDA,P|GO:0009987|ISO,P|GO:0034641|ISO,P|GO:0035690|IDA,P|GO:0042178|ISO,P|GO:0042221|IDA,P|GO:0042221|ISO,P|GO:0042493|IDA,P|GO:0043603|ISO,P|GO:0044237|ISO,P|GO:0044248|ISO,P|GO:0050896|IDA,P|GO:0050896|ISO,P|GO:0051186|ISO,P|GO:0051716|IDA,P|GO:0051716|ISO,P|GO:0070887|IDA,P|GO:0070887|ISO,P|GO:0071466|ISO,P|GO:0071704|ISO,P|GO:1901564|ISO,C|GO:0005575|ISO,C|GO:0005575|CURATED,C|GO:0005575|IDA,C|GO:0005576|ISO,C|GO:0005576|ISO,C|GO:0005622|ISO,C|GO:0005622|CURATED,C|GO:0005623|ISO,C|GO:0005623|CURATED,C|GO:0005623|IDA,C|GO:0005737|ISO,C|GO:0005737|CURATED,C|GO:0005829|ISO,C|GO:0032991|ISO,C|GO:0043209|IDA,C|GO:0044421|ISO,C|GO:0044424|ISO,C|GO:0044424|CURATED,C|GO:0044444|ISO,C|GO:0044464|ISO,C|GO:0044464|CURATED,C|GO:0044464|IDA,C|GO:0045171|ISO,F|GO:0003674|IDA,F|GO:0003674|ISO,F|GO:0003824|ISO,F|GO:0004364|ISO,F|GO:0005488|IDA,F|GO:0005488|ISO,F|GO:0005496|ISO,F|GO:0005515|IDA,F|GO:0005515|ISO,F|GO:0008289|ISO,F|GO:0016151|ISO,F|GO:0016740|ISO,F|GO:0016765|ISO,F|GO:0019899|ISO,F|GO:0019900|ISO,F|GO:0019901|ISO,F|GO:0033218|ISO,F|GO:0042277|ISO,F|GO:0042802|IDA,F|GO:0042802|ISO,F|GO:0042803|IDA,F|GO:0043167|ISO,F|GO:0043168|ISO,F|GO:0043169|ISO,F|GO:0043295|ISO,F|GO:0046872|ISO,F|GO:0046914|ISO,F|GO:0046982|IDA,F|GO:0046983|IDA,F|GO:0048037|ISO,F|GO:0072341|ISO,F|GO:0097159|ISO,F|GO:1900750|ISO,F|GO:1901681|ISO","35AZR@314146,38YPE@33154,3BFCR@33208,3CZP0@33213,3JFS3@40674,48D41@7711,49AQ0@7742,4Q9CB@9989,KOG1695@1,KOG1695@2759","GST_C_3,GST_N",0.0,0.0,Phase II: Conjugation,Glutathione S-Transferases (GST),Glutathione Conjugation,No
,GFT07479.1,107368752,,,,,,32264.tetur28g02490.1,68.6,3.1699999999999996e-249,696.0,0.0,0.0,0.0,0.0,retinal dehydrogenase 1 [Nephila pilipes],,"38CDB@33154,3BCJG@33208,3CU6J@33213,41WX8@6656,COG1012@1,KOG2450@2759",Aldedh,0.0,0.0,Phase I: Functionalization,Aldehyde Dehydrogenases (ALDH),Aldehyde Oxidation,No
,GFT07493.1,,,,,,,7719.XP_002126140.1,41.2,2.81e-32,125.0,0.0,0.0,0.0,0.0,"sulfotransferase family cytosolic 1B member 1, partial [Nephila pilipes]",,"394HT@33154,3BI89@33208,3CWR8@33213,483TN@7711,KOG1584@1,KOG1584@2759",Sulfotransfer_1,0.0,0.0,Phase II: Conjugation,Sulfotransferases (SULT),Sulfation,No
,GFT07532.1,L798_06385,ko:K19619,,,,"ko01000,ko03400,ko00000",136037.KDR19586,48.1,3.81e-84,267.0,0.0,0.0,0.0,0.0,tyrosyl-DNA phosphodiesterase 2 [Nephila pilipes],,"39RV8@33154,3BDKA@33208,3CYVS@33213,3SQJ0@50557,41WV8@6656,KOG2756@1,KOG2756@2759",UBA_4,0.0,0.0,Phase I: Functionalization,Carboxylesterases (COE),Esterases & Hydrolases,No
,GFT07943.1,EAZ88491.1,,,,,,391612.CY0110_15255,45.7,2.72e-28,112.0,0.0,0.0,0.0,0.0,sulfotransferase 1C2 [Nephila pilipes],,"1G8T0@1117,31CAG@2,3KFWM@43988,KOG1584@1",Sulfotransfer_1,0.0,0.0,Phase II: Conjugation,Sulfotransferases (SULT),Sulfation,No
,GFT08065.1,L798_15096,ko:K22077,,,,"ko03029,ko00000",136037.KDR11132,44.1,2.55e-82,259.0,0.0,0.0,0.0,0.0,ganglioside-induced differentiation-associated protein 1 [Nephila pilipes],,"38HIN@33154,3BA4A@33208,3CZ3Q@33213,3SMBV@50557,41Z1I@6656,KOG4420@1,KOG4420@2759","GST_C,GST_N_3",0.0,0.0,Phase II: Conjugation,Glutathione S-Transferases (GST),Glutathione Conjugation,No
,GFT08243.1,L798_07602,ko:K05665,"ko02010,map05206,ko04977,ko01523,map02010,map04977,ko04071,map01523,map04071,ko05206",,,"ko02000,ko00001,ko00000",136037.KDR24195,41.4,0.0,1108.0,0.0,0.0,0.0,0.0,multidrug resistance-associated protein 1 [Nephila pilipes],,"38CH6@33154,3BA19@33208,3CSDY@33213,3SK80@50557,41W0W@6656,COG1132@1,KOG0054@2759","ABC_membrane,ABC_tran",0.0,0.0,Phase III: Efflux & Transport,ABC Transporters (ABCA/B/C/G),ATP-Dependent Efflux,No
,GFT08337.1,EPHX1,,,,,,9365.XP_007526635.1,53.8,3.500000000000001e-164,478.0,0.0,0.0,0.0,0.0,epoxide hydrolase 1 [Nephila pilipes],,"38FY7@33154,3BB6M@33208,3CZY0@33213,3JBBN@40674,4822N@7711,498NB@7742,COG0596@1,KOG2565@2759",EHN,0.0,0.0,Phase I: Functionalization,Epoxide Hydrolases (mEH),Epoxide Hydrolysis,No
,GFT08347.1,LOC594737,ko:K07427,,,,"ko00000,ko00199",7668.SPU_002380-tr,46.9,8.01e-67,217.0,0.0,0.0,0.0,0.0,"cytochrome P450 4V2, partial [Nephila pilipes]",,"38CHP@33154,3B9GY@33208,3CSG8@33213,COG2124@1,KOG0157@2759",p450,0.0,0.0,Phase I: Functionalization,Cytochrome P450s (CYP450),CYP Monooxygenases,No
,GFT08350.1,L798_07229,ko:K15001,,,,"ko01000,ko00000,ko00199",136037.KDR18347,50.5,7.53e-25,110.0,0.0,0.0,0.0,0.0,cytochrome P450 4c3 [Nephila pilipes],,"38CHP@33154,3B9GY@33208,3CSG8@33213,3SGAE@50557,41U3I@6656,COG2124@1,KOG0157@2759",p450,0.0,0.0,Phase I: Functionalization,Cytochrome P450s (CYP450),CYP Monooxygenases,No
,GFT08591.1,,,,,,,6326.BUX.s00713.728,62.5,2.15e-16,79.0,0.0,0.0,0.0,0.0,"cytochrome P450 3A21, partial [Nephila pilipes]",,"1KXQU@119089,38BTY@33154,3BF8S@33208,3CV2F@33213,40CZF@6231,COG2124@1,KOG0158@2759",p450,0.0,0.0,Phase I: Functionalization,Cytochrome P450s (CYP450),CYP Monooxygenases,No
,GFT08841.1,8234117,,,,,,121225.PHUM409050-PA,64.4,7.91e-122,375.0,0.0,0.0,0.0,0.0,ABC transporter G family member 22 [Nephila pilipes],,"38CVQ@33154,3BGZU@33208,3CR5V@33213,3E81X@33342,3SGJX@50557,41XCZ@6656,COG1131@1,KOG0061@2759","ABC2_membrane,ABC_tran",0.0,0.0,Phase III: Efflux & Transport,ABC Transporters (ABCA/B/C/G),ATP-Dependent Efflux,No
,GFT09349.1,,ko:K05033,"ko02010,map02010",,,"ko04147,ko02000,ko00001,ko00000",32264.tetur11g05990.1,41.2,0.0,1169.0,0.0,0.0,0.0,0.0,ATP-binding cassette sub-family C member 9 [Nephila pilipes],,"38CH6@33154,3BA19@33208,3CSDY@33213,41WAI@6656,COG1132@1,KOG0054@2759","ABC_membrane,ABC_tran",0.0,0.0,Phase III: Efflux & Transport,ABC Transporters (ABCA/B/C/G),ATP-Dependent Efflux,No
,GFT09351.1,,ko:K05033,"ko02010,map02010",,,"ko04147,ko02000,ko00001,ko00000",32264.tetur11g05990.1,42.1,0.0,1187.0,0.0,0.0,0.0,0.0,ATP-binding cassette sub-family C member 9 [Nephila pilipes],,"38CH6@33154,3BA19@33208,3CSDY@33213,41WAI@6656,COG1132@1,KOG0054@2759","ABC_membrane,ABC_tran",0.0,0.0,Phase III: Efflux & Transport,ABC Transporters (ABCA/B/C/G),ATP-Dependent Efflux,No
,GFT09440.1,,,,,,,6669.EFX82094,24.3,1.69e-19,100.0,0.0,0.0,0.0,0.0,"MFS_1_like domain-containing protein, partial [Nephila pilipes]",,"38Z6F@33154,3BN7F@33208,3CRAU@33213,41V5E@6656,KOG3762@1,KOG3762@2759",MFS_1_like,0.0,0.0,Phase III: Efflux & Transport,MFS Xenobiotic Transporters,Solute Carrier Efflux,No
,GFT09644.1,putA,ko:K13821,"map01100,map01110,ko01110,ko01100,map00330,ko00330,ko00250,ko01130,map00250,map01130",,"1.2.1.88,1.5.5.2","ko03000,ko01000,ko00001,ko00000",163164.WD_0103,86.9,0.0,1105.0,0.0,0.0,0.0,0.0,"bifunctional protein PutA, partial [Nephila pilipes]",,"1MV93@1224,2TQPT@28211,47F1J@766,COG0506@1,COG0506@2,COG4230@1,COG4230@2","Aldedh,Pro_dh,Pro_dh-DNA_bdg",0.0,0.0,Phase I: Functionalization,Aldehyde Dehydrogenases (ALDH),Aldehyde Oxidation,No
,GFT09646.1,putA,ko:K13821,"map01100,map01110,ko01110,ko01100,map00330,ko00330,ko00250,ko01130,map00250,map01130",,"1.2.1.88,1.5.5.2","ko03000,ko01000,ko00001,ko00000",163164.WD_0103,95.3,8.599999999999999e-131,400.0,0.0,0.0,0.0,0.0,"bifunctional protein PutA, partial [Nephila pilipes]",,"1MV93@1224,2TQPT@28211,47F1J@766,COG0506@1,COG0506@2,COG4230@1,COG4230@2","Aldedh,Pro_dh,Pro_dh-DNA_bdg",0.0,0.0,Phase I: Functionalization,Aldehyde Dehydrogenases (ALDH),Aldehyde Oxidation,No
,GFT10144.1,,ko:K07427,,,,"ko00000,ko00199",244447.XP_008336093.1,49.5,1.7200000000000002e-31,116.0,0.0,0.0,0.0,0.0,"cytochrome P450 4c3, partial [Nephila pilipes]",,"38CHP@33154,3B9GY@33208,3CSG8@33213,487KR@7711,49547@7742,49UUX@7898,COG2124@1,KOG0157@2759",p450,0.0,0.0,Phase I: Functionalization,Cytochrome P450s (CYP450),CYP Monooxygenases,No
,GFT10224.1,,,,,,,126957.SMAR007045-PA,35.6,1.4200000000000001e-103,332.0,0.0,0.0,0.0,0.0,glutathione S-transferase C-terminal domain-containing protein [Nephila pilipes],,"2QUFE@2759,38EIC@33154,3BGCJ@33208,3CWKJ@33213,41VFZ@6656,COG0500@1",Methyltransf_32,0.0,0.0,Phase II: Conjugation,Glutathione S-Transferases (GST),Glutathione Conjugation,No
,GFT10227.1,,,,,,,6500.XP_005105494.1,55.2,5.23e-14,72.4,0.0,0.0,0.0,0.0,glutathione S-transferase C-terminal domain-containing protein [Nephila pilipes],,"2QUFE@2759,38EIC@33154,3BGCJ@33208,3CWKJ@33213,COG0500@1",,0.0,0.0,Phase II: Conjugation,Glutathione S-Transferases (GST),Glutathione Conjugation,No
,GFT10239.1,,,,,,,126957.SMAR010065-PA,62.7,2.74e-118,358.0,0.0,0.0,0.0,0.0,heparan sulfate glucosamine 3-O-sulfotransferase 5 [Nephila pilipes],,"399CW@33154,3BK8P@33208,3CUDH@33213,41UDB@6656,KOG3704@1,KOG3704@2759",Sulfotransfer_1,0.0,0.0,Phase II: Conjugation,Sulfotransferases (SULT),Sulfation,No
,GFT10289.1,EPHX1,,,,,,9365.XP_007526635.1,53.4,1.59e-161,473.0,0.0,0.0,0.0,0.0,epoxide hydrolase 1 [Nephila pilipes],,"38FY7@33154,3BB6M@33208,3CZY0@33213,3JBBN@40674,4822N@7711,498NB@7742,COG0596@1,KOG2565@2759",EHN,0.0,0.0,Phase I: Functionalization,Epoxide Hydrolases (mEH),Epoxide Hydrolysis,No
,GFT10440.1,107359733,ko:K20840,,,,"ko02000,ko00000",32264.tetur04g06740.1,26.7,5.01e-48,181.0,0.0,0.0,0.0,0.0,proton-coupled folate transporter [Nephila pilipes],,"39VY0@33154,3BMCN@33208,3D0H7@33213,41YD6@6656,KOG2816@1,KOG2816@2759",MFS_1,0.0,0.0,Phase III: Efflux & Transport,MFS Xenobiotic Transporters,Solute Carrier Efflux,No
,GFT10906.1,8236088,ko:K14985,"ko00981,map00981",,,"ko01000,ko00001,ko00000,ko00199",121225.PHUM319540-PA,45.3,2.83e-145,434.0,0.0,0.0,0.0,0.0,cytochrome P450 18a1 [Nephila pilipes],,"38BSU@33154,3BC78@33208,3CRSA@33213,3ECTU@33342,3SKAJ@50557,41V2X@6656,COG2124@1,KOG0156@2759",p450,0.0,0.0,Phase I: Functionalization,Cytochrome P450s (CYP450),CYP Monooxygenases,No
,GFT11123.1,,,,,,,126957.SMAR008771-PA,38.1,1.74e-56,191.0,0.0,0.0,0.0,0.0,"cytochrome P450 4c3, partial [Nephila pilipes]",,"38CHP@33154,3B9GY@33208,COG2124@1,KOG0157@2759",p450,0.0,0.0,Phase I: Functionalization,Cytochrome P450s (CYP450),CYP Monooxygenases,No
,GFT11126.1,,,,,,,42254.XP_004610397.1,37.4,8.789999999999998e-55,196.0,0.0,0.0,0.0,0.0,cytochrome P450 4V2 [Nephila pilipes],,"38CHP@33154,3B9GY@33208,3CSG8@33213,3JE48@40674,487KR@7711,49547@7742,COG2124@1,KOG0157@2759",p450,0.0,0.0,Phase I: Functionalization,Cytochrome P450s (CYP450),CYP Monooxygenases,No
,GFT11170.1,picot,,,,,,7425.NV15041-PA,34.1,9.45e-59,208.0,0.0,0.0,0.0,0.0,putative inorganic phosphate cotransporter [Nephila pilipes],,"38CXA@33154,3BBSD@33208,3CR7D@33213,3SINN@50557,41THY@6656,46G37@7399,KOG2532@1,KOG2532@2759",MFS_1,0.0,0.0,Phase III: Efflux & Transport,MFS Xenobiotic Transporters,Solute Carrier Efflux,No
,GFT11248.1,usb1,,,,,,8364.ENSXETP00000030208,45.5,3.42e-60,198.0,0.0,0.0,0.0,0.0,u6 snRNA phosphodiesterase [Nephila pilipes],,"38H18@33154,3BI4D@33208,3CVZQ@33213,48C0C@7711,497DD@7742,KOG3102@1,KOG3102@2759",HVSL,0.0,0.0,Phase I: Functionalization,Carboxylesterases (COE),Esterases & Hydrolases,No
,GFT11293.1,L798_12396,ko:K12350,"map01100,ko01100,map00600,ko00600,ko04142,ko04071,map04071,map04217,map04142,ko04217",,3.1.4.12,"ko01000,ko00001,ko00000",136037.KDR23573,51.5,8.649999999999999e-229,653.0,0.0,0.0,0.0,0.0,sphingomyelin phosphodiesterase [Nephila pilipes],,"38DAR@33154,3BDX1@33208,3CR57@33213,3SHD6@50557,41WND@6656,KOG3770@1,KOG3770@2759",Metallophos,0.0,0.0,Phase I: Functionalization,Carboxylesterases (COE),Esterases & Hydrolases,No
,GFT11773.1,,ko:K01049,"map00564,ko00564,map04725,ko04725",,3.1.1.7,"ko01000,ko00001,ko00537,ko00000",6669.EFX86815,34.6,2.31e-97,318.0,0.0,0.0,0.0,0.0,acetylcholinesterase-1 [Nephila pilipes],,"38BW2@33154,3B9C3@33208,3CRAS@33213,41UNM@6656,COG2272@1,KOG4389@2759",COesterase,0.0,0.0,Phase I: Functionalization,Carboxylesterases (COE),Esterases & Hydrolases,No
,GFT11870.1,ACK69738.1,,,,,,65393.PCC7424_1291,36.7,3.1499999999999997e-34,131.0,0.0,0.0,0.0,0.0,sulfotransferase 1C2 [Nephila pilipes],,"1G8T0@1117,31CAG@2,3KFWM@43988,KOG1584@1",Sulfotransfer_1,0.0,0.0,Phase II: Conjugation,Sulfotransferases (SULT),Sulfation,No
,GFT11873.1,EAZ88491.1,,,,,,391612.CY0110_15255,48.7,2.71e-66,216.0,0.0,0.0,0.0,0.0,sulfotransferase 1C2 [Nephila pilipes],,"1G8T0@1117,31CAG@2,3KFWM@43988,KOG1584@1",Sulfotransfer_1,0.0,0.0,Phase II: Conjugation,Sulfotransferases (SULT),Sulfation,No
,GFT11875.1,ACK66184.1,,,,,,41431.PCC8801_2155,39.7,7.07e-77,244.0,0.0,0.0,0.0,0.0,sulfotransferase 1 family member D1 [Nephila pilipes],,"1G8T0@1117,31CAG@2,3KFWM@43988,KOG1584@1",Sulfotransfer_1,0.0,0.0,Phase II: Conjugation,Sulfotransferases (SULT),Sulfation,No
,GFT12250.1,ACK69738.1,,,,,,65393.PCC7424_1291,43.4,9.44e-82,256.0,0.0,0.0,0.0,0.0,sulfotransferase 1C2 [Nephila pilipes],,"1G8T0@1117,31CAG@2,3KFWM@43988,KOG1584@1",Sulfotransfer_1,0.0,0.0,Phase II: Conjugation,Sulfotransferases (SULT),Sulfation,No
,GFT12252.1,EAZ88491.1,,,,,,391612.CY0110_15255,44.7,3.06e-81,256.0,0.0,0.0,0.0,0.0,sulfotransferase 1C2 [Nephila pilipes],,"1G8T0@1117,31CAG@2,3KFWM@43988,KOG1584@1",Sulfotransfer_1,0.0,0.0,Phase II: Conjugation,Sulfotransferases (SULT),Sulfation,No
,GFT12254.1,ACK69738.1,,,,,,65393.PCC7424_1291,42.8,7.75e-82,259.0,0.0,0.0,0.0,0.0,sulfotransferase 1C2 [Nephila pilipes],,"1G8T0@1117,31CAG@2,3KFWM@43988,KOG1584@1",Sulfotransfer_1,0.0,0.0,Phase II: Conjugation,Sulfotransferases (SULT),Sulfation,No
,GFT12256.1,EAZ88491.1,,,,,,391612.CY0110_15255,49.7,5.06e-51,172.0,0.0,0.0,0.0,0.0,sulfotransferase 1C2 [Nephila pilipes],,"1G8T0@1117,31CAG@2,3KFWM@43988,KOG1584@1",Sulfotransfer_1,0.0,0.0,Phase II: Conjugation,Sulfotransferases (SULT),Sulfation,No
,GFT12471.1,pde10a,ko:K18438,"ko05032,map00230,ko00230,map05032",,"3.1.4.35,3.1.4.17","ko01000,ko00001,ko00000",8090.ENSORLP00000014230,33.0,2.78e-30,125.0,0.0,0.0,0.0,0.0,"dual 3',5'-cyclic-AMP and -GMP phosphodiesterase 11A [Nephila pilipes]",,"38BQB@33154,3B9XB@33208,3CSEF@33213,48773@7711,48Z3S@7742,49ZNJ@7898,KOG3689@1,KOG3689@2759","GAF,PDEase_I",0.0,0.0,Phase I: Functionalization,Carboxylesterases (COE),Esterases & Hydrolases,No
,GFT12472.1,pde10a,ko:K18438,"ko05032,map00230,ko00230,map05032",,"3.1.4.35,3.1.4.17","ko01000,ko00001,ko00000",8090.ENSORLP00000014230,34.3,3.85e-32,130.0,0.0,0.0,0.0,0.0,"cGMP-specific 3',5'-cyclic phosphodiesterase [Nephila pilipes]",,"38BQB@33154,3B9XB@33208,3CSEF@33213,48773@7711,48Z3S@7742,49ZNJ@7898,KOG3689@1,KOG3689@2759","GAF,PDEase_I",0.0,0.0,Phase I: Functionalization,Carboxylesterases (COE),Esterases & Hydrolases,No
,GFT12473.1,pde10a,ko:K18438,"ko05032,map00230,ko00230,map05032",,"3.1.4.35,3.1.4.17","ko01000,ko00001,ko00000",8090.ENSORLP00000014230,34.1,1.5099999999999998e-23,104.0,0.0,0.0,0.0,0.0,"cGMP-specific 3',5'-cyclic phosphodiesterase [Nephila pilipes]",,"38BQB@33154,3B9XB@33208,3CSEF@33213,48773@7711,48Z3S@7742,49ZNJ@7898,KOG3689@1,KOG3689@2759","GAF,PDEase_I",0.0,0.0,Phase I: Functionalization,Carboxylesterases (COE),Esterases & Hydrolases,No
,GFT12503.1,,,,,,,126957.SMAR004400-PA,35.3,1.25e-28,124.0,0.0,0.0,0.0,0.0,histone acetyltransferase [Nephila pilipes],,"38BNE@33154,3B9Y1@33208,3CS24@33213,41X66@6656,COG5027@1,KOG2747@2759","MOZ_SAS,PHD,zf-C2HC",0.0,0.0,Phase II: Conjugation,N-Acetyltransferases (NAT),Acetylation,No
,GFT13032.1,105620635,,,,,,12957.ACEP25415-PA,45.3,2.9600000000000003e-64,220.0,0.0,0.0,0.0,0.0,monocarboxylate transporter 12 [Nephila pilipes],,"38HJK@33154,3BCQV@33208,3CS1Z@33213,3SIX0@50557,41VZP@6656,46JRJ@7399,KOG2504@1,KOG2504@2759",MFS_1,0.0,0.0,Phase III: Efflux & Transport,MFS Xenobiotic Transporters,Solute Carrier Efflux,No
,GFT13111.1,,,,,,,32264.tetur03g05010.1,34.1,1.5600000000000002e-79,263.0,0.0,0.0,0.0,0.0,cytochrome P450 2J5 [Nephila pilipes],,"38BSU@33154,3BC78@33208,3CRSA@33213,41V2X@6656,COG2124@1,KOG0156@2759",p450,0.0,0.0,Phase I: Functionalization,Cytochrome P450s (CYP450),CYP Monooxygenases,No
,GFT13412.1,,,,,,,7918.ENSLOCP00000020904,38.6,1.4999999999999999e-92,300.0,0.0,0.0,0.0,0.0,cytochrome P450 3A28 [Nephila pilipes],,"38BTY@33154,3BF8S@33208,3CV2F@33213,47Z83@7711,48W40@7742,49VXM@7898,COG2124@1,KOG0158@2759",p450,0.0,0.0,Phase I: Functionalization,Cytochrome P450s (CYP450),CYP Monooxygenases,No
,GFT13503.1,107366927,,,,,,32264.tetur01g14090.1,47.1,2.4e-162,482.0,0.0,0.0,0.0,0.0,fumonisin B1 esterase [Nephila pilipes],,"39PI2@33154,COG2272@1,KOG4389@2759",COesterase,0.0,0.0,Phase I: Functionalization,Carboxylesterases (COE),Esterases & Hydrolases,No
,GFT14040.1,G5I_04474,,,,,,103372.F4WFR5,33.2,2.34e-89,295.0,0.0,0.0,0.0,0.0,carcinine transporter [Nephila pilipes],,"38FJ1@33154,3B9N9@33208,3CT4W@33213,3SQ9R@50557,41WYB@6656,46GHY@7399,KOG0255@1,KOG0255@2759",MFS_1,0.0,0.0,Phase III: Efflux & Transport,MFS Xenobiotic Transporters,Solute Carrier Efflux,No
,GFT14261.1,8237619,ko:K01021,,,2.8.2.20,"ko01000,ko00000",121225.PHUM217150-PA,62.7,6.530000000000001e-163,469.0,0.0,0.0,0.0,0.0,protein-tyrosine sulfotransferase [Nephila pilipes],,"38FAU@33154,3BEU7@33208,3CS0P@33213,3E9HZ@33342,3SFXA@50557,41XMQ@6656,COG0457@1,KOG3988@2759",Sulfotransfer_3,0.0,0.0,Phase II: Conjugation,Sulfotransferases (SULT),Sulfation,No
,GFT14499.1,,,,,,,10224.XP_002735861.2,48.2,5.53e-69,227.0,0.0,0.0,0.0,0.0,WSCD family member AGAP003962 [Nephila pilipes],,"38SZJ@33154,3BABM@33208,3D080@33213,KOG4157@1,KOG4157@2759",Sulfotransfer_1,0.0,0.0,Phase II: Conjugation,Sulfotransferases (SULT),Sulfation,No
,GFT14777.1,,,,,,,126957.SMAR004400-PA,34.4,1.2800000000000001e-21,107.0,0.0,0.0,0.0,0.0,histone acetyltransferase [Nephila pilipes],,"38BNE@33154,3B9Y1@33208,3CS24@33213,41X66@6656,COG5027@1,KOG2747@2759","MOZ_SAS,PHD,zf-C2HC",0.0,0.0,Phase II: Conjugation,N-Acetyltransferases (NAT),Acetylation,No
,GFT15402.1,,ko:K07427,,,,"ko00000,ko00199",7719.XP_002123140.1,37.8,6.23e-20,94.4,0.0,0.0,0.0,0.0,cytochrome P450 4V2 [Nephila pilipes],,"38CHP@33154,3B9GY@33208,3CSG8@33213,487KR@7711,COG2124@1,KOG0157@2759",p450,0.0,0.0,Phase I: Functionalization,Cytochrome P450s (CYP450),CYP Monooxygenases,No
,GFT15404.1,,,,,,,126957.SMAR008771-PA,51.1,5.14e-73,232.0,0.0,0.0,0.0,0.0,cytochrome P450 4c3 [Nephila pilipes],,"38CHP@33154,3B9GY@33208,COG2124@1,KOG0157@2759",p450,0.0,0.0,Phase I: Functionalization,Cytochrome P450s (CYP450),CYP Monooxygenases,No
,GFT15406.1,,ko:K07427,,,,"ko00000,ko00199",8010.XP_010889901.1,41.4,1.02e-18,91.7,0.0,0.0,0.0,0.0,cytochrome P450 4V2 [Nephila pilipes],,"38CHP@33154,3B9GY@33208,3CSG8@33213,487KR@7711,49547@7742,49UUX@7898,COG2124@1,KOG0157@2759",p450,0.0,0.0,Phase I: Functionalization,Cytochrome P450s (CYP450),CYP Monooxygenases,No
,GFT15410.1,,,,,,,126957.SMAR008771-PA,41.1,1.71e-44,159.0,0.0,0.0,0.0,0.0,cytochrome P450 4c3 [Nephila pilipes],,"38CHP@33154,3B9GY@33208,COG2124@1,KOG0157@2759",p450,0.0,0.0,Phase I: Functionalization,Cytochrome P450s (CYP450),CYP Monooxygenases,No
,GFT15713.1,AAEL011465,,,,,,7159.AAEL011465-PA,30.4,3.01e-60,216.0,0.0,0.0,0.0,0.0,major facilitator superfamily domain-containing protein 6 [Nephila pilipes],,"39V1X@33154,3BM5A@33208,3D3C0@33213,3SGGJ@50557,41WA8@6656,4594R@7147,45DSS@7148,KOG3762@1,KOG3762@2759",MFS_1_like,0.0,0.0,Phase III: Efflux & Transport,MFS Xenobiotic Transporters,Solute Carrier Efflux,No
,GFT15714.1,,,,,,,6669.EFX69966,30.8,8.64e-62,219.0,0.0,0.0,0.0,0.0,major facilitator superfamily domain-containing protein 6 [Nephila pilipes],,"39V1X@33154,3BM5A@33208,3D3C0@33213,41WA8@6656,KOG3762@1,KOG3762@2759",MFS_1_like,0.0,0.0,Phase III: Efflux & Transport,MFS Xenobiotic Transporters,Solute Carrier Efflux,No
,GFT15852.1,GH11095,ko:K08193,,,,"ko02000,ko00000",7222.FBpp0145001,40.6,2.66e-15,80.1,0.0,0.0,0.0,0.0,"sialin, partial [Nephila pilipes]",,"39XKC@33154,3BMP2@33208,3D5XJ@33213,3SIAX@50557,41YGC@6656,44WVX@7147,45WKV@7214,KOG2532@1,KOG2532@2759",MFS_1,0.0,0.0,Phase III: Efflux & Transport,MFS Xenobiotic Transporters,Solute Carrier Efflux,No
,GFT16353.1,,ko:K08229,,,,"ko02000,ko00000",32264.tetur03g06220.1,49.6,2.1899999999999998e-67,229.0,0.0,0.0,0.0,0.0,solute carrier family 43 member 3 [Nephila pilipes],,"28M7G@1,2RUIA@2759,396I8@33154,3CAWT@33208,3DS4X@33213,423Q8@6656",MFS_1,0.0,0.0,Phase III: Efflux & Transport,MFS Xenobiotic Transporters,Solute Carrier Efflux,No
,GFT16363.1,L798_13834,ko:K15001,,,,"ko01000,ko00000,ko00199",136037.KDR12227,40.7,3.3e-88,280.0,0.0,0.0,0.0,0.0,cytochrome P450 4C1 [Nephila pilipes],,"38CHP@33154,3B9GY@33208,3CSG8@33213,3SGAE@50557,41U3I@6656,COG2124@1,KOG0157@2759",p450,0.0,0.0,Phase I: Functionalization,Cytochrome P450s (CYP450),CYP Monooxygenases,No
,GFT16415.1,CES2,,,,,,42254.XP_004600978.1,47.6,5.56e-19,89.4,0.0,0.0,0.0,0.0,acetylcholinesterase-1 [Nephila pilipes],,"38D2A@33154,3BDJX@33208,3CTBY@33213,3J3X2@40674,485ZR@7711,48Y85@7742,COG2272@1,KOG1516@2759",COesterase,0.0,0.0,Phase I: Functionalization,Carboxylesterases (COE),Esterases & Hydrolases,No
,GFT17645.1,MM_1935,,,,,,192952.MM_1935,39.1,5.45e-08,56.2,0.0,0.0,0.0,0.0,"n-acetyltransferase domain-containing protein, partial [Nephila pilipes]",,"2N9P8@224756,2XXI2@28890,COG0454@1,arCOG05161@2157",Acetyltransf_1,0.0,0.0,Phase II: Conjugation,N-Acetyltransferases (NAT),Acetylation,No
,GFT17840.1,L798_02318,ko:K19612,,,3.1.13.4,"ko01000,ko03029,ko03019,ko00000",136037.KDR08025,38.1,1.51e-117,368.0,0.0,0.0,0.0,0.0,"2',5'-phosphodiesterase 12 [Nephila pilipes]",,"38E3X@33154,3BEHH@33208,3CZRD@33213,3SIJC@50557,41XV7@6656,COG5239@1,KOG0620@2759",Exo_endo_phos,0.0,0.0,Phase I: Functionalization,Carboxylesterases (COE),Esterases & Hydrolases,No
,GFT17844.1,pde12,ko:K19612,,,3.1.13.4,"ko01000,ko03029,ko03019,ko00000",8090.ENSORLP00000021812,31.6,2.5900000000000002e-65,229.0,0.0,0.0,0.0,0.0,"2',5'-phosphodiesterase 12 [Nephila pilipes]",,"38E3X@33154,3BEHH@33208,3CZRD@33213,484ZS@7711,4912X@7742,4A06D@7898,COG5239@1,KOG0620@2759",Exo_endo_phos,0.0,0.0,Phase I: Functionalization,Carboxylesterases (COE),Esterases & Hydrolases,No
,GFT17846.1,20215173,ko:K19612,,,3.1.13.4,"ko01000,ko03029,ko03019,ko00000",6412.HelroP75620,35.7,5.63e-93,304.0,0.0,0.0,0.0,0.0,"2',5'-phosphodiesterase 12 [Nephila pilipes]",,"38E3X@33154,3BEHH@33208,3CZRD@33213,COG5239@1,KOG0620@2759",Exo_endo_phos,0.0,0.0,Phase I: Functionalization,Carboxylesterases (COE),Esterases & Hydrolases,No
,GFT17896.1,107368029,ko:K01049,"map00564,ko00564,map04725,ko04725",,3.1.1.7,"ko01000,ko00001,ko00537,ko00000",32264.tetur25g00710.1,32.6,3.88e-87,289.0,0.0,0.0,0.0,0.0,acetylcholinesterase-1 [Nephila pilipes],,"39MBH@33154,3CNZ2@33208,3E52U@33213,COG2272@1,KOG4389@2759",COesterase,0.0,0.0,Phase I: Functionalization,Carboxylesterases (COE),Esterases & Hydrolases,No
,GFT17905.1,107366977,ko:K01049,"map00564,ko00564,map04725,ko04725",,3.1.1.7,"ko01000,ko00001,ko00537,ko00000",32264.tetur20g03250.1,38.6,1.62e-53,190.0,0.0,0.0,0.0,0.0,acetylcholinesterase-1 [Nephila pilipes],,"38BW2@33154,3B9C3@33208,3CRAS@33213,41UNM@6656,COG2272@1,KOG4389@2759",COesterase,0.0,0.0,Phase I: Functionalization,Carboxylesterases (COE),Esterases & Hydrolases,No
,GFT17981.1,,,,,,,1121931.AUHG01000010_gene870,37.4,5.51e-08,57.8,0.0,0.0,0.0,0.0,abhydrolase domain-containing protein 11 [Nephila pilipes],,"1HXF6@117743,4NDZI@976,COG0596@1,COG0596@2",Abhydrolase_1,0.0,0.0,Phase I: Functionalization,Carboxylesterases (COE),Esterases & Hydrolases,No
,GFT18726.1,105620082,ko:K21396,,,,"ko02000,ko00000",12957.ACEP19732-PA,57.7,1.7700000000000002e-27,111.0,0.0,0.0,0.0,0.0,"protein white, partial [Nephila pilipes]",,"38CVQ@33154,3BCP7@33208,3CWB5@33213,3SIJM@50557,41TWH@6656,COG1131@1,KOG0061@2759","ABC2_membrane,ABC_tran",0.0,0.0,Phase III: Efflux & Transport,ABC Transporters (ABCA/B/C/G),ATP-Dependent Efflux,No
,GFT18993.1,,,,,,,126957.SMAR008806-PA,46.8,9.41e-08,54.3,0.0,0.0,0.0,0.0,"cytochrome P450 4V2, partial [Nephila pilipes]",,"38CHP@33154,3B9GY@33208,3DP8S@33213,42470@6656,COG2124@1,KOG0157@2759",p450,0.0,0.0,Phase I: Functionalization,Cytochrome P450s (CYP450),CYP Monooxygenases,No
,GFT19229.1,,,,,,,6500.XP_005092276.1,30.8,6.58e-28,127.0,0.0,0.0,0.0,0.0,monocarboxylate transporter 4 [Nephila pilipes],,"38HQ8@33154,3BE6B@33208,KOG2504@1,KOG2504@2759",MFS_1,0.0,0.0,Phase III: Efflux & Transport,MFS Xenobiotic Transporters,Solute Carrier Efflux,No
,GFT19233.1,,,,,,,32264.tetur03g05010.1,34.7,1.2700000000000002e-79,263.0,0.0,0.0,0.0,0.0,cytochrome P450 2J6 [Nephila pilipes],,"38BSU@33154,3BC78@33208,3CRSA@33213,41V2X@6656,COG2124@1,KOG0156@2759",p450,0.0,0.0,Phase I: Functionalization,Cytochrome P450s (CYP450),CYP Monooxygenases,No
,GFT19316.1,,,,,,,126957.SMAR006960-PA,51.2,1.36e-131,429.0,0.0,0.0,0.0,0.0,"cAMP-specific 3',5'-cyclic phosphodiesterase 7B [Nephila pilipes]",,"38GAT@33154,3BBX7@33208,3CSNE@33213,41X6A@6656,KOG3689@1,KOG3689@2759",PDEase_I,0.0,0.0,Phase I: Functionalization,Carboxylesterases (COE),Esterases & Hydrolases,No
,GFT19463.1,ABCC3,ko:K05667,"ko02010,ko04976,ko01523,map02010,map04976,map01523",,,"ko02000,ko00001,ko00000",8479.XP_008162185.1,43.5,2.02e-53,194.0,0.0,0.0,0.0,0.0,"multidrug resistance-associated protein 1, partial [Nephila pilipes]",,"38CH6@33154,3BA19@33208,3CSDY@33213,47Z73@7711,48W67@7742,4CCJD@8459,COG1132@1,KOG0054@2759","ABC_membrane,ABC_tran",0.0,0.0,Phase III: Efflux & Transport,ABC Transporters (ABCA/B/C/G),ATP-Dependent Efflux,No
,GFT20305.1,107363314,ko:K15001,,,,"ko01000,ko00000,ko00199",32264.tetur09g03800.1,40.0,6.45e-36,139.0,0.0,0.0,0.0,0.0,"cytochrome P450 4C1, partial [Nephila pilipes]",,"38CHP@33154,3B9GY@33208,3CSG8@33213,41U3I@6656,COG2124@1,KOG0157@2759",p450,0.0,0.0,Phase I: Functionalization,Cytochrome P450s (CYP450),CYP Monooxygenases,No
,GFT20404.1,107361102,ko:K05665,"ko02010,map05206,ko04977,ko01523,map02010,map04977,ko04071,map01523,map04071,ko05206",,,"ko02000,ko00001,ko00000",32264.tetur06g00360.1,53.1,0.0,1570.0,0.0,0.0,0.0,0.0,multidrug resistance-associated protein 1 [Nephila pilipes],,"38CH6@33154,3BA19@33208,3CSDY@33213,41W0W@6656,COG1132@1,KOG0054@2759","ABC_membrane,ABC_tran",0.0,0.0,Phase III: Efflux & Transport,ABC Transporters (ABCA/B/C/G),ATP-Dependent Efflux,No
,GFT20717.1,GL23362,ko:K08202,"ko05231,map05231",,,"ko02000,ko00001,ko00000",7234.FBpp0187469,41.7,6.539999999999999e-48,172.0,0.0,0.0,0.0,0.0,"organic cation transporter protein, partial [Nephila pilipes]",,"38FJ1@33154,3B9N9@33208,3CT4W@33213,3SJ4H@50557,41WFS@6656,44YKN@7147,45V80@7214,KOG0255@1,KOG0255@2759",MFS_1,0.0,0.0,Phase III: Efflux & Transport,MFS Xenobiotic Transporters,Solute Carrier Efflux,No
,GFT20799.1,107372143,ko:K07418,"map01100,ko01100,map04750,map00590,map00591,ko00591,ko00590,ko04750,ko04913,map04726,map04212,ko04212,map04913,ko04726",,1.14.14.1,"ko01000,ko00001,ko00000,ko00199",32264.tetur03g00970.1,33.7,1.4600000000000003e-79,270.0,0.0,0.0,0.0,0.0,cytochrome P450 2D9 [Nephila pilipes],,"38BSU@33154,3BC78@33208,3CRSA@33213,41V2X@6656,COG2124@1,KOG0156@2759",p450,0.0,0.0,Phase I: Functionalization,Cytochrome P450s (CYP450),CYP Monooxygenases,No
,GFT21009.1,107359285,ko:K07418,"map01100,ko01100,map04750,map00590,map00591,ko00591,ko00590,ko04750,ko04913,map04726,map04212,ko04212,map04913,ko04726",,1.14.14.1,"ko01000,ko00001,ko00000,ko00199",32264.tetur03g00020.1,35.3,6.42e-104,328.0,0.0,0.0,0.0,0.0,cytochrome P450 2A9 [Nephila pilipes],,"38BSU@33154,3BC78@33208,3CRSA@33213,41V2X@6656,COG2124@1,KOG0156@2759",p450,0.0,0.0,Phase I: Functionalization,Cytochrome P450s (CYP450),CYP Monooxygenases,No
,GFT21011.1,107359285,ko:K07418,"map01100,ko01100,map04750,map00590,map00591,ko00591,ko00590,ko04750,ko04913,map04726,map04212,ko04212,map04913,ko04726",,1.14.14.1,"ko01000,ko00001,ko00000,ko00199",32264.tetur03g00020.1,39.1,3.21e-112,348.0,0.0,0.0,0.0,0.0,cytochrome P450 2A9 [Nephila pilipes],,"38BSU@33154,3BC78@33208,3CRSA@33213,41V2X@6656,COG2124@1,KOG0156@2759",p450,0.0,0.0,Phase I: Functionalization,Cytochrome P450s (CYP450),CYP Monooxygenases,No
,GFT21123.1,EFV53526,ko:K12301,"map04142,ko04142",,,"ko02000,ko00001,ko00000",6334.EFV53526,46.4,3.47e-11,64.7,0.0,0.0,0.0,0.0,"putative transporter, partial [Nephila pilipes]",,"38CXA@33154,3BBSD@33208,3CR7D@33213,40D0Y@6231,KOG2532@1,KOG2532@2759",MFS_1,0.0,0.0,Phase III: Efflux & Transport,MFS Xenobiotic Transporters,Solute Carrier Efflux,No
,GFT21179.1,,,,,,,10228.TriadP61619,29.8,1.65e-08,58.9,0.0,0.0,0.0,0.0,"acetyltransf_18 domain-containing protein, partial [Nephila pilipes]",,"2S9B9@2759,3AC4G@33154,3BVTK@33208,COG0454@1",Acetyltransf_1,0.0,0.0,Phase II: Conjugation,N-Acetyltransferases (NAT),Acetylation,No
,GFT21702.1,,ko:K21396,,,,"ko02000,ko00000",132113.XP_003489743.1,61.5,1.2799999999999999e-28,114.0,0.0,0.0,0.0,0.0,"protein white, partial [Nephila pilipes]",,"38CVQ@33154,3BCP7@33208,3CWB5@33213,3SIJM@50557,41TWH@6656,46JD7@7399,COG1131@1,KOG0061@2759","ABC2_membrane,ABC_tran",0.0,0.0,Phase III: Efflux & Transport,ABC Transporters (ABCA/B/C/G),ATP-Dependent Efflux,No
,GFT22023.1,107360792,ko:K02514,"ko00534,map00534",,,"ko01003,ko01000,ko00001,ko00000",32264.tetur05g07680.1,58.1,3.1300000000000004e-161,468.0,0.0,0.0,0.0,0.0,heparan-sulfate 6-O-sulfotransferase 3-B [Nephila pilipes],,"38B5I@33154,3BBTY@33208,3CRXJ@33213,41VIB@6656,KOG3955@1,KOG3955@2759",Sulfotransfer_2,0.0,0.0,Phase II: Conjugation,Sulfotransferases (SULT),Sulfation,No
,GFT22026.1,107364822,ko:K14156,"map01100,map00564,ko00564,ko01100,ko05231,map05231","M00092,M00090","2.7.1.32,2.7.1.82","ko01000,ko00001,ko00000,ko00002",32264.tetur13g04240.1,52.2,9.76e-131,397.0,0.0,0.0,0.0,0.0,choline kinase alpha [Nephila pilipes],,"38HR7@33154,3BB27@33208,3CVYN@33213,41UXV@6656,COG0477@1,COG0510@1,KOG1330@2759,KOG2686@2759","Choline_kinase,MFS_1",0.0,0.0,Phase III: Efflux & Transport,MFS Xenobiotic Transporters,Solute Carrier Efflux,No
,GFT22746.1,LOC658391,,,,,,7070.TC010266-PA,35.9,3.88e-11,65.5,0.0,0.0,0.0,0.0,vesicular glutamate transporter 2.2 [Nephila pilipes],,"39SPX@33154,3BP2B@33208,3D49A@33213,3SIT2@50557,41WWP@6656,KOG2532@1,KOG2532@2759",MFS_1,0.0,0.0,Phase III: Efflux & Transport,MFS Xenobiotic Transporters,Solute Carrier Efflux,No
,GFT22792.1,PTSG_09866,ko:K08175,,,,"ko02000,ko00000",946362.XP_004989221.1,31.3,1.07e-45,177.0,0.0,0.0,0.0,0.0,sodium-dependent glucose transporter 1 [Nephila pilipes],,"28Z0Q@1,2R5UW@2759,38BCW@33154",MFS_1,0.0,0.0,Phase III: Efflux & Transport,MFS Xenobiotic Transporters,Solute Carrier Efflux,No
,GFT22811.1,,ko:K08175,,,,"ko02000,ko00000",7719.XP_002122926.1,33.9,2.32e-63,221.0,0.0,0.0,0.0,0.0,sodium-dependent glucose transporter 1 [Nephila pilipes],,"28Z0Q@1,2R5UW@2759,38BCW@33154,3BHS8@33208,3D1D3@33213,4846H@7711",MFS_1,0.0,0.0,Phase III: Efflux & Transport,MFS Xenobiotic Transporters,Solute Carrier Efflux,No
,GFT23831.1,,,,,,,10224.XP_002730610.1,34.3,1.33e-52,189.0,0.0,0.0,0.0,0.0,"cytochrome P450 3A21, partial [Nephila pilipes]",,"38BTY@33154,3BF8S@33208,3CV2F@33213,COG2124@1,KOG0158@2759",p450,0.0,0.0,Phase I: Functionalization,Cytochrome P450s (CYP450),CYP Monooxygenases,No
,GFT23927.1,AND_000377,,,,,,43151.ADAC000377-PA,35.4,1.2800000000000001e-21,98.2,0.0,0.0,0.0,0.0,"acetylcholinesterase, partial [Nephila pilipes]",,"38BW2@33154,3B9C3@33208,3CRAS@33213,3SIFH@50557,41VH9@6656,4566N@7147,45BGB@7148,COG2272@1,KOG4389@2759",COesterase,0.0,0.0,Phase I: Functionalization,Carboxylesterases (COE),Esterases & Hydrolases,No
,GFT23980.1,EAZ88491.1,,,,,,391612.CY0110_15255,55.4,9.1e-25,100.0,0.0,0.0,0.0,0.0,"sulfotransferase 1C2, partial [Nephila pilipes]",,"1G8T0@1117,31CAG@2,3KFWM@43988,KOG1584@1",Sulfotransfer_1,0.0,0.0,Phase II: Conjugation,Sulfotransferases (SULT),Sulfation,No
,GFT24492.1,L798_07229,ko:K15001,,,,"ko01000,ko00000,ko00199",136037.KDR18347,48.5,1.45e-30,129.0,0.0,0.0,0.0,0.0,cytochrome P450 4C1 [Nephila pilipes],,"38CHP@33154,3B9GY@33208,3CSG8@33213,3SGAE@50557,41U3I@6656,COG2124@1,KOG0157@2759",p450,0.0,0.0,Phase I: Functionalization,Cytochrome P450s (CYP450),CYP Monooxygenases,No
,GFT24984.1,107368029,ko:K01049,"map00564,ko00564,map04725,ko04725",,3.1.1.7,"ko01000,ko00001,ko00537,ko00000",32264.tetur25g00710.1,43.5,1.35e-19,90.9,0.0,0.0,0.0,0.0,"acetylcholinesterase-1, partial [Nephila pilipes]",,"39MBH@33154,3CNZ2@33208,3E52U@33213,COG2272@1,KOG4389@2759",COesterase,0.0,0.0,Phase I: Functionalization,Carboxylesterases (COE),Esterases & Hydrolases,No
,GFT25047.1,107363149,ko:K01052,"map04979,ko00100,ko04979,ko04142,map00100,map04142",,3.1.1.13,"ko01000,ko00001,ko00000",32264.tetur09g06670.1,63.4,2.85e-20,90.9,0.0,0.0,0.0,0.0,gastric triacylglycerol lipase [Nephila pilipes],,"38KMN@33154,3BB1T@33208,COG0596@1,COG1565@1,KOG2624@2759,KOG2901@2759","Abhydro_lipase,Abhydrolase_1,Methyltransf_28",0.0,0.0,Phase I: Functionalization,Carboxylesterases (COE),Esterases & Hydrolases,No
,GFT25165.1,,,,,,,7029.ACYPI065802-PA,58.0,1.21e-12,68.2,0.0,0.0,0.0,0.0,"KRAB-A domain-containing protein 2, partial [Nephila pilipes]",,"COG2124@1,COG2801@1,KOG0017@2759,KOG0157@2759",p450,0.0,0.0,Phase I: Functionalization,Cytochrome P450s (CYP450),CYP Monooxygenases,No
,GFT25184.1,,,,,,,32264.tetur03g05010.1,44.4,1.45e-52,182.0,0.0,0.0,0.0,0.0,"cytochrome P450 1A1, partial [Nephila pilipes]",,"38BSU@33154,3BC78@33208,3CRSA@33213,41V2X@6656,COG2124@1,KOG0156@2759",p450,0.0,0.0,Phase I: Functionalization,Cytochrome P450s (CYP450),CYP Monooxygenases,No
,GFT25316.1,SVOPL,,,,,,8479.XP_008169369.1,43.8,1.68e-13,71.6,0.0,0.0,0.0,0.0,synaptic vesicle 2-related protein [Nephila pilipes],,"38BRT@33154,3BCKS@33208,3CUK1@33213,483S1@7711,49123@7742,4CGC7@8459,KOG0253@1,KOG0253@2759",MFS_1,0.0,0.0,Phase III: Efflux & Transport,MFS Xenobiotic Transporters,Solute Carrier Efflux,No
,GFT25381.1,107362358,ko:K07418,"map01100,ko01100,map04750,map00590,map00591,ko00591,ko00590,ko04750,ko04913,map04726,map04212,ko04212,map04913,ko04726",,1.14.14.1,"ko01000,ko00001,ko00000,ko00199",32264.tetur08g08050.1,39.2,1.95e-73,242.0,0.0,0.0,0.0,0.0,cytochrome P450 2G1 [Nephila pilipes],,"38BSU@33154,3BC78@33208,3CRSA@33213,41V2X@6656,COG2124@1,KOG0156@2759",p450,0.0,0.0,Phase I: Functionalization,Cytochrome P450s (CYP450),CYP Monooxygenases,No
,GFT26632.1,107364290,ko:K07418,"map01100,ko01100,map04750,map00590,map00591,ko00591,ko00590,ko04750,ko04913,map04726,map04212,ko04212,map04913,ko04726",,1.14.14.1,"ko01000,ko00001,ko00000,ko00199",32264.tetur11g00530.1,39.5,1.44e-63,215.0,0.0,0.0,0.0,0.0,"cytochrome P450 2C5, partial [Nephila pilipes]",,"38BSU@33154,3BC78@33208,3CRSA@33213,41V2X@6656,COG2124@1,KOG0156@2759",p450,0.0,0.0,Phase I: Functionalization,Cytochrome P450s (CYP450),CYP Monooxygenases,No
,GFT26667.1,,,,,,,126957.SMAR008771-PA,46.1,3.93e-84,263.0,0.0,0.0,0.0,0.0,cytochrome P450 4c3 [Nephila pilipes],,"38CHP@33154,3B9GY@33208,COG2124@1,KOG0157@2759",p450,0.0,0.0,Phase I: Functionalization,Cytochrome P450s (CYP450),CYP Monooxygenases,No
,GFT26725.1,,,,,,,7425.NV15429-PA,24.3,2.17e-71,265.0,0.0,0.0,0.0,0.0,"dual 3',5'-cyclic-AMP and-GMP phosphodiesterase 11 [Nephila pilipes]",,"2CMP4@1,2QR56@2759,39VQX@33154,3BR69@33208,3D755@33213,3T012@50557,4230R@6656,46MK3@7399","Peptidase_A17,rve",0.0,0.0,Phase I: Functionalization,Carboxylesterases (COE),Esterases & Hydrolases,No
,GFT26728.1,105618981,ko:K00327,,,1.6.2.4,"ko01000,ko00000",12957.ACEP16641-PA,72.4,5.64e-58,194.0,0.0,0.0,0.0,0.0,"NADPH--cytochrome P450 reductase, partial [Nephila pilipes]",,"38BIN@33154,3B9BP@33208,3CVR2@33213,3SFT7@50557,41UCT@6656,COG0369@1,KOG1158@2759","FAD_binding_1,Flavodoxin_1,NAD_binding_1",0.0,0.0,Phase I: Functionalization,Cytochrome P450s (CYP450),CYP Monooxygenases,No
,GFT26817.1,Cpar_1019,,,,,,517417.Cpar_1019,27.7,1.25e-14,81.3,0.0,0.0,0.0,0.0,n-acetyltransferase domain-containing protein [Nephila pilipes],,"COG0454@1,COG0454@2",Acetyltransf_1,0.0,0.0,Phase II: Conjugation,N-Acetyltransferases (NAT),Acetylation,No
,GFT26827.1,,,,,,,1041147.AUFB01000005_gene2782,29.4,1.7e-10,69.3,0.0,0.0,0.0,0.0,n-acetyltransferase domain-containing protein [Nephila pilipes],,"1MVVG@1224,2TR1B@28211,4B917@82115,COG0454@1,COG0454@2",Acetyltransf_1,0.0,0.0,Phase II: Conjugation,N-Acetyltransferases (NAT),Acetylation,No
,GFT26830.1,Npun_F0556,,,,,,63737.Npun_F0556,27.1,1.28e-17,89.0,0.0,0.0,0.0,0.0,n-acetyltransferase domain-containing protein [Nephila pilipes],,"1G5K5@1117,1HMPM@1161,COG0454@1,COG0454@2",Acetyltransf_1,0.0,0.0,Phase II: Conjugation,N-Acetyltransferases (NAT),Acetylation,No
,GFT27254.1,AAEL007243,ko:K13703,,,,"ko01002,ko00000",7159.AAEL007243-PA,39.6,6.31e-11,64.7,0.0,0.0,0.0,0.0,abhydrolase domain-containing protein 11 [Nephila pilipes],,"39UJH@33154,3BHQ0@33208,3CX97@33213,3SKQU@50557,41YJQ@6656,44XDA@7147,45CES@7148,COG0596@1,KOG2382@2759",Abhydrolase_1,0.0,0.0,Phase I: Functionalization,Carboxylesterases (COE),Esterases & Hydrolases,No
,GFT27487.1,cyp4v8,ko:K07427,,,,"ko00000,ko00199",7955.ENSDARP00000083913,49.3,7.69e-15,75.9,0.0,0.0,0.0,0.0,"cytochrome P450 4c3, partial [Nephila pilipes]",,"38CHP@33154,3B9GY@33208,3CSG8@33213,487KR@7711,49547@7742,49UUX@7898,COG2124@1,KOG0157@2759",p450,0.0,0.0,Phase I: Functionalization,Cytochrome P450s (CYP450),CYP Monooxygenases,No
,GFT28400.1,,,,,,,6500.XP_005099523.1,25.8,1.93e-24,109.0,0.0,0.0,0.0,0.0,n-acetyltransferase domain-containing protein [Nephila pilipes],,"2FE5R@1,2TFFT@2759,39B32@33154,3CF5H@33208,3DGI9@33213",Acetyltransf_10,0.0,0.0,Phase II: Conjugation,N-Acetyltransferases (NAT),Acetylation,No
,GFT28403.1,,,,,,,10224.XP_006821012.1,23.7,5.52e-16,85.1,0.0,0.0,0.0,0.0,n-acetyltransferase domain-containing protein [Nephila pilipes],,"2SG9U@2759,3A998@33154,COG0454@1",Acetyltransf_1,0.0,0.0,Phase II: Conjugation,N-Acetyltransferases (NAT),Acetylation,No
,GFT28626.1,,ko:K05677,"ko02010,map04146,ko04146,map02010",,,"ko02000,ko00001,ko00000",7739.XP_002611047.1,61.1,9.34e-273,768.0,0.0,0.0,0.0,0.0,ATP-binding cassette sub-family D member 3 [Nephila pilipes],,"3AETW@33154,3BFUM@33208,3CZQZ@33213,4893T@7711,COG4178@1,KOG0060@2759","ABC_membrane_2,ABC_tran",0.0,0.0,Phase III: Efflux & Transport,ABC Transporters (ABCA/B/C/G),ATP-Dependent Efflux,No
,GFT29192.1,107368029,ko:K01049,"map00564,ko00564,map04725,ko04725",,3.1.1.7,"ko01000,ko00001,ko00537,ko00000",32264.tetur25g00710.1,34.0,3.82e-89,295.0,0.0,0.0,0.0,0.0,acetylcholinesterase-1 [Nephila pilipes],,"39MBH@33154,3CNZ2@33208,3E52U@33213,COG2272@1,KOG4389@2759",COesterase,0.0,0.0,Phase I: Functionalization,Carboxylesterases (COE),Esterases & Hydrolases,No
,GFT29902.1,,,,,,,6669.EFX79020,42.8,8.03e-121,372.0,0.0,0.0,0.0,0.0,probable cytochrome P450 49a1 [Nephila pilipes],,"38CZC@33154,3B9J4@33208,3CUCS@33213,41W0C@6656,COG2124@1,KOG0159@2759",p450,0.0,0.0,Phase I: Functionalization,Cytochrome P450s (CYP450),CYP Monooxygenases,No
,GFT30577.1,107368633,,,,,,32264.tetur27g00340.1,35.3,5.48e-93,299.0,0.0,0.0,0.0,0.0,cytochrome P450 18a1 [Nephila pilipes],,"38BSU@33154,3BC78@33208,3CRSA@33213,41V2X@6656,COG2124@1,KOG0156@2759",p450,0.0,0.0,Phase I: Functionalization,Cytochrome P450s (CYP450),CYP Monooxygenases,No
,GFT30578.1,107368628,,,,,,32264.tetur27g00350.1,33.2,8.6e-86,280.0,0.0,0.0,0.0,0.0,cytochrome P450 18a1 [Nephila pilipes],,"38BSU@33154,3BC78@33208,3CRSA@33213,41V2X@6656,COG2124@1,KOG0156@2759",p450,0.0,0.0,Phase I: Functionalization,Cytochrome P450s (CYP450),CYP Monooxygenases,No
,GFT30579.1,107368628,,,,,,32264.tetur27g00350.1,31.7,1.66e-77,259.0,0.0,0.0,0.0,0.0,cytochrome P450 18a1 [Nephila pilipes],,"38BSU@33154,3BC78@33208,3CRSA@33213,41V2X@6656,COG2124@1,KOG0156@2759",p450,0.0,0.0,Phase I: Functionalization,Cytochrome P450s (CYP450),CYP Monooxygenases,No
,GFT30603.1,Thini_4315,,,,,,870187.Thini_4315,38.9,4.12e-13,72.0,0.0,0.0,0.0,0.0,sulfotransferase 1C2A [Nephila pilipes],,"1MUCG@1224,1RR44@1236,COG4301@1,COG4301@2","Methyltransf_33,Sulfotransfer_1",0.0,0.0,Phase II: Conjugation,Sulfotransferases (SULT),Sulfation,No
,GFT31281.1,L798_01821,ko:K02513,"ko00534,map00534",,,"ko01003,ko01000,ko00001,ko00000",136037.KDR22215,56.4,3.66e-145,423.0,0.0,0.0,0.0,0.0,heparan sulfate 2-O-sulfotransferase 1 [Nephila pilipes],,"38GRJ@33154,3B9RX@33208,3CUS0@33213,3SKBA@50557,41VWJ@6656,KOG3922@1,KOG3922@2759",Sulfotransfer_2,0.0,0.0,Phase II: Conjugation,Sulfotransferases (SULT),Sulfation,No
,GFT31590.1,L798_05058,ko:K15003,,,,"ko01000,ko00000,ko00199",136037.KDR20273,39.7,1.5300000000000002e-37,146.0,0.0,0.0,0.0,0.0,"cytochrome P450 9e2, partial [Nephila pilipes]",,"38BTY@33154,3BF8S@33208,3CV2F@33213,3SZ1K@50557,41TTZ@6656,COG2124@1,KOG0158@2759",p450,0.0,0.0,Phase I: Functionalization,Cytochrome P450s (CYP450),CYP Monooxygenases,No
,GFT31887.1,107359285,ko:K07418,"map01100,ko01100,map04750,map00590,map00591,ko00591,ko00590,ko04750,ko04913,map04726,map04212,ko04212,map04913,ko04726",,1.14.14.1,"ko01000,ko00001,ko00000,ko00199",32264.tetur03g00020.1,40.8,1.01e-113,352.0,0.0,0.0,0.0,0.0,cytochrome P450 2J6 [Nephila pilipes],,"38BSU@33154,3BC78@33208,3CRSA@33213,41V2X@6656,COG2124@1,KOG0156@2759",p450,0.0,0.0,Phase I: Functionalization,Cytochrome P450s (CYP450),CYP Monooxygenases,No
,GFT31992.1,L798_13836,ko:K15001,,,,"ko01000,ko00000,ko00199",136037.KDR12229,45.0,4.28e-26,109.0,0.0,0.0,0.0,0.0,"cytochrome P450 4C1, partial [Nephila pilipes]",,"38CHP@33154,3B9GY@33208,3CSG8@33213,3SGAE@50557,41U3I@6656,COG2124@1,KOG0157@2759",p450,0.0,0.0,Phase I: Functionalization,Cytochrome P450s (CYP450),CYP Monooxygenases,No
,GFT32366.1,L798_06145,,,,,,136037.KDR19626,81.6,2.41e-40,147.0,0.0,0.0,0.0,0.0,ABC transporter G family member 25 [Nephila pilipes],,"38CVQ@33154,3BGZU@33208,3CR5V@33213,3SGJX@50557,41XCZ@6656,COG1131@1,KOG0061@2759","ABC2_membrane,ABC_tran",0.0,0.0,Phase III: Efflux & Transport,ABC Transporters (ABCA/B/C/G),ATP-Dependent Efflux,No
,GFT32419.1,,,,,,,10224.XP_002731619.1,48.8,1.7e-54,190.0,0.0,0.0,0.0,0.0,"cytochrome P450 3A7, partial [Nephila pilipes]",,"38BTY@33154,3BF8S@33208,3CV2F@33213,COG2124@1,KOG0158@2759",p450,0.0,0.0,Phase I: Functionalization,Cytochrome P450s (CYP450),CYP Monooxygenases,No
,GFT32423.1,,,,,,,126957.SMAR002727-PA,39.3,8.659999999999999e-95,317.0,0.0,0.0,0.0,0.0,cytochrome P450 3A5 [Nephila pilipes],,"38BTY@33154,3BF8S@33208,3CV2F@33213,41TTZ@6656,COG2124@1,KOG0158@2759",p450,0.0,0.0,Phase I: Functionalization,Cytochrome P450s (CYP450),CYP Monooxygenases,No
,GFT32425.1,L798_14432,ko:K14999,,,,"ko01000,ko00000,ko00199",136037.KDR10910,34.2,2.93e-93,301.0,0.0,0.0,0.0,0.0,cytochrome P450 9e2 [Nephila pilipes],,"38BTY@33154,3BF8S@33208,3CV2F@33213,3SK5P@50557,41VYX@6656,COG2124@1,KOG0158@2759",p450,0.0,0.0,Phase I: Functionalization,Cytochrome P450s (CYP450),CYP Monooxygenases,No
,GFT32853.1,8236183,ko:K13298,"ko05032,ko04934,ko00230,map04934,map05032,map00230",,"3.1.4.35,3.1.4.17","ko01000,ko00001,ko00000",121225.PHUM497020-PA,64.6,0.0,1105.0,0.0,0.0,0.0,0.0,"dual 3',5'-cyclic-AMP and -GMP phosphodiesterase 11 [Nephila pilipes]",,"38BQB@33154,3B9XB@33208,3CSEF@33213,3E7YK@33342,3SKQF@50557,41UY5@6656,KOG3689@1,KOG3689@2759","GAF,PDEase_I",0.0,0.0,Phase I: Functionalization,Carboxylesterases (COE),Esterases & Hydrolases,No
,GFT33343.1,107368118,ko:K05641,"ko02010,map04979,ko04975,ko04979,map02010,map04975",,,"ko02000,ko00001,ko00000",32264.tetur25g01640.1,49.3,0.0,2135.0,0.0,0.0,0.0,0.0,phospholipid-transporting ATPase ABCA1 [Nephila pilipes],,"38BPG@33154,3BBB4@33208,3CSBI@33213,41WWW@6656,COG1131@1,KOG0059@2759","ABC2_membrane_3,ABC_tran",0.0,0.0,Phase III: Efflux & Transport,ABC Transporters (ABCA/B/C/G),ATP-Dependent Efflux,No
,GFT33344.1,107368118,ko:K05641,"ko02010,map04979,ko04975,ko04979,map02010,map04975",,,"ko02000,ko00001,ko00000",32264.tetur25g01640.1,49.3,0.0,2135.0,0.0,0.0,0.0,0.0,phospholipid-transporting ATPase ABCA1 [Nephila pilipes],,"38BPG@33154,3BBB4@33208,3CSBI@33213,41WWW@6656,COG1131@1,KOG0059@2759","ABC2_membrane_3,ABC_tran",0.0,0.0,Phase III: Efflux & Transport,ABC Transporters (ABCA/B/C/G),ATP-Dependent Efflux,No
,GFT34155.1,,,,,,,126957.SMAR011781-PA,46.2,3.97e-39,148.0,0.0,0.0,0.0,0.0,major facilitator superfamily domain-containing protein 4A [Nephila pilipes],,"28Z0Q@1,2QRVK@2759,38E0I@33154,3BDWI@33208,3CZF1@33213,423Q6@6656",MFS_1,0.0,0.0,Phase III: Efflux & Transport,MFS Xenobiotic Transporters,Solute Carrier Efflux,No
,GFT34161.1,,,,,,,126957.SMAR011781-PA,43.0,4.73e-42,157.0,0.0,0.0,0.0,0.0,major facilitator superfamily domain-containing protein 4A [Nephila pilipes],,"28Z0Q@1,2QRVK@2759,38E0I@33154,3BDWI@33208,3CZF1@33213,423Q6@6656",MFS_1,0.0,0.0,Phase III: Efflux & Transport,MFS Xenobiotic Transporters,Solute Carrier Efflux,No
,GFT34163.1,20203332,,,,,,6412.HelroP170736,47.6,1.35e-39,150.0,0.0,0.0,0.0,0.0,major facilitator superfamily domain-containing protein 4A [Nephila pilipes],,"28Z0Q@1,2QRVK@2759,38E0I@33154,3BDWI@33208,3CZF1@33213",MFS_1,0.0,0.0,Phase III: Efflux & Transport,MFS Xenobiotic Transporters,Solute Carrier Efflux,No
,GFT34184.1,,,,,,,126957.SMAR011118-PA,53.8,0.0,1467.0,0.0,0.0,0.0,0.0,multidrug resistance-associated protein 1 [Nephila pilipes],,"38BBT@33154,3BD6M@33208,3CUQB@33213,41VTY@6656,COG0439@1,COG1132@1,KOG0054@2759,KOG0368@2759","ABC_membrane,ABC_tran,ACC_central,Biotin_carb_C,Biotin_carb_N,Biotin_lipoyl,CPSase_L_D2,Carboxyl_trans",0.0,0.0,Phase III: Efflux & Transport,ABC Transporters (ABCA/B/C/G),ATP-Dependent Efflux,No
,GFT34378.1,,ko:K12301,"map04142,ko04142",,,"ko02000,ko00001,ko00000",7719.XP_002122757.1,35.8,8.36e-97,307.0,0.0,0.0,0.0,0.0,putative inorganic phosphate cotransporter [Nephila pilipes],,"38CXA@33154,3BBSD@33208,3CR7D@33213,48475@7711,KOG2532@1,KOG2532@2759",MFS_1,0.0,0.0,Phase III: Efflux & Transport,MFS Xenobiotic Transporters,Solute Carrier Efflux,No
,GFT35026.1,G5I_09986,ko:K21396,,,,"ko02000,ko00000",103372.F4WVN8,49.8,3.920000000000001e-86,278.0,0.0,0.0,0.0,0.0,protein white [Nephila pilipes],,"38CVQ@33154,3BCP7@33208,3CWB5@33213,3SIJM@50557,41TWH@6656,COG1131@1,KOG0061@2759","ABC2_membrane,ABC_tran",0.0,0.0,Phase III: Efflux & Transport,ABC Transporters (ABCA/B/C/G),ATP-Dependent Efflux,No
,GFT35156.1,ACK69738.1,,,,,,65393.PCC7424_1291,59.2,6.83e-12,68.2,0.0,0.0,0.0,0.0,"sulfotransfer_1 domain-containing protein, partial [Nephila pilipes]",,"1G8T0@1117,31CAG@2,3KFWM@43988,KOG1584@1",Sulfotransfer_1,0.0,0.0,Phase II: Conjugation,Sulfotransferases (SULT),Sulfation,No
,GFT35166.1,CYP4V2,ko:K07427,,,,"ko00000,ko00199",59894.ENSFALP00000012483,49.0,2.41e-145,432.0,0.0,0.0,0.0,0.0,cytochrome P450 4V2 [Nephila pilipes],,"38CHP@33154,3B9GY@33208,3CSG8@33213,487KR@7711,49547@7742,4GHA2@8782,COG2124@1,KOG0157@2759",p450,0.0,0.0,Phase I: Functionalization,Cytochrome P450s (CYP450),CYP Monooxygenases,No
,GFT35168.1,,,,,,,126957.SMAR008771-PA,51.1,1.45e-99,304.0,0.0,0.0,0.0,0.0,cytochrome P450 4V2 [Nephila pilipes],,"38CHP@33154,3B9GY@33208,COG2124@1,KOG0157@2759",p450,0.0,0.0,Phase I: Functionalization,Cytochrome P450s (CYP450),CYP Monooxygenases,No
,GFT35172.1,CYP4V2,ko:K07427,,,,"ko00000,ko00199",59894.ENSFALP00000012483,48.0,8.259999999999999e-138,412.0,0.0,0.0,0.0,0.0,cytochrome P450 4V2 [Nephila pilipes],,"38CHP@33154,3B9GY@33208,3CSG8@33213,487KR@7711,49547@7742,4GHA2@8782,COG2124@1,KOG0157@2759",p450,0.0,0.0,Phase I: Functionalization,Cytochrome P450s (CYP450),CYP Monooxygenases,No
,GFT35174.1,,,,,,,126957.SMAR008771-PA,47.6,1.6300000000000002e-88,275.0,0.0,0.0,0.0,0.0,cytochrome P450 4V2 [Nephila pilipes],,"38CHP@33154,3B9GY@33208,COG2124@1,KOG0157@2759",p450,0.0,0.0,Phase I: Functionalization,Cytochrome P450s (CYP450),CYP Monooxygenases,No
,GFT35327.1,,,,,,,42254.XP_004620781.1,29.1,8.780000000000001e-37,149.0,0.0,0.0,0.0,0.0,cytochrome P450 2A7 [Nephila pilipes],,"38BSU@33154,3BC78@33208,3CRSA@33213,3JBZK@40674,482KT@7711,48WKH@7742,COG2124@1,KOG0156@2759",p450,0.0,0.0,Phase I: Functionalization,Cytochrome P450s (CYP450),CYP Monooxygenases,No
,GFT35340.1,Gstm1,ko:K00799,"map05418,ko00480,map00480,map05204,ko00980,map00982,ko00982,map00980,ko00983,ko01524,map05225,ko05225,map05200,ko05204,map00983,ko05200,map01524,ko05418",,2.5.1.18,"ko01000,ko02000,ko00001,ko00000",10090.ENSMUSP00000004140,48.1,6.88e-65,207.0,0.0,0.0,0.0,0.0,glutathione S-transferase Mu 1 [Nephila pilipes],"P|GO:0006518|ISO,P|GO:0006575|ISO,P|GO:0006749|ISO,P|GO:0006790|ISO,P|GO:0006805|ISO,P|GO:0006807|ISO,P|GO:0008150|IDA,P|GO:0008150|ISO,P|GO:0008152|ISO,P|GO:0009056|ISO,P|GO:0009410|ISO,P|GO:0009987|IDA,P|GO:0009987|ISO,P|GO:0034641|ISO,P|GO:0035690|IDA,P|GO:0042178|ISO,P|GO:0042221|IDA,P|GO:0042221|ISO,P|GO:0042493|IDA,P|GO:0043603|ISO,P|GO:0044237|ISO,P|GO:0044248|ISO,P|GO:0050896|IDA,P|GO:0050896|ISO,P|GO:0051186|ISO,P|GO:0051716|IDA,P|GO:0051716|ISO,P|GO:0070887|IDA,P|GO:0070887|ISO,P|GO:0071466|ISO,P|GO:0071704|ISO,P|GO:1901564|ISO,C|GO:0005575|ISO,C|GO:0005575|CURATED,C|GO:0005575|IDA,C|GO:0005576|ISO,C|GO:0005576|ISO,C|GO:0005622|ISO,C|GO:0005622|CURATED,C|GO:0005623|ISO,C|GO:0005623|CURATED,C|GO:0005623|IDA,C|GO:0005737|ISO,C|GO:0005737|CURATED,C|GO:0005829|ISO,C|GO:0032991|ISO,C|GO:0043209|IDA,C|GO:0044421|ISO,C|GO:0044424|ISO,C|GO:0044424|CURATED,C|GO:0044444|ISO,C|GO:0044464|ISO,C|GO:0044464|CURATED,C|GO:0044464|IDA,C|GO:0045171|ISO,F|GO:0003674|IDA,F|GO:0003674|ISO,F|GO:0003824|ISO,F|GO:0004364|ISO,F|GO:0005488|IDA,F|GO:0005488|ISO,F|GO:0005496|ISO,F|GO:0005515|IDA,F|GO:0005515|ISO,F|GO:0008289|ISO,F|GO:0016151|ISO,F|GO:0016740|ISO,F|GO:0016765|ISO,F|GO:0019899|ISO,F|GO:0019900|ISO,F|GO:0019901|ISO,F|GO:0033218|ISO,F|GO:0042277|ISO,F|GO:0042802|IDA,F|GO:0042802|ISO,F|GO:0042803|IDA,F|GO:0043167|ISO,F|GO:0043168|ISO,F|GO:0043169|ISO,F|GO:0043295|ISO,F|GO:0046872|ISO,F|GO:0046914|ISO,F|GO:0046982|IDA,F|GO:0046983|IDA,F|GO:0048037|ISO,F|GO:0072341|ISO,F|GO:0097159|ISO,F|GO:1900750|ISO,F|GO:1901681|ISO","35AZR@314146,38YPE@33154,3BFCR@33208,3CZP0@33213,3JFS3@40674,48D41@7711,49AQ0@7742,4Q9CB@9989,KOG1695@1,KOG1695@2759","GST_C_3,GST_N",0.0,0.0,Phase II: Conjugation,Glutathione S-Transferases (GST),Glutathione Conjugation,No
,GFT35385.1,LOC661570,ko:K06158,,,,"ko03012,ko00000",7070.TC011927-PA,58.8,3.4900000000000005e-259,737.0,0.0,0.0,0.0,0.0,ATP-binding cassette sub-family F member 3 [Nephila pilipes],,"38FBM@33154,3B9H1@33208,3CS1F@33213,3SIC0@50557,41WNQ@6656,COG0488@1,KOG0062@2759","ABC_tran,ABC_tran_Xtn",0.0,0.0,Phase III: Efflux & Transport,ABC Transporters (ABCA/B/C/G),ATP-Dependent Efflux,No
,GFT35617.1,,ko:K15001,,,,"ko01000,ko00000,ko00199",6669.EFX87732,42.3,2.41e-113,347.0,0.0,0.0,0.0,0.0,"cytochrome P450 4V2, partial [Nephila pilipes]",,"38CHP@33154,3B9GY@33208,3CSG8@33213,41U3I@6656,COG2124@1,KOG0157@2759",p450,0.0,0.0,Phase I: Functionalization,Cytochrome P450s (CYP450),CYP Monooxygenases,No
,GFT35618.1,,,,,,,126957.SMAR008771-PA,48.6,4.2100000000000004e-58,192.0,0.0,0.0,0.0,0.0,cytochrome P450 4c3 [Nephila pilipes],,"38CHP@33154,3B9GY@33208,COG2124@1,KOG0157@2759",p450,0.0,0.0,Phase I: Functionalization,Cytochrome P450s (CYP450),CYP Monooxygenases,No
,GFT36057.1,,,,,,,7739.XP_002594920.1,32.8,5.819999999999998e-48,176.0,0.0,0.0,0.0,0.0,major facilitator superfamily domain-containing protein 3 [Nephila pilipes],,"39T5I@33154,3BISU@33208,3CU6Y@33213,487UZ@7711,COG0477@1,KOG3574@2759",MFS_1,0.0,0.0,Phase III: Efflux & Transport,MFS Xenobiotic Transporters,Solute Carrier Efflux,No
,GFT36073.1,,ko:K05667,"ko02010,ko04976,ko01523,map02010,map04976,map01523",,,"ko02000,ko00001,ko00000",8081.XP_008436250.1,44.0,5.61e-184,565.0,0.0,0.0,0.0,0.0,multidrug resistance-associated protein 1 [Nephila pilipes],,"38CH6@33154,3BA19@33208,3CSDY@33213,47Z73@7711,48W67@7742,49Z9Z@7898,COG1132@1,KOG0054@2759","ABC_membrane,ABC_tran",0.0,0.0,Phase III: Efflux & Transport,ABC Transporters (ABCA/B/C/G),ATP-Dependent Efflux,No
,GFT36075.1,,,,,,,126957.SMAR011118-PA,27.2,1.19e-21,103.0,0.0,0.0,0.0,0.0,"multidrug resistance-associated protein 1, partial [Nephila pilipes]",,"38BBT@33154,3BD6M@33208,3CUQB@33213,41VTY@6656,COG0439@1,COG1132@1,KOG0054@2759,KOG0368@2759","ABC_membrane,ABC_tran,ACC_central,Biotin_carb_C,Biotin_carb_N,Biotin_lipoyl,CPSase_L_D2,Carboxyl_trans",0.0,0.0,Phase III: Efflux & Transport,ABC Transporters (ABCA/B/C/G),ATP-Dependent Efflux,No
,GFT36225.1,v1g186779,ko:K01800,"map01100,ko00643,map01120,map00643,ko01100,ko01120,map00350,ko00350",M00044,5.2.1.2,"ko01000,ko00001,ko00000,ko00002",45351.EDO40157,54.8,1.26e-76,236.0,0.0,0.0,0.0,0.0,maleylacetoacetate isomerase [Nephila pilipes],,"39R80@33154,3BAX5@33208,COG0625@1,KOG0868@2759","GST_C_3,GST_N_3",0.0,0.0,Phase II: Conjugation,Glutathione S-Transferases (GST),Glutathione Conjugation,No
,GFT36278.1,KIAA1919,,,,,,9739.XP_004314782.1,31.7,7.01e-45,172.0,0.0,0.0,0.0,0.0,major facilitator superfamily domain-containing protein 4A [Nephila pilipes],,"28Z0Q@1,2R5UW@2759,38BCW@33154,3BHS8@33208,3D1D3@33213,3J2M1@40674,4846H@7711,48X24@7742,4J37V@91561",MFS_1,0.0,0.0,Phase III: Efflux & Transport,MFS Xenobiotic Transporters,Solute Carrier Efflux,No
,GFT36428.1,107369096,ko:K12301,"map04142,ko04142",,,"ko02000,ko00001,ko00000",32264.tetur30g01230.1,46.1,3.75e-24,103.0,0.0,0.0,0.0,0.0,sialin [Nephila pilipes],,"38CXA@33154,3BBSD@33208,3CR7D@33213,41THY@6656,KOG2532@1,KOG2532@2759",MFS_1,0.0,0.0,Phase III: Efflux & Transport,MFS Xenobiotic Transporters,Solute Carrier Efflux,No
,GFT36945.1,20210969,ko:K15379,"map05206,ko05206,map05202,ko05202",,,"ko02000,ko00001,ko00000",6412.HelroP188635,35.3,3.63e-107,339.0,0.0,0.0,0.0,0.0,membrane-associated transporter protein [Nephila pilipes],,"38I4G@33154,3BAMC@33208,3CX4R@33213,KOG0637@1,KOG0637@2759",MFS_2,0.0,0.0,Phase III: Efflux & Transport,MFS Xenobiotic Transporters,Solute Carrier Efflux,No
,GFT37101.1,,,,,,,7668.SPU_026360-tr,45.8,2.09e-35,133.0,0.0,0.0,0.0,0.0,"cytochrome P450 2U1, partial [Nephila pilipes]",,"38BSU@33154,3BC78@33208,3CRSA@33213,COG2124@1,KOG0156@2759",p450,0.0,0.0,Phase I: Functionalization,Cytochrome P450s (CYP450),CYP Monooxygenases,No
,GFT37915.1,107368491,ko:K07418,"map01100,ko01100,map04750,map00590,map00591,ko00591,ko00590,ko04750,ko04913,map04726,map04212,ko04212,map04913,ko04726",,1.14.14.1,"ko01000,ko00001,ko00000,ko00199",32264.tetur27g02598.1,36.1,6.97e-112,348.0,0.0,0.0,0.0,0.0,cytochrome P450 2J2 [Nephila pilipes],,"38BSU@33154,3BC78@33208,3CRSA@33213,41V2X@6656,COG2124@1,KOG0156@2759",p450,0.0,0.0,Phase I: Functionalization,Cytochrome P450s (CYP450),CYP Monooxygenases,No
,GFT38159.1,,ko:K01049,"map00564,ko00564,map04725,ko04725",,3.1.1.7,"ko01000,ko00001,ko00537,ko00000",6669.EFX86815,37.3,3.04e-94,308.0,0.0,0.0,0.0,0.0,acetylcholinesterase-1 [Nephila pilipes],,"38BW2@33154,3B9C3@33208,3CRAS@33213,41UNM@6656,COG2272@1,KOG4389@2759",COesterase,0.0,0.0,Phase I: Functionalization,Carboxylesterases (COE),Esterases & Hydrolases,No
,GFT38270.1,usb1,,,,,,8364.ENSXETP00000030208,45.5,9.69e-60,197.0,0.0,0.0,0.0,0.0,u6 snRNA phosphodiesterase [Nephila pilipes],,"38H18@33154,3BI4D@33208,3CVZQ@33213,48C0C@7711,497DD@7742,KOG3102@1,KOG3102@2759",HVSL,0.0,0.0,Phase I: Functionalization,Carboxylesterases (COE),Esterases & Hydrolases,No
,GFT38927.1,CYP4V2,ko:K07427,,,,"ko00000,ko00199",28377.ENSACAP00000001477,42.0,3.78e-33,129.0,0.0,0.0,0.0,0.0,cytochrome P450 4V2 [Nephila pilipes],,"38CHP@33154,3B9GY@33208,3CSG8@33213,487KR@7711,49547@7742,COG2124@1,KOG0157@2759",p450,0.0,0.0,Phase I: Functionalization,Cytochrome P450s (CYP450),CYP Monooxygenases,No
,GFT39443.1,,,,,,,126957.SMAR004400-PA,35.3,1.25e-28,124.0,0.0,0.0,0.0,0.0,histone acetyltransferase [Nephila pilipes],,"38BNE@33154,3B9Y1@33208,3CS24@33213,41X66@6656,COG5027@1,KOG2747@2759","MOZ_SAS,PHD,zf-C2HC",0.0,0.0,Phase II: Conjugation,N-Acetyltransferases (NAT),Acetylation,No
,GFT39948.1,,,,,,,13249.RPRC012950-PA,86.2,0.0,998.0,0.0,0.0,0.0,0.0,serine hydroxymethyltransferase [Nephila pilipes],,"38EKT@33154,3BAU2@33208,3CT2W@33213,3E8WN@33342,3SIS1@50557,41U2M@6656,COG0112@1,KOG2467@2759","MFS_1,SHMT",0.0,0.0,Phase III: Efflux & Transport,MFS Xenobiotic Transporters,Solute Carrier Efflux,No
,GFT39961.1,Lsai_3045,,,,,,1408445.JHXP01000010_gene2170,64.8,8.619999999999998e-42,147.0,0.0,0.0,0.0,0.0,putative N-acyltransferase [Nephila pilipes],,"1JCAA@118969,1NCA0@1224,1SIB6@1236,COG0454@1,COG0456@2",Acetyltransf_1,0.0,0.0,Phase II: Conjugation,N-Acetyltransferases (NAT),Acetylation,No
,GFT39977.1,WD_1006,ko:K06999,,,,ko00000,163164.WD_1006,92.4,4.6e-95,283.0,0.0,0.0,0.0,0.0,phospholipase [Nephila pilipes],,"1RA02@1224,2TTWP@28211,47FDW@766,COG0400@1,COG0400@2",Abhydrolase_2,0.0,0.0,Phase I: Functionalization,Carboxylesterases (COE),Esterases & Hydrolases,No
,GFT40479.1,AAEL011465,,,,,,7159.AAEL011465-PA,33.9,2.1e-92,303.0,0.0,0.0,0.0,0.0,major facilitator superfamily domain-containing protein 6-B [Nephila pilipes],,"39V1X@33154,3BM5A@33208,3D3C0@33213,3SGGJ@50557,41WA8@6656,4594R@7147,45DSS@7148,KOG3762@1,KOG3762@2759",MFS_1_like,0.0,0.0,Phase III: Efflux & Transport,MFS Xenobiotic Transporters,Solute Carrier Efflux,No
,GFT40842.1,OP10G_0529,,,,,,661478.OP10G_0529,24.1,1.06e-13,78.2,0.0,0.0,0.0,0.0,n-acetyltransferase domain-containing protein [Nephila pilipes],,"COG0454@1,COG0454@2",Acetyltransf_1,0.0,0.0,Phase II: Conjugation,N-Acetyltransferases (NAT),Acetylation,No
,GFT40919.1,,ko:K01049,"map00564,ko00564,map04725,ko04725",,3.1.1.7,"ko01000,ko00001,ko00537,ko00000",6669.EFX86815,41.7,4.730000000000001e-58,204.0,0.0,0.0,0.0,0.0,acetylcholinesterase-1 [Nephila pilipes],,"38BW2@33154,3B9C3@33208,3CRAS@33213,41UNM@6656,COG2272@1,KOG4389@2759",COesterase,0.0,0.0,Phase I: Functionalization,Carboxylesterases (COE),Esterases & Hydrolases,No
,GFT41994.1,,ko:K08202,"ko05231,map05231",,,"ko02000,ko00001,ko00000",7739.XP_002603285.1,43.9,1.53e-32,128.0,0.0,0.0,0.0,0.0,"solute carrier family 22 member 5, partial [Nephila pilipes]",,"38FJ1@33154,3B9N9@33208,3CT4W@33213,47ZGI@7711,KOG0255@1,KOG0255@2759",MFS_1,0.0,0.0,Phase III: Efflux & Transport,MFS Xenobiotic Transporters,Solute Carrier Efflux,No
,GFT42548.1,SVOPL,,,,,,8479.XP_008169369.1,43.8,1.68e-13,71.6,0.0,0.0,0.0,0.0,synaptic vesicle 2-related protein [Nephila pilipes],,"38BRT@33154,3BCKS@33208,3CUK1@33213,483S1@7711,49123@7742,4CGC7@8459,KOG0253@1,KOG0253@2759",MFS_1,0.0,0.0,Phase III: Efflux & Transport,MFS Xenobiotic Transporters,Solute Carrier Efflux,No
,GFT42781.1,,,,,,,6669.EFX78851,38.1,5.2999999999999995e-43,165.0,0.0,0.0,0.0,0.0,MFS_1_like domain-containing protein [Nephila pilipes],,"38Z6F@33154,3BN7F@33208,3D5IX@33213,41Y40@6656,KOG3762@1,KOG3762@2759",MFS_1_like,0.0,0.0,Phase III: Efflux & Transport,MFS Xenobiotic Transporters,Solute Carrier Efflux,No
,GFT42783.1,8238373,,,,,,121225.PHUM123010-PA,30.7,1.0100000000000001e-29,132.0,0.0,0.0,0.0,0.0,MFS_1_like domain-containing protein [Nephila pilipes],,"38Z6F@33154,3BN7F@33208,3D5IX@33213,3E7H8@33342,3T0TZ@50557,41Y40@6656,KOG3762@1,KOG3762@2759",MFS_1_like,0.0,0.0,Phase III: Efflux & Transport,MFS Xenobiotic Transporters,Solute Carrier Efflux,No
,GFT42788.1,,ko:K08193,,,,"ko02000,ko00000",7070.TC006631-PA,47.7,2.67e-11,65.5,0.0,0.0,0.0,0.0,"sialin, partial [Nephila pilipes]",,"39XKC@33154,3BMP2@33208,3D5XJ@33213,3SIAX@50557,41YGC@6656,KOG2532@1,KOG2532@2759",MFS_1,0.0,0.0,Phase III: Efflux & Transport,MFS Xenobiotic Transporters,Solute Carrier Efflux,No
,GFT42906.1,L798_08582,ko:K13617,,,3.1.1.89,"ko01002,ko01000,ko00000",136037.KDR16494,60.8,6.799999999999999e-96,293.0,0.0,0.0,0.0,0.0,"protein phosphatase methylesterase 1, partial [Nephila pilipes]",,"38CHN@33154,3BGQY@33208,3CUPF@33213,3SJHE@50557,41XCU@6656,COG0596@1,KOG2564@2759",Abhydrolase_6,0.0,0.0,Phase I: Functionalization,Carboxylesterases (COE),Esterases & Hydrolases,No
,GFT43099.1,6043067,ko:K15003,,,,"ko01000,ko00000,ko00199",7176.CPIJ010546-PA,51.9,2.47e-20,91.3,0.0,0.0,0.0,0.0,"cytochrome P450 6B2, partial [Nephila pilipes]",,"38BTY@33154,3BF8S@33208,3CV2F@33213,3SI58@50557,41TTZ@6656,455KG@7147,45BKE@7148,COG2124@1,KOG0158@2759",p450,0.0,0.0,Phase I: Functionalization,Cytochrome P450s (CYP450),CYP Monooxygenases,No
,GFT43376.1,107363149,ko:K01052,"map04979,ko00100,ko04979,ko04142,map00100,map04142",,3.1.1.13,"ko01000,ko00001,ko00000",32264.tetur09g06670.1,63.4,4.33e-20,90.1,0.0,0.0,0.0,0.0,"gastric triacylglycerol lipase, partial [Nephila pilipes]",,"38KMN@33154,3BB1T@33208,COG0596@1,COG1565@1,KOG2624@2759,KOG2901@2759","Abhydro_lipase,Abhydrolase_1,Methyltransf_28",0.0,0.0,Phase I: Functionalization,Carboxylesterases (COE),Esterases & Hydrolases,No
,GFT43724.1,L798_03417,ko:K17776,,,,"ko03029,ko00000",136037.KDR07207,60.9,6.32e-118,345.0,0.0,0.0,0.0,0.0,metaxin-2 [Nephila pilipes],,"39TVI@33154,3BAN3@33208,3CUY0@33213,3SGFG@50557,41WF0@6656,KOG3027@1,KOG3027@2759","GST_C_6,Tom37",0.0,0.0,Phase II: Conjugation,Glutathione S-Transferases (GST),Glutathione Conjugation,No
,GFT43735.1,ACK66184.1,,,,,,41431.PCC8801_2155,40.3,2.74e-70,226.0,0.0,0.0,0.0,0.0,sulfotransferase 1E1 [Nephila pilipes],,"1G8T0@1117,31CAG@2,3KFWM@43988,KOG1584@1",Sulfotransfer_1,0.0,0.0,Phase II: Conjugation,Sulfotransferases (SULT),Sulfation,No
,GFT44270.1,EAZ88491.1,,,,,,391612.CY0110_15255,50.0,8.63e-07,53.9,0.0,0.0,0.0,0.0,sulfotransferase 1C4 [Nephila pilipes],,"1G8T0@1117,31CAG@2,3KFWM@43988,KOG1584@1",Sulfotransfer_1,0.0,0.0,Phase II: Conjugation,Sulfotransferases (SULT),Sulfation,No
,GFT44382.1,LOC659316,ko:K00624,"map04146,ko04146",,2.3.1.7,"ko01000,ko00001,ko00000",7070.TC014006-PA,57.8,1.09e-45,164.0,0.0,0.0,0.0,0.0,carnitine O-acetyltransferase [Nephila pilipes],,"38CAT@33154,3BAAZ@33208,3CRF9@33213,3SIH9@50557,41TF4@6656,KOG3717@1,KOG3717@2759",Carn_acyltransf,0.0,0.0,Phase II: Conjugation,N-Acetyltransferases (NAT),Acetylation,No
,GFT44530.1,,ko:K01021,,,2.8.2.20,"ko01000,ko00000",32264.tetur20g02740.1,62.2,2.52e-33,129.0,0.0,0.0,0.0,0.0,protein-tyrosine sulfotransferase [Nephila pilipes],,"38FAU@33154,3BEU7@33208,3CS0P@33213,41XMQ@6656,COG0457@1,KOG3988@2759",Sulfotransfer_3,0.0,0.0,Phase II: Conjugation,Sulfotransferases (SULT),Sulfation,No
,GFT44595.1,,ko:K15001,,,,"ko01000,ko00000,ko00199",6669.EFX87731,45.9,4.53e-32,125.0,0.0,0.0,0.0,0.0,"cytochrome P450 4V2, partial [Nephila pilipes]",,"38CHP@33154,3B9GY@33208,3CSG8@33213,41U3I@6656,COG2124@1,KOG0157@2759",p450,0.0,0.0,Phase I: Functionalization,Cytochrome P450s (CYP450),CYP Monooxygenases,No
,GFT45012.1,,,,,,,10224.XP_002731619.1,40.5,3.05e-72,241.0,0.0,0.0,0.0,0.0,cytochrome P450 3A21 [Nephila pilipes],,"38BTY@33154,3BF8S@33208,3CV2F@33213,COG2124@1,KOG0158@2759",p450,0.0,0.0,Phase I: Functionalization,Cytochrome P450s (CYP450),CYP Monooxygenases,No
,GFT45234.1,,ko:K08202,"ko05231,map05231",,,"ko02000,ko00001,ko00000",7739.XP_002586701.1,52.9,2.4100000000000002e-29,115.0,0.0,0.0,0.0,0.0,"organic cation transporter protein, partial [Nephila pilipes]",,"38FJ1@33154,3B9N9@33208,3CT4W@33213,KOG0255@1,KOG0255@2759",MFS_1,0.0,0.0,Phase III: Efflux & Transport,MFS Xenobiotic Transporters,Solute Carrier Efflux,No
,GFT45269.1,EW15_0890,ko:K03789,,,2.3.1.128,"ko03009,ko01000,ko00000",1501269.EW15_0890,26.3,0.000133,47.0,0.0,0.0,0.0,0.0,"acetyltransf_18 domain-containing protein, partial [Nephila pilipes]",,"1G5K5@1117,1MKVT@1212,COG0454@1,COG0454@2",Acetyltransf_1,0.0,0.0,Phase II: Conjugation,N-Acetyltransferases (NAT),Acetylation,No
,GFT45365.1,TXSA,ko:K01832,"map01100,ko01100,map00590,ko00590,ko04611,map04611",,5.3.99.5,"ko01000,ko00001,ko00000,ko00199",6669.EFX87565,42.5,3.5100000000000004e-129,390.0,0.0,0.0,0.0,0.0,cytochrome P450 3A41 [Nephila pilipes],,"38BTY@33154,3BF8S@33208,3CV2F@33213,COG2124@1,KOG0158@2759",p450,0.0,0.0,Phase I: Functionalization,Cytochrome P450s (CYP450),CYP Monooxygenases,No
,GFT45369.1,TXSA,ko:K01832,"map01100,ko01100,map00590,ko00590,ko04611,map04611",,5.3.99.5,"ko01000,ko00001,ko00000,ko00199",6669.EFX87565,42.1,8.47e-129,389.0,0.0,0.0,0.0,0.0,cytochrome P450 3A41 [Nephila pilipes],,"38BTY@33154,3BF8S@33208,3CV2F@33213,COG2124@1,KOG0158@2759",p450,0.0,0.0,Phase I: Functionalization,Cytochrome P450s (CYP450),CYP Monooxygenases,No
,GFT45524.1,107369424,ko:K05662,"ko02010,map02010",,,"ko02000,ko00001,ko00000",32264.tetur32g01330.1,67.7,6.31e-297,833.0,0.0,0.0,0.0,0.0,"ATP-binding cassette sub-family B member 7, mitochondrial [Nephila pilipes]",,"3AKKD@33154,3B97T@33208,3CUU2@33213,41VRA@6656,COG5265@1,KOG0057@2759","ABC_membrane,ABC_tran",0.0,0.0,Phase III: Efflux & Transport,ABC Transporters (ABCA/B/C/G),ATP-Dependent Efflux,No
,GFT45752.1,,,,,,,126957.SMAR015305-PA,41.0,2.66e-77,252.0,0.0,0.0,0.0,0.0,galactosylceramide sulfotransferase [Nephila pilipes],,"28MEB@1,2QTXT@2759,38UB2@33154,3BHPF@33208,3CSY7@33213,421BR@6656",Gal-3-0_sulfotr,0.0,0.0,Phase II: Conjugation,Sulfotransferases (SULT),Sulfation,No
,GFT46188.1,,,,,,,126957.SMAR006942-PA,68.4,7.24e-108,318.0,0.0,0.0,0.0,0.0,acyl-protein thioesterase 2 [Nephila pilipes],,"38RN5@33154,3BCBX@33208,3CRQS@33213,41XGS@6656,COG0400@1,KOG2112@2759",Abhydrolase_2,0.0,0.0,Phase I: Functionalization,Carboxylesterases (COE),Esterases & Hydrolases,No
,GFT46195.1,,ko:K01052,"map04979,ko00100,ko04979,ko04142,map00100,map04142",,3.1.1.13,"ko01000,ko00001,ko00000",7739.XP_002586644.1,61.6,3.29e-70,226.0,0.0,0.0,0.0,0.0,gastric triacylglycerol lipase [Nephila pilipes],,"38E9D@33154,3BA6C@33208,3CTTI@33213,47YWD@7711,COG0596@1,KOG2624@2759",Abhydrolase_1,0.0,0.0,Phase I: Functionalization,Carboxylesterases (COE),Esterases & Hydrolases,No
,GFT46223.1,107360848,ko:K08155,"ko05012,ko05031,ko05030,map05031,map05012,ko05034,ko04728,map04728,map05034,map04726,ko04726,map05030,ko04721,map04721",,,"ko02000,ko00001,ko00000",32264.tetur05g05400.1,56.4,1.38e-107,333.0,0.0,0.0,0.0,0.0,synaptic vesicular amine transporter [Nephila pilipes],,"38CBP@33154,3BEZR@33208,3CTHD@33213,41W03@6656,KOG3764@1,KOG3764@2759",MFS_1,0.0,0.0,Phase III: Efflux & Transport,MFS Xenobiotic Transporters,Solute Carrier Efflux,No
,GFT46224.1,107360848,ko:K08155,"ko05012,ko05031,ko05030,map05031,map05012,ko05034,ko04728,map04728,map05034,map04726,ko04726,map05030,ko04721,map04721",,,"ko02000,ko00001,ko00000",32264.tetur05g05400.1,54.5,7.989999999999999e-89,285.0,0.0,0.0,0.0,0.0,synaptic vesicular amine transporter [Nephila pilipes],,"38CBP@33154,3BEZR@33208,3CTHD@33213,41W03@6656,KOG3764@1,KOG3764@2759",MFS_1,0.0,0.0,Phase III: Efflux & Transport,MFS Xenobiotic Transporters,Solute Carrier Efflux,No
,GFT46512.1,,,,,,,126957.SMAR000954-PA,29.6,4.23e-206,662.0,0.0,0.0,0.0,0.0,ATP-binding cassette sub-family A member 3 [Nephila pilipes],,"38BPG@33154,3BBB4@33208,3CSBI@33213,41WWW@6656,COG1131@1,KOG0059@2759","ABC2_membrane_3,ABC_tran",0.0,0.0,Phase III: Efflux & Transport,ABC Transporters (ABCA/B/C/G),ATP-Dependent Efflux,No
,GFT46904.1,,,,,,,9818.XP_007934476.1,30.0,5.02e-21,99.4,0.0,0.0,0.0,0.0,cytochrome P450 2J6 [Nephila pilipes],,"35179@311790,38BSU@33154,3BC78@33208,3CRSA@33213,3J9BE@40674,489AB@7711,48YCB@7742,COG2124@1,KOG0156@2759",p450,0.0,0.0,Phase I: Functionalization,Cytochrome P450s (CYP450),CYP Monooxygenases,No
,GFT47198.1,L798_13836,ko:K15001,,,,"ko01000,ko00000,ko00199",136037.KDR12229,43.2,4.0199999999999998e-81,267.0,0.0,0.0,0.0,0.0,cytochrome P450 4C1 [Nephila pilipes],,"38CHP@33154,3B9GY@33208,3CSG8@33213,3SGAE@50557,41U3I@6656,COG2124@1,KOG0157@2759",p450,0.0,0.0,Phase I: Functionalization,Cytochrome P450s (CYP450),CYP Monooxygenases,No
,GFT47200.1,107365376,ko:K15001,,,,"ko01000,ko00000,ko00199",32264.tetur01g00650.1,53.8,2.57e-36,137.0,0.0,0.0,0.0,0.0,cytochrome P450 4V2 [Nephila pilipes],,"38CHP@33154,3B9GY@33208,3CSG8@33213,429YF@6656,COG2124@1,KOG0157@2759",p450,0.0,0.0,Phase I: Functionalization,Cytochrome P450s (CYP450),CYP Monooxygenases,No
,GFT47331.1,LOC594737,ko:K07427,,,,"ko00000,ko00199",7668.SPU_002380-tr,54.5,3.13e-28,112.0,0.0,0.0,0.0,0.0,"cytochrome P450 4V2, partial [Nephila pilipes]",,"38CHP@33154,3B9GY@33208,3CSG8@33213,COG2124@1,KOG0157@2759",p450,0.0,0.0,Phase I: Functionalization,Cytochrome P450s (CYP450),CYP Monooxygenases,No
,GFT47452.1,CYP4V2,ko:K07427,,,,"ko00000,ko00199",9646.ENSAMEP00000005443,35.9,1.27e-44,167.0,0.0,0.0,0.0,0.0,cytochrome P450 4V2 [Nephila pilipes],,"38CHP@33154,3B9GY@33208,3CSG8@33213,3EKKK@33554,3JE48@40674,487KR@7711,49547@7742,COG2124@1,KOG0157@2759",p450,0.0,0.0,Phase I: Functionalization,Cytochrome P450s (CYP450),CYP Monooxygenases,No
,GFT47454.1,,ko:K07427,,,,"ko00000,ko00199",244447.XP_008336093.1,48.2,1.7100000000000001e-29,111.0,0.0,0.0,0.0,0.0,cytochrome P450 4c3 [Nephila pilipes],,"38CHP@33154,3B9GY@33208,3CSG8@33213,487KR@7711,49547@7742,49UUX@7898,COG2124@1,KOG0157@2759",p450,0.0,0.0,Phase I: Functionalization,Cytochrome P450s (CYP450),CYP Monooxygenases,No
,GFT47532.1,GK16216,ko:K13703,,,,"ko01002,ko00000",7260.FBpp0245359,29.3,3.05e-28,117.0,0.0,0.0,0.0,0.0,"AB hydrolase-1 domain-containing protein, partial [Nephila pilipes]",,"39UJH@33154,3BHQ0@33208,3CX97@33213,3SKQU@50557,41YJQ@6656,44XDA@7147,45VGR@7214,COG0596@1,KOG2382@2759",Abhydrolase_1,0.0,0.0,Phase I: Functionalization,Carboxylesterases (COE),Esterases & Hydrolases,No
,GFT47990.1,v1g209821,,,,,,45351.EDO38836,33.3,1.66e-11,67.4,0.0,0.0,0.0,0.0,monocarboxylate transporter 9 [Nephila pilipes],,"38CM9@33154,3BC6U@33208,KOG2504@1,KOG2504@2759",MFS_1,0.0,0.0,Phase III: Efflux & Transport,MFS Xenobiotic Transporters,Solute Carrier Efflux,No
,GFT48011.1,,,,,,,132113.XP_003486475.1,26.1,1.22e-23,113.0,0.0,0.0,0.0,0.0,monocarboxylate transporter 9 [Nephila pilipes],,"39T7H@33154,3BHHG@33208,3D3AH@33213,3SIZP@50557,41Y97@6656,46K30@7399,KOG2504@1,KOG2504@2759",MFS_1,0.0,0.0,Phase III: Efflux & Transport,MFS Xenobiotic Transporters,Solute Carrier Efflux,No
,GFT48248.1,20203332,,,,,,6412.HelroP170736,37.9,8.89e-20,92.4,0.0,0.0,0.0,0.0,"major facilitator superfamily domain-containing protein 4A, partial [Nephila pilipes]",,"28Z0Q@1,2QRVK@2759,38E0I@33154,3BDWI@33208,3CZF1@33213",MFS_1,0.0,0.0,Phase III: Efflux & Transport,MFS Xenobiotic Transporters,Solute Carrier Efflux,No
,GFT48486.1,picot,,,,,,7425.NV15041-PA,35.7,1.16e-64,221.0,0.0,0.0,0.0,0.0,"putative inorganic phosphate cotransporter, partial [Nephila pilipes]",,"38CXA@33154,3BBSD@33208,3CR7D@33213,3SINN@50557,41THY@6656,46G37@7399,KOG2532@1,KOG2532@2759",MFS_1,0.0,0.0,Phase III: Efflux & Transport,MFS Xenobiotic Transporters,Solute Carrier Efflux,No
,GFT49034.1,107360848,ko:K08155,"ko05012,ko05031,ko05030,map05031,map05012,ko05034,ko04728,map04728,map05034,map04726,ko04726,map05030,ko04721,map04721",,,"ko02000,ko00001,ko00000",32264.tetur05g05400.1,48.4,2e-08,60.5,0.0,0.0,0.0,0.0,synaptic vesicular amine transporter [Nephila pilipes],,"38CBP@33154,3BEZR@33208,3CTHD@33213,41W03@6656,KOG3764@1,KOG3764@2759",MFS_1,0.0,0.0,Phase III: Efflux & Transport,MFS Xenobiotic Transporters,Solute Carrier Efflux,No
,GFT49141.1,,ko:K13719,"ko04141,map04141",,,"ko01002,ko01000,ko00001,ko00000",7425.NV14002-PA,40.8,1.56e-65,215.0,0.0,0.0,0.0,0.0,ubiquitin thioesterase OTU1 [Nephila pilipes],,"38HA5@33154,3BC2P@33208,3CW3H@33213,3SIKG@50557,41YB8@6656,46JY3@7399,COG5539@1,KOG3288@2759",OTU,0.0,0.0,Phase I: Functionalization,Carboxylesterases (COE),Esterases & Hydrolases,No
,GFT49305.1,EFV53526,ko:K12301,"map04142,ko04142",,,"ko02000,ko00001,ko00000",6334.EFV53526,46.4,3.47e-11,64.7,0.0,0.0,0.0,0.0,"putative transporter, partial [Nephila pilipes]",,"38CXA@33154,3BBSD@33208,3CR7D@33213,40D0Y@6231,KOG2532@1,KOG2532@2759",MFS_1,0.0,0.0,Phase III: Efflux & Transport,MFS Xenobiotic Transporters,Solute Carrier Efflux,No
,GFT49497.1,,ko:K05022,,,,"ko04040,ko00000",6669.EFX90323,83.8,1.2e-146,417.0,0.0,0.0,0.0,0.0,chloride intracellular channel exc-4 [Nephila pilipes],,"38DYR@33154,3B9F7@33208,3CTK9@33213,41UYA@6656,KOG1422@1,KOG1422@2759",GST_C_2,0.0,0.0,Phase II: Conjugation,Glutathione S-Transferases (GST),Glutathione Conjugation,No
,GFT49843.1,,ko:K21396,,,,"ko02000,ko00000",132113.XP_003489743.1,61.5,1.2799999999999999e-28,114.0,0.0,0.0,0.0,0.0,"protein white, partial [Nephila pilipes]",,"38CVQ@33154,3BCP7@33208,3CWB5@33213,3SIJM@50557,41TWH@6656,46JD7@7399,COG1131@1,KOG0061@2759","ABC2_membrane,ABC_tran",0.0,0.0,Phase III: Efflux & Transport,ABC Transporters (ABCA/B/C/G),ATP-Dependent Efflux,No
,GFT50038.1,107371101,ko:K12302,"ko05033,map05033,ko04724,map04724,map04723,ko04721,map04721,ko04723",,,"ko02000,ko00001,ko00000",32264.tetur02g01600.1,66.4,2.08e-48,173.0,0.0,0.0,0.0,0.0,vesicular glutamate transporter 3 [Nephila pilipes],,"38CXA@33154,3BBSD@33208,3CRGY@33213,41XC1@6656,KOG2532@1,KOG2532@2759",MFS_1,0.0,0.0,Phase III: Efflux & Transport,MFS Xenobiotic Transporters,Solute Carrier Efflux,No
,GFT50135.1,GA18269,ko:K05858,"ko00562,ko04062,map04921,map04922,map04925,map04924,map04927,map04926,ko04540,ko04713,map04745,ko04971,ko04970,ko04972,ko05146,ko04070,ko04071,ko04072,ko01100,ko04371,map04730,ko04270,map05142,map05143,map05146,map04015,map04540,ko04961,map04310,map04728,map04726,map04725,map04724,map04723,map04720,map01100,ko04919,ko04918,map00562,ko04912,ko04911,map04261,ko04916,ko04915,map04062,map04972,map04970,map04971,map04713,ko05200,ko05143,ko05142,map04270,ko04022,map04371,map04072,map04071,map04070,ko04261,map04961,ko04750,ko04020,map05010,map04621,map05016,ko04611,ko05010,ko05016,ko04745,map04918,map04919,ko04621,map04911,map04912,map04915,map04916,map04750,ko04934,ko04933,ko04728,ko04730,map05200,ko04015,map04020,map04022,ko04726,ko04310,ko04922,ko04921,ko04926,ko04927,ko04924,ko04925,ko04724,ko04725,map04934,ko04720,map04933,map04611,ko04723",M00130,3.1.4.11,"ko04131,ko01000,ko00001,ko00000,ko00002",7237.FBpp0280181,60.7,7.22e-137,431.0,0.0,0.0,0.0,0.0,"1-phosphatidylinositol 4,5-bisphosphate phosphodiesterase classes I and II [Nephila pilipes]",,"3ASPT@33154,3BB4P@33208,3CUHB@33213,3SJY5@50557,41UZY@6656,44XD5@7147,45X07@7214,KOG0169@1,KOG1265@2759","EF-hand_like,PI-PLC-X,PI-PLC-Y,PLC-beta_C",0.0,0.0,Phase I: Functionalization,Carboxylesterases (COE),Esterases & Hydrolases,No
,GFT50407.1,,,,,,,69319.XP_008545252.1,49.8,6.77e-136,406.0,0.0,0.0,0.0,0.0,"aldehyde dehydrogenase family 3 member A2, partial [Nephila pilipes]",,"38CW8@33154,3BDR1@33208,3CZ4X@33213,3SH56@50557,41TTS@6656,46KKV@7399,COG1012@1,KOG2456@2759",Aldedh,0.0,0.0,Phase I: Functionalization,Aldehyde Dehydrogenases (ALDH),Aldehyde Oxidation,No
,GFT50430.1,NAT10,ko:K14521,"ko03008,map03008",,,"ko03009,ko01000,ko00001,ko00000",7897.ENSLACP00000005218,41.7,5.480000000000001e-223,665.0,0.0,0.0,0.0,0.0,RNA cytidine acetyltransferase [Nephila pilipes],,"38FQJ@33154,3B9XC@33208,3CUWZ@33213,484CZ@7711,493R5@7742,COG1444@1,KOG2036@2759","DUF1726,GNAT_acetyltr_2,Helicase_RecD,tRNA_bind_2",0.0,0.0,Phase II: Conjugation,N-Acetyltransferases (NAT),Acetylation,No
,GFT50775.1,GF16120,ko:K08202,"ko05231,map05231",,,"ko02000,ko00001,ko00000",7217.FBpp0119312,37.8,4.25e-95,306.0,0.0,0.0,0.0,0.0,organic cation transporter protein [Nephila pilipes],,"38FJ1@33154,3B9N9@33208,3CT4W@33213,3SJ4H@50557,41WFS@6656,44YKN@7147,45V80@7214,KOG0255@1,KOG0255@2759",MFS_1,0.0,0.0,Phase III: Efflux & Transport,MFS Xenobiotic Transporters,Solute Carrier Efflux,No
,GFT51022.1,CYP6AS31,ko:K14999,,,,"ko01000,ko00000,ko00199",7425.NV17463-PA,59.2,3.39e-18,84.3,0.0,0.0,0.0,0.0,"cytochrome P450 3A21, partial [Nephila pilipes]",,"38BTY@33154,3BF8S@33208,3CV2F@33213,3SQ7E@50557,42264@6656,46JRF@7399,COG2124@1,KOG0158@2759",p450,0.0,0.0,Phase I: Functionalization,Cytochrome P450s (CYP450),CYP Monooxygenases,No
,GFT51094.1,,,,,,,10228.TriadP55167,56.1,1.41e-20,94.4,0.0,0.0,0.0,0.0,cytochrome P450 9e2 [Nephila pilipes],,"38BTY@33154,3BF8S@33208,COG2124@1,KOG0158@2759",p450,0.0,0.0,Phase I: Functionalization,Cytochrome P450s (CYP450),CYP Monooxygenases,No
,GFT51196.1,,ko:K07427,,,,"ko00000,ko00199",181119.XP_005517737.1,37.3,8.85e-22,102.0,0.0,0.0,0.0,0.0,cytochrome P450 4V2 [Nephila pilipes],,"38CHP@33154,3B9GY@33208,3CSG8@33213,487KR@7711,49547@7742,4GHA2@8782,COG2124@1,KOG0157@2759",p450,0.0,0.0,Phase I: Functionalization,Cytochrome P450s (CYP450),CYP Monooxygenases,No
,GFT51677.1,,,,,,,6669.EFX79124,47.9,3.02e-120,370.0,0.0,0.0,0.0,0.0,MFS-type transporter SLC18B1 [Nephila pilipes],,"38H1N@33154,3BACG@33208,3CWZQ@33213,41TGC@6656,KOG3764@1,KOG3764@2759",MFS_1,0.0,0.0,Phase III: Efflux & Transport,MFS Xenobiotic Transporters,Solute Carrier Efflux,No
,GFT51678.1,8235281,,,,,,121225.PHUM534910-PA,47.1,2.89e-121,369.0,0.0,0.0,0.0,0.0,MFS-type transporter SLC18B1 [Nephila pilipes],,"38H1N@33154,3BACG@33208,3CWZQ@33213,3E8BD@33342,3SHDA@50557,41TGC@6656,KOG3764@1,KOG3764@2759",MFS_1,0.0,0.0,Phase III: Efflux & Transport,MFS Xenobiotic Transporters,Solute Carrier Efflux,No
,GFT51901.1,107359347,ko:K07418,"map01100,ko01100,map04750,map00590,map00591,ko00591,ko00590,ko04750,ko04913,map04726,map04212,ko04212,map04913,ko04726",,1.14.14.1,"ko01000,ko00001,ko00000,ko00199",32264.tetur03g09941.1,34.0,1.72e-36,143.0,0.0,0.0,0.0,0.0,cytochrome P450 18a1 [Nephila pilipes],,"38BSU@33154,3BC78@33208,3CRSA@33213,41V2X@6656,COG2124@1,KOG0156@2759",p450,0.0,0.0,Phase I: Functionalization,Cytochrome P450s (CYP450),CYP Monooxygenases,No
,GFT51971.1,,,,,,,126957.SMAR012139-PA,70.6,4.8e-254,710.0,0.0,0.0,0.0,0.0,hippocampus abundant transcript 1 protein [Nephila pilipes],,"38F80@33154,3BE5E@33208,3CU61@33213,41USQ@6656,KOG2816@1,KOG2816@2759",MFS_1,0.0,0.0,Phase III: Efflux & Transport,MFS Xenobiotic Transporters,Solute Carrier Efflux,No
,GFT52025.1,,,,,,,126957.SMAR010453-PA,41.0,1.16e-97,308.0,0.0,0.0,0.0,0.0,cytochrome P450 3A24 [Nephila pilipes],,"38BTY@33154,3BF8S@33208,3CV2F@33213,41TTZ@6656,COG2124@1,KOG0158@2759",p450,0.0,0.0,Phase I: Functionalization,Cytochrome P450s (CYP450),CYP Monooxygenases,No
,GFT52305.1,,,,,,,13249.RPRC012230-PA,62.0,3.4199999999999997e-34,130.0,0.0,0.0,0.0,0.0,monocarboxylate transporter 12 [Nephila pilipes],,"38HJK@33154,3BCQV@33208,3CS1Z@33213,3E915@33342,3SIX0@50557,41VZP@6656,KOG2504@1,KOG2504@2759",MFS_1,0.0,0.0,Phase III: Efflux & Transport,MFS Xenobiotic Transporters,Solute Carrier Efflux,No
,GFT52507.1,L798_07300,ko:K05857,"map01100,ko04919,ko00562,map00562,ko01100,ko04020,ko04070,map04919,map04020,ko04933,map04070,map04933",M00130,3.1.4.11,"ko04131,ko01000,ko00001,ko00000,ko00002",136037.KDR18854,41.6,2.77e-187,560.0,0.0,0.0,0.0,0.0,"1-phosphatidylinositol 4,5-bisphosphate phosphodiesterase delta-4 [Nephila pilipes]",,"38BAR@33154,3CPXX@33208,3E635@33213,3T0JQ@50557,42B5M@6656,KOG0169@1,KOG0169@2759","C2,EF-hand_like,PH_12,PI-PLC-X,PI-PLC-Y",0.0,0.0,Phase I: Functionalization,Carboxylesterases (COE),Esterases & Hydrolases,No
,GFT52510.1,L798_07300,ko:K05857,"map01100,ko04919,ko00562,map00562,ko01100,ko04020,ko04070,map04919,map04020,ko04933,map04070,map04933",M00130,3.1.4.11,"ko04131,ko01000,ko00001,ko00000,ko00002",136037.KDR18854,42.0,5.5e-189,564.0,0.0,0.0,0.0,0.0,"1-phosphatidylinositol 4,5-bisphosphate phosphodiesterase delta-4 [Nephila pilipes]",,"38BAR@33154,3CPXX@33208,3E635@33213,3T0JQ@50557,42B5M@6656,KOG0169@1,KOG0169@2759","C2,EF-hand_like,PH_12,PI-PLC-X,PI-PLC-Y",0.0,0.0,Phase I: Functionalization,Carboxylesterases (COE),Esterases & Hydrolases,No
,GFT52514.1,L798_07300,ko:K05857,"map01100,ko04919,ko00562,map00562,ko01100,ko04020,ko04070,map04919,map04020,ko04933,map04070,map04933",M00130,3.1.4.11,"ko04131,ko01000,ko00001,ko00000,ko00002",136037.KDR18854,41.7,1.64e-187,560.0,0.0,0.0,0.0,0.0,"1-phosphatidylinositol 4,5-bisphosphate phosphodiesterase delta-4 [Nephila pilipes]",,"38BAR@33154,3CPXX@33208,3E635@33213,3T0JQ@50557,42B5M@6656,KOG0169@1,KOG0169@2759","C2,EF-hand_like,PH_12,PI-PLC-X,PI-PLC-Y",0.0,0.0,Phase I: Functionalization,Carboxylesterases (COE),Esterases & Hydrolases,No
,GFT52754.1,LOC656366,ko:K08193,,,,"ko02000,ko00000",7070.TC006192-PA,37.5,3.89e-09,60.5,0.0,0.0,0.0,0.0,vesicular glutamate transporter 2.2 [Nephila pilipes],,"39WWZ@33154,3BP43@33208,3CUA8@33213,3SK8Z@50557,41X4A@6656,KOG2532@1,KOG2532@2759",MFS_1,0.0,0.0,Phase III: Efflux & Transport,MFS Xenobiotic Transporters,Solute Carrier Efflux,No
,GFT52806.1,,ko:K13783,,,,"ko02000,ko00000",6669.EFX79309,55.4,1.39e-178,518.0,0.0,0.0,0.0,0.0,glucose-6-phosphate exchanger SLC37A2 [Nephila pilipes],,"38GSS@33154,3BHM6@33208,3CSKX@33213,41Y3K@6656,COG0477@1,KOG2533@2759",MFS_1,0.0,0.0,Phase III: Efflux & Transport,MFS Xenobiotic Transporters,Solute Carrier Efflux,No
,GFT52995.1,L798_11130,,,,,,136037.KDR15055,49.8,4.92e-81,264.0,0.0,0.0,0.0,0.0,PC-esterase domain-containing protein 1A [Nephila pilipes],,"2FACD@1,2TBJ1@2759,396TS@33154,3CB5J@33208,3DSE7@33213,3SS8N@50557,428HB@6656",,0.0,0.0,Phase I: Functionalization,Carboxylesterases (COE),Esterases & Hydrolases,No
,GFT53023.1,L798_11130,,,,,,136037.KDR15055,48.5,3.3100000000000003e-79,261.0,0.0,0.0,0.0,0.0,PC-esterase domain-containing protein 1A [Nephila pilipes],,"2FACD@1,2TBJ1@2759,396TS@33154,3CB5J@33208,3DSE7@33213,3SS8N@50557,428HB@6656",,0.0,0.0,Phase I: Functionalization,Carboxylesterases (COE),Esterases & Hydrolases,No
,GFT53025.1,L798_11130,,,,,,136037.KDR15055,49.0,3.38e-81,259.0,0.0,0.0,0.0,0.0,PC-esterase domain-containing protein 1A [Nephila pilipes],,"2FACD@1,2TBJ1@2759,396TS@33154,3CB5J@33208,3DSE7@33213,3SS8N@50557,428HB@6656",,0.0,0.0,Phase I: Functionalization,Carboxylesterases (COE),Esterases & Hydrolases,No
,GFT53423.1,L798_03146,ko:K20824,,,,"ko04131,ko00000",136037.KDR21370,64.1,1.3100000000000001e-33,120.0,0.0,0.0,0.0,0.0,"n-alpha-acetyltransferase 38-A, NatC auxiliary subunit [Nephila pilipes]",,"3A88E@33154,3BTXU@33208,3DB33@33213,3SNQ3@50557,421BI@6656,COG1958@1,KOG3168@2759",LSM,0.0,0.0,Phase II: Conjugation,N-Acetyltransferases (NAT),Acetylation,No
,GFT53487.1,GL23362,ko:K08202,"ko05231,map05231",,,"ko02000,ko00001,ko00000",7234.FBpp0187469,47.0,3.460000000000001e-56,194.0,0.0,0.0,0.0,0.0,"organic cation transporter protein, partial [Nephila pilipes]",,"38FJ1@33154,3B9N9@33208,3CT4W@33213,3SJ4H@50557,41WFS@6656,44YKN@7147,45V80@7214,KOG0255@1,KOG0255@2759",MFS_1,0.0,0.0,Phase III: Efflux & Transport,MFS Xenobiotic Transporters,Solute Carrier Efflux,No
,GFT53617.1,,ko:K07414,"ko00140,map04726,ko04726,map00140",,1.14.14.1,"ko01000,ko00001,ko00000,ko00199",7739.XP_002595581.1,42.6,2.46e-43,157.0,0.0,0.0,0.0,0.0,cytochrome P450 2D9 [Nephila pilipes],,"38BSU@33154,3BC78@33208,3CRSA@33213,COG2124@1,KOG0156@2759",p450,0.0,0.0,Phase I: Functionalization,Cytochrome P450s (CYP450),CYP Monooxygenases,No
,GFT53876.1,,,,,,,126957.SMAR009253-PA,35.5,1.85e-26,124.0,0.0,0.0,0.0,0.0,monocarboxylate transporter 13 [Nephila pilipes],,"39S3U@33154,3BNVI@33208,3D626@33213,41TRF@6656,KOG2504@1,KOG2504@2759",MFS_1,0.0,0.0,Phase III: Efflux & Transport,MFS Xenobiotic Transporters,Solute Carrier Efflux,No
,GFT53884.1,AAEL011465,,,,,,7159.AAEL011465-PA,31.6,1.18e-66,235.0,0.0,0.0,0.0,0.0,major facilitator superfamily domain-containing protein 6 [Nephila pilipes],,"39V1X@33154,3BM5A@33208,3D3C0@33213,3SGGJ@50557,41WA8@6656,4594R@7147,45DSS@7148,KOG3762@1,KOG3762@2759",MFS_1_like,0.0,0.0,Phase III: Efflux & Transport,MFS Xenobiotic Transporters,Solute Carrier Efflux,No
,GFT54494.1,G5I_04474,,,,,,103372.F4WFR5,30.7,2.5299999999999998e-55,199.0,0.0,0.0,0.0,0.0,carcinine transporter [Nephila pilipes],,"38FJ1@33154,3B9N9@33208,3CT4W@33213,3SQ9R@50557,41WYB@6656,46GHY@7399,KOG0255@1,KOG0255@2759",MFS_1,0.0,0.0,Phase III: Efflux & Transport,MFS Xenobiotic Transporters,Solute Carrier Efflux,No
,GFT54951.1,,ko:K07424,"map01100,map05204,ko00140,map00591,ko00591,ko01100,ko00830,map00830,ko05204,map00140",,1.14.14.1,"ko01000,ko00001,ko00000,ko00199",27679.XP_003934265.1,29.7,4.6200000000000004e-58,204.0,0.0,0.0,0.0,0.0,cytochrome P450 3A21 [Nephila pilipes],,"35E4R@314146,38BTY@33154,3BF8S@33208,3CV2F@33213,3J4KT@40674,488IN@7711,490UU@7742,4M8DK@9443,COG2124@1,KOG0158@2759",p450,0.0,0.0,Phase I: Functionalization,Cytochrome P450s (CYP450),CYP Monooxygenases,No
,GFT54952.1,,,,,,,126957.SMAR010453-PA,39.1,1.51e-119,369.0,0.0,0.0,0.0,0.0,cytochrome P450 3A21 [Nephila pilipes],,"38BTY@33154,3BF8S@33208,3CV2F@33213,41TTZ@6656,COG2124@1,KOG0158@2759",p450,0.0,0.0,Phase I: Functionalization,Cytochrome P450s (CYP450),CYP Monooxygenases,No
,GFT54953.1,,,,,,,126957.SMAR010453-PA,38.6,2.21e-104,330.0,0.0,0.0,0.0,0.0,cytochrome P450 3A4 [Nephila pilipes],,"38BTY@33154,3BF8S@33208,3CV2F@33213,41TTZ@6656,COG2124@1,KOG0158@2759",p450,0.0,0.0,Phase I: Functionalization,Cytochrome P450s (CYP450),CYP Monooxygenases,No
,GFT54954.1,,,,,,,126957.SMAR010453-PA,42.3,8.2e-94,301.0,0.0,0.0,0.0,0.0,cytochrome P450 3A4 [Nephila pilipes],,"38BTY@33154,3BF8S@33208,3CV2F@33213,41TTZ@6656,COG2124@1,KOG0158@2759",p450,0.0,0.0,Phase I: Functionalization,Cytochrome P450s (CYP450),CYP Monooxygenases,No
,GFT55683.1,5666864,ko:K05643,"ko02010,map02010",,,"ko02000,ko00001,ko00000",7165.AGAP006380-PA,24.5,4.13e-15,87.0,0.0,0.0,0.0,0.0,ATP-binding cassette sub-family A member 3 [Nephila pilipes],,"38BPG@33154,3BBB4@33208,3CSBI@33213,3SGPC@50557,41WWW@6656,4569X@7147,45EIT@7148,COG1131@1,KOG0059@2759","ABC2_membrane_3,ABC_tran",0.0,0.0,Phase III: Efflux & Transport,ABC Transporters (ABCA/B/C/G),ATP-Dependent Efflux,No
,GFT55685.1,5666864,ko:K05643,"ko02010,map02010",,,"ko02000,ko00001,ko00000",7165.AGAP006380-PA,25.0,9.41e-18,95.5,0.0,0.0,0.0,0.0,ATP-binding cassette sub-family A member 3 [Nephila pilipes],,"38BPG@33154,3BBB4@33208,3CSBI@33213,3SGPC@50557,41WWW@6656,4569X@7147,45EIT@7148,COG1131@1,KOG0059@2759","ABC2_membrane_3,ABC_tran",0.0,0.0,Phase III: Efflux & Transport,ABC Transporters (ABCA/B/C/G),ATP-Dependent Efflux,No
,GFT55691.1,abca3b,ko:K05643,"ko02010,map02010",,,"ko02000,ko00001,ko00000",7955.ENSDARP00000104324,37.9,2.24e-252,759.0,0.0,0.0,0.0,0.0,"ATP-binding cassette sub-family A member 3, partial [Nephila pilipes]",,"38BPG@33154,3BBB4@33208,3CSBI@33213,48247@7711,4907A@7742,49Y5W@7898,COG1131@1,KOG0059@2759","ABC2_membrane_3,ABC_tran",0.0,0.0,Phase III: Efflux & Transport,ABC Transporters (ABCA/B/C/G),ATP-Dependent Efflux,No
,GFT55693.1,107363149,ko:K01052,"map04979,ko00100,ko04979,ko04142,map00100,map04142",,3.1.1.13,"ko01000,ko00001,ko00000",32264.tetur09g06670.1,63.4,4.33e-20,90.1,0.0,0.0,0.0,0.0,"gastric triacylglycerol lipase, partial [Nephila pilipes]",,"38KMN@33154,3BB1T@33208,COG0596@1,COG1565@1,KOG2624@2759,KOG2901@2759","Abhydro_lipase,Abhydrolase_1,Methyltransf_28",0.0,0.0,Phase I: Functionalization,Carboxylesterases (COE),Esterases & Hydrolases,No
,GFT56771.1,,ko:K11810,,,,"ko02000,ko00000",10224.XP_006824373.1,29.9,5.72e-14,74.7,0.0,0.0,0.0,0.0,"monocarboxylate transporter 9, partial [Nephila pilipes]",,"38HQ8@33154,3BE6B@33208,3CZUM@33213,KOG2504@1,KOG2504@2759",MFS_1,0.0,0.0,Phase III: Efflux & Transport,MFS Xenobiotic Transporters,Solute Carrier Efflux,No
,GFT56784.1,LOC655751,ko:K04097,"map01100,ko00480,map00480,ko01100,ko00980,map00982,ko00982,map00980,map00590,ko00590,map05204,ko05204",,"5.3.99.2,2.5.1.18","ko01000,ko00001,ko00000",7070.TC002878-PA,35.0,5.120000000000001e-32,125.0,0.0,0.0,0.0,0.0,glutathione S-transferase 1 [Nephila pilipes],,"39R3B@33154,3BJH6@33208,3D3HE@33213,3SKKF@50557,41WJ0@6656,KOG1695@1,KOG1695@2759","GST_C_3,GST_N",0.0,0.0,Phase II: Conjugation,Glutathione S-Transferases (GST),Glutathione Conjugation,No
,GFT57009.1,CYP2U1,ko:K07422,"map00590,map01100,ko00590,ko01100",,,"ko00001,ko00000,ko00199",9258.ENSOANP00000007846,40.4,1.5100000000000002e-35,133.0,0.0,0.0,0.0,0.0,"cytochrome P450 2U1, partial [Nephila pilipes]",,"38BSU@33154,3BC78@33208,3CRSA@33213,3JAYF@40674,483DV@7711,492KN@7742,COG2124@1,KOG0156@2759",p450,0.0,0.0,Phase I: Functionalization,Cytochrome P450s (CYP450),CYP Monooxygenases,No
,GFT57012.1,,,,,,,7739.XP_002605111.1,44.2,1.1200000000000002e-21,98.6,0.0,0.0,0.0,0.0,cytochrome P450 2J5 [Nephila pilipes],,"38BSU@33154,COG2124@1,KOG0156@2759",p450,0.0,0.0,Phase I: Functionalization,Cytochrome P450s (CYP450),CYP Monooxygenases,No
,GFT57016.1,,ko:K08155,"ko05012,ko05031,ko05030,map05031,map05012,ko05034,ko04728,map04728,map05034,map04726,ko04726,map05030,ko04721,map04721",,,"ko02000,ko00001,ko00000",10224.XP_006815467.1,42.1,9.57e-132,398.0,0.0,0.0,0.0,0.0,synaptic vesicular amine transporter [Nephila pilipes],,"38CBP@33154,3BEZR@33208,3CTHD@33213,KOG3764@1,KOG3764@2759",MFS_1,0.0,0.0,Phase III: Efflux & Transport,MFS Xenobiotic Transporters,Solute Carrier Efflux,No
,GFT57731.1,,,,,,,69319.XP_008552427.1,31.1,8.47e-21,96.7,0.0,0.0,0.0,0.0,"putative inorganic phosphate cotransporter, partial [Nephila pilipes]",,"38CXA@33154,3BBSD@33208,3CR7D@33213,3SINN@50557,41THY@6656,46G37@7399,KOG2532@1,KOG2532@2759",MFS_1,0.0,0.0,Phase III: Efflux & Transport,MFS Xenobiotic Transporters,Solute Carrier Efflux,No
,GFT57733.1,,,,,,,69319.XP_008552427.1,34.4,7.52e-34,134.0,0.0,0.0,0.0,0.0,putative sialin [Nephila pilipes],,"38CXA@33154,3BBSD@33208,3CR7D@33213,3SINN@50557,41THY@6656,46G37@7399,KOG2532@1,KOG2532@2759",MFS_1,0.0,0.0,Phase III: Efflux & Transport,MFS Xenobiotic Transporters,Solute Carrier Efflux,No
,GFT57883.1,EAZ88491.1,,,,,,391612.CY0110_15255,36.6,1.62e-61,204.0,0.0,0.0,0.0,0.0,sulfotransferase 1C2A [Nephila pilipes],,"1G8T0@1117,31CAG@2,3KFWM@43988,KOG1584@1",Sulfotransfer_1,0.0,0.0,Phase II: Conjugation,Sulfotransferases (SULT),Sulfation,No
,GFT58005.1,8236183,ko:K13298,"ko05032,ko04934,ko00230,map04934,map05032,map00230",,"3.1.4.35,3.1.4.17","ko01000,ko00001,ko00000",121225.PHUM497020-PA,64.6,0.0,1109.0,0.0,0.0,0.0,0.0,"dual 3',5'-cyclic-AMP and -GMP phosphodiesterase 11 [Nephila pilipes]",,"38BQB@33154,3B9XB@33208,3CSEF@33213,3E7YK@33342,3SKQF@50557,41UY5@6656,KOG3689@1,KOG3689@2759","GAF,PDEase_I",0.0,0.0,Phase I: Functionalization,Carboxylesterases (COE),Esterases & Hydrolases,No
,GFT58007.1,8236183,ko:K13298,"ko05032,ko04934,ko00230,map04934,map05032,map00230",,"3.1.4.35,3.1.4.17","ko01000,ko00001,ko00000",121225.PHUM497020-PA,64.6,0.0,1109.0,0.0,0.0,0.0,0.0,"dual 3',5'-cyclic-AMP and -GMP phosphodiesterase 11 [Nephila pilipes]",,"38BQB@33154,3B9XB@33208,3CSEF@33213,3E7YK@33342,3SKQF@50557,41UY5@6656,KOG3689@1,KOG3689@2759","GAF,PDEase_I",0.0,0.0,Phase I: Functionalization,Carboxylesterases (COE),Esterases & Hydrolases,No
,GFT58617.1,,,,,,,126957.SMAR004455-PA,39.3,7.24e-139,424.0,0.0,0.0,0.0,0.0,heparan-alpha-glucosaminide N-acetyltransferase [Nephila pilipes],,"38EYA@33154,3BFWA@33208,3D07S@33213,41TGG@6656,COG4299@1,KOG4683@2759",DUF5009,0.0,0.0,Phase II: Conjugation,N-Acetyltransferases (NAT),Acetylation,No
,GFT58619.1,,,,,,,126957.SMAR004455-PA,42.1,1.21e-149,451.0,0.0,0.0,0.0,0.0,heparan-alpha-glucosaminide N-acetyltransferase [Nephila pilipes],,"38EYA@33154,3BFWA@33208,3D07S@33213,41TGG@6656,COG4299@1,KOG4683@2759",DUF5009,0.0,0.0,Phase II: Conjugation,N-Acetyltransferases (NAT),Acetylation,No
,GFT58621.1,,,,,,,126957.SMAR004455-PA,42.5,1.75e-148,447.0,0.0,0.0,0.0,0.0,heparan-alpha-glucosaminide N-acetyltransferase [Nephila pilipes],,"38EYA@33154,3BFWA@33208,3D07S@33213,41TGG@6656,COG4299@1,KOG4683@2759",DUF5009,0.0,0.0,Phase II: Conjugation,N-Acetyltransferases (NAT),Acetylation,No
,GFT58823.1,LOC660966,,,,,,7070.TC001636-PA,32.7,7.86e-93,310.0,0.0,0.0,0.0,0.0,MFS_1_like domain-containing protein [Nephila pilipes],,"38Z6F@33154,3BN7F@33208,3D5IX@33213,3T0TZ@50557,41Y40@6656,KOG3762@1,KOG3762@2759",MFS_1_like,0.0,0.0,Phase III: Efflux & Transport,MFS Xenobiotic Transporters,Solute Carrier Efflux,No
,GFT59432.1,GL23362,ko:K08202,"ko05231,map05231",,,"ko02000,ko00001,ko00000",7234.FBpp0187469,41.7,6.539999999999999e-48,172.0,0.0,0.0,0.0,0.0,"organic cation transporter protein, partial [Nephila pilipes]",,"38FJ1@33154,3B9N9@33208,3CT4W@33213,3SJ4H@50557,41WFS@6656,44YKN@7147,45V80@7214,KOG0255@1,KOG0255@2759",MFS_1,0.0,0.0,Phase III: Efflux & Transport,MFS Xenobiotic Transporters,Solute Carrier Efflux,No
,GFT59445.1,,,,,,,126957.SMAR015099-PA,36.7,8.41e-76,249.0,0.0,0.0,0.0,0.0,galactose-3-O-sulfotransferase 2 [Nephila pilipes],,"28MEB@1,2QTXT@2759,38UB2@33154,3BHPF@33208,3CSY7@33213,421BR@6656",Gal-3-0_sulfotr,0.0,0.0,Phase II: Conjugation,Sulfotransferases (SULT),Sulfation,No
,GFT60438.1,,,,,,,126957.SMAR015771-PA,42.4,4.78e-23,102.0,0.0,0.0,0.0,0.0,"cadherin-like and PC-esterase domain-containing protein 1, partial [Nephila pilipes]",,"28I05@1,2QQAY@2759,390SR@33154,3BG1G@33208,3D0C3@33213,41YPW@6656",TTL,0.0,0.0,Phase I: Functionalization,Carboxylesterases (COE),Esterases & Hydrolases,No
,GFT60603.1,,,,,,,7897.ENSLACP00000021606,48.5,1.1800000000000001e-29,119.0,0.0,0.0,0.0,0.0,"carboxylesterase, partial [Nephila pilipes]",,"38F2A@33154,3BI0J@33208,3D5IN@33213,488ID@7711,499PY@7742,COG2272@1,KOG1516@2759",COesterase,0.0,0.0,Phase I: Functionalization,Carboxylesterases (COE),Esterases & Hydrolases,No
,GFT60645.1,,,,,,,126957.SMAR009052-PA,66.2,2.79e-236,691.0,0.0,0.0,0.0,0.0,"1-phosphatidylinositol 4,5-bisphosphate phosphodiesterase classes I and II, partial [Nephila pilipes]",,"3ASPT@33154,3BB4P@33208,3CUHB@33213,41UZY@6656,KOG0169@1,KOG1265@2759","EF-hand_like,PI-PLC-X,PI-PLC-Y,PLC-beta_C",0.0,0.0,Phase I: Functionalization,Carboxylesterases (COE),Esterases & Hydrolases,No
,GFT60646.1,,,,,,,126957.SMAR009052-PA,66.2,3.16e-236,690.0,0.0,0.0,0.0,0.0,"1-phosphatidylinositol 4,5-bisphosphate phosphodiesterase classes I and II, partial [Nephila pilipes]",,"3ASPT@33154,3BB4P@33208,3CUHB@33213,41UZY@6656,KOG0169@1,KOG1265@2759","EF-hand_like,PI-PLC-X,PI-PLC-Y,PLC-beta_C",0.0,0.0,Phase I: Functionalization,Carboxylesterases (COE),Esterases & Hydrolases,No
,GFT61232.1,1271075,,,,,,7165.AGAP010881-PA,25.0,2.26e-36,153.0,0.0,0.0,0.0,0.0,MFS domain-containing protein [Nephila pilipes],,"39T7H@33154,3BHHG@33208,3D3AH@33213,3SIZP@50557,41Y97@6656,44ZRE@7147,45MNY@7148,KOG2504@1,KOG2504@2759",MFS_1,0.0,0.0,Phase III: Efflux & Transport,MFS Xenobiotic Transporters,Solute Carrier Efflux,No
,GFT61233.1,slc16a6b,ko:K08183,,,,"ko02000,ko00000",7955.ENSDARP00000079124,24.9,6.11e-31,134.0,0.0,0.0,0.0,0.0,monocarboxylate transporter 13 [Nephila pilipes],,"38FZ2@33154,3BFC5@33208,3CXS2@33213,48358@7711,494PC@7742,4A114@7898,KOG2504@1,KOG2504@2759",MFS_1,0.0,0.0,Phase III: Efflux & Transport,MFS Xenobiotic Transporters,Solute Carrier Efflux,No
,GFT61393.1,105618981,ko:K00327,,,1.6.2.4,"ko01000,ko00000",12957.ACEP16641-PA,72.4,2.52e-57,193.0,0.0,0.0,0.0,0.0,"NADPH--cytochrome P450 reductase, partial [Nephila pilipes]",,"38BIN@33154,3B9BP@33208,3CVR2@33213,3SFT7@50557,41UCT@6656,COG0369@1,KOG1158@2759","FAD_binding_1,Flavodoxin_1,NAD_binding_1",0.0,0.0,Phase I: Functionalization,Cytochrome P450s (CYP450),CYP Monooxygenases,No
,GFT61858.1,,ko:K05648,"ko02010,map02010",,,"ko02000,ko00001,ko00000",7994.ENSAMXP00000012058,27.7,6.2e-109,387.0,0.0,0.0,0.0,0.0,ATP-binding cassette sub-family A member 5 [Nephila pilipes],,"38BPG@33154,3BBB4@33208,3CSBI@33213,487YJ@7711,4936S@7742,49WHW@7898,COG1131@1,KOG0059@2759","ABC2_membrane_3,ABC_tran",0.0,0.0,Phase III: Efflux & Transport,ABC Transporters (ABCA/B/C/G),ATP-Dependent Efflux,No
,GFT61985.1,,ko:K07422,"map00590,map01100,ko00590,ko01100",,,"ko00001,ko00000,ko00199",7739.XP_002598267.1,44.4,7.48e-15,74.7,0.0,0.0,0.0,0.0,"cytochrome P450 2U1, partial [Nephila pilipes]",,"38BSU@33154,COG2124@1,KOG0156@2759",p450,0.0,0.0,Phase I: Functionalization,Cytochrome P450s (CYP450),CYP Monooxygenases,No
,GFT63000.1,,,,,,,126957.SMAR015164-PA,33.5,5.19e-78,266.0,0.0,0.0,0.0,0.0,monocarboxylate transporter 14 [Nephila pilipes],,"38D7W@33154,3BAF9@33208,3D0PE@33213,41VZG@6656,KOG2504@1,KOG2504@2759",MFS_1,0.0,0.0,Phase III: Efflux & Transport,MFS Xenobiotic Transporters,Solute Carrier Efflux,No
,GFT63003.1,,,,,,,69319.XP_008553954.1,35.4,2.76e-88,289.0,0.0,0.0,0.0,0.0,monocarboxylate transporter 12 [Nephila pilipes],,"38D7W@33154,3BAF9@33208,3D0PE@33213,3SK55@50557,41VZG@6656,46HU7@7399,KOG2504@1,KOG2504@2759",MFS_1,0.0,0.0,Phase III: Efflux & Transport,MFS Xenobiotic Transporters,Solute Carrier Efflux,No
,GFT63007.1,,,,,,,69319.XP_008553954.1,37.7,3.3e-98,315.0,0.0,0.0,0.0,0.0,monocarboxylate transporter 12 [Nephila pilipes],,"38D7W@33154,3BAF9@33208,3D0PE@33213,3SK55@50557,41VZG@6656,46HU7@7399,KOG2504@1,KOG2504@2759",MFS_1,0.0,0.0,Phase III: Efflux & Transport,MFS Xenobiotic Transporters,Solute Carrier Efflux,No
,GFT63128.1,ADIS_2142,,,,,,1288963.ADIS_2142,36.7,1.36e-15,78.6,0.0,0.0,0.0,0.0,"AB hydrolase-1 domain-containing protein, partial [Nephila pilipes]",,"47JB4@768503,4NDZI@976,COG0596@1,COG0596@2",Abhydrolase_1,0.0,0.0,Phase I: Functionalization,Carboxylesterases (COE),Esterases & Hydrolases,No
,GFT63152.1,6050716,ko:K14999,,,,"ko01000,ko00000,ko00199",7176.CPIJ016853-PA,47.4,4.88e-38,141.0,0.0,0.0,0.0,0.0,"cytochrome P450 6k1, partial [Nephila pilipes]",,"38BTY@33154,3BF8S@33208,3CV2F@33213,3SGMH@50557,41VYX@6656,44XUS@7147,45JUQ@7148,COG2124@1,KOG0158@2759",p450,0.0,0.0,Phase I: Functionalization,Cytochrome P450s (CYP450),CYP Monooxygenases,No
,GFT63723.1,EFV53526,ko:K12301,"map04142,ko04142",,,"ko02000,ko00001,ko00000",6334.EFV53526,46.4,3.47e-11,64.7,0.0,0.0,0.0,0.0,"putative transporter, partial [Nephila pilipes]",,"38CXA@33154,3BBSD@33208,3CR7D@33213,40D0Y@6231,KOG2532@1,KOG2532@2759",MFS_1,0.0,0.0,Phase III: Efflux & Transport,MFS Xenobiotic Transporters,Solute Carrier Efflux,No
,GFT63725.1,LOC577955,ko:K07427,,,,"ko00000,ko00199",7668.SPU_012080-tr,56.6,1.5700000000000002e-37,141.0,0.0,0.0,0.0,0.0,"cytochrome P450 4c3, partial [Nephila pilipes]",,"38CHP@33154,3B9GY@33208,3CSG8@33213,COG2124@1,KOG0157@2759",p450,0.0,0.0,Phase I: Functionalization,Cytochrome P450s (CYP450),CYP Monooxygenases,No
,GFT64297.1,,,,,,,126957.SMAR015181-PA,84.3,1.09e-166,477.0,0.0,0.0,0.0,0.0,"ATP-binding cassette sub-family F member 2, partial [Nephila pilipes]",,"38D7Z@33154,3BDRJ@33208,3CSZD@33213,41VWG@6656,COG0488@1,KOG0927@2759","ABC_tran,ABC_tran_Xtn",0.0,0.0,Phase III: Efflux & Transport,ABC Transporters (ABCA/B/C/G),ATP-Dependent Efflux,No
,GFT64664.1,,,,,,,7091.BGIBMGA003138-TA,24.1,9.42e-22,105.0,0.0,0.0,0.0,0.0,monocarboxylate transporter 12 [Nephila pilipes],,"38D7W@33154,3BAF9@33208,3D0PE@33213,3SK55@50557,41VZG@6656,442D7@7088,KOG2504@1,KOG2504@2759",MFS_1,0.0,0.0,Phase III: Efflux & Transport,MFS Xenobiotic Transporters,Solute Carrier Efflux,No
,GFT64666.1,20212788,,,,,,6412.HelroP193822,23.9,4.8000000000000004e-29,129.0,0.0,0.0,0.0,0.0,MFS domain-containing protein [Nephila pilipes],,"38GN2@33154,3B9WM@33208,3CVEZ@33213,KOG2504@1,KOG2504@2759",MFS_1,0.0,0.0,Phase III: Efflux & Transport,MFS Xenobiotic Transporters,Solute Carrier Efflux,No
,GFT64908.1,ACK66184.1,,,,,,41431.PCC8801_2155,47.6,1.64e-05,50.8,0.0,0.0,0.0,0.0,sulfotransferase family cytosolic 1B member 1 [Nephila pilipes],,"1G8T0@1117,31CAG@2,3KFWM@43988,KOG1584@1",Sulfotransfer_1,0.0,0.0,Phase II: Conjugation,Sulfotransferases (SULT),Sulfation,No
,GFT65361.1,,,,,,,126957.SMAR002825-PA,24.5,4.57e-32,139.0,0.0,0.0,0.0,0.0,monocarboxylate transporter 9 [Nephila pilipes],,"396P2@33154,3BC29@33208,3D0NS@33213,41XNV@6656,KOG2504@1,KOG2504@2759",MFS_1,0.0,0.0,Phase III: Efflux & Transport,MFS Xenobiotic Transporters,Solute Carrier Efflux,No
,GFT65459.1,,,,,,,10228.TriadP61619,34.1,3.59e-11,68.6,0.0,0.0,0.0,0.0,acetyltransf_18 domain-containing protein [Nephila pilipes],,"2S9B9@2759,3AC4G@33154,3BVTK@33208,COG0454@1",Acetyltransf_1,0.0,0.0,Phase II: Conjugation,N-Acetyltransferases (NAT),Acetylation,No
,GFT65917.1,CYP3A8,ko:K17689,"map01100,ko01100,ko00980,map00982,ko00982,map00980,ko00140,map00591,ko00591,ko00983,ko00830,map00830,ko05204,map00983,map00140,map05204",,"1.14.13.97,1.14.14.55,1.14.14.56,1.14.13.32","ko01000,ko00001,ko00000,ko00199",9541.XP_005549230.1,49.6,5.27e-37,139.0,0.0,0.0,0.0,0.0,cytochrome P450 3A8 [Nephila pilipes],"P|GO:0002933|IEA,P|GO:0006066|IEA,P|GO:0006629|IEA,P|GO:0006694|IEA,P|GO:0006706|IEA,P|GO:0006720|IEA,P|GO:0006721|IEA,P|GO:0006766|IEA,P|GO:0006775|IEA,P|GO:0006807|IEA,P|GO:0008150|IEA,P|GO:0008150|ISS,P|GO:0008150|IEA,P|GO:0008152|IEA,P|GO:0008152|ISS,P|GO:0008152|IEA,P|GO:0008202|IEA,P|GO:0008610|IEA,P|GO:0009056|IEA,P|GO:0009058|IEA,P|GO:0009110|IEA,P|GO:0009820|IEA,P|GO:0009822|IEA,P|GO:0009987|IEA,P|GO:0010817|IEA,P|GO:0016042|IEA,P|GO:0016098|IEA,P|GO:0017144|IEA,P|GO:0019751|IEA,P|GO:0030258|IEA,P|GO:0034641|IEA,P|GO:0036378|IEA,P|GO:0042221|IEA,P|GO:0042359|IEA,P|GO:0042362|IEA,P|GO:0042368|IEA,P|GO:0042445|IEA,P|GO:0042446|IEA,P|GO:0042493|IEA,P|GO:0042737|IEA,P|GO:0042738|IEA,P|GO:0044107|IEA,P|GO:0044108|IEA,P|GO:0044237|IEA,P|GO:0044238|IEA,P|GO:0044248|IEA,P|GO:0044249|IEA,P|GO:0044255|IEA,P|GO:0044270|IEA,P|GO:0044281|IEA,P|GO:0044283|IEA,P|GO:0046165|IEA,P|GO:0046173|IEA,P|GO:0046483|IEA,P|GO:0050896|IEA,P|GO:0055114|IEA,P|GO:0055114|ISS,P|GO:0055114|IEA,P|GO:0065007|IEA,P|GO:0065008|IEA,P|GO:0070640|IEA,P|GO:0070988|IEA,P|GO:0070989|IEA,P|GO:0071704|IEA,P|GO:1901360|IEA,P|GO:1901361|IEA,P|GO:1901362|IEA,P|GO:1901564|IEA,P|GO:1901565|IEA,P|GO:1901575|IEA,P|GO:1901576|IEA,P|GO:1901615|IEA,P|GO:1901617|IEA,P|GO:1902652|IEA,C|GO:0005575|CURATED,C|GO:0005622|CURATED,C|GO:0005623|CURATED,C|GO:0005737|CURATED,C|GO:0005783|CURATED,C|GO:0005789|CURATED,C|GO:0012505|CURATED,C|GO:0016020|CURATED,C|GO:0031090|CURATED,C|GO:0031984|CURATED,C|GO:0042175|CURATED,C|GO:0043226|CURATED,C|GO:0043227|CURATED,C|GO:0043229|CURATED,C|GO:0043231|CURATED,C|GO:0044422|CURATED,C|GO:0044424|CURATED,C|GO:0044425|CURATED,C|GO:0044432|CURATED,C|GO:0044444|CURATED,C|GO:0044446|CURATED,C|GO:0044464|CURATED,C|GO:0098827|CURATED,F|GO:0003674|IEA,F|GO:0003674|IEA,F|GO:0003674|ISS,F|GO:0003674|IEA,F|GO:0003824|IEA,F|GO:0003824|ISS,F|GO:0003824|IEA,F|GO:0004497|IEA,F|GO:0004497|ISS,F|GO:0004497|IEA,F|GO:0005488|IEA,F|GO:0005488|IEA,F|GO:0005496|IEA,F|GO:0005506|IEA,F|GO:0005515|IEA,F|GO:0008289|IEA,F|GO:0008395|IEA,F|GO:0016491|IEA,F|GO:0016491|ISS,F|GO:0016491|IEA,F|GO:0016705|IEA,F|GO:0016705|IEA,F|GO:0016712|IEA,F|GO:0016725|IEA,F|GO:0019899|IEA,F|GO:0020037|IEA,F|GO:0030343|IEA,F|GO:0033695|IEA,F|GO:0034875|IEA,F|GO:0043167|IEA,F|GO:0043169|IEA,F|GO:0046872|IEA,F|GO:0046906|IEA,F|GO:0046914|IEA,F|GO:0048037|IEA,F|GO:0050649|IEA,F|GO:0070330|IEA,F|GO:0070576|IEA,F|GO:0070643|IEA,F|GO:0097159|IEA,F|GO:0097159|IEA,F|GO:0101020|IEA,F|GO:1901363|IEA","35E4R@314146,3667V@314294,38BTY@33154,3BF8S@33208,3CV2F@33213,3J4KT@40674,488IN@7711,490UU@7742,4M8DK@9443,COG2124@1,KOG0158@2759",p450,0.0,0.0,Phase I: Functionalization,Cytochrome P450s (CYP450),CYP Monooxygenases,No
,GFT66306.1,LOC659510,ko:K18438,"ko05032,map00230,ko00230,map05032",,"3.1.4.35,3.1.4.17","ko01000,ko00001,ko00000",7070.TC002545-PA,56.9,1.53e-290,827.0,0.0,0.0,0.0,0.0,"probable 3',5'-cyclic phosphodiesterase pde-5 [Nephila pilipes]",,"38BQB@33154,3B9XB@33208,3CSEF@33213,3SFSY@50557,41TI4@6656,KOG3689@1,KOG3689@2759","GAF,PDEase_I",0.0,0.0,Phase I: Functionalization,Carboxylesterases (COE),Esterases & Hydrolases,No
,GFT66653.1,8236323,,,,,,121225.PHUM499800-PA,30.1,3.25e-60,218.0,0.0,0.0,0.0,0.0,venom carboxylesterase-6 [Nephila pilipes],,"38D2A@33154,3BDJX@33208,3CTBY@33213,3EC98@33342,3SJIG@50557,41TV5@6656,COG2272@1,KOG1516@2759",COesterase,0.0,0.0,Phase I: Functionalization,Carboxylesterases (COE),Esterases & Hydrolases,No
,GFT66863.1,,,,,,,126957.SMAR010453-PA,41.0,1.16e-97,308.0,0.0,0.0,0.0,0.0,cytochrome P450 3A24 [Nephila pilipes],,"38BTY@33154,3BF8S@33208,3CV2F@33213,41TTZ@6656,COG2124@1,KOG0158@2759",p450,0.0,0.0,Phase I: Functionalization,Cytochrome P450s (CYP450),CYP Monooxygenases,No
,GFT67118.1,cyp4,,,,,,984962.XP_009550486.1,40.7,2.13e-14,74.3,0.0,0.0,0.0,0.0,"cytochrome P450 2C39, partial [Nephila pilipes]",,"22EW7@155619,38BSU@33154,3H8N8@355688,3PA5U@4751,3V4DX@5204,COG2124@1,KOG0156@2759",p450,0.0,0.0,Phase I: Functionalization,Cytochrome P450s (CYP450),CYP Monooxygenases,No
,GFT67942.1,,,,,,,13249.RPRC000788-PA,58.6,5.17e-17,81.6,0.0,0.0,0.0,0.0,cytochrome P450 3A8 [Nephila pilipes],,"38BTY@33154,3BF8S@33208,3CV2F@33213,3EC8F@33342,3SJJ9@50557,41Z59@6656,COG2124@1,KOG0158@2759",p450,0.0,0.0,Phase I: Functionalization,Cytochrome P450s (CYP450),CYP Monooxygenases,No
,GFT68745.1,,,,,,,10228.TriadP61619,32.6,4.6e-10,65.5,0.0,0.0,0.0,0.0,acetyltransf_18 domain-containing protein [Nephila pilipes],,"2S9B9@2759,3AC4G@33154,3BVTK@33208,COG0454@1",Acetyltransf_1,0.0,0.0,Phase II: Conjugation,N-Acetyltransferases (NAT),Acetylation,No
,GFT68751.1,BN69_2886,,,,,,187303.BN69_2886,26.7,3.5e-16,84.7,0.0,0.0,0.0,0.0,n-acetyltransferase domain-containing protein [Nephila pilipes],,"1QWS7@1224,2TX3F@28211,COG0454@1,COG0456@2",Acetyltransf_10,0.0,0.0,Phase II: Conjugation,N-Acetyltransferases (NAT),Acetylation,No
,GFT68757.1,L798_15289,ko:K00621,"map00520,ko00520",,2.3.1.4,"ko01000,ko00001,ko00000",136037.KDR10580,53.7,1.39e-66,209.0,0.0,0.0,0.0,0.0,probable glucosamine 6-phosphate N-acetyltransferase [Nephila pilipes],,"3A46N@33154,3B9HC@33208,3D1D8@33213,3SM7W@50557,41YY7@6656,COG0454@1,KOG3396@2759",Acetyltransf_1,0.0,0.0,Phase II: Conjugation,N-Acetyltransferases (NAT),Acetylation,No
,GFT69310.1,ABL65113.1,,,,,,290317.Cpha266_1072,28.7,5.05e-06,53.9,0.0,0.0,0.0,0.0,n-acetyltransferase domain-containing protein [Nephila pilipes],,"COG0454@1,COG0454@2",Acetyltransf_1,0.0,0.0,Phase II: Conjugation,N-Acetyltransferases (NAT),Acetylation,No
,GFT69414.1,EAZ88491.1,,,,,,391612.CY0110_15255,53.9,1.13e-23,100.0,0.0,0.0,0.0,0.0,"sulfotransferase 1C2, partial [Nephila pilipes]",,"1G8T0@1117,31CAG@2,3KFWM@43988,KOG1584@1",Sulfotransfer_1,0.0,0.0,Phase II: Conjugation,Sulfotransferases (SULT),Sulfation,No
,GFT69476.1,G5I_13442,ko:K13758,"map00230,ko00230",,,"ko04131,ko00001,ko00000",103372.F4X519,87.1,2.26e-94,276.0,0.0,0.0,0.0,0.0,"retinal rod rhodopsin-sensitive cGMP 3',5'-cyclic phosphodiesterase subunit delta [Nephila pilipes]",,"39UQD@33154,3BF72@33208,3D6NI@33213,3SM92@50557,41Z02@6656,46KR3@7399,KOG4038@1,KOG4038@2759",GMP_PDE_delta,0.0,0.0,Phase I: Functionalization,Carboxylesterases (COE),Esterases & Hydrolases,No
,GFT69564.1,,,,,,,32264.tetur27g01890.1,34.8,0.0,1127.0,0.0,0.0,0.0,0.0,phospholipid-transporting ATPase ABCA1 [Nephila pilipes],,"38BPG@33154,3BBB4@33208,3CSBI@33213,41X2M@6656,COG1131@1,KOG0059@2759","ABC2_membrane_3,ABC_tran",0.0,0.0,Phase III: Efflux & Transport,ABC Transporters (ABCA/B/C/G),ATP-Dependent Efflux,No
,GFT69568.1,,,,,,,132113.XP_003490693.1,26.4,1.58e-30,135.0,0.0,0.0,0.0,0.0,ATP-binding cassette sub-family A member 1 [Nephila pilipes],,"38BPG@33154,3BBB4@33208,3CSBI@33213,3SJXK@50557,41X2M@6656,46JFE@7399,COG1131@1,KOG0059@2759","ABC2_membrane_3,ABC_tran",0.0,0.0,Phase III: Efflux & Transport,ABC Transporters (ABCA/B/C/G),ATP-Dependent Efflux,No
,GFT69596.1,L798_03493,ko:K12301,"map04142,ko04142",,,"ko02000,ko00001,ko00000",136037.KDR06530,33.0,2.6e-74,250.0,0.0,0.0,0.0,0.0,uncharacterized transporter slc-17.2 [Nephila pilipes],,"38CXA@33154,3BBSD@33208,3CR7D@33213,3SKJN@50557,41THY@6656,KOG2532@1,KOG2532@2759",MFS_1,0.0,0.0,Phase III: Efflux & Transport,MFS Xenobiotic Transporters,Solute Carrier Efflux,No
,GFT69675.1,,ko:K12301,"map04142,ko04142",,,"ko02000,ko00001,ko00000",6669.EFX67615,46.6,2.58e-32,129.0,0.0,0.0,0.0,0.0,putative inorganic phosphate cotransporter [Nephila pilipes],,"38CXA@33154,3BBSD@33208,3CR7D@33213,41THY@6656,KOG2532@1,KOG2532@2759",MFS_1,0.0,0.0,Phase III: Efflux & Transport,MFS Xenobiotic Transporters,Solute Carrier Efflux,No
,GFT69746.1,,,,,,,7213.XP_004523930.1,50.0,1.98e-08,57.0,0.0,0.0,0.0,0.0,"sialin, partial [Nephila pilipes]",,"38CXA@33154,3BBSD@33208,3CR7D@33213,3SKJN@50557,41THY@6656,4512W@7147,KOG2532@1,KOG2532@2759",MFS_1,0.0,0.0,Phase III: Efflux & Transport,MFS Xenobiotic Transporters,Solute Carrier Efflux,No
,GFT69836.1,LOC727307,,,,,,7460.GB49197-PA,69.9,5.39e-101,300.0,0.0,0.0,0.0,0.0,"canalicular multispecific organic anion transporter 1, partial [Nephila pilipes]",,"38CH6@33154,3BA19@33208,3CSDY@33213,3SK80@50557,41W0W@6656,46E9M@7399,COG1132@1,KOG0054@2759",ABC_tran,0.0,0.0,Phase III: Efflux & Transport,ABC Transporters (ABCA/B/C/G),ATP-Dependent Efflux,No
,GFT70502.1,Echvi_0662,,,,,,926556.Echvi_0662,28.7,1.3e-18,90.9,0.0,0.0,0.0,0.0,AB hydrolase-1 domain-containing protein [Nephila pilipes],,"47JB4@768503,4NDZI@976,COG0596@1,COG0596@2",Abhydrolase_1,0.0,0.0,Phase I: Functionalization,Carboxylesterases (COE),Esterases & Hydrolases,No
,GFT70669.1,ESCO1,,,,,,8364.ENSXETP00000063733,45.9,1.9e-63,216.0,0.0,0.0,0.0,0.0,n-acetyltransferase ESCO2 [Nephila pilipes],,"38E0W@33154,3BH04@33208,3CX1I@33213,488XX@7711,48V1N@7742,KOG3014@1,KOG3014@2759","Acetyltransf_13,zf-C2H2_3",0.0,0.0,Phase II: Conjugation,N-Acetyltransferases (NAT),Acetylation,No
,GFT70672.1,,ko:K05860,"map01100,ko04070,ko04919,ko04024,ko00562,map00562,map04015,map04014,ko01100,map05205,ko04020,map04024,map04919,ko04014,ko04015,map04020,ko04933,ko05205,map04070,map04933",M00130,3.1.4.11,"ko04131,ko01000,ko00001,ko00000,ko00002",32264.tetur05g03430.1,55.4,3.55e-180,550.0,0.0,0.0,0.0,0.0,"1-phosphatidylinositol 4,5-bisphosphate phosphodiesterase epsilon-1 [Nephila pilipes]",,"38BAR@33154,3BDE8@33208,3CSQY@33213,41UEG@6656,KOG0169@1,KOG0169@2759","C2,EF-hand_like,PI-PLC-X,PI-PLC-Y,RA",0.0,0.0,Phase I: Functionalization,Carboxylesterases (COE),Esterases & Hydrolases,No
,GFT70673.1,,,,,,,126957.SMAR003391-PA,47.8,5.77e-301,907.0,0.0,0.0,0.0,0.0,"1-phosphatidylinositol 4,5-bisphosphate phosphodiesterase epsilon-1 [Nephila pilipes]",,"38BAR@33154,3BDE8@33208,3CSQY@33213,41UEG@6656,KOG0169@1,KOG0169@2759","C2,EF-hand_like,PI-PLC-X,PI-PLC-Y,RA,RasGEF",0.0,0.0,Phase I: Functionalization,Carboxylesterases (COE),Esterases & Hydrolases,No
,GFT70915.1,,,,,,,35128.Thaps268048,23.2,8.8e-07,60.1,0.0,0.0,0.0,0.0,"MFS_1_like domain-containing protein, partial [Nephila pilipes]",,"2XA6X@2836,KOG3762@1,KOG3762@2759",MFS_1_like,0.0,0.0,Phase III: Efflux & Transport,MFS Xenobiotic Transporters,Solute Carrier Efflux,No
,GFT71117.1,,,,,,,126957.SMAR008771-PA,48.6,4.2100000000000004e-58,192.0,0.0,0.0,0.0,0.0,cytochrome P450 4c3 [Nephila pilipes],,"38CHP@33154,3B9GY@33208,COG2124@1,KOG0157@2759",p450,0.0,0.0,Phase I: Functionalization,Cytochrome P450s (CYP450),CYP Monooxygenases,No
,GFT71119.1,,ko:K15001,,,,"ko01000,ko00000,ko00199",6669.EFX87732,42.3,3.3e-113,347.0,0.0,0.0,0.0,0.0,cytochrome P450 4V2 [Nephila pilipes],,"38CHP@33154,3B9GY@33208,3CSG8@33213,41U3I@6656,COG2124@1,KOG0157@2759",p450,0.0,0.0,Phase I: Functionalization,Cytochrome P450s (CYP450),CYP Monooxygenases,No
,GFT71733.1,picot,,,,,,7425.NV15041-PA,45.9,4.82e-122,371.0,0.0,0.0,0.0,0.0,putative inorganic phosphate cotransporter [Nephila pilipes],,"38CXA@33154,3BBSD@33208,3CR7D@33213,3SINN@50557,41THY@6656,46G37@7399,KOG2532@1,KOG2532@2759",MFS_1,0.0,0.0,Phase III: Efflux & Transport,MFS Xenobiotic Transporters,Solute Carrier Efflux,No
,GFT71734.1,picot,,,,,,7425.NV15041-PA,45.9,7.6e-122,371.0,0.0,0.0,0.0,0.0,putative inorganic phosphate cotransporter [Nephila pilipes],,"38CXA@33154,3BBSD@33208,3CR7D@33213,3SINN@50557,41THY@6656,46G37@7399,KOG2532@1,KOG2532@2759",MFS_1,0.0,0.0,Phase III: Efflux & Transport,MFS Xenobiotic Transporters,Solute Carrier Efflux,No
,GFT71966.1,107363149,ko:K01052,"map04979,ko00100,ko04979,ko04142,map00100,map04142",,3.1.1.13,"ko01000,ko00001,ko00000",32264.tetur09g06670.1,63.4,4.33e-20,90.1,0.0,0.0,0.0,0.0,"gastric triacylglycerol lipase, partial [Nephila pilipes]",,"38KMN@33154,3BB1T@33208,COG0596@1,COG1565@1,KOG2624@2759,KOG2901@2759","Abhydro_lipase,Abhydrolase_1,Methyltransf_28",0.0,0.0,Phase I: Functionalization,Carboxylesterases (COE),Esterases & Hydrolases,No
,GFT72860.1,107365376,ko:K15001,,,,"ko01000,ko00000,ko00199",32264.tetur01g00650.1,53.3,6.46e-35,133.0,0.0,0.0,0.0,0.0,cytochrome P450 4V2 [Nephila pilipes],,"38CHP@33154,3B9GY@33208,3CSG8@33213,429YF@6656,COG2124@1,KOG0157@2759",p450,0.0,0.0,Phase I: Functionalization,Cytochrome P450s (CYP450),CYP Monooxygenases,No
,GFT73054.1,ACB00414.1,,,,,,32049.SYNPCC7002_A2436,23.3,3.05e-14,79.3,0.0,0.0,0.0,0.0,n-acetyltransferase domain-containing protein [Nephila pilipes],,"1G5K5@1117,1GZB0@1129,COG0454@1,COG0454@2",Acetyltransf_1,0.0,0.0,Phase II: Conjugation,N-Acetyltransferases (NAT),Acetylation,No
,GFT73078.1,105620082,ko:K21396,,,,"ko02000,ko00000",12957.ACEP19732-PA,57.7,1.7700000000000002e-27,111.0,0.0,0.0,0.0,0.0,"protein white, partial [Nephila pilipes]",,"38CVQ@33154,3BCP7@33208,3CWB5@33213,3SIJM@50557,41TWH@6656,COG1131@1,KOG0061@2759","ABC2_membrane,ABC_tran",0.0,0.0,Phase III: Efflux & Transport,ABC Transporters (ABCA/B/C/G),ATP-Dependent Efflux,No
,GFT73287.1,,ko:K12301,"map04142,ko04142",,,"ko02000,ko00001,ko00000",10224.XP_002737486.1,65.1,1.4000000000000002e-22,96.7,0.0,0.0,0.0,0.0,sialin [Nephila pilipes],,"38CXA@33154,3BBSD@33208,3CR7D@33213,KOG2532@1,KOG2532@2759",MFS_1,0.0,0.0,Phase III: Efflux & Transport,MFS Xenobiotic Transporters,Solute Carrier Efflux,No
,GFT73335.1,,,,,,,126957.SMAR008770-PA,50.7,2.33e-17,82.0,0.0,0.0,0.0,0.0,"cytochrome P450 4V2, partial [Nephila pilipes]",,"38CHP@33154,3B9GY@33208,3CSEG@33213,COG2124@1,KOG0157@2759",p450,0.0,0.0,Phase I: Functionalization,Cytochrome P450s (CYP450),CYP Monooxygenases,No
,GFT73338.1,,,,,,,126957.SMAR012322-PA,40.9,4.14e-27,115.0,0.0,0.0,0.0,0.0,cytochrome P450 4c3 [Nephila pilipes],,"38CHP@33154,3B9GY@33208,3CSG8@33213,41U3I@6656,COG2124@1,KOG0157@2759",p450,0.0,0.0,Phase I: Functionalization,Cytochrome P450s (CYP450),CYP Monooxygenases,No
,GFT73663.1,,,,,,,7029.ACYPI062686-PA,75.8,6.91e-25,95.1,0.0,0.0,0.0,0.0,"multidrug resistance-associated protein 1, partial [Nephila pilipes]",,"38CH6@33154,3BA19@33208,3CSDY@33213,3SK80@50557,41W0W@6656,COG1132@1,KOG0054@2759",ABC_tran,0.0,0.0,Phase III: Efflux & Transport,ABC Transporters (ABCA/B/C/G),ATP-Dependent Efflux,No
,GFT74102.1,,,,,,,126957.SMAR011232-PA,57.8,4.25e-27,103.0,0.0,0.0,0.0,0.0,heparan sulfate glucosamine 3-O-sulfotransferase 3B1 [Nephila pilipes],,"3A8C1@33154,3BUPY@33208,3DAT8@33213,KOG3704@1,KOG3704@2759",Sulfotransfer_1,0.0,0.0,Phase II: Conjugation,Sulfotransferases (SULT),Sulfation,No
,GFT74416.1,8240044,,,,,,121225.PHUM188680-PA,29.1,3.95e-57,205.0,0.0,0.0,0.0,0.0,synaptic vesicle 2-related protein [Nephila pilipes],,"38BRT@33154,3BCKS@33208,3CUK1@33213,3ECHV@33342,3SFY3@50557,41VI2@6656,KOG0253@1,KOG0253@2759",MFS_1,0.0,0.0,Phase III: Efflux & Transport,MFS Xenobiotic Transporters,Solute Carrier Efflux,No
,GFT74515.1,,,,,,,13249.RPRC009370-PA,38.2,1.75e-21,93.6,0.0,0.0,0.0,0.0,cytochrome P450 18a1 [Nephila pilipes],,"38BSU@33154,3BC78@33208,3CRSA@33213,3ECTU@33342,3SKAJ@50557,41V2X@6656,COG2124@1,KOG0156@2759",p450,0.0,0.0,Phase I: Functionalization,Cytochrome P450s (CYP450),CYP Monooxygenases,No
,GFT74527.1,,ko:K08202,"ko05231,map05231",,,"ko02000,ko00001,ko00000",7739.XP_002586701.1,52.9,6.63e-30,117.0,0.0,0.0,0.0,0.0,organic cation transporter protein [Nephila pilipes],,"38FJ1@33154,3B9N9@33208,3CT4W@33213,KOG0255@1,KOG0255@2759",MFS_1,0.0,0.0,Phase III: Efflux & Transport,MFS Xenobiotic Transporters,Solute Carrier Efflux,No
,GFT74926.1,L798_06513,ko:K19367,"ko04144,map04144",,,"ko00001,ko00000",136037.KDR19527,66.2,2.9e-138,399.0,0.0,0.0,0.0,0.0,maspardin [Nephila pilipes],,"28HE8@1,2QPSD@2759,39RR5@33154,3BARW@33208,3CRFV@33213,3SJ0R@50557,41UXZ@6656",Abhydrolase_1,0.0,0.0,Phase I: Functionalization,Carboxylesterases (COE),Esterases & Hydrolases,No
,GFT75514.1,,,,,,,48698.ENSPFOP00000015335,61.2,6.619999999999999e-180,518.0,0.0,0.0,0.0,0.0,MFS domain-containing protein [Nephila pilipes],,"39W98@33154,3BJ8P@33208,3CUMP@33213,487JM@7711,495DG@7742,49SSV@7898,COG0477@1,KOG4686@2759",MFS_1,0.0,0.0,Phase III: Efflux & Transport,MFS Xenobiotic Transporters,Solute Carrier Efflux,No
,GFT75706.1,GH11095,ko:K08193,,,,"ko02000,ko00000",7222.FBpp0145001,40.6,9.22e-15,78.6,0.0,0.0,0.0,0.0,"sialin, partial [Nephila pilipes]",,"39XKC@33154,3BMP2@33208,3D5XJ@33213,3SIAX@50557,41YGC@6656,44WVX@7147,45WKV@7214,KOG2532@1,KOG2532@2759",MFS_1,0.0,0.0,Phase III: Efflux & Transport,MFS Xenobiotic Transporters,Solute Carrier Efflux,No
,GFT76043.1,,,,,,,126957.SMAR015305-PA,43.8,3.12e-73,242.0,0.0,0.0,0.0,0.0,galactosylceramide sulfotransferase [Nephila pilipes],,"28MEB@1,2QTXT@2759,38UB2@33154,3BHPF@33208,3CSY7@33213,421BR@6656",Gal-3-0_sulfotr,0.0,0.0,Phase II: Conjugation,Sulfotransferases (SULT),Sulfation,No
,GFT76075.1,GH11095,ko:K08193,,,,"ko02000,ko00000",7222.FBpp0145001,36.2,4.97e-16,84.0,0.0,0.0,0.0,0.0,sialin [Nephila pilipes],,"39XKC@33154,3BMP2@33208,3D5XJ@33213,3SIAX@50557,41YGC@6656,44WVX@7147,45WKV@7214,KOG2532@1,KOG2532@2759",MFS_1,0.0,0.0,Phase III: Efflux & Transport,MFS Xenobiotic Transporters,Solute Carrier Efflux,No
,GFT76291.1,ACK69738.1,,,,,,65393.PCC7424_1291,40.2,9.780000000000001e-75,239.0,0.0,0.0,0.0,0.0,sulfotransferase 1C2 [Nephila pilipes],,"1G8T0@1117,31CAG@2,3KFWM@43988,KOG1584@1",Sulfotransfer_1,0.0,0.0,Phase II: Conjugation,Sulfotransferases (SULT),Sulfation,No
,GFT76303.1,EAZ88491.1,,,,,,391612.CY0110_15255,46.1,4.1699999999999996e-46,161.0,0.0,0.0,0.0,0.0,sulfotransferase 1 family member D1 [Nephila pilipes],,"1G8T0@1117,31CAG@2,3KFWM@43988,KOG1584@1",Sulfotransfer_1,0.0,0.0,Phase II: Conjugation,Sulfotransferases (SULT),Sulfation,No
,GFT76309.1,,ko:K01025,,,,"ko01000,ko00000",13616.ENSMODP00000015432,28.9,2.77e-71,249.0,0.0,0.0,0.0,0.0,amine sulfotransferase [Nephila pilipes],,"38FPD@33154,3BEBC@33208,3CTZN@33213,3J9FH@40674,48017@7711,48WD0@7742,4JXDZ@9263,KOG1584@1,KOG1584@2759",Sulfotransfer_1,0.0,0.0,Phase II: Conjugation,Sulfotransferases (SULT),Sulfation,No
,GFT76322.1,,ko:K08193,,,,"ko02000,ko00000",7070.TC006631-PA,46.5,1.31e-10,65.1,0.0,0.0,0.0,0.0,sialin [Nephila pilipes],,"39XKC@33154,3BMP2@33208,3D5XJ@33213,3SIAX@50557,41YGC@6656,KOG2532@1,KOG2532@2759",MFS_1,0.0,0.0,Phase III: Efflux & Transport,MFS Xenobiotic Transporters,Solute Carrier Efflux,No
,GFT76367.1,1273877,,,,,,7165.AGAP003204-PA,48.1,2.1000000000000001e-184,551.0,0.0,0.0,0.0,0.0,major facilitator superfamily domain-containing protein 6 [Nephila pilipes],,"38HU3@33154,3BAPX@33208,3CRZS@33213,3SJTM@50557,41YBQ@6656,44YQ3@7147,45GU8@7148,KOG3762@1,KOG3762@2759",MFS_1_like,0.0,0.0,Phase III: Efflux & Transport,MFS Xenobiotic Transporters,Solute Carrier Efflux,No
,GFT76599.1,asd,ko:K00133,"map01100,ko01100,ko01210,map00300,map01120,ko01110,map00270,ko00300,ko01230,map01230,map01210,ko01130,map01110,ko01120,map00260,map00261,map01130,ko00270,ko00261,ko00260","M00016,M00017,M00018,M00033,M00526,M00527,M00525",1.2.1.11,"ko01000,ko00001,ko00000,ko00002",163164.WD_0954,94.7,8.5e-227,627.0,0.0,0.0,0.0,0.0,aspartate-semialdehyde dehydrogenase [Nephila pilipes],,"1MUHG@1224,2TSRD@28211,47EUG@766,COG0136@1,COG0136@2","Semialdhyde_dh,Semialdhyde_dhC",0.0,0.0,Phase I: Functionalization,Aldehyde Dehydrogenases (ALDH),Aldehyde Oxidation,No
,GFT77160.1,,ko:K07422,"map00590,map01100,ko00590,ko01100",,,"ko00001,ko00000,ko00199",7739.XP_002598267.1,34.9,7.53e-64,212.0,0.0,0.0,0.0,0.0,"cytochrome P450 2D9, partial [Nephila pilipes]",,"38BSU@33154,COG2124@1,KOG0156@2759",p450,0.0,0.0,Phase I: Functionalization,Cytochrome P450s (CYP450),CYP Monooxygenases,No
,GFT77313.1,ACAT1,ko:K00626,"ko01200,map00310,ko01100,ko01212,map01200,ko02020,ko01130,map01110,ko00620,map00650,map00630,ko00640,ko00720,ko00310,ko00650,ko00071,ko00072,map00900,ko00900,map01100,map02020,map01120,map01212,map00362,ko00630,map00072,map00071,map00640,map00380,map00280,map00720,ko00362,map00620,ko01110,ko00280,map01130,ko00380,ko01120","M00088,M00375,M00374,M00373,M00095",2.3.1.9,"ko01000,ko04147,ko00001,ko00000,ko00002",8932.XP_005501578.1,65.8,2.95e-171,491.0,0.0,0.0,0.0,0.0,"acetyl-CoA acetyltransferase, mitochondrial [Nephila pilipes]",,"38C4X@33154,3BFH7@33208,3CS6N@33213,481E7@7711,49268@7742,4GTH6@8782,COG0183@1,KOG1390@2759","Thiolase_C,Thiolase_N",0.0,0.0,Phase II: Conjugation,N-Acetyltransferases (NAT),Acetylation,No
,GFT77362.1,LOC586945,ko:K07417,,,,"ko00000,ko00199",7668.SPU_025863-tr,54.3,2.56e-11,63.5,0.0,0.0,0.0,0.0,"cytochrome P450 2J2, partial [Nephila pilipes]",,"38BSU@33154,3BC78@33208,3CRSA@33213,COG2124@1,KOG0156@2759",p450,0.0,0.0,Phase I: Functionalization,Cytochrome P450s (CYP450),CYP Monooxygenases,No
,GFT78009.1,107364045,ko:K00627,"map01100,ko01200,map01110,map01120,ko01110,ko01100,map00620,map01200,map00010,ko01130,ko00020,ko00620,map00020,map01130,ko00010,ko01120",M00307,2.3.1.12,"ko01000,br01601,ko00001,ko00000,ko00002",32264.tetur11g02780.1,53.6,8.36e-56,192.0,0.0,0.0,0.0,0.0,"dihydrolipoyllysine-residue acetyltransferase component of pyruvate dehydrogenase complex, mitochondrial, partial [Nephila pilipes]",,"38BJW@33154,3BFAB@33208,3CS5G@33213,41WBA@6656,COG0508@1,KOG0557@2759","2-oxoacid_dh,Biotin_lipoyl,E3_binding",0.0,0.0,Phase II: Conjugation,N-Acetyltransferases (NAT),Acetylation,No
,GFT78161.1,L798_13836,ko:K15001,,,,"ko01000,ko00000,ko00199",136037.KDR12229,50.0,9.46e-17,82.0,0.0,0.0,0.0,0.0,cytochrome P450 4V2 [Nephila pilipes],,"38CHP@33154,3B9GY@33208,3CSG8@33213,3SGAE@50557,41U3I@6656,COG2124@1,KOG0157@2759",p450,0.0,0.0,Phase I: Functionalization,Cytochrome P450s (CYP450),CYP Monooxygenases,No
,GFT78276.1,picot,,,,,,7425.NV15041-PA,45.9,4.82e-122,371.0,0.0,0.0,0.0,0.0,putative inorganic phosphate cotransporter [Nephila pilipes],,"38CXA@33154,3BBSD@33208,3CR7D@33213,3SINN@50557,41THY@6656,46G37@7399,KOG2532@1,KOG2532@2759",MFS_1,0.0,0.0,Phase III: Efflux & Transport,MFS Xenobiotic Transporters,Solute Carrier Efflux,No
,GFT78279.1,picot,,,,,,7425.NV15041-PA,45.9,7.6e-122,371.0,0.0,0.0,0.0,0.0,putative inorganic phosphate cotransporter [Nephila pilipes],,"38CXA@33154,3BBSD@33208,3CR7D@33213,3SINN@50557,41THY@6656,46G37@7399,KOG2532@1,KOG2532@2759",MFS_1,0.0,0.0,Phase III: Efflux & Transport,MFS Xenobiotic Transporters,Solute Carrier Efflux,No
,GFT78304.1,WD_0384,ko:K07552,,,,"ko02000,ko00000",163164.WD_0384,99.2,1.28e-75,236.0,0.0,0.0,0.0,0.0,"uncharacterized transporter RBE_0856, partial [Nephila pilipes]",,"1MW19@1224,2TRJ1@28211,47F9I@766,COG0477@1,COG2814@2",MFS_1,0.0,0.0,Phase III: Efflux & Transport,MFS Xenobiotic Transporters,Solute Carrier Efflux,No
,GFT78355.1,,ko:K15001,,,,"ko01000,ko00000,ko00199",6669.EFX87732,42.3,9.64e-113,346.0,0.0,0.0,0.0,0.0,"cytochrome P450 4V2, partial [Nephila pilipes]",,"38CHP@33154,3B9GY@33208,3CSG8@33213,41U3I@6656,COG2124@1,KOG0157@2759",p450,0.0,0.0,Phase I: Functionalization,Cytochrome P450s (CYP450),CYP Monooxygenases,No
,GFT78357.1,,,,,,,126957.SMAR008771-PA,50.3,7.4800000000000005e-59,194.0,0.0,0.0,0.0,0.0,cytochrome P450 4c3 [Nephila pilipes],,"38CHP@33154,3B9GY@33208,COG2124@1,KOG0157@2759",p450,0.0,0.0,Phase I: Functionalization,Cytochrome P450s (CYP450),CYP Monooxygenases,No
,GFT78464.1,LOC594737,ko:K07427,,,,"ko00000,ko00199",7668.SPU_002380-tr,44.3,9.87e-70,225.0,0.0,0.0,0.0,0.0,"cytochrome P450 4V2, partial [Nephila pilipes]",,"38CHP@33154,3B9GY@33208,3CSG8@33213,COG2124@1,KOG0157@2759",p450,0.0,0.0,Phase I: Functionalization,Cytochrome P450s (CYP450),CYP Monooxygenases,No
,GFT78754.1,L798_13834,ko:K15001,,,,"ko01000,ko00000,ko00199",136037.KDR12227,40.7,6.570000000000001e-88,280.0,0.0,0.0,0.0,0.0,cytochrome P450 4C1 [Nephila pilipes],,"38CHP@33154,3B9GY@33208,3CSG8@33213,3SGAE@50557,41U3I@6656,COG2124@1,KOG0157@2759",p450,0.0,0.0,Phase I: Functionalization,Cytochrome P450s (CYP450),CYP Monooxygenases,No
,GFT78873.1,v1g168335,,,,,,45351.EDO39266,34.7,4.76e-47,173.0,0.0,0.0,0.0,0.0,UNC93-like protein [Nephila pilipes],,"39NH3@33154,3BCBB@33208,KOG3097@1,KOG3097@2759","MFS_1,UNC-93",0.0,0.0,Phase III: Efflux & Transport,MFS Xenobiotic Transporters,Solute Carrier Efflux,No
,GFT79176.1,,,,,,,126957.SMAR012322-PA,41.8,1.51e-55,195.0,0.0,0.0,0.0,0.0,cytochrome P450 4V2 [Nephila pilipes],,"38CHP@33154,3B9GY@33208,3CSG8@33213,41U3I@6656,COG2124@1,KOG0157@2759",p450,0.0,0.0,Phase I: Functionalization,Cytochrome P450s (CYP450),CYP Monooxygenases,No
,GFT79383.1,L798_04614,ko:K01128,,,,"ko01000,ko00000",136037.KDR20460,34.3,7.99e-29,120.0,0.0,0.0,0.0,0.0,"sphingomyelin phosphodiesterase A, partial [Nephila pilipes]",,"38E4G@33154,3BEWN@33208,3CV2I@33213,3SGSR@50557,41YCE@6656,KOG3770@1,KOG3770@2759",,0.0,0.0,Phase I: Functionalization,Carboxylesterases (COE),Esterases & Hydrolases,No
,GFT79403.1,AND_002600,,,,,,43151.ADAC002600-PA,41.7,2.48e-120,369.0,0.0,0.0,0.0,0.0,protein unc-93 homolog A [Nephila pilipes],,"39NH3@33154,3BCBB@33208,3CYBR@33213,3SG3N@50557,41VW6@6656,44YC2@7147,45ECP@7148,KOG3097@1,KOG3097@2759","MFS_1,UNC-93",0.0,0.0,Phase III: Efflux & Transport,MFS Xenobiotic Transporters,Solute Carrier Efflux,No
,GFT79413.1,,ko:K07418,"map01100,ko01100,map04750,map00590,map00591,ko00591,ko00590,ko04750,ko04913,map04726,map04212,ko04212,map04913,ko04726",,1.14.14.1,"ko01000,ko00001,ko00000,ko00199",244447.XP_008305433.1,47.7,2.75e-45,163.0,0.0,0.0,0.0,0.0,cytochrome P450 2U1 [Nephila pilipes],,"38BSU@33154,3BC78@33208,3CRSA@33213,483G0@7711,48WIJ@7742,49ZZM@7898,COG2124@1,KOG0156@2759",p450,0.0,0.0,Phase I: Functionalization,Cytochrome P450s (CYP450),CYP Monooxygenases,No
,GFT79414.1,,,,,,,126957.SMAR011491-PA,32.6,1.87e-37,148.0,0.0,0.0,0.0,0.0,cytochrome P450 18a1 [Nephila pilipes],,"38BSU@33154,3BC78@33208,3CRSA@33213,41V2X@6656,COG2124@1,KOG0156@2759",p450,0.0,0.0,Phase I: Functionalization,Cytochrome P450s (CYP450),CYP Monooxygenases,No
,GFT79415.1,,,,,,,126957.SMAR009496-PA,30.3,1.27e-50,191.0,0.0,0.0,0.0,0.0,cytochrome P450 2C29 [Nephila pilipes],,"38BSU@33154,3BC78@33208,3CRSA@33213,41V2X@6656,COG2124@1,KOG0156@2759",p450,0.0,0.0,Phase I: Functionalization,Cytochrome P450s (CYP450),CYP Monooxygenases,No
,GFT79653.1,,,,,,,126957.SMAR001605-PA,40.2,4.08e-125,380.0,0.0,0.0,0.0,0.0,cytochrome P450 307a1 [Nephila pilipes],,"38EIX@33154,3BIU4@33208,3D33P@33213,41VFI@6656,COG2124@1,KOG0156@2759",p450,0.0,0.0,Phase I: Functionalization,Cytochrome P450s (CYP450),CYP Monooxygenases,No
,GFT80085.1,GL23362,ko:K08202,"ko05231,map05231",,,"ko02000,ko00001,ko00000",7234.FBpp0187469,41.7,6.539999999999999e-48,172.0,0.0,0.0,0.0,0.0,"organic cation transporter protein, partial [Nephila pilipes]",,"38FJ1@33154,3B9N9@33208,3CT4W@33213,3SJ4H@50557,41WFS@6656,44YKN@7147,45V80@7214,KOG0255@1,KOG0255@2759",MFS_1,0.0,0.0,Phase III: Efflux & Transport,MFS Xenobiotic Transporters,Solute Carrier Efflux,No
,GFT80109.1,L798_09690,,,,,,136037.KDR16352,39.4,1.81e-66,221.0,0.0,0.0,0.0,0.0,metallophosphoesterase 1-like protein [Nephila pilipes],,"3A497@33154,3BR05@33208,3D7XZ@33213,3SMHZ@50557,41ZKV@6656,KOG3662@1,KOG3662@2759",Metallophos,0.0,0.0,Phase I: Functionalization,Carboxylesterases (COE),Esterases & Hydrolases,No
,GFT80160.1,,,,,,,126957.SMAR015771-PA,44.4,6.53e-23,100.0,0.0,0.0,0.0,0.0,"cadherin-like and PC-esterase domain-containing protein 1, partial [Nephila pilipes]",,"28I05@1,2QQAY@2759,390SR@33154,3BG1G@33208,3D0C3@33213,41YPW@6656",TTL,0.0,0.0,Phase I: Functionalization,Carboxylesterases (COE),Esterases & Hydrolases,No
,GFT80275.1,,,,,,,126957.SMAR013635-PA,54.4,6.99e-42,152.0,0.0,0.0,0.0,0.0,sugar phosphate exchanger 3 [Nephila pilipes],,"38GSS@33154,3BHM6@33208,3CSKX@33213,41Y3K@6656,COG0477@1,KOG2533@2759",MFS_1,0.0,0.0,Phase III: Efflux & Transport,MFS Xenobiotic Transporters,Solute Carrier Efflux,No
,GFT80912.1,107369132,,,,,,32264.tetur30g02230.1,51.6,1.98e-145,430.0,0.0,0.0,0.0,0.0,major facilitator superfamily domain-containing protein 10 [Nephila pilipes],,"38H2F@33154,3B9W5@33208,3CR7M@33213,41TDZ@6656,KOG2615@1,KOG2615@2759",MFS_1,0.0,0.0,Phase III: Efflux & Transport,MFS Xenobiotic Transporters,Solute Carrier Efflux,No
,GFT80942.1,,,,,,,32264.tetur12g03330.1,32.7,2.49e-60,212.0,0.0,0.0,0.0,0.0,MFS-type transporter SLC18B1 [Nephila pilipes],,"38H1N@33154,3BACG@33208,3CWZQ@33213,41TGC@6656,KOG3764@1,KOG3764@2759",MFS_1,0.0,0.0,Phase III: Efflux & Transport,MFS Xenobiotic Transporters,Solute Carrier Efflux,No
,GFT80994.1,,,,,,,7425.NV11476-PA,62.4,4.6099999999999984e-68,213.0,0.0,0.0,0.0,0.0,n-acetyltransferase 9-like protein [Nephila pilipes],,"39DDF@33154,3BQIU@33208,3CT76@33213,3SMMW@50557,41Z9S@6656,46KWX@7399,KOG4135@1,KOG4135@2759",Acetyltransf_3,0.0,0.0,Phase II: Conjugation,N-Acetyltransferases (NAT),Acetylation,No
,GFT80997.1,,,,,,,7425.NV11476-PA,61.9,6.5e-63,199.0,0.0,0.0,0.0,0.0,n-acetyltransferase 9-like protein [Nephila pilipes],,"39DDF@33154,3BQIU@33208,3CT76@33213,3SMMW@50557,41Z9S@6656,46KWX@7399,KOG4135@1,KOG4135@2759",Acetyltransf_3,0.0,0.0,Phase II: Conjugation,N-Acetyltransferases (NAT),Acetylation,No
,GFT82204.1,,ko:K08220,,,,"ko02000,ko00000",106582.XP_004541932.1,39.4,1.39e-106,333.0,0.0,0.0,0.0,0.0,feline leukemia virus subgroup C receptor-related protein 2 [Nephila pilipes],,"38GTZ@33154,3BA29@33208,3CYWF@33213,47ZY1@7711,48ZEW@7742,49W5Y@7898,KOG2563@1,KOG2563@2759",MFS_1,0.0,0.0,Phase III: Efflux & Transport,MFS Xenobiotic Transporters,Solute Carrier Efflux,No
,GFT82205.1,,,,,,,7918.ENSLOCP00000000999,44.3,5.5600000000000014e-117,358.0,0.0,0.0,0.0,0.0,feline leukemia virus subgroup C receptor-related protein 1 [Nephila pilipes],,"38GTZ@33154,3BA29@33208,3CYWF@33213,47ZY1@7711,49013@7742,49WJV@7898,KOG2563@1,KOG2563@2759",MFS_1,0.0,0.0,Phase III: Efflux & Transport,MFS Xenobiotic Transporters,Solute Carrier Efflux,No
,GFT82457.1,107371757,ko:K07418,"map01100,ko01100,map04750,map00590,map00591,ko00591,ko00590,ko04750,ko04913,map04726,map04212,ko04212,map04913,ko04726",,1.14.14.1,"ko01000,ko00001,ko00000,ko00199",32264.tetur02g14020.1,38.7,5.62e-77,253.0,0.0,0.0,0.0,0.0,cytochrome P450 2G1 [Nephila pilipes],,"38BSU@33154,3BC78@33208,3CRSA@33213,41V2X@6656,COG2124@1,KOG0156@2759",p450,0.0,0.0,Phase I: Functionalization,Cytochrome P450s (CYP450),CYP Monooxygenases,No
,GFT84891.1,smpdl3a,ko:K01128,,,,"ko01000,ko00000",106582.XP_004568462.1,36.4,4.0999999999999996e-53,188.0,0.0,0.0,0.0,0.0,acid sphingomyelinase-like phosphodiesterase 3b [Nephila pilipes],,"38E4G@33154,3BEWN@33208,3CV2I@33213,4843Y@7711,49394@7742,49ZS1@7898,KOG3770@1,KOG3770@2759",Metallophos,0.0,0.0,Phase I: Functionalization,Carboxylesterases (COE),Esterases & Hydrolases,No
,GFT84911.1,WD_0707,ko:K09810,"ko02010,map02010",M00255,,"ko01000,ko02000,ko00001,ko00000,ko00002",163164.WD_0707,98.7,1.27e-149,422.0,0.0,0.0,0.0,0.0,lipoprotein-releasing system ATP-binding protein LolD [Nephila pilipes],,"1MVSQ@1224,2TSBE@28211,47FA2@766,COG1136@1,COG1136@2",ABC_tran,0.0,0.0,Phase III: Efflux & Transport,ABC Transporters (ABCA/B/C/G),ATP-Dependent Efflux,No
,GFT84939.1,WD_0770,ko:K06147,,,,"ko02000,ko00000",163164.WD_0770,99.3,0.0,1019.0,0.0,0.0,0.0,0.0,alkaline protease secretion ATP-binding protein AprD [Nephila pilipes],,"1NTI5@1224,2TR17@28211,47EWN@766,COG4618@1,COG4618@2","ABC_membrane,ABC_tran",0.0,0.0,Phase III: Efflux & Transport,ABC Transporters (ABCA/B/C/G),ATP-Dependent Efflux,No
,GFT85180.1,105619333,,,,,,12957.ACEP25082-PA,41.1,7.53e-22,93.2,0.0,0.0,0.0,0.0,"UNC93-like protein, partial [Nephila pilipes]",,"39NH3@33154,3BCBB@33208,3CYBR@33213,3SG3N@50557,41VW6@6656,46F33@7399,KOG3097@1,KOG3097@2759",MFS_1,0.0,0.0,Phase III: Efflux & Transport,MFS Xenobiotic Transporters,Solute Carrier Efflux,No
,GFT85484.1,,,,,,,7213.XP_004523930.1,50.8,1.99e-08,59.3,0.0,0.0,0.0,0.0,"sialin, partial [Nephila pilipes]",,"38CXA@33154,3BBSD@33208,3CR7D@33213,3SKJN@50557,41THY@6656,4512W@7147,KOG2532@1,KOG2532@2759",MFS_1,0.0,0.0,Phase III: Efflux & Transport,MFS Xenobiotic Transporters,Solute Carrier Efflux,No
,GFT85488.1,,,,,,,126957.SMAR009052-PA,53.9,0.0,1045.0,0.0,0.0,0.0,0.0,"1-phosphatidylinositol 4,5-bisphosphate phosphodiesterase classes I and II [Nephila pilipes]",,"3ASPT@33154,3BB4P@33208,3CUHB@33213,41UZY@6656,KOG0169@1,KOG1265@2759","EF-hand_like,PI-PLC-X,PI-PLC-Y,PLC-beta_C",0.0,0.0,Phase I: Functionalization,Carboxylesterases (COE),Esterases & Hydrolases,No
,GFT85490.1,,,,,,,126957.SMAR009052-PA,54.0,0.0,1043.0,0.0,0.0,0.0,0.0,"1-phosphatidylinositol 4,5-bisphosphate phosphodiesterase classes I and II [Nephila pilipes]",,"3ASPT@33154,3BB4P@33208,3CUHB@33213,41UZY@6656,KOG0169@1,KOG1265@2759","EF-hand_like,PI-PLC-X,PI-PLC-Y,PLC-beta_C",0.0,0.0,Phase I: Functionalization,Carboxylesterases (COE),Esterases & Hydrolases,No
,GFT85491.1,,,,,,,7159.AAEL017393-PA,61.6,5.39e-162,476.0,0.0,0.0,0.0,0.0,"1-phosphatidylinositol 4,5-bisphosphate phosphodiesterase classes I and II [Nephila pilipes]",,"3ASPT@33154,3BB4P@33208,3CUHB@33213,3SJY5@50557,41UZY@6656,44XD5@7147,45DRH@7148,KOG0169@1,KOG1265@2759","EF-hand_like,PI-PLC-X",0.0,0.0,Phase I: Functionalization,Carboxylesterases (COE),Esterases & Hydrolases,No
,GFT85494.1,,,,,,,126957.SMAR014151-PA,71.4,0.0,1523.0,0.0,0.0,0.0,0.0,"1-phosphatidylinositol 4,5-bisphosphate phosphodiesterase beta-4 [Nephila pilipes]",,"3ASPT@33154,3BB4P@33208,3CUHB@33213,41TXN@6656,KOG0169@1,KOG1265@2759","DUF1154,EF-hand_like,PI-PLC-X,PI-PLC-Y",0.0,0.0,Phase I: Functionalization,Carboxylesterases (COE),Esterases & Hydrolases,No
,GFT86027.1,,,,,,,126957.SMAR008806-PA,56.9,7.51e-29,118.0,0.0,0.0,0.0,0.0,"cytochrome P450 4V2, partial [Nephila pilipes]",,"38CHP@33154,3B9GY@33208,3DP8S@33213,42470@6656,COG2124@1,KOG0157@2759",p450,0.0,0.0,Phase I: Functionalization,Cytochrome P450s (CYP450),CYP Monooxygenases,No
,GFT86251.1,,,,,,,126957.SMAR012322-PA,40.5,6.38e-114,353.0,0.0,0.0,0.0,0.0,cytochrome P450 4V2 [Nephila pilipes],,"38CHP@33154,3B9GY@33208,3CSG8@33213,41U3I@6656,COG2124@1,KOG0157@2759",p450,0.0,0.0,Phase I: Functionalization,Cytochrome P450s (CYP450),CYP Monooxygenases,No
,GFT86254.1,,,,,,,52644.XP_010568331.1,37.3,6.23e-97,309.0,0.0,0.0,0.0,0.0,cytochrome P450 4V2 [Nephila pilipes],,"38CHP@33154,3B9GY@33208,3CSG8@33213,487KR@7711,49547@7742,4GHA2@8782,COG2124@1,KOG0157@2759",p450,0.0,0.0,Phase I: Functionalization,Cytochrome P450s (CYP450),CYP Monooxygenases,No
,GFT86723.1,,ko:K07427,,,,"ko00000,ko00199",8932.XP_005500269.1,62.7,6.06e-17,80.1,0.0,0.0,0.0,0.0,"cyp4v2, partial [Nephila pilipes]",,"38CHP@33154,3B9GY@33208,3CSG8@33213,487KR@7711,49547@7742,4GHA2@8782,COG2124@1,KOG0157@2759",p450,0.0,0.0,Phase I: Functionalization,Cytochrome P450s (CYP450),CYP Monooxygenases,No
,GFT87001.1,,ko:K00128,"map00310,ko01100,ko00561,map00330,ko00625,ko01130,map01110,ko00053,ko00010,map00410,map00981,ko01110,ko00310,map00903,ko00071,ko00330,ko00903,map01100,map00561,ko00981,ko00410,map00340,map01120,map00053,map00010,ko01120,map00071,ko00340,map00380,map00280,map00625,map00620,ko00280,map01130,ko00380,ko00620",M00135,1.2.1.3,"ko01000,ko00001,ko00000,ko00002",6669.EFX80526,74.2,2.83e-280,776.0,0.0,0.0,0.0,0.0,"aldehyde dehydrogenase, mitochondrial [Nephila pilipes]",,"38CDB@33154,3BCJG@33208,3CU6J@33213,41V5H@6656,COG1012@1,KOG2450@2759",Aldedh,0.0,0.0,Phase I: Functionalization,Aldehyde Dehydrogenases (ALDH),Aldehyde Oxidation,No
,GFT87124.1,,,,,,,6500.XP_005097313.1,46.2,1.98e-222,675.0,0.0,0.0,0.0,0.0,"multidrug resistance-associated protein 1, partial [Nephila pilipes]",,"38CH6@33154,3BA19@33208,3CSDY@33213,COG1132@1,KOG0054@2759","ABC_membrane,ABC_tran",0.0,0.0,Phase III: Efflux & Transport,ABC Transporters (ABCA/B/C/G),ATP-Dependent Efflux,No
,GFT87340.1,GK11735,ko:K08202,"ko05231,map05231",,,"ko02000,ko00001,ko00000",7260.FBpp0240878,39.9,5.550000000000001e-86,279.0,0.0,0.0,0.0,0.0,organic cation transporter protein [Nephila pilipes],,"38FJ1@33154,3B9N9@33208,3CT4W@33213,3SJ4H@50557,41WFS@6656,44YKN@7147,45V80@7214,KOG0255@1,KOG0255@2759",MFS_1,0.0,0.0,Phase III: Efflux & Transport,MFS Xenobiotic Transporters,Solute Carrier Efflux,No
,GFT87721.1,8236551,,,,,,121225.PHUM160360-PA,31.4,8.68e-06,52.8,0.0,0.0,0.0,0.0,"monocarboxylate transporter 5, partial [Nephila pilipes]",,"396P2@33154,3BC29@33208,3D0NS@33213,3E9A4@33342,3SI7V@50557,41XNV@6656,KOG2504@1,KOG2504@2759",MFS_1,0.0,0.0,Phase III: Efflux & Transport,MFS Xenobiotic Transporters,Solute Carrier Efflux,No
,GFT87761.1,,,,,,,126957.SMAR012322-PA,56.0,1.4e-25,106.0,0.0,0.0,0.0,0.0,"cytochrome P450 4V2, partial [Nephila pilipes]",,"38CHP@33154,3B9GY@33208,3CSG8@33213,41U3I@6656,COG2124@1,KOG0157@2759",p450,0.0,0.0,Phase I: Functionalization,Cytochrome P450s (CYP450),CYP Monooxygenases,No
,GFT88733.1,,,,,,,8010.XP_010867954.1,60.2,1.37e-45,154.0,0.0,0.0,0.0,0.0,ATP-binding cassette sub-family A member 3 [Nephila pilipes],,"38BPG@33154,3BBB4@33208,3CSBI@33213,48247@7711,4907A@7742,49Y5W@7898,COG1131@1,KOG0059@2759",ABC_tran,0.0,0.0,Phase III: Efflux & Transport,ABC Transporters (ABCA/B/C/G),ATP-Dependent Efflux,No
,GFT88830.1,L798_03258,ko:K15004,,,,"ko01000,ko00000,ko00199",136037.KDR20887,42.0,2.52e-116,360.0,0.0,0.0,0.0,0.0,probable cytochrome P450 49a1 [Nephila pilipes],,"38CZC@33154,3B9J4@33208,3CUCS@33213,41W0C@6656,COG2124@1,KOG0159@2759",p450,0.0,0.0,Phase I: Functionalization,Cytochrome P450s (CYP450),CYP Monooxygenases,No
,GFT88891.1,107360358,,,,,,32264.tetur05g02550.1,36.8,7.66e-114,353.0,0.0,0.0,0.0,0.0,probable cytochrome P450 49a1 [Nephila pilipes],,"38CZC@33154,3B9J4@33208,3CUCS@33213,41W0C@6656,COG2124@1,KOG0159@2759",p450,0.0,0.0,Phase I: Functionalization,Cytochrome P450s (CYP450),CYP Monooxygenases,No
,GFT88967.1,,,,,,,8128.ENSONIP00000022418,38.1,4.62e-43,157.0,0.0,0.0,0.0,0.0,"cytochrome P450 3A28, partial [Nephila pilipes]",,"38BTY@33154,3BF8S@33208,3CV2F@33213,47Z83@7711,48W40@7742,49VXM@7898,COG2124@1,KOG0158@2759",p450,0.0,0.0,Phase I: Functionalization,Cytochrome P450s (CYP450),CYP Monooxygenases,No
,GFT89233.1,,,,,,,126957.SMAR000954-PA,43.5,0.0,1419.0,0.0,0.0,0.0,0.0,ATP-binding cassette sub-family A member 3 [Nephila pilipes],,"38BPG@33154,3BBB4@33208,3CSBI@33213,41WWW@6656,COG1131@1,KOG0059@2759","ABC2_membrane_3,ABC_tran",0.0,0.0,Phase III: Efflux & Transport,ABC Transporters (ABCA/B/C/G),ATP-Dependent Efflux,No
,GFT89234.1,,,,,,,126957.SMAR000954-PA,43.5,0.0,1419.0,0.0,0.0,0.0,0.0,ATP-binding cassette sub-family A member 3 [Nephila pilipes],,"38BPG@33154,3BBB4@33208,3CSBI@33213,41WWW@6656,COG1131@1,KOG0059@2759","ABC2_membrane_3,ABC_tran",0.0,0.0,Phase III: Efflux & Transport,ABC Transporters (ABCA/B/C/G),ATP-Dependent Efflux,No
,GFT89242.1,105627901,,,,,,12957.ACEP27127-PA,53.9,3.45e-53,183.0,0.0,0.0,0.0,0.0,major facilitator superfamily domain-containing protein 12 [Nephila pilipes],,"38BP0@33154,3BJ6Z@33208,3CYAW@33213,3SG5A@50557,41X2S@6656,46H2Z@7399,COG2211@1,KOG4830@2759",MFS_2,0.0,0.0,Phase III: Efflux & Transport,MFS Xenobiotic Transporters,Solute Carrier Efflux,No
,GFT89243.1,,,,,,,6669.EFX89093,49.5,2.79e-27,111.0,0.0,0.0,0.0,0.0,major facilitator superfamily domain-containing protein 12 [Nephila pilipes],,"38BP0@33154,3BJ6Z@33208,3CYAW@33213,41X2S@6656,COG2211@1,KOG4830@2759",MFS_2,0.0,0.0,Phase III: Efflux & Transport,MFS Xenobiotic Transporters,Solute Carrier Efflux,No
,GFT89686.1,6043067,ko:K15003,,,,"ko01000,ko00000,ko00199",7176.CPIJ010546-PA,53.9,2.67e-19,87.8,0.0,0.0,0.0,0.0,"cytochrome P450 6B2, partial [Nephila pilipes]",,"38BTY@33154,3BF8S@33208,3CV2F@33213,3SI58@50557,41TTZ@6656,455KG@7147,45BKE@7148,COG2124@1,KOG0158@2759",p450,0.0,0.0,Phase I: Functionalization,Cytochrome P450s (CYP450),CYP Monooxygenases,No
,GFT90040.1,,,,,,,126957.SMAR011118-PA,65.6,0.0,1474.0,0.0,0.0,0.0,0.0,acetyl-CoA carboxylase [Nephila pilipes],,"38BBT@33154,3BD6M@33208,3CUQB@33213,41VTY@6656,COG0439@1,COG1132@1,KOG0054@2759,KOG0368@2759","ABC_membrane,ABC_tran,ACC_central,Biotin_carb_C,Biotin_carb_N,Biotin_lipoyl,CPSase_L_D2,Carboxyl_trans",0.0,0.0,Phase III: Efflux & Transport,ABC Transporters (ABCA/B/C/G),ATP-Dependent Efflux,No
,GFT90518.1,,,,,,,126957.SMAR010453-PA,54.7,4.3e-52,180.0,0.0,0.0,0.0,0.0,"cytochrome P450 3A4, partial [Nephila pilipes]",,"38BTY@33154,3BF8S@33208,3CV2F@33213,41TTZ@6656,COG2124@1,KOG0158@2759",p450,0.0,0.0,Phase I: Functionalization,Cytochrome P450s (CYP450),CYP Monooxygenases,No
,GFT90669.1,GK11735,ko:K08202,"ko05231,map05231",,,"ko02000,ko00001,ko00000",7260.FBpp0240878,38.0,1.76e-114,359.0,0.0,0.0,0.0,0.0,organic cation transporter protein [Nephila pilipes],,"38FJ1@33154,3B9N9@33208,3CT4W@33213,3SJ4H@50557,41WFS@6656,44YKN@7147,45V80@7214,KOG0255@1,KOG0255@2759",MFS_1,0.0,0.0,Phase III: Efflux & Transport,MFS Xenobiotic Transporters,Solute Carrier Efflux,No
,GFT90670.1,GK11735,ko:K08202,"ko05231,map05231",,,"ko02000,ko00001,ko00000",7260.FBpp0240878,39.4,8.14e-124,383.0,0.0,0.0,0.0,0.0,organic cation transporter protein [Nephila pilipes],,"38FJ1@33154,3B9N9@33208,3CT4W@33213,3SJ4H@50557,41WFS@6656,44YKN@7147,45V80@7214,KOG0255@1,KOG0255@2759",MFS_1,0.0,0.0,Phase III: Efflux & Transport,MFS Xenobiotic Transporters,Solute Carrier Efflux,No
,GFT90691.1,6033514,,,,,,7176.CPIJ002285-PA,52.5,1.06e-187,541.0,0.0,0.0,0.0,0.0,aldehyde dehydrogenase family 3 member A2 [Nephila pilipes],,"38CW8@33154,3BDR1@33208,3CZ4X@33213,3SH56@50557,41TTS@6656,44YGQ@7147,45EEX@7148,COG1012@1,KOG2456@2759",Aldedh,0.0,0.0,Phase I: Functionalization,Aldehyde Dehydrogenases (ALDH),Aldehyde Oxidation,No
,GFT90698.1,,,,,,,10228.TriadP61619,31.7,1.83e-09,61.6,0.0,0.0,0.0,0.0,acetyltransf_18 domain-containing protein [Nephila pilipes],,"2S9B9@2759,3AC4G@33154,3BVTK@33208,COG0454@1",Acetyltransf_1,0.0,0.0,Phase II: Conjugation,N-Acetyltransferases (NAT),Acetylation,No
,GFT90953.1,AAEL006634,ko:K00626,"ko01200,map00310,ko01100,ko01212,map01200,ko02020,ko01130,map01110,ko00620,map00650,map00630,ko00640,ko00720,ko00310,ko00650,ko00071,ko00072,map00900,ko00900,map01100,map02020,map01120,map01212,map00362,ko00630,map00072,map00071,map00640,map00380,map00280,map00720,ko00362,map00620,ko01110,ko00280,map01130,ko00380,ko01120","M00088,M00375,M00374,M00373,M00095",2.3.1.9,"ko01000,ko04147,ko00001,ko00000,ko00002",7159.AAEL006634-PA,71.6,1.29e-115,343.0,0.0,0.0,0.0,0.0,"acetyl-CoA acetyltransferase, mitochondrial [Nephila pilipes]",,"38C4X@33154,3BFH7@33208,3CS6N@33213,3SGSQ@50557,41VZ9@6656,44ZI5@7147,45C41@7148,COG0183@1,KOG1390@2759","Thiolase_C,Thiolase_N",0.0,0.0,Phase II: Conjugation,N-Acetyltransferases (NAT),Acetylation,No
,GFT90954.1,ACAT1,ko:K00626,"ko01200,map00310,ko01100,ko01212,map01200,ko02020,ko01130,map01110,ko00620,map00650,map00630,ko00640,ko00720,ko00310,ko00650,ko00071,ko00072,map00900,ko00900,map01100,map02020,map01120,map01212,map00362,ko00630,map00072,map00071,map00640,map00380,map00280,map00720,ko00362,map00620,ko01110,ko00280,map01130,ko00380,ko01120","M00088,M00375,M00374,M00373,M00095",2.3.1.9,"ko01000,ko04147,ko00001,ko00000,ko00002",9986.ENSOCUP00000002503,69.1,2.17e-53,181.0,0.0,0.0,0.0,0.0,"acetyl-CoA acetyltransferase, mitochondrial [Nephila pilipes]",,"35CIU@314146,38C4X@33154,3BFH7@33208,3CS6N@33213,3JAYX@40674,481E7@7711,49268@7742,COG0183@1,KOG1390@2759","Thiolase_C,Thiolase_N",0.0,0.0,Phase II: Conjugation,N-Acetyltransferases (NAT),Acetylation,No
,GFT90986.1,107361114,ko:K08171,"map04973,ko04973",,,"ko02000,ko00001,ko00000",32264.tetur06g05260.1,59.0,5.34e-171,493.0,0.0,0.0,0.0,0.0,glucose-6-phosphate exchanger SLC37A4 [Nephila pilipes],,"38BD5@33154,3BD9U@33208,3D16K@33213,41Y2H@6656,COG0477@1,KOG2533@2759",MFS_1,0.0,0.0,Phase III: Efflux & Transport,MFS Xenobiotic Transporters,Solute Carrier Efflux,No
,GFT90998.1,107361114,ko:K08171,"map04973,ko04973",,,"ko02000,ko00001,ko00000",32264.tetur06g05260.1,45.9,3.39e-121,366.0,0.0,0.0,0.0,0.0,glucose-6-phosphate exchanger SLC37A4 [Nephila pilipes],,"38BD5@33154,3BD9U@33208,3D16K@33213,41Y2H@6656,COG0477@1,KOG2533@2759",MFS_1,0.0,0.0,Phase III: Efflux & Transport,MFS Xenobiotic Transporters,Solute Carrier Efflux,No
,GFT91045.1,,,,,,,126957.SMAR010453-PA,41.0,1.27e-124,382.0,0.0,0.0,0.0,0.0,cytochrome P450 3A4 [Nephila pilipes],,"38BTY@33154,3BF8S@33208,3CV2F@33213,41TTZ@6656,COG2124@1,KOG0158@2759",p450,0.0,0.0,Phase I: Functionalization,Cytochrome P450s (CYP450),CYP Monooxygenases,No
,GFT91048.1,,,,,,,126957.SMAR010453-PA,47.4,3.59e-34,132.0,0.0,0.0,0.0,0.0,cytochrome P450 3A1 [Nephila pilipes],,"38BTY@33154,3BF8S@33208,3CV2F@33213,41TTZ@6656,COG2124@1,KOG0158@2759",p450,0.0,0.0,Phase I: Functionalization,Cytochrome P450s (CYP450),CYP Monooxygenases,No
,GFT91050.1,,,,,,,7739.XP_002592145.1,37.5,2.32e-52,188.0,0.0,0.0,0.0,0.0,cytochrome P450 3A11 [Nephila pilipes],,"38BTY@33154,3BF8S@33208,3CV2F@33213,47Z83@7711,COG2124@1,KOG0158@2759",p450,0.0,0.0,Phase I: Functionalization,Cytochrome P450s (CYP450),CYP Monooxygenases,No
,GFT91052.1,,,,,,,126957.SMAR010453-PA,40.2,4.25e-122,375.0,0.0,0.0,0.0,0.0,cytochrome P450 3A31 [Nephila pilipes],,"38BTY@33154,3BF8S@33208,3CV2F@33213,41TTZ@6656,COG2124@1,KOG0158@2759",p450,0.0,0.0,Phase I: Functionalization,Cytochrome P450s (CYP450),CYP Monooxygenases,No
,GFT91216.1,,,,,,,126957.SMAR009052-PA,66.2,5.05e-236,691.0,0.0,0.0,0.0,0.0,"1-phosphatidylinositol 4,5-bisphosphate phosphodiesterase classes I and II, partial [Nephila pilipes]",,"3ASPT@33154,3BB4P@33208,3CUHB@33213,41UZY@6656,KOG0169@1,KOG1265@2759","EF-hand_like,PI-PLC-X,PI-PLC-Y,PLC-beta_C",0.0,0.0,Phase I: Functionalization,Carboxylesterases (COE),Esterases & Hydrolases,No
,GFT91332.1,107364290,ko:K07418,"map01100,ko01100,map04750,map00590,map00591,ko00591,ko00590,ko04750,ko04913,map04726,map04212,ko04212,map04913,ko04726",,1.14.14.1,"ko01000,ko00001,ko00000,ko00199",32264.tetur11g00530.1,35.6,6.21e-42,159.0,0.0,0.0,0.0,0.0,cytochrome P450 2C28 [Nephila pilipes],,"38BSU@33154,3BC78@33208,3CRSA@33213,41V2X@6656,COG2124@1,KOG0156@2759",p450,0.0,0.0,Phase I: Functionalization,Cytochrome P450s (CYP450),CYP Monooxygenases,No
,GFT91334.1,107359285,ko:K07418,"map01100,ko01100,map04750,map00590,map00591,ko00591,ko00590,ko04750,ko04913,map04726,map04212,ko04212,map04913,ko04726",,1.14.14.1,"ko01000,ko00001,ko00000,ko00199",32264.tetur03g00020.1,40.2,5.670000000000002e-116,357.0,0.0,0.0,0.0,0.0,cytochrome P450 2J2 [Nephila pilipes],,"38BSU@33154,3BC78@33208,3CRSA@33213,41V2X@6656,COG2124@1,KOG0156@2759",p450,0.0,0.0,Phase I: Functionalization,Cytochrome P450s (CYP450),CYP Monooxygenases,No
,GFT91335.1,,,,,,,32264.tetur03g00010.1,46.4,9.640000000000001e-57,188.0,0.0,0.0,0.0,0.0,"cytochrome P450 18a1, partial [Nephila pilipes]",,"38BSU@33154,3BC78@33208,3CRSA@33213,41V2X@6656,COG2124@1,KOG0156@2759",p450,0.0,0.0,Phase I: Functionalization,Cytochrome P450s (CYP450),CYP Monooxygenases,No
,GFT91336.1,107362358,ko:K07418,"map01100,ko01100,map04750,map00590,map00591,ko00591,ko00590,ko04750,ko04913,map04726,map04212,ko04212,map04913,ko04726",,1.14.14.1,"ko01000,ko00001,ko00000,ko00199",32264.tetur08g08050.1,37.0,4.99e-57,199.0,0.0,0.0,0.0,0.0,"cytochrome P450 18a1, partial [Nephila pilipes]",,"38BSU@33154,3BC78@33208,3CRSA@33213,41V2X@6656,COG2124@1,KOG0156@2759",p450,0.0,0.0,Phase I: Functionalization,Cytochrome P450s (CYP450),CYP Monooxygenases,No
,GFT91516.1,,ko:K07427,,,,"ko00000,ko00199",9707.XP_004412814.1,39.8,2.35e-40,152.0,0.0,0.0,0.0,0.0,cytochrome P450 4V2 [Nephila pilipes],,"38CHP@33154,3B9GY@33208,3CSG8@33213,3EKKK@33554,3JE48@40674,487KR@7711,49547@7742,COG2124@1,KOG0157@2759",p450,0.0,0.0,Phase I: Functionalization,Cytochrome P450s (CYP450),CYP Monooxygenases,No
,GFT91693.1,,,,,,,69319.XP_008549084.1,32.1,5.78e-72,248.0,0.0,0.0,0.0,0.0,carcinine transporter [Nephila pilipes],,"38FJ1@33154,3B9N9@33208,3CT4W@33213,3SQ9R@50557,41WYB@6656,46GHY@7399,KOG0255@1,KOG0255@2759",MFS_1,0.0,0.0,Phase III: Efflux & Transport,MFS Xenobiotic Transporters,Solute Carrier Efflux,No
,GFT91749.1,L798_03168,ko:K00670,,,2.3.1.256,"ko01000,ko04131,ko00000",136037.KDR21392,88.1,1.36e-87,274.0,0.0,0.0,0.0,0.0,n-alpha-acetyltransferase 30 [Nephila pilipes],,"38I1W@33154,3BKJ9@33208,3CV14@33213,3SM3I@50557,41W5D@6656,COG0456@1,KOG3139@2759",Acetyltransf_1,0.0,0.0,Phase II: Conjugation,N-Acetyltransferases (NAT),Acetylation,No
,GFT92081.1,ACK69738.1,,,,,,65393.PCC7424_1291,41.3,7.88e-78,248.0,0.0,0.0,0.0,0.0,sulfotransferase 1C2 [Nephila pilipes],,"1G8T0@1117,31CAG@2,3KFWM@43988,KOG1584@1",Sulfotransfer_1,0.0,0.0,Phase II: Conjugation,Sulfotransferases (SULT),Sulfation,No
,GFT92082.1,ACK69738.1,,,,,,65393.PCC7424_1291,44.9,3.17e-84,267.0,0.0,0.0,0.0,0.0,sulfotransferase 1C4 [Nephila pilipes],,"1G8T0@1117,31CAG@2,3KFWM@43988,KOG1584@1",Sulfotransfer_1,0.0,0.0,Phase II: Conjugation,Sulfotransferases (SULT),Sulfation,No
,GFT92084.1,ACK66184.1,,,,,,41431.PCC8801_2155,41.8,6.21e-73,232.0,0.0,0.0,0.0,0.0,sulfotransferase 1C4 [Nephila pilipes],,"1G8T0@1117,31CAG@2,3KFWM@43988,KOG1584@1",Sulfotransfer_1,0.0,0.0,Phase II: Conjugation,Sulfotransferases (SULT),Sulfation,No
,GFT92174.1,,,,,,,126957.SMAR007911-PA,37.5,1.7e-115,363.0,0.0,0.0,0.0,0.0,carboxylesterase 5A [Nephila pilipes],,"38D2A@33154,3BDJX@33208,3CTBY@33213,421YW@6656,COG2272@1,KOG1516@2759",COesterase,0.0,0.0,Phase I: Functionalization,Carboxylesterases (COE),Esterases & Hydrolases,No
,GFT92218.1,,,,,,,126957.SMAR012322-PA,42.4,2.12e-111,347.0,0.0,0.0,0.0,0.0,cytochrome P450 4V2 [Nephila pilipes],,"38CHP@33154,3B9GY@33208,3CSG8@33213,41U3I@6656,COG2124@1,KOG0157@2759",p450,0.0,0.0,Phase I: Functionalization,Cytochrome P450s (CYP450),CYP Monooxygenases,No
,GFT92233.1,GJ23019,ko:K13763,"map00230,ko00230",,3.1.4.35,"ko01000,ko00001,ko00000",7244.FBpp0237436,59.7,4.58e-236,686.0,0.0,0.0,0.0,0.0,"cGMP-specific 3',5'-cyclic phosphodiesterase [Nephila pilipes]","P|GO:0006139|ISS,P|GO:0006163|ISS,P|GO:0006725|ISS,P|GO:0006753|ISS,P|GO:0006793|ISS,P|GO:0006796|ISS,P|GO:0006807|ISS,P|GO:0007154|IEA,P|GO:0007165|IEA,P|GO:0008150|IEA,P|GO:0008150|IEA,P|GO:0008150|ISS,P|GO:0008152|ISS,P|GO:0009117|ISS,P|GO:0009150|ISS,P|GO:0009187|ISS,P|GO:0009259|ISS,P|GO:0009987|IEA,P|GO:0009987|ISS,P|GO:0019637|ISS,P|GO:0019693|ISS,P|GO:0023052|IEA,P|GO:0032239|IEA,P|GO:0032240|IEA,P|GO:0032879|IEA,P|GO:0034641|ISS,P|GO:0044237|ISS,P|GO:0044238|ISS,P|GO:0044281|ISS,P|GO:0046068|ISS,P|GO:0046483|ISS,P|GO:0048519|IEA,P|GO:0050789|IEA,P|GO:0050789|IEA,P|GO:0050794|IEA,P|GO:0050896|IEA,P|GO:0051049|IEA,P|GO:0051051|IEA,P|GO:0051716|IEA,P|GO:0055086|ISS,P|GO:0065007|IEA,P|GO:0065007|IEA,P|GO:0071704|ISS,P|GO:0072521|ISS,P|GO:1901135|ISS,P|GO:1901360|ISS,P|GO:1901564|ISS,C|GO:0005575|IEA,C|GO:0005575|ISS,C|GO:0005623|IEA,C|GO:0005886|IEA,C|GO:0016020|IEA,C|GO:0016020|ISS,C|GO:0016324|IEA,C|GO:0044425|IEA,C|GO:0044459|IEA,C|GO:0044464|IEA,C|GO:0045177|IEA,C|GO:0071944|IEA,C|GO:0098590|IEA,F|GO:0003674|ISS,F|GO:0003674|IEA,F|GO:0003824|ISS,F|GO:0004112|ISS,F|GO:0004114|ISS,F|GO:0005488|IEA,F|GO:0008081|ISS,F|GO:0016787|ISS,F|GO:0016788|ISS,F|GO:0042578|ISS,F|GO:0043167|IEA,F|GO:0043169|IEA,F|GO:0046872|IEA,F|GO:0047555|ISS","38BQB@33154,3B9XB@33208,3CSEF@33213,3SHVQ@50557,41UY5@6656,44X6J@7147,45T1N@7214,KOG3689@1,KOG3689@2759","GAF,PDEase_I",0.0,0.0,Phase I: Functionalization,Carboxylesterases (COE),Esterases & Hydrolases,No
,GFT92235.1,GJ23019,ko:K13763,"map00230,ko00230",,3.1.4.35,"ko01000,ko00001,ko00000",7244.FBpp0237436,59.7,3.3199999999999997e-236,686.0,0.0,0.0,0.0,0.0,"cGMP-specific 3',5'-cyclic phosphodiesterase [Nephila pilipes]","P|GO:0006139|ISS,P|GO:0006163|ISS,P|GO:0006725|ISS,P|GO:0006753|ISS,P|GO:0006793|ISS,P|GO:0006796|ISS,P|GO:0006807|ISS,P|GO:0007154|IEA,P|GO:0007165|IEA,P|GO:0008150|IEA,P|GO:0008150|IEA,P|GO:0008150|ISS,P|GO:0008152|ISS,P|GO:0009117|ISS,P|GO:0009150|ISS,P|GO:0009187|ISS,P|GO:0009259|ISS,P|GO:0009987|IEA,P|GO:0009987|ISS,P|GO:0019637|ISS,P|GO:0019693|ISS,P|GO:0023052|IEA,P|GO:0032239|IEA,P|GO:0032240|IEA,P|GO:0032879|IEA,P|GO:0034641|ISS,P|GO:0044237|ISS,P|GO:0044238|ISS,P|GO:0044281|ISS,P|GO:0046068|ISS,P|GO:0046483|ISS,P|GO:0048519|IEA,P|GO:0050789|IEA,P|GO:0050789|IEA,P|GO:0050794|IEA,P|GO:0050896|IEA,P|GO:0051049|IEA,P|GO:0051051|IEA,P|GO:0051716|IEA,P|GO:0055086|ISS,P|GO:0065007|IEA,P|GO:0065007|IEA,P|GO:0071704|ISS,P|GO:0072521|ISS,P|GO:1901135|ISS,P|GO:1901360|ISS,P|GO:1901564|ISS,C|GO:0005575|IEA,C|GO:0005575|ISS,C|GO:0005623|IEA,C|GO:0005886|IEA,C|GO:0016020|IEA,C|GO:0016020|ISS,C|GO:0016324|IEA,C|GO:0044425|IEA,C|GO:0044459|IEA,C|GO:0044464|IEA,C|GO:0045177|IEA,C|GO:0071944|IEA,C|GO:0098590|IEA,F|GO:0003674|ISS,F|GO:0003674|IEA,F|GO:0003824|ISS,F|GO:0004112|ISS,F|GO:0004114|ISS,F|GO:0005488|IEA,F|GO:0008081|ISS,F|GO:0016787|ISS,F|GO:0016788|ISS,F|GO:0042578|ISS,F|GO:0043167|IEA,F|GO:0043169|IEA,F|GO:0046872|IEA,F|GO:0047555|ISS","38BQB@33154,3B9XB@33208,3CSEF@33213,3SHVQ@50557,41UY5@6656,44X6J@7147,45T1N@7214,KOG3689@1,KOG3689@2759","GAF,PDEase_I",0.0,0.0,Phase I: Functionalization,Carboxylesterases (COE),Esterases & Hydrolases,No
,GFT92277.1,,ko:K07427,,,,"ko00000,ko00199",244447.XP_008336093.1,53.2,2.67e-35,126.0,0.0,0.0,0.0,0.0,cytochrome P450 4c3 [Nephila pilipes],,"38CHP@33154,3B9GY@33208,3CSG8@33213,487KR@7711,49547@7742,49UUX@7898,COG2124@1,KOG0157@2759",p450,0.0,0.0,Phase I: Functionalization,Cytochrome P450s (CYP450),CYP Monooxygenases,No
,GFT92281.1,,,,,,,126957.SMAR008774-PA,40.8,7.11e-109,341.0,0.0,0.0,0.0,0.0,cytochrome P450 4V2 [Nephila pilipes],,"38CHP@33154,3B9GY@33208,3CSG8@33213,41U3I@6656,COG2124@1,KOG0157@2759",p450,0.0,0.0,Phase I: Functionalization,Cytochrome P450s (CYP450),CYP Monooxygenases,No
,GFT92282.1,,,,,,,126957.SMAR008771-PA,51.1,5.55e-73,233.0,0.0,0.0,0.0,0.0,cytochrome P450 4c3 [Nephila pilipes],,"38CHP@33154,3B9GY@33208,COG2124@1,KOG0157@2759",p450,0.0,0.0,Phase I: Functionalization,Cytochrome P450s (CYP450),CYP Monooxygenases,No
,GFT92671.1,,ko:K05658,"ko02010,map05206,ko05226,ko04976,map02010,map04976,ko05206,map05226",,3.6.3.44,"ko02000,ko04147,ko01000,ko00001,ko00000,ko04090",6669.EFX85237,48.9,0.0,1164.0,0.0,0.0,0.0,0.0,ATP-dependent translocase ABCB1 [Nephila pilipes],,"38E88@33154,3B958@33208,3CVKH@33213,41WNN@6656,COG1132@1,KOG0055@2759","ABC_membrane,ABC_tran",0.0,0.0,Phase III: Efflux & Transport,ABC Transporters (ABCA/B/C/G),ATP-Dependent Efflux,No
,GFT92685.1,L798_15147,ko:K06258,"ko04512,map04512",,,"ko02000,ko00001,ko00000",136037.KDR10619,43.3,1.3800000000000002e-166,507.0,0.0,0.0,0.0,0.0,synaptic vesicle glycoprotein 2C [Nephila pilipes],,"38BDZ@33154,3B9V0@33208,3CVDU@33213,3SJZ8@50557,41XX9@6656,KOG0255@1,KOG0255@2759","MFS_1,Pentapeptide_4",0.0,0.0,Phase III: Efflux & Transport,MFS Xenobiotic Transporters,Solute Carrier Efflux,No
,GFT92690.1,EPHX1,ko:K01253,"map05204,ko00980,ko04976,map00980,map04976,ko05204",,3.3.2.9,"ko01002,ko01000,ko00001,ko00000",9031.ENSGALP00000015099,50.9,1.5e-148,440.0,0.0,0.0,0.0,0.0,epoxide hydrolase 1 [Nephila pilipes],,"38FY7@33154,3BB6M@33208,3CZY0@33213,4822N@7711,498NB@7742,4GHEG@8782,COG0596@1,KOG2565@2759",EHN,0.0,0.0,Phase I: Functionalization,Epoxide Hydrolases (mEH),Epoxide Hydrolysis,No
,GFT93100.1,,,,,,,126957.SMAR008771-PA,46.0,2.58e-30,117.0,0.0,0.0,0.0,0.0,"cytochrome P450 4c3, partial [Nephila pilipes]",,"38CHP@33154,3B9GY@33208,COG2124@1,KOG0157@2759",p450,0.0,0.0,Phase I: Functionalization,Cytochrome P450s (CYP450),CYP Monooxygenases,No
,GFT93109.1,,ko:K08202,"ko05231,map05231",,,"ko02000,ko00001,ko00000",7739.XP_002586701.1,52.9,2.4100000000000002e-29,115.0,0.0,0.0,0.0,0.0,"organic cation transporter protein, partial [Nephila pilipes]",,"38FJ1@33154,3B9N9@33208,3CT4W@33213,KOG0255@1,KOG0255@2759",MFS_1,0.0,0.0,Phase III: Efflux & Transport,MFS Xenobiotic Transporters,Solute Carrier Efflux,No
,GFT93271.1,,ko:K08193,,,,"ko02000,ko00000",7425.NV17613-PA,34.1,8.08e-49,176.0,0.0,0.0,0.0,0.0,inorganic phosphate cotransporter [Nephila pilipes],,"39XKC@33154,3BMP2@33208,3D5XJ@33213,3SIAX@50557,41YGC@6656,46GDW@7399,KOG2532@1,KOG2532@2759",MFS_1,0.0,0.0,Phase III: Efflux & Transport,MFS Xenobiotic Transporters,Solute Carrier Efflux,No
,GFT93273.1,107369096,ko:K12301,"map04142,ko04142",,,"ko02000,ko00001,ko00000",32264.tetur30g01230.1,36.5,5.57e-11,65.9,0.0,0.0,0.0,0.0,inorganic phosphate cotransporter [Nephila pilipes],,"38CXA@33154,3BBSD@33208,3CR7D@33213,41THY@6656,KOG2532@1,KOG2532@2759",MFS_1,0.0,0.0,Phase III: Efflux & Transport,MFS Xenobiotic Transporters,Solute Carrier Efflux,No
,GFT93345.1,,ko:K05665,"ko02010,map05206,ko04977,ko01523,map02010,map04977,ko04071,map01523,map04071,ko05206",,,"ko02000,ko00001,ko00000",132113.XP_003488605.1,38.2,0.0,967.0,0.0,0.0,0.0,0.0,"multidrug resistance-associated protein 1, partial [Nephila pilipes]",,"38CH6@33154,3BA19@33208,3CSDY@33213,3SK80@50557,41W0W@6656,46E9M@7399,COG1132@1,KOG0054@2759","ABC_membrane,ABC_tran",0.0,0.0,Phase III: Efflux & Transport,ABC Transporters (ABCA/B/C/G),ATP-Dependent Efflux,No
,GFT94069.1,107368491,ko:K07418,"map01100,ko01100,map04750,map00590,map00591,ko00591,ko00590,ko04750,ko04913,map04726,map04212,ko04212,map04913,ko04726",,1.14.14.1,"ko01000,ko00001,ko00000,ko00199",32264.tetur27g02598.1,39.0,1.69e-83,269.0,0.0,0.0,0.0,0.0,cytochrome P450 2G1 [Nephila pilipes],,"38BSU@33154,3BC78@33208,3CRSA@33213,41V2X@6656,COG2124@1,KOG0156@2759",p450,0.0,0.0,Phase I: Functionalization,Cytochrome P450s (CYP450),CYP Monooxygenases,No
,GFT94102.1,107371101,ko:K12302,"ko05033,map05033,ko04724,map04724,map04723,ko04721,map04721,ko04723",,,"ko02000,ko00001,ko00000",32264.tetur02g01600.1,64.2,1.59e-250,707.0,0.0,0.0,0.0,0.0,vesicular glutamate transporter 2 [Nephila pilipes],,"38CXA@33154,3BBSD@33208,3CRGY@33213,41XC1@6656,KOG2532@1,KOG2532@2759",MFS_1,0.0,0.0,Phase III: Efflux & Transport,MFS Xenobiotic Transporters,Solute Carrier Efflux,No
,GFT94484.1,107361102,ko:K05665,"ko02010,map05206,ko04977,ko01523,map02010,map04977,ko04071,map01523,map04071,ko05206",,,"ko02000,ko00001,ko00000",32264.tetur06g00360.1,33.8,6.98e-24,107.0,0.0,0.0,0.0,0.0,multidrug resistance-associated protein 1 [Nephila pilipes],,"38CH6@33154,3BA19@33208,3CSDY@33213,41W0W@6656,COG1132@1,KOG0054@2759","ABC_membrane,ABC_tran",0.0,0.0,Phase III: Efflux & Transport,ABC Transporters (ABCA/B/C/G),ATP-Dependent Efflux,No
,GFT95101.1,Hmt-1,ko:K05661,"ko02010,map02010",,,"ko02000,ko00001,ko00000",7460.GB54214-PA,58.0,6.91e-285,808.0,0.0,0.0,0.0,0.0,"ATP-binding cassette sub-family B member 6, mitochondrial [Nephila pilipes]",,"38D03@33154,3BD6Y@33208,3CS0R@33213,3SH81@50557,41Y0M@6656,46G9G@7399,COG5265@1,KOG0056@2759","ABC_membrane,ABC_tran,MTABC_N",0.0,0.0,Phase III: Efflux & Transport,ABC Transporters (ABCA/B/C/G),ATP-Dependent Efflux,No
,GFT95909.1,,,,,,,126957.SMAR003973-PA,64.2,5.949999999999999e-180,520.0,0.0,0.0,0.0,0.0,"trifunctional nucleotide phosphoesterase protein YfkN, partial [Nephila pilipes]",,"38CIK@33154,3BAV2@33208,3CZ0N@33213,41TQ7@6656,COG0737@1,KOG4419@2759","5_nucleotid_C,Metallophos",0.0,0.0,Phase I: Functionalization,Carboxylesterases (COE),Esterases & Hydrolases,No
,GFT96041.1,107363314,ko:K15001,,,,"ko01000,ko00000,ko00199",32264.tetur09g03800.1,43.9,2.4000000000000004e-130,407.0,0.0,0.0,0.0,0.0,cytochrome P450 4V2 [Nephila pilipes],,"38CHP@33154,3B9GY@33208,3CSG8@33213,41U3I@6656,COG2124@1,KOG0157@2759",p450,0.0,0.0,Phase I: Functionalization,Cytochrome P450s (CYP450),CYP Monooxygenases,No
,GFT96043.1,,,,,,,126957.SMAR012322-PA,53.0,1.02e-41,153.0,0.0,0.0,0.0,0.0,cytochrome P450 4c3 [Nephila pilipes],,"38CHP@33154,3B9GY@33208,3CSG8@33213,41U3I@6656,COG2124@1,KOG0157@2759",p450,0.0,0.0,Phase I: Functionalization,Cytochrome P450s (CYP450),CYP Monooxygenases,No
,GFT96067.1,,,,,,,10042.XP_006997692.1,52.5,1.09e-08,57.4,0.0,0.0,0.0,0.0,"cytochrome P450 3A11, partial [Nephila pilipes]",,"35E4R@314146,38BTY@33154,3BF8S@33208,3CV2F@33213,3J4KT@40674,488IN@7711,490UU@7742,4PWCN@9989,COG2124@1,KOG0158@2759",p450,0.0,0.0,Phase I: Functionalization,Cytochrome P450s (CYP450),CYP Monooxygenases,No
,GFT96179.1,107370208,,,,,,32264.tetur38g00650.1,32.6,3.1000000000000003e-89,290.0,0.0,0.0,0.0,0.0,cytochrome P450 3A8 [Nephila pilipes],,"38BTY@33154,3BF8S@33208,3CV2F@33213,41TTZ@6656,COG2124@1,KOG0158@2759",p450,0.0,0.0,Phase I: Functionalization,Cytochrome P450s (CYP450),CYP Monooxygenases,No
,GFT96207.1,SLC37A3,ko:K03447,,,,"ko02000,ko00000",9940.ENSOARP00000013685,54.5,1.36e-171,501.0,0.0,0.0,0.0,0.0,sugar phosphate exchanger 3 [Nephila pilipes],,"39TGA@33154,3BDSN@33208,3CYDQ@33213,3JCUQ@40674,47ZGM@7711,496A6@7742,4J2MN@91561,COG0477@1,KOG2533@2759",MFS_1,0.0,0.0,Phase III: Efflux & Transport,MFS Xenobiotic Transporters,Solute Carrier Efflux,No
,GFT96489.1,ACK69738.1,,,,,,65393.PCC7424_1291,41.1,9.08e-74,236.0,0.0,0.0,0.0,0.0,sulfotransferase 1C4 [Nephila pilipes],,"1G8T0@1117,31CAG@2,3KFWM@43988,KOG1584@1",Sulfotransfer_1,0.0,0.0,Phase II: Conjugation,Sulfotransferases (SULT),Sulfation,No
,GFT96495.1,EAZ88491.1,,,,,,391612.CY0110_15255,40.5,4.8e-71,228.0,0.0,0.0,0.0,0.0,sulfotransferase 1C4 [Nephila pilipes],,"1G8T0@1117,31CAG@2,3KFWM@43988,KOG1584@1",Sulfotransfer_1,0.0,0.0,Phase II: Conjugation,Sulfotransferases (SULT),Sulfation,No
,GFT96662.1,107364045,ko:K00627,"map01100,ko01200,map01110,map01120,ko01110,ko01100,map00620,map01200,map00010,ko01130,ko00020,ko00620,map00020,map01130,ko00010,ko01120",M00307,2.3.1.12,"ko01000,br01601,ko00001,ko00000,ko00002",32264.tetur11g02780.1,65.9,2.24e-10,61.6,0.0,0.0,0.0,0.0,"acetyltransferase component of pyruvate dehydrogenase complex, partial [Nephila pilipes]",,"38BJW@33154,3BFAB@33208,3CS5G@33213,41WBA@6656,COG0508@1,KOG0557@2759","2-oxoacid_dh,Biotin_lipoyl,E3_binding",0.0,0.0,Phase II: Conjugation,N-Acetyltransferases (NAT),Acetylation,No
,GFT96746.1,,ko:K01800,"map01100,ko00643,map01120,map00643,ko01100,ko01120,map00350,ko00350",M00044,5.2.1.2,"ko01000,ko00001,ko00000,ko00002",10228.TriadP32265,55.1,4.66e-71,222.0,0.0,0.0,0.0,0.0,maleylacetoacetate isomerase [Nephila pilipes],,"39R80@33154,3BAX5@33208,COG0625@1,KOG0868@2759","GST_C_3,GST_N_3",0.0,0.0,Phase II: Conjugation,Glutathione S-Transferases (GST),Glutathione Conjugation,No
,GFT96816.1,,,,,,,126957.SMAR009521-PA,45.0,8.94e-198,580.0,0.0,0.0,0.0,0.0,glycerophosphocholine phosphodiesterase GPCPD1 [Nephila pilipes],,"38EQN@33154,3BBJ6@33208,3CUAZ@33213,41U7X@6656,COG0584@1,KOG2421@2759","CBM_20,GDPD",0.0,0.0,Phase I: Functionalization,Carboxylesterases (COE),Esterases & Hydrolases,No
,GFT96818.1,,,,,,,126957.SMAR009521-PA,45.4,7.940000000000001e-200,585.0,0.0,0.0,0.0,0.0,glycerophosphocholine phosphodiesterase GPCPD1 [Nephila pilipes],,"38EQN@33154,3BBJ6@33208,3CUAZ@33213,41U7X@6656,COG0584@1,KOG2421@2759","CBM_20,GDPD",0.0,0.0,Phase I: Functionalization,Carboxylesterases (COE),Esterases & Hydrolases,No
,GFT96820.1,,,,,,,126957.SMAR009521-PA,45.4,3.84e-200,585.0,0.0,0.0,0.0,0.0,glycerophosphocholine phosphodiesterase GPCPD1 [Nephila pilipes],,"38EQN@33154,3BBJ6@33208,3CUAZ@33213,41U7X@6656,COG0584@1,KOG2421@2759","CBM_20,GDPD",0.0,0.0,Phase I: Functionalization,Carboxylesterases (COE),Esterases & Hydrolases,No
,GFT96860.1,,,,,,,126957.SMAR009739-PA,58.9,0.0,2687.0,0.0,0.0,0.0,0.0,ATP-binding cassette sub-family A member 2 [Nephila pilipes],,"38BPG@33154,3BBB4@33208,3CSBI@33213,41WWW@6656,COG1131@1,KOG0059@2759","ABC2_membrane_3,ABC_tran",0.0,0.0,Phase III: Efflux & Transport,ABC Transporters (ABCA/B/C/G),ATP-Dependent Efflux,No
,GFT97216.1,Gstm1,ko:K00799,"map05418,ko00480,map00480,map05204,ko00980,map00982,ko00982,map00980,ko00983,ko01524,map05225,ko05225,map05200,ko05204,map00983,ko05200,map01524,ko05418",,2.5.1.18,"ko01000,ko02000,ko00001,ko00000",10090.ENSMUSP00000004140,51.4,4.650000000000001e-73,228.0,0.0,0.0,0.0,0.0,glutathione S-transferase Mu 1 [Nephila pilipes],"P|GO:0006518|ISO,P|GO:0006575|ISO,P|GO:0006749|ISO,P|GO:0006790|ISO,P|GO:0006805|ISO,P|GO:0006807|ISO,P|GO:0008150|IDA,P|GO:0008150|ISO,P|GO:0008152|ISO,P|GO:0009056|ISO,P|GO:0009410|ISO,P|GO:0009987|IDA,P|GO:0009987|ISO,P|GO:0034641|ISO,P|GO:0035690|IDA,P|GO:0042178|ISO,P|GO:0042221|IDA,P|GO:0042221|ISO,P|GO:0042493|IDA,P|GO:0043603|ISO,P|GO:0044237|ISO,P|GO:0044248|ISO,P|GO:0050896|IDA,P|GO:0050896|ISO,P|GO:0051186|ISO,P|GO:0051716|IDA,P|GO:0051716|ISO,P|GO:0070887|IDA,P|GO:0070887|ISO,P|GO:0071466|ISO,P|GO:0071704|ISO,P|GO:1901564|ISO,C|GO:0005575|ISO,C|GO:0005575|CURATED,C|GO:0005575|IDA,C|GO:0005576|ISO,C|GO:0005576|ISO,C|GO:0005622|ISO,C|GO:0005622|CURATED,C|GO:0005623|ISO,C|GO:0005623|CURATED,C|GO:0005623|IDA,C|GO:0005737|ISO,C|GO:0005737|CURATED,C|GO:0005829|ISO,C|GO:0032991|ISO,C|GO:0043209|IDA,C|GO:0044421|ISO,C|GO:0044424|ISO,C|GO:0044424|CURATED,C|GO:0044444|ISO,C|GO:0044464|ISO,C|GO:0044464|CURATED,C|GO:0044464|IDA,C|GO:0045171|ISO,F|GO:0003674|IDA,F|GO:0003674|ISO,F|GO:0003824|ISO,F|GO:0004364|ISO,F|GO:0005488|IDA,F|GO:0005488|ISO,F|GO:0005496|ISO,F|GO:0005515|IDA,F|GO:0005515|ISO,F|GO:0008289|ISO,F|GO:0016151|ISO,F|GO:0016740|ISO,F|GO:0016765|ISO,F|GO:0019899|ISO,F|GO:0019900|ISO,F|GO:0019901|ISO,F|GO:0033218|ISO,F|GO:0042277|ISO,F|GO:0042802|IDA,F|GO:0042802|ISO,F|GO:0042803|IDA,F|GO:0043167|ISO,F|GO:0043168|ISO,F|GO:0043169|ISO,F|GO:0043295|ISO,F|GO:0046872|ISO,F|GO:0046914|ISO,F|GO:0046982|IDA,F|GO:0046983|IDA,F|GO:0048037|ISO,F|GO:0072341|ISO,F|GO:0097159|ISO,F|GO:1900750|ISO,F|GO:1901681|ISO","35AZR@314146,38YPE@33154,3BFCR@33208,3CZP0@33213,3JFS3@40674,48D41@7711,49AQ0@7742,4Q9CB@9989,KOG1695@1,KOG1695@2759","GST_C_3,GST_N",0.0,0.0,Phase II: Conjugation,Glutathione S-Transferases (GST),Glutathione Conjugation,No
,GFT97850.1,,ko:K07427,,,,"ko00000,ko00199",181119.XP_005517737.1,53.7,7.15e-41,152.0,0.0,0.0,0.0,0.0,cytochrome P450 4V2 [Nephila pilipes],,"38CHP@33154,3B9GY@33208,3CSG8@33213,487KR@7711,49547@7742,4GHA2@8782,COG2124@1,KOG0157@2759",p450,0.0,0.0,Phase I: Functionalization,Cytochrome P450s (CYP450),CYP Monooxygenases,No
,GFT97852.1,L798_13836,ko:K15001,,,,"ko01000,ko00000,ko00199",136037.KDR12229,52.7,2.52e-74,241.0,0.0,0.0,0.0,0.0,cytochrome P450 4c3 [Nephila pilipes],,"38CHP@33154,3B9GY@33208,3CSG8@33213,3SGAE@50557,41U3I@6656,COG2124@1,KOG0157@2759",p450,0.0,0.0,Phase I: Functionalization,Cytochrome P450s (CYP450),CYP Monooxygenases,No
,GFT97923.1,L798_13957,,,,,,136037.KDR11631,48.9,7.21e-126,394.0,0.0,0.0,0.0,0.0,MFS-type transporter SLC18B1 [Nephila pilipes],,"38H1N@33154,3BACG@33208,3CWZQ@33213,3SJWP@50557,41X35@6656,KOG3764@1,KOG3764@2759","MFS_1,MFS_1_like",0.0,0.0,Phase III: Efflux & Transport,MFS Xenobiotic Transporters,Solute Carrier Efflux,No
,GFT97931.1,,,,,,,126957.SMAR008806-PA,46.9,1.77e-08,56.6,0.0,0.0,0.0,0.0,"cytochrome P450 4V2, partial [Nephila pilipes]",,"38CHP@33154,3B9GY@33208,3DP8S@33213,42470@6656,COG2124@1,KOG0157@2759",p450,0.0,0.0,Phase I: Functionalization,Cytochrome P450s (CYP450),CYP Monooxygenases,No
,GFT98699.1,,,,,,,126957.SMAR008771-PA,48.4,2.04e-23,100.0,0.0,0.0,0.0,0.0,"cytochrome P450 4c3, partial [Nephila pilipes]",,"38CHP@33154,3B9GY@33208,COG2124@1,KOG0157@2759",p450,0.0,0.0,Phase I: Functionalization,Cytochrome P450s (CYP450),CYP Monooxygenases,No
,GFT99345.1,107368633,,,,,,32264.tetur27g00340.1,33.8,6.37e-53,194.0,0.0,0.0,0.0,0.0,cytochrome P450 2C8 [Nephila pilipes],,"38BSU@33154,3BC78@33208,3CRSA@33213,41V2X@6656,COG2124@1,KOG0156@2759",p450,0.0,0.0,Phase I: Functionalization,Cytochrome P450s (CYP450),CYP Monooxygenases,No
,GFT99347.1,107372143,ko:K07418,"map01100,ko01100,map04750,map00590,map00591,ko00591,ko00590,ko04750,ko04913,map04726,map04212,ko04212,map04913,ko04726",,1.14.14.1,"ko01000,ko00001,ko00000,ko00199",32264.tetur03g00970.1,35.4,7.6e-87,282.0,0.0,0.0,0.0,0.0,cytochrome P450 18a1 [Nephila pilipes],,"38BSU@33154,3BC78@33208,3CRSA@33213,41V2X@6656,COG2124@1,KOG0156@2759",p450,0.0,0.0,Phase I: Functionalization,Cytochrome P450s (CYP450),CYP Monooxygenases,No
,GFT99967.1,,,,,,,126957.SMAR012322-PA,53.8,3.0199999999999995e-23,99.0,0.0,0.0,0.0,0.0,"cytochrome P450 4V2, partial [Nephila pilipes]",,"38CHP@33154,3B9GY@33208,3CSG8@33213,41U3I@6656,COG2124@1,KOG0157@2759",p450,0.0,0.0,Phase I: Functionalization,Cytochrome P450s (CYP450),CYP Monooxygenases,No
,GFU00242.1,,ko:K07249,"ko00830,map01100,map00830,ko01100",,1.2.1.36,"ko01000,ko00001,ko00000",10224.XP_002736989.1,69.8,1.25e-251,702.0,0.0,0.0,0.0,0.0,retinal dehydrogenase 2 [Nephila pilipes],,"38CDB@33154,3BCJG@33208,3CU6J@33213,COG1012@1,KOG2450@2759",Aldedh,0.0,0.0,Phase I: Functionalization,Aldehyde Dehydrogenases (ALDH),Aldehyde Oxidation,No
,GFU00310.1,,ko:K07424,"map01100,map05204,ko00140,map00591,ko00591,ko01100,ko00830,map00830,ko05204,map00140",,1.14.14.1,"ko01000,ko00001,ko00000,ko00199",29073.XP_008696610.1,39.1,1.1e-95,306.0,0.0,0.0,0.0,0.0,cytochrome P450 3A14 [Nephila pilipes],,"38BTY@33154,3BF8S@33208,3CV2F@33213,3EWV7@33554,3J4KT@40674,488IN@7711,490UU@7742,COG2124@1,KOG0158@2759",p450,0.0,0.0,Phase I: Functionalization,Cytochrome P450s (CYP450),CYP Monooxygenases,No
,GFU00399.1,L798_04365,ko:K07739,,,2.3.1.48,"ko01000,ko03036,ko03016,ko00000",136037.KDR20605,86.8,0.0,983.0,0.0,0.0,0.0,0.0,elongator complex protein 3 [Nephila pilipes],,"38CUP@33154,3BDGU@33208,3CT1Y@33213,3SHA8@50557,41VXX@6656,COG1243@1,KOG2535@2759","Acetyltransf_1,Radical_SAM,Radical_SAM_C",0.0,0.0,Phase II: Conjugation,N-Acetyltransferases (NAT),Acetylation,No
,GFU00709.1,,ko:K08155,"ko05012,ko05031,ko05030,map05031,map05012,ko05034,ko04728,map04728,map05034,map04726,ko04726,map05030,ko04721,map04721",,,"ko02000,ko00001,ko00000",132113.XP_003486906.1,65.1,8.2e-100,309.0,0.0,0.0,0.0,0.0,synaptic vesicular amine transporter [Nephila pilipes],,"38CBP@33154,3BEZR@33208,3CTHD@33213,3SHM6@50557,41W03@6656,46G4D@7399,KOG3764@1,KOG3764@2759",MFS_1,0.0,0.0,Phase III: Efflux & Transport,MFS Xenobiotic Transporters,Solute Carrier Efflux,No
,GFU01148.1,,,,,,,126957.SMAR005155-PA,50.6,1.92e-110,337.0,0.0,0.0,0.0,0.0,heparan-sulfate 6-O-sulfotransferase 2 [Nephila pilipes],,"38B5I@33154,3BBTY@33208,3CRXJ@33213,41VIB@6656,KOG3955@1,KOG3955@2759",Sulfotransfer_2,0.0,0.0,Phase II: Conjugation,Sulfotransferases (SULT),Sulfation,No
,GFU01149.1,107360792,ko:K02514,"ko00534,map00534",,,"ko01003,ko01000,ko00001,ko00000",32264.tetur05g07680.1,58.4,5.5500000000000004e-167,483.0,0.0,0.0,0.0,0.0,heparan-sulfate 6-O-sulfotransferase 1-B [Nephila pilipes],,"38B5I@33154,3BBTY@33208,3CRXJ@33213,41VIB@6656,KOG3955@1,KOG3955@2759",Sulfotransfer_2,0.0,0.0,Phase II: Conjugation,Sulfotransferases (SULT),Sulfation,No
,GFU01362.1,107369096,ko:K12301,"map04142,ko04142",,,"ko02000,ko00001,ko00000",32264.tetur30g01230.1,33.8,8.73e-40,150.0,0.0,0.0,0.0,0.0,inorganic phosphate cotransporter [Nephila pilipes],,"38CXA@33154,3BBSD@33208,3CR7D@33213,41THY@6656,KOG2532@1,KOG2532@2759",MFS_1,0.0,0.0,Phase III: Efflux & Transport,MFS Xenobiotic Transporters,Solute Carrier Efflux,No
,GFU02039.1,,,,,,,13249.RPRC014798-PA,84.4,0.0,1028.0,0.0,0.0,0.0,0.0,ATP-binding cassette sub-family E member 1 [Nephila pilipes],,"38BGA@33154,3BCRT@33208,3CVEM@33213,3E8MV@33342,3SGV1@50557,41UW7@6656,COG1245@1,KOG0063@2759","ABC_tran,Fer4,RLI",0.0,0.0,Phase III: Efflux & Transport,ABC Transporters (ABCA/B/C/G),ATP-Dependent Efflux,No
,GFU02519.1,,ko:K19179,,,3.1.4.44,"ko01000,ko00000",244447.XP_008315679.1,59.1,1.67e-43,154.0,0.0,0.0,0.0,0.0,"glycerophosphodiester phosphodiesterase 1, partial [Nephila pilipes]",,"38CP3@33154,3BF2P@33208,3CTQT@33213,48877@7711,490HH@7742,49TI8@7898,COG0584@1,KOG2258@2759",GDPD,0.0,0.0,Phase I: Functionalization,Carboxylesterases (COE),Esterases & Hydrolases,No
,GFU02839.1,,ko:K14613,"map01523,ko01523",,,"ko02000,ko00001,ko00000",6669.EFX70622,32.0,3.13e-67,231.0,0.0,0.0,0.0,0.0,MFS domain-containing protein [Nephila pilipes],,"39BA6@33154,3BHA7@33208,3CUVB@33213,420A1@6656,KOG2816@1,KOG2816@2759",MFS_1,0.0,0.0,Phase III: Efflux & Transport,MFS Xenobiotic Transporters,Solute Carrier Efflux,No
,GFU02841.1,L798_07519,ko:K20823,,,,"ko04131,ko00000",136037.KDR18668,59.4,5.51e-296,834.0,0.0,0.0,0.0,0.0,"n-alpha-acetyltransferase 35, NatC auxiliary subunit [Nephila pilipes]",,"38EPQ@33154,3BAUC@33208,3CWM3@33213,3SGZN@50557,41YC7@6656,KOG2343@1,KOG2343@2759",Mak10,0.0,0.0,Phase II: Conjugation,N-Acetyltransferases (NAT),Acetylation,No
,GFU02843.1,L798_07519,ko:K20823,,,,"ko04131,ko00000",136037.KDR18668,59.3,2.57e-294,830.0,0.0,0.0,0.0,0.0,"n-alpha-acetyltransferase 35, NatC auxiliary subunit [Nephila pilipes]",,"38EPQ@33154,3BAUC@33208,3CWM3@33213,3SGZN@50557,41YC7@6656,KOG2343@1,KOG2343@2759",Mak10,0.0,0.0,Phase II: Conjugation,N-Acetyltransferases (NAT),Acetylation,No
,GFU02846.1,L798_07519,ko:K20823,,,,"ko04131,ko00000",136037.KDR18668,59.3,2.66e-294,830.0,0.0,0.0,0.0,0.0,"n-alpha-acetyltransferase 35, NatC auxiliary subunit [Nephila pilipes]",,"38EPQ@33154,3BAUC@33208,3CWM3@33213,3SGZN@50557,41YC7@6656,KOG2343@1,KOG2343@2759",Mak10,0.0,0.0,Phase II: Conjugation,N-Acetyltransferases (NAT),Acetylation,No
,GFU02852.1,,,,,,,126957.SMAR008137-PA,58.1,1.47e-274,780.0,0.0,0.0,0.0,0.0,"cGMP-dependent 3',5'-cyclic phosphodiesterase [Nephila pilipes]",,"38BQB@33154,3B9XB@33208,3CSEF@33213,41X60@6656,KOG3689@1,KOG3689@2759","GAF,PDEase_I",0.0,0.0,Phase I: Functionalization,Carboxylesterases (COE),Esterases & Hydrolases,No
,GFU02909.1,,ko:K08202,"ko05231,map05231",,,"ko02000,ko00001,ko00000",7739.XP_002586701.1,52.9,6.63e-30,117.0,0.0,0.0,0.0,0.0,organic cation transporter protein [Nephila pilipes],,"38FJ1@33154,3B9N9@33208,3CT4W@33213,KOG0255@1,KOG0255@2759",MFS_1,0.0,0.0,Phase III: Efflux & Transport,MFS Xenobiotic Transporters,Solute Carrier Efflux,No
,GFU03013.1,,,,,,,185453.XP_006834517.1,43.3,1.96e-25,107.0,0.0,0.0,0.0,0.0,cytochrome P450 4V2 [Nephila pilipes],,"34U3B@311790,38CHP@33154,3B9GY@33208,3CSG8@33213,3JE48@40674,487KR@7711,49547@7742,COG2124@1,KOG0157@2759",p450,0.0,0.0,Phase I: Functionalization,Cytochrome P450s (CYP450),CYP Monooxygenases,No
,GFU03020.1,,,,,,,126957.SMAR008771-PA,50.9,4.97e-73,233.0,0.0,0.0,0.0,0.0,cytochrome P450 4c3 [Nephila pilipes],,"38CHP@33154,3B9GY@33208,COG2124@1,KOG0157@2759",p450,0.0,0.0,Phase I: Functionalization,Cytochrome P450s (CYP450),CYP Monooxygenases,No
,GFU03519.1,Tery_0085,,,,,,203124.Tery_0085,58.8,6.46e-20,87.4,0.0,0.0,0.0,0.0,"sulfotransferase family cytosolic 1B member 1, partial [Nephila pilipes]",,"1G8T0@1117,31CAG@2,KOG1584@1",Sulfotransfer_1,0.0,0.0,Phase II: Conjugation,Sulfotransferases (SULT),Sulfation,No
,GFU03777.1,EAZ88491.1,,,,,,391612.CY0110_15255,42.4,2.6900000000000004e-72,233.0,0.0,0.0,0.0,0.0,sulfotransferase 1 family member D1 [Nephila pilipes],,"1G8T0@1117,31CAG@2,3KFWM@43988,KOG1584@1",Sulfotransfer_1,0.0,0.0,Phase II: Conjugation,Sulfotransferases (SULT),Sulfation,No
,GFU03779.1,EAZ88491.1,,,,,,391612.CY0110_15255,39.5,3.2e-72,231.0,0.0,0.0,0.0,0.0,sulfotransferase 1 family member D1 [Nephila pilipes],,"1G8T0@1117,31CAG@2,3KFWM@43988,KOG1584@1",Sulfotransfer_1,0.0,0.0,Phase II: Conjugation,Sulfotransferases (SULT),Sulfation,No
,GFU03780.1,EAZ88491.1,,,,,,391612.CY0110_15255,39.7,1.33e-70,227.0,0.0,0.0,0.0,0.0,sulfotransferase 1 family member D1 [Nephila pilipes],,"1G8T0@1117,31CAG@2,3KFWM@43988,KOG1584@1",Sulfotransfer_1,0.0,0.0,Phase II: Conjugation,Sulfotransferases (SULT),Sulfation,No
,GFU03822.1,CHST11,ko:K01017,"map00532,ko00532",,2.8.2.5,"ko01003,ko01000,ko00001,ko00000",8496.XP_006273047.1,45.1,2.68e-80,253.0,0.0,0.0,0.0,0.0,carbohydrate sulfotransferase 11 [Nephila pilipes],,"39NS8@33154,3BPSA@33208,3D6N3@33213,489R0@7711,498GE@7742,KOG4651@1,KOG4651@2759",Sulfotransfer_2,0.0,0.0,Phase II: Conjugation,Sulfotransferases (SULT),Sulfation,No
,GFU03890.1,L798_09966,ko:K05676,"ko02010,map04146,ko04146,map02010",,,"ko02000,ko00001,ko00000",136037.KDR16020,55.9,2.87e-294,834.0,0.0,0.0,0.0,0.0,ATP-binding cassette sub-family D member 1 [Nephila pilipes],,"38B9E@33154,3BFDE@33208,3CWQW@33213,3SFZH@50557,41TUF@6656,COG4178@1,KOG0064@2759","ABC_membrane_2,ABC_tran",0.0,0.0,Phase III: Efflux & Transport,ABC Transporters (ABCA/B/C/G),ATP-Dependent Efflux,No
,GFU04031.1,,,,,,,126957.SMAR002623-PA,60.3,0.0,1020.0,0.0,0.0,0.0,0.0,n-acetylneuraminate 9-O-acetyltransferase [Nephila pilipes],,"38EIR@33154,3B9QM@33208,3CV4D@33213,41X52@6656,KOG1699@1,KOG1699@2759",Cas1_AcylT,0.0,0.0,Phase II: Conjugation,N-Acetyltransferases (NAT),Acetylation,No
,GFU04128.1,GK11735,ko:K08202,"ko05231,map05231",,,"ko02000,ko00001,ko00000",7260.FBpp0240878,42.2,1.29e-102,326.0,0.0,0.0,0.0,0.0,organic cation transporter protein [Nephila pilipes],,"38FJ1@33154,3B9N9@33208,3CT4W@33213,3SJ4H@50557,41WFS@6656,44YKN@7147,45V80@7214,KOG0255@1,KOG0255@2759",MFS_1,0.0,0.0,Phase III: Efflux & Transport,MFS Xenobiotic Transporters,Solute Carrier Efflux,No
,GFU04243.1,CYP4V2,ko:K07427,,,,"ko00000,ko00199",59894.ENSFALP00000012483,49.0,3.48e-92,289.0,0.0,0.0,0.0,0.0,"cytochrome P450 4V2, partial [Nephila pilipes]",,"38CHP@33154,3B9GY@33208,3CSG8@33213,487KR@7711,49547@7742,4GHA2@8782,COG2124@1,KOG0157@2759",p450,0.0,0.0,Phase I: Functionalization,Cytochrome P450s (CYP450),CYP Monooxygenases,No
,GFU04391.1,EAZ88491.1,,,,,,391612.CY0110_15255,51.0,2.76e-60,197.0,0.0,0.0,0.0,0.0,"sulfotransferase 1C2, partial [Nephila pilipes]",,"1G8T0@1117,31CAG@2,3KFWM@43988,KOG1584@1",Sulfotransfer_1,0.0,0.0,Phase II: Conjugation,Sulfotransferases (SULT),Sulfation,No
,GFU04570.1,107368452,ko:K07418,"map01100,ko01100,map04750,map00590,map00591,ko00591,ko00590,ko04750,ko04913,map04726,map04212,ko04212,map04913,ko04726",,1.14.14.1,"ko01000,ko00001,ko00000,ko00199",32264.tetur27g01030.1,39.4,2.71e-90,287.0,0.0,0.0,0.0,0.0,cytochrome P450 2D6 [Nephila pilipes],,"38BSU@33154,3BC78@33208,3CRSA@33213,41V2X@6656,COG2124@1,KOG0156@2759",p450,0.0,0.0,Phase I: Functionalization,Cytochrome P450s (CYP450),CYP Monooxygenases,No
,GFU04572.1,107368491,ko:K07418,"map01100,ko01100,map04750,map00590,map00591,ko00591,ko00590,ko04750,ko04913,map04726,map04212,ko04212,map04913,ko04726",,1.14.14.1,"ko01000,ko00001,ko00000,ko00199",32264.tetur27g02598.1,38.9,2.56e-115,357.0,0.0,0.0,0.0,0.0,cytochrome P450 18a1 [Nephila pilipes],,"38BSU@33154,3BC78@33208,3CRSA@33213,41V2X@6656,COG2124@1,KOG0156@2759",p450,0.0,0.0,Phase I: Functionalization,Cytochrome P450s (CYP450),CYP Monooxygenases,No
,GFU05896.1,v1g240887,ko:K00799,"map05418,ko00480,map00480,map05204,ko00980,map00982,ko00982,map00980,ko00983,ko01524,map05225,ko05225,map05200,ko05204,map00983,ko05200,map01524,ko05418",,2.5.1.18,"ko01000,ko02000,ko00001,ko00000",45351.EDO44678,51.5,3.4099999999999998e-40,141.0,0.0,0.0,0.0,0.0,microsomal glutathione S-transferase 3 [Nephila pilipes],,"2CUIV@1,2S4E5@2759,3A62W@33154,3BQWP@33208",MAPEG,0.0,0.0,Phase II: Conjugation,Glutathione S-Transferases (GST),Glutathione Conjugation,No
,GFU05902.1,v1g240887,ko:K00799,"map05418,ko00480,map00480,map05204,ko00980,map00982,ko00982,map00980,ko00983,ko01524,map05225,ko05225,map05200,ko05204,map00983,ko05200,map01524,ko05418",,2.5.1.18,"ko01000,ko02000,ko00001,ko00000",45351.EDO44678,56.9,1.46e-49,164.0,0.0,0.0,0.0,0.0,microsomal glutathione S-transferase 3 [Nephila pilipes],,"2CUIV@1,2S4E5@2759,3A62W@33154,3BQWP@33208",MAPEG,0.0,0.0,Phase II: Conjugation,Glutathione S-Transferases (GST),Glutathione Conjugation,No
,GFU06037.1,,,,,,,126957.SMAR008774-PA,37.4,9.14e-113,350.0,0.0,0.0,0.0,0.0,cytochrome P450 4V2 [Nephila pilipes],,"38CHP@33154,3B9GY@33208,3CSG8@33213,41U3I@6656,COG2124@1,KOG0157@2759",p450,0.0,0.0,Phase I: Functionalization,Cytochrome P450s (CYP450),CYP Monooxygenases,No
,GFU06039.1,,,,,,,126957.SMAR008774-PA,39.0,2.15e-117,362.0,0.0,0.0,0.0,0.0,cytochrome P450 4V2 [Nephila pilipes],,"38CHP@33154,3B9GY@33208,3CSG8@33213,41U3I@6656,COG2124@1,KOG0157@2759",p450,0.0,0.0,Phase I: Functionalization,Cytochrome P450s (CYP450),CYP Monooxygenases,No
,GFU06068.1,,,,,,,8010.XP_010867954.1,60.2,1.37e-45,154.0,0.0,0.0,0.0,0.0,ATP-binding cassette sub-family A member 3 [Nephila pilipes],,"38BPG@33154,3BBB4@33208,3CSBI@33213,48247@7711,4907A@7742,49Y5W@7898,COG1131@1,KOG0059@2759",ABC_tran,0.0,0.0,Phase III: Efflux & Transport,ABC Transporters (ABCA/B/C/G),ATP-Dependent Efflux,No
,GFU06528.1,,,,,,,30611.ENSOGAP00000017681,33.3,1.84e-15,80.1,0.0,0.0,0.0,0.0,ATP-binding cassette sub-family A member 3 [Nephila pilipes],,"35ANE@314146,38BPG@33154,3BN81@33208,3D5G7@33213,3J78M@40674,487SX@7711,498FK@7742,4MMKP@9443,COG1131@1,KOG0059@2759","ABC2_membrane_3,ABC_tran",0.0,0.0,Phase III: Efflux & Transport,ABC Transporters (ABCA/B/C/G),ATP-Dependent Efflux,No
,GFU06640.1,AND_003231,,,,,,43151.ADAC003231-PA,27.3,1.88e-55,205.0,0.0,0.0,0.0,0.0,major facilitator superfamily domain-containing protein 6 [Nephila pilipes],,"39V1X@33154,3BM5A@33208,3D3C0@33213,3SGGJ@50557,41WA8@6656,4594R@7147,45DSS@7148,KOG3762@1,KOG3762@2759","MFS_1_like,Nuc_H_symport",0.0,0.0,Phase III: Efflux & Transport,MFS Xenobiotic Transporters,Solute Carrier Efflux,No
,GFU06642.1,AND_003231,,,,,,43151.ADAC003231-PA,28.2,8.74e-53,197.0,0.0,0.0,0.0,0.0,MFS_1_like domain-containing protein [Nephila pilipes],,"39V1X@33154,3BM5A@33208,3D3C0@33213,3SGGJ@50557,41WA8@6656,4594R@7147,45DSS@7148,KOG3762@1,KOG3762@2759","MFS_1_like,Nuc_H_symport",0.0,0.0,Phase III: Efflux & Transport,MFS Xenobiotic Transporters,Solute Carrier Efflux,No
,GFU06644.1,GH14865,,,,,,7222.FBpp0148771,28.1,1.4700000000000001e-56,207.0,0.0,0.0,0.0,0.0,major facilitator superfamily domain-containing protein 6 [Nephila pilipes],,"39V1X@33154,3BM5A@33208,3D3C0@33213,3SGGJ@50557,41WA8@6656,4594R@7147,45ZJU@7214,KOG3762@1,KOG3762@2759",MFS_1_like,0.0,0.0,Phase III: Efflux & Transport,MFS Xenobiotic Transporters,Solute Carrier Efflux,No
,GFU06646.1,AAEL011465,,,,,,7159.AAEL011465-PA,26.8,4.4e-50,190.0,0.0,0.0,0.0,0.0,major facilitator superfamily domain-containing protein 6 [Nephila pilipes],,"39V1X@33154,3BM5A@33208,3D3C0@33213,3SGGJ@50557,41WA8@6656,4594R@7147,45DSS@7148,KOG3762@1,KOG3762@2759",MFS_1_like,0.0,0.0,Phase III: Efflux & Transport,MFS Xenobiotic Transporters,Solute Carrier Efflux,No
,GFU06651.1,AND_003231,,,,,,43151.ADAC003231-PA,26.6,2.82e-53,198.0,0.0,0.0,0.0,0.0,major facilitator superfamily domain-containing protein 6 [Nephila pilipes],,"39V1X@33154,3BM5A@33208,3D3C0@33213,3SGGJ@50557,41WA8@6656,4594R@7147,45DSS@7148,KOG3762@1,KOG3762@2759","MFS_1_like,Nuc_H_symport",0.0,0.0,Phase III: Efflux & Transport,MFS Xenobiotic Transporters,Solute Carrier Efflux,No
,GFU06653.1,101898172,,,,,,7370.XP_005175684.1,36.5,1.84e-41,159.0,0.0,0.0,0.0,0.0,major facilitator superfamily domain-containing protein 6 [Nephila pilipes],,"38Z6F@33154,3BM99@33208,3E4NI@33213,3SZXB@50557,42AFX@6656,44WRE@7147,KOG3762@1,KOG3762@2759",MFS_1_like,0.0,0.0,Phase III: Efflux & Transport,MFS Xenobiotic Transporters,Solute Carrier Efflux,No
,GFU06724.1,,ko:K00799,"map05418,ko00480,map00480,map05204,ko00980,map00982,ko00982,map00980,ko00983,ko01524,map05225,ko05225,map05200,ko05204,map00983,ko05200,map01524,ko05418",,2.5.1.18,"ko01000,ko02000,ko00001,ko00000",6669.EFX80115,46.9,5.95e-63,203.0,0.0,0.0,0.0,0.0,"glutathione S-transferase 1, isoform C [Nephila pilipes]",,"3A046@33154,3BQ1T@33208,3D6RP@33213,41Z29@6656,COG0625@1,KOG0867@2759","GST_C_3,GST_N_3",0.0,0.0,Phase II: Conjugation,Glutathione S-Transferases (GST),Glutathione Conjugation,No
,GFU07310.1,,,,,,,126957.SMAR002825-PA,50.0,8.59e-181,538.0,0.0,0.0,0.0,0.0,monocarboxylate transporter 14 [Nephila pilipes],,"396P2@33154,3BC29@33208,3D0NS@33213,41XNV@6656,KOG2504@1,KOG2504@2759",MFS_1,0.0,0.0,Phase III: Efflux & Transport,MFS Xenobiotic Transporters,Solute Carrier Efflux,No
,GFU07325.1,ACK66184.1,,,,,,41431.PCC8801_2155,39.7,6.37e-78,246.0,0.0,0.0,0.0,0.0,sulfotransferase 1 family member D1 [Nephila pilipes],,"1G8T0@1117,31CAG@2,3KFWM@43988,KOG1584@1",Sulfotransfer_1,0.0,0.0,Phase II: Conjugation,Sulfotransferases (SULT),Sulfation,No
,GFU07552.1,,,,,,,6669.EFX79020,38.2,6.7e-106,335.0,0.0,0.0,0.0,0.0,"probable cytochrome P450 301a1, mitochondrial [Nephila pilipes]",,"38CZC@33154,3B9J4@33208,3CUCS@33213,41W0C@6656,COG2124@1,KOG0159@2759",p450,0.0,0.0,Phase I: Functionalization,Cytochrome P450s (CYP450),CYP Monooxygenases,No
,GFU08286.1,MFSD12,,,,,,9258.ENSOANP00000022576,44.8,5.96e-15,76.3,0.0,0.0,0.0,0.0,"major facilitator superfamily domain-containing protein 12, partial [Nephila pilipes]",,"38BP0@33154,3BJ6Z@33208,3CYAW@33213,3JEEE@40674,484H6@7711,4915U@7742,COG2211@1,KOG4830@2759",MFS_2,0.0,0.0,Phase III: Efflux & Transport,MFS Xenobiotic Transporters,Solute Carrier Efflux,No
,GFU08501.1,ATAT1,ko:K19573,,,2.3.1.108,"ko01000,ko03036,ko00000",7897.ENSLACP00000003099,42.0,1.08e-42,161.0,0.0,0.0,0.0,0.0,alpha-tubulin N-acetyltransferase 1 [Nephila pilipes],,"38HFT@33154,3BGSF@33208,3CUW2@33213,47YTU@7711,490WC@7742,KOG4601@1,KOG4601@2759",Acetyltransf_16,0.0,0.0,Phase II: Conjugation,N-Acetyltransferases (NAT),Acetylation,No
,GFU08777.1,Cpar_1019,,,,,,517417.Cpar_1019,27.2,6.04e-15,82.0,0.0,0.0,0.0,0.0,n-acetyltransferase domain-containing protein [Nephila pilipes],,"COG0454@1,COG0454@2",Acetyltransf_1,0.0,0.0,Phase II: Conjugation,N-Acetyltransferases (NAT),Acetylation,No
,GFU09231.1,cce_4269,,,,,,43989.cce_4269,39.7,1.43e-60,201.0,0.0,0.0,0.0,0.0,sulfotransferase 1E1 [Nephila pilipes],,"1G8T0@1117,31CAG@2,3KFWM@43988,KOG1584@1",Sulfotransfer_1,0.0,0.0,Phase II: Conjugation,Sulfotransferases (SULT),Sulfation,No
,GFU09236.1,ACK66184.1,,,,,,41431.PCC8801_2155,36.9,1.34e-56,191.0,0.0,0.0,0.0,0.0,sulfotransferase family cytosolic 1B member 1 [Nephila pilipes],,"1G8T0@1117,31CAG@2,3KFWM@43988,KOG1584@1",Sulfotransfer_1,0.0,0.0,Phase II: Conjugation,Sulfotransferases (SULT),Sulfation,No
,GFU09287.1,MM_1935,,,,,,192952.MM_1935,39.1,5.45e-08,56.2,0.0,0.0,0.0,0.0,"n-acetyltransferase domain-containing protein, partial [Nephila pilipes]",,"2N9P8@224756,2XXI2@28890,COG0454@1,arCOG05161@2157",Acetyltransf_1,0.0,0.0,Phase II: Conjugation,N-Acetyltransferases (NAT),Acetylation,No
,GFU09517.1,,ko:K05678,"ko02010,map04146,ko04146,map02010",,,"ko02000,ko00001,ko00000",6669.EFX65057,44.9,1.17e-158,474.0,0.0,0.0,0.0,0.0,ATP-binding cassette sub-family D member 4 [Nephila pilipes],,"38G49@33154,3BFDM@33208,3CXA5@33213,4227N@6656,COG4178@1,KOG0060@2759","ABC_membrane_2,ABC_tran",0.0,0.0,Phase III: Efflux & Transport,ABC Transporters (ABCA/B/C/G),ATP-Dependent Efflux,No
,GFU09528.1,,ko:K01021,,,2.8.2.20,"ko01000,ko00000",32264.tetur20g02740.1,60.4,1.71e-32,127.0,0.0,0.0,0.0,0.0,protein-tyrosine sulfotransferase [Nephila pilipes],,"38FAU@33154,3BEU7@33208,3CS0P@33213,41XMQ@6656,COG0457@1,KOG3988@2759",Sulfotransfer_3,0.0,0.0,Phase II: Conjugation,Sulfotransferases (SULT),Sulfation,No
,GFU09672.1,,,,,,,8153.XP_005937931.1,43.1,5.15e-31,122.0,0.0,0.0,0.0,0.0,n-alpha-acetyltransferase 80 [Nephila pilipes],,"3A13R@33154,3BTBK@33208,3D9JA@33213,483YJ@7711,48ZTF@7742,4A2VQ@7898,KOG3397@1,KOG3397@2759",Acetyltransf_1,0.0,0.0,Phase II: Conjugation,N-Acetyltransferases (NAT),Acetylation,No
,GFU09953.1,,,,,,,126957.SMAR009052-PA,75.9,7.150000000000001e-21,92.0,0.0,0.0,0.0,0.0,"1-phosphatidylinositol 4,5-bisphosphate phosphodiesterase classes I and II, partial [Nephila pilipes]",,"3ASPT@33154,3BB4P@33208,3CUHB@33213,41UZY@6656,KOG0169@1,KOG1265@2759","EF-hand_like,PI-PLC-X,PI-PLC-Y,PLC-beta_C",0.0,0.0,Phase I: Functionalization,Carboxylesterases (COE),Esterases & Hydrolases,No
,GFU10237.1,6051441,ko:K14999,,,,"ko01000,ko00000,ko00199",7176.CPIJ017462-PA,49.5,6.300000000000001e-27,110.0,0.0,0.0,0.0,0.0,"cytochrome P450 3A5, partial [Nephila pilipes]",,"38BTY@33154,3BF8S@33208,3CV2F@33213,3SGMH@50557,41VYX@6656,44XUS@7147,45JUQ@7148,COG2124@1,KOG0158@2759",p450,0.0,0.0,Phase I: Functionalization,Cytochrome P450s (CYP450),CYP Monooxygenases,No
,GFU10660.1,,ko:K01049,"map00564,ko00564,map04725,ko04725",,3.1.1.7,"ko01000,ko00001,ko00537,ko00000",6669.EFX86815,36.2,9.369999999999999e-95,311.0,0.0,0.0,0.0,0.0,acetylcholinesterase-1 [Nephila pilipes],,"38BW2@33154,3B9C3@33208,3CRAS@33213,41UNM@6656,COG2272@1,KOG4389@2759",COesterase,0.0,0.0,Phase I: Functionalization,Carboxylesterases (COE),Esterases & Hydrolases,No
,GFU10790.1,,,,,,,10228.TriadP61619,31.7,1.83e-09,61.6,0.0,0.0,0.0,0.0,acetyltransf_18 domain-containing protein [Nephila pilipes],,"2S9B9@2759,3AC4G@33154,3BVTK@33208,COG0454@1",Acetyltransf_1,0.0,0.0,Phase II: Conjugation,N-Acetyltransferases (NAT),Acetylation,No
,GFU10915.1,,ko:K21396,,,,"ko02000,ko00000",32264.tetur09g01970.1,71.8,2.51e-31,122.0,0.0,0.0,0.0,0.0,"protein white, partial [Nephila pilipes]",,"38CVQ@33154,3BCP7@33208,3CWB5@33213,41TWH@6656,COG1131@1,KOG0061@2759","ABC2_membrane,ABC_tran",0.0,0.0,Phase III: Efflux & Transport,ABC Transporters (ABCA/B/C/G),ATP-Dependent Efflux,No
,GFU11160.1,,ko:K13719,"ko04141,map04141",,,"ko01002,ko01000,ko00001,ko00000",132113.XP_003488040.1,38.1,7.399999999999998e-68,221.0,0.0,0.0,0.0,0.0,ubiquitin thioesterase OTU1 [Nephila pilipes],,"38HA5@33154,3BC2P@33208,3CW3H@33213,3SIKG@50557,41YB8@6656,COG5539@1,KOG3288@2759",,0.0,0.0,Phase I: Functionalization,Carboxylesterases (COE),Esterases & Hydrolases,No
,GFU11245.1,L798_14432,ko:K14999,,,,"ko01000,ko00000,ko00199",136037.KDR10910,35.1,1.2999999999999999e-98,315.0,0.0,0.0,0.0,0.0,cytochrome P450 3A7 [Nephila pilipes],,"38BTY@33154,3BF8S@33208,3CV2F@33213,3SK5P@50557,41VYX@6656,COG2124@1,KOG0158@2759",p450,0.0,0.0,Phase I: Functionalization,Cytochrome P450s (CYP450),CYP Monooxygenases,No
,GFU11249.1,,,,,,,126957.SMAR002727-PA,38.5,4.21e-74,258.0,0.0,0.0,0.0,0.0,cytochrome P450 3A11 [Nephila pilipes],,"38BTY@33154,3BF8S@33208,3CV2F@33213,41TTZ@6656,COG2124@1,KOG0158@2759",p450,0.0,0.0,Phase I: Functionalization,Cytochrome P450s (CYP450),CYP Monooxygenases,No
,GFU11452.1,6043067,ko:K15003,,,,"ko01000,ko00000,ko00199",7176.CPIJ010546-PA,51.9,2.47e-20,91.3,0.0,0.0,0.0,0.0,"cytochrome P450 6B2, partial [Nephila pilipes]",,"38BTY@33154,3BF8S@33208,3CV2F@33213,3SI58@50557,41TTZ@6656,455KG@7147,45BKE@7148,COG2124@1,KOG0158@2759",p450,0.0,0.0,Phase I: Functionalization,Cytochrome P450s (CYP450),CYP Monooxygenases,No
,GFU11534.1,,,,,,,126957.SMAR004437-PA,51.5,3.53e-217,628.0,0.0,0.0,0.0,0.0,ATP-binding cassette sub-family G member 1 [Nephila pilipes],,"38CVQ@33154,3BF0M@33208,3CU51@33213,41YDB@6656,COG1131@1,KOG0061@2759","ABC2_membrane,ABC_tran",0.0,0.0,Phase III: Efflux & Transport,ABC Transporters (ABCA/B/C/G),ATP-Dependent Efflux,No
,GFU12652.1,,,,,,,126957.SMAR008770-PA,51.7,9.53e-20,90.5,0.0,0.0,0.0,0.0,cytochrome P450 4V2 [Nephila pilipes],,"38CHP@33154,3B9GY@33208,3CSEG@33213,COG2124@1,KOG0157@2759",p450,0.0,0.0,Phase I: Functionalization,Cytochrome P450s (CYP450),CYP Monooxygenases,No
,GFU12952.1,picot,,,,,,7425.NV15041-PA,45.9,4.82e-122,371.0,0.0,0.0,0.0,0.0,putative inorganic phosphate cotransporter [Nephila pilipes],,"38CXA@33154,3BBSD@33208,3CR7D@33213,3SINN@50557,41THY@6656,46G37@7399,KOG2532@1,KOG2532@2759",MFS_1,0.0,0.0,Phase III: Efflux & Transport,MFS Xenobiotic Transporters,Solute Carrier Efflux,No
,GFU12953.1,picot,,,,,,7425.NV15041-PA,45.9,7.6e-122,371.0,0.0,0.0,0.0,0.0,putative inorganic phosphate cotransporter [Nephila pilipes],,"38CXA@33154,3BBSD@33208,3CR7D@33213,3SINN@50557,41THY@6656,46G37@7399,KOG2532@1,KOG2532@2759",MFS_1,0.0,0.0,Phase III: Efflux & Transport,MFS Xenobiotic Transporters,Solute Carrier Efflux,No
,GFU13029.1,,,,,,,10228.TriadP61619,31.7,1.83e-09,61.6,0.0,0.0,0.0,0.0,acetyltransf_18 domain-containing protein [Nephila pilipes],,"2S9B9@2759,3AC4G@33154,3BVTK@33208,COG0454@1",Acetyltransf_1,0.0,0.0,Phase II: Conjugation,N-Acetyltransferases (NAT),Acetylation,No
,GFU13037.1,,,,,,,126957.SMAR006062-PA,43.1,7.52e-131,397.0,0.0,0.0,0.0,0.0,ecdysone 20-monooxygenase [Nephila pilipes],,"38CZC@33154,3B9J4@33208,3CUCS@33213,429XA@6656,COG2124@1,KOG0159@2759",p450,0.0,0.0,Phase I: Functionalization,Cytochrome P450s (CYP450),CYP Monooxygenases,No
,GFU13074.1,,,,,,,126957.SMAR012006-PA,64.6,2.29e-128,387.0,0.0,0.0,0.0,0.0,vesicular glutamate transporter 2.2 [Nephila pilipes],,"38CXA@33154,3BBSD@33208,3CRGY@33213,41XC1@6656,KOG2532@1,KOG2532@2759",MFS_1,0.0,0.0,Phase III: Efflux & Transport,MFS Xenobiotic Transporters,Solute Carrier Efflux,No
,GFU13084.1,,,,,,,126957.SMAR012361-PA,38.4,1.23e-109,342.0,0.0,0.0,0.0,0.0,"cytochrome P450 302a1, mitochondrial [Nephila pilipes]",,"39TJ9@33154,3BNG0@33208,3D4SH@33213,41XGF@6656,COG2124@1,KOG0159@2759",p450,0.0,0.0,Phase I: Functionalization,Cytochrome P450s (CYP450),CYP Monooxygenases,No
,GFU13262.1,107363314,ko:K15001,,,,"ko01000,ko00000,ko00199",32264.tetur09g03800.1,40.8,4.2000000000000005e-57,199.0,0.0,0.0,0.0,0.0,"cytochrome P450 4V2, partial [Nephila pilipes]",,"38CHP@33154,3B9GY@33208,3CSG8@33213,41U3I@6656,COG2124@1,KOG0157@2759",p450,0.0,0.0,Phase I: Functionalization,Cytochrome P450s (CYP450),CYP Monooxygenases,No
,GFU13801.1,EH28_10320,,,,,,215358.XP_010748702.1,32.4,4.35e-51,187.0,0.0,0.0,0.0,0.0,synaptic vesicle 2-related protein [Nephila pilipes],,"38BRT@33154,3BCKS@33208,3CUK1@33213,4819R@7711,49EC9@7742,4A58X@7898,KOG0253@1,KOG0253@2759",MFS_1,0.0,0.0,Phase III: Efflux & Transport,MFS Xenobiotic Transporters,Solute Carrier Efflux,No
,GFU14824.1,,,,,,,6669.EFX79020,44.2,2.9199999999999998e-126,386.0,0.0,0.0,0.0,0.0,cytochrome P450 CYP12A2 [Nephila pilipes],,"38CZC@33154,3B9J4@33208,3CUCS@33213,41W0C@6656,COG2124@1,KOG0159@2759",p450,0.0,0.0,Phase I: Functionalization,Cytochrome P450s (CYP450),CYP Monooxygenases,No
,GFU14955.1,107369096,ko:K12301,"map04142,ko04142",,,"ko02000,ko00001,ko00000",32264.tetur30g01230.1,48.4,3.11e-15,76.6,0.0,0.0,0.0,0.0,"inorganic phosphate cotransporter, partial [Nephila pilipes]",,"38CXA@33154,3BBSD@33208,3CR7D@33213,41THY@6656,KOG2532@1,KOG2532@2759",MFS_1,0.0,0.0,Phase III: Efflux & Transport,MFS Xenobiotic Transporters,Solute Carrier Efflux,No
,GFU15727.1,AAEL011465,,,,,,7159.AAEL011465-PA,29.3,2.42e-66,234.0,0.0,0.0,0.0,0.0,major facilitator superfamily domain-containing protein 6 [Nephila pilipes],,"39V1X@33154,3BM5A@33208,3D3C0@33213,3SGGJ@50557,41WA8@6656,4594R@7147,45DSS@7148,KOG3762@1,KOG3762@2759",MFS_1_like,0.0,0.0,Phase III: Efflux & Transport,MFS Xenobiotic Transporters,Solute Carrier Efflux,No
,GFU15798.1,L798_13834,ko:K15001,,,,"ko01000,ko00000,ko00199",136037.KDR12227,40.7,3.3e-88,280.0,0.0,0.0,0.0,0.0,cytochrome P450 4C1 [Nephila pilipes],,"38CHP@33154,3B9GY@33208,3CSG8@33213,3SGAE@50557,41U3I@6656,COG2124@1,KOG0157@2759",p450,0.0,0.0,Phase I: Functionalization,Cytochrome P450s (CYP450),CYP Monooxygenases,No
,GFU17085.1,,,,,,,69319.XP_008546175.1,35.2,1.02e-12,71.2,0.0,0.0,0.0,0.0,monocarboxylate transporter 14 [Nephila pilipes],,"39T7H@33154,3BHHG@33208,3D3AH@33213,3SIZP@50557,41Y97@6656,46K30@7399,KOG2504@1,KOG2504@2759",MFS_1,0.0,0.0,Phase III: Efflux & Transport,MFS Xenobiotic Transporters,Solute Carrier Efflux,No
,GFU17298.1,,,,,,,7918.ENSLOCP00000020904,33.8,1.69e-44,169.0,0.0,0.0,0.0,0.0,cytochrome P450 3A8 [Nephila pilipes],,"38BTY@33154,3BF8S@33208,3CV2F@33213,47Z83@7711,48W40@7742,49VXM@7898,COG2124@1,KOG0158@2759",p450,0.0,0.0,Phase I: Functionalization,Cytochrome P450s (CYP450),CYP Monooxygenases,No
,GFU17314.1,,,,,,,69319.XP_008546956.1,34.5,5.809999999999999e-34,135.0,0.0,0.0,0.0,0.0,"inorganic phosphate cotransporter, partial [Nephila pilipes]",,"38CXA@33154,3BBSD@33208,3CR7D@33213,3SKJN@50557,41THY@6656,46HUG@7399,KOG2532@1,KOG2532@2759",MFS_1,0.0,0.0,Phase III: Efflux & Transport,MFS Xenobiotic Transporters,Solute Carrier Efflux,No
,GFU17316.1,,,,,,,69319.XP_008552427.1,31.6,7.670000000000001e-86,282.0,0.0,0.0,0.0,0.0,putative inorganic phosphate cotransporter [Nephila pilipes],,"38CXA@33154,3BBSD@33208,3CR7D@33213,3SINN@50557,41THY@6656,46G37@7399,KOG2532@1,KOG2532@2759",MFS_1,0.0,0.0,Phase III: Efflux & Transport,MFS Xenobiotic Transporters,Solute Carrier Efflux,No
,GFU17321.1,picot,,,,,,7425.NV15041-PA,33.8,4.96e-58,204.0,0.0,0.0,0.0,0.0,putative inorganic phosphate cotransporter [Nephila pilipes],,"38CXA@33154,3BBSD@33208,3CR7D@33213,3SINN@50557,41THY@6656,46G37@7399,KOG2532@1,KOG2532@2759",MFS_1,0.0,0.0,Phase III: Efflux & Transport,MFS Xenobiotic Transporters,Solute Carrier Efflux,No
,GFU17554.1,,ko:K13703,,,,"ko01002,ko00000",6669.EFX81811,30.2,1.7500000000000002e-32,132.0,0.0,0.0,0.0,0.0,abhydrolase domain-containing protein 11 [Nephila pilipes],,"39UJH@33154,3BHQ0@33208,3CX97@33213,41YJQ@6656,COG0596@1,KOG2382@2759",Abhydrolase_1,0.0,0.0,Phase I: Functionalization,Carboxylesterases (COE),Esterases & Hydrolases,No
,GFU18170.1,,,,,,,7739.XP_002593514.1,42.9,6.74e-35,135.0,0.0,0.0,0.0,0.0,acetylcholinesterase [Nephila pilipes],,"38BW2@33154,3B9C3@33208,3CRAS@33213,COG2272@1,KOG4389@2759",COesterase,0.0,0.0,Phase I: Functionalization,Carboxylesterases (COE),Esterases & Hydrolases,No
,GFU18172.1,107368029,ko:K01049,"map00564,ko00564,map04725,ko04725",,3.1.1.7,"ko01000,ko00001,ko00537,ko00000",32264.tetur25g00710.1,34.2,1.29e-90,298.0,0.0,0.0,0.0,0.0,acetylcholinesterase-1 [Nephila pilipes],,"39MBH@33154,3CNZ2@33208,3E52U@33213,COG2272@1,KOG4389@2759",COesterase,0.0,0.0,Phase I: Functionalization,Carboxylesterases (COE),Esterases & Hydrolases,No
,GFU18177.1,107368029,ko:K01049,"map00564,ko00564,map04725,ko04725",,3.1.1.7,"ko01000,ko00001,ko00537,ko00000",32264.tetur25g00710.1,34.9,7.39e-88,291.0,0.0,0.0,0.0,0.0,acetylcholinesterase-1 [Nephila pilipes],,"39MBH@33154,3CNZ2@33208,3E52U@33213,COG2272@1,KOG4389@2759",COesterase,0.0,0.0,Phase I: Functionalization,Carboxylesterases (COE),Esterases & Hydrolases,No
,GFU18181.1,BCHE,,,,,,9365.XP_007523705.1,36.3,1.66e-98,318.0,0.0,0.0,0.0,0.0,acetylcholinesterase-1 [Nephila pilipes],,"38BW2@33154,3B9C3@33208,3CRAS@33213,3J8G3@40674,47ZW1@7711,48UV4@7742,COG2272@1,KOG4389@2759","AChE_tetra,COesterase",0.0,0.0,Phase I: Functionalization,Carboxylesterases (COE),Esterases & Hydrolases,No
,GFU18184.1,,ko:K01049,"map00564,ko00564,map04725,ko04725",,3.1.1.7,"ko01000,ko00001,ko00537,ko00000",6669.EFX86815,38.1,6.6000000000000005e-105,334.0,0.0,0.0,0.0,0.0,acetylcholinesterase [Nephila pilipes],,"38BW2@33154,3B9C3@33208,3CRAS@33213,41UNM@6656,COG2272@1,KOG4389@2759",COesterase,0.0,0.0,Phase I: Functionalization,Carboxylesterases (COE),Esterases & Hydrolases,No
,GFU18238.1,,,,,,,126957.SMAR011468-PA,33.4,2.76e-82,280.0,0.0,0.0,0.0,0.0,monocarboxylate transporter 13 [Nephila pilipes],,"39RJK@33154,3BD4Y@33208,3D24G@33213,41UFD@6656,KOG2504@1,KOG2504@2759",MFS_1,0.0,0.0,Phase III: Efflux & Transport,MFS Xenobiotic Transporters,Solute Carrier Efflux,No
,GFU18264.1,,,,,,,126957.SMAR008771-PA,40.0,9.76e-23,99.4,0.0,0.0,0.0,0.0,cytochrome P450 4c3 [Nephila pilipes],,"38CHP@33154,3B9GY@33208,COG2124@1,KOG0157@2759",p450,0.0,0.0,Phase I: Functionalization,Cytochrome P450s (CYP450),CYP Monooxygenases,No
,GFU18290.1,101901636,ko:K12301,"map04142,ko04142",,,"ko02000,ko00001,ko00000",7370.XP_005184461.1,39.3,2.85e-20,92.4,0.0,0.0,0.0,0.0,"inorganic phosphate cotransporter, partial [Nephila pilipes]",,"38CXA@33154,3BBSD@33208,3CR7D@33213,3SKJN@50557,41THY@6656,4512W@7147,KOG2532@1,KOG2532@2759",MFS_1,0.0,0.0,Phase III: Efflux & Transport,MFS Xenobiotic Transporters,Solute Carrier Efflux,No
,GFU18334.1,SVOPL,,,,,,8479.XP_008169369.1,43.8,1.68e-13,71.6,0.0,0.0,0.0,0.0,synaptic vesicle 2-related protein [Nephila pilipes],,"38BRT@33154,3BCKS@33208,3CUK1@33213,483S1@7711,49123@7742,4CGC7@8459,KOG0253@1,KOG0253@2759",MFS_1,0.0,0.0,Phase III: Efflux & Transport,MFS Xenobiotic Transporters,Solute Carrier Efflux,No
,GFU18459.1,107369096,ko:K12301,"map04142,ko04142",,,"ko02000,ko00001,ko00000",32264.tetur30g01230.1,38.8,2.31e-85,277.0,0.0,0.0,0.0,0.0,putative inorganic phosphate cotransporter [Nephila pilipes],,"38CXA@33154,3BBSD@33208,3CR7D@33213,41THY@6656,KOG2532@1,KOG2532@2759",MFS_1,0.0,0.0,Phase III: Efflux & Transport,MFS Xenobiotic Transporters,Solute Carrier Efflux,No
,GFU18576.1,,,,,,,32507.XP_006808730.1,42.0,1.35e-50,176.0,0.0,0.0,0.0,0.0,esterase OVCA2 [Nephila pilipes],,"39X34@33154,3BM9A@33208,3D30H@33213,487BR@7711,48Y1J@7742,49PUH@7898,KOG2551@1,KOG2551@2759",FSH1,0.0,0.0,Phase I: Functionalization,Carboxylesterases (COE),Esterases & Hydrolases,No
,GFU18578.1,ovca2,,,,,,106582.XP_004550213.1,43.4,2.8500000000000004e-56,191.0,0.0,0.0,0.0,0.0,esterase OVCA2 [Nephila pilipes],,"39X34@33154,3BM9A@33208,3D30H@33213,487BR@7711,48Y1J@7742,49PUH@7898,KOG2551@1,KOG2551@2759",FSH1,0.0,0.0,Phase I: Functionalization,Carboxylesterases (COE),Esterases & Hydrolases,No
,GFU18707.1,L798_12798,ko:K03233,"map05134,ko05134",,,"ko03012,ko03019,ko00001,ko00000",136037.KDR22664,63.0,5.419999999999999e-190,541.0,0.0,0.0,0.0,0.0,elongation factor 1-gamma [Nephila pilipes],,"38CDH@33154,3BGGP@33208,3CR8K@33213,3SGC6@50557,41UX1@6656,COG0625@1,KOG0867@2759,KOG1627@1,KOG1627@2759","EF1G,GST_C,GST_N",0.0,0.0,Phase II: Conjugation,Glutathione S-Transferases (GST),Glutathione Conjugation,No
,GFU19178.1,CYP4CA1,,,,,,7425.NV13372-PA,33.9,2.3e-11,67.0,0.0,0.0,0.0,0.0,"cytochrome P450 4V2, partial [Nephila pilipes]",,"38CHP@33154,3B9GY@33208,3CSG8@33213,3SHJ4@50557,41U3I@6656,46E58@7399,COG2124@1,KOG0157@2759",p450,0.0,0.0,Phase I: Functionalization,Cytochrome P450s (CYP450),CYP Monooxygenases,No
,GFU19351.1,,,,,,,126957.SMAR008904-PA,47.6,1.88e-22,98.2,0.0,0.0,0.0,0.0,"2',5'-phosphodiesterase 12 [Nephila pilipes]",,"38E3X@33154,3BEHH@33208,3CZRD@33213,41XV7@6656,COG5239@1,KOG0620@2759",Exo_endo_phos,0.0,0.0,Phase I: Functionalization,Carboxylesterases (COE),Esterases & Hydrolases,No
,GFU19605.1,,ko:K00327,,,1.6.2.4,"ko01000,ko00000",7029.ACYPI001593-PA,65.4,2.6399999999999997e-256,725.0,0.0,0.0,0.0,0.0,"NADPH--cytochrome P450 reductase, partial [Nephila pilipes]",,"38BIN@33154,3B9BP@33208,3CVR2@33213,3E9F9@33342,3SFT7@50557,41UCT@6656,COG0369@1,KOG1158@2759","FAD_binding_1,Flavodoxin_1,NAD_binding_1",0.0,0.0,Phase I: Functionalization,Cytochrome P450s (CYP450),CYP Monooxygenases,No
,GFU19784.1,107362046,ko:K07418,"map01100,ko01100,map04750,map00590,map00591,ko00591,ko00590,ko04750,ko04913,map04726,map04212,ko04212,map04913,ko04726",,1.14.14.1,"ko01000,ko00001,ko00000,ko00199",32264.tetur07g06480.1,39.0,1.14e-109,341.0,0.0,0.0,0.0,0.0,cytochrome P450 2U1 [Nephila pilipes],,"38BSU@33154,3BC78@33208,3CRSA@33213,41V2X@6656,COG2124@1,KOG0156@2759",p450,0.0,0.0,Phase I: Functionalization,Cytochrome P450s (CYP450),CYP Monooxygenases,No
,GFU20192.1,LOC577667,ko:K20794,,,2.3.1.257,"ko01000,ko03036,ko00000",7668.SPU_006679-tr,39.1,4.9099999999999996e-48,172.0,0.0,0.0,0.0,0.0,n-alpha-acetyltransferase 40 [Nephila pilipes],,"38E8B@33154,3BKMN@33208,3CVSE@33213,COG2340@1,KOG2488@1,KOG2488@2759,KOG3017@2759","Acetyltransf_1,CAP",0.0,0.0,Phase II: Conjugation,N-Acetyltransferases (NAT),Acetylation,No
,GFU20326.1,L798_09120,ko:K05674,"ko02010,map02010",,,"ko02000,ko00001,ko00000",136037.KDR17053,47.2,0.0,1171.0,0.0,0.0,0.0,0.0,multidrug resistance-associated protein 7 [Nephila pilipes],,"38GYV@33154,3BBUA@33208,3CW5R@33213,3SGZR@50557,41TW4@6656,COG1132@1,KOG0054@2759","ABC_membrane,ABC_tran",0.0,0.0,Phase III: Efflux & Transport,ABC Transporters (ABCA/B/C/G),ATP-Dependent Efflux,No
,GFU20594.1,,,,,,,126957.SMAR011118-PA,72.4,0.0,1768.0,0.0,0.0,0.0,0.0,"acetyl-CoA carboxylase, partial [Nephila pilipes]",,"38BBT@33154,3BD6M@33208,3CUQB@33213,41VTY@6656,COG0439@1,COG1132@1,KOG0054@2759,KOG0368@2759","ABC_membrane,ABC_tran,ACC_central,Biotin_carb_C,Biotin_carb_N,Biotin_lipoyl,CPSase_L_D2,Carboxyl_trans",0.0,0.0,Phase III: Efflux & Transport,ABC Transporters (ABCA/B/C/G),ATP-Dependent Efflux,No
,GFU20744.1,LOC409131,,,,,,7460.GB46918-PA,25.8,1.17e-32,141.0,0.0,0.0,0.0,0.0,"monocarboxylate transporter 5, partial [Nephila pilipes]",,"39T7H@33154,3BHHG@33208,3D3AH@33213,3SIZP@50557,41Y97@6656,46K30@7399,KOG2504@1,KOG2504@2759",MFS_1,0.0,0.0,Phase III: Efflux & Transport,MFS Xenobiotic Transporters,Solute Carrier Efflux,No
,GFU20745.1,,,,,,,69319.XP_008546175.1,26.7,4.76e-40,162.0,0.0,0.0,0.0,0.0,monocarboxylate transporter 9 [Nephila pilipes],,"39T7H@33154,3BHHG@33208,3D3AH@33213,3SIZP@50557,41Y97@6656,46K30@7399,KOG2504@1,KOG2504@2759",MFS_1,0.0,0.0,Phase III: Efflux & Transport,MFS Xenobiotic Transporters,Solute Carrier Efflux,No
,GFU21184.1,,,,,,,10228.TriadP61619,32.6,3.28e-10,65.9,0.0,0.0,0.0,0.0,"acetyltransf_18 domain-containing protein, partial [Nephila pilipes]",,"2S9B9@2759,3AC4G@33154,3BVTK@33208,COG0454@1",Acetyltransf_1,0.0,0.0,Phase II: Conjugation,N-Acetyltransferases (NAT),Acetylation,No
,GFU21220.1,,ko:K08155,"ko05012,ko05031,ko05030,map05031,map05012,ko05034,ko04728,map04728,map05034,map04726,ko04726,map05030,ko04721,map04721",,,"ko02000,ko00001,ko00000",6669.EFX75369,80.6,1.17e-33,127.0,0.0,0.0,0.0,0.0,synaptic vesicular amine transporter [Nephila pilipes],,"38CBP@33154,3BEZR@33208,3CTHD@33213,41W03@6656,KOG3764@1,KOG3764@2759",MFS_1,0.0,0.0,Phase III: Efflux & Transport,MFS Xenobiotic Transporters,Solute Carrier Efflux,No
,GFU21261.1,,,,,,,7425.NV15429-PA,24.3,2.17e-71,265.0,0.0,0.0,0.0,0.0,"dual 3',5'-cyclic-AMP and-GMP phosphodiesterase 11 [Nephila pilipes]",,"2CMP4@1,2QR56@2759,39VQX@33154,3BR69@33208,3D755@33213,3T012@50557,4230R@6656,46MK3@7399","Peptidase_A17,rve",0.0,0.0,Phase I: Functionalization,Carboxylesterases (COE),Esterases & Hydrolases,No
,GFU21370.1,CYP6AS31,ko:K14999,,,,"ko01000,ko00000,ko00199",7425.NV17463-PA,59.2,3.39e-18,84.3,0.0,0.0,0.0,0.0,"cytochrome P450 3A21, partial [Nephila pilipes]",,"38BTY@33154,3BF8S@33208,3CV2F@33213,3SQ7E@50557,42264@6656,46JRF@7399,COG2124@1,KOG0158@2759",p450,0.0,0.0,Phase I: Functionalization,Cytochrome P450s (CYP450),CYP Monooxygenases,No
,GFU21476.1,,,,,,,7070.TC014220-PA,20.2,2.27e-17,94.4,0.0,0.0,0.0,0.0,monocarboxylate transporter 9 [Nephila pilipes],,"39RJK@33154,3BD4Y@33208,3D24G@33213,3SGYN@50557,41UFD@6656,KOG2504@1,KOG2504@2759",MFS_1,0.0,0.0,Phase III: Efflux & Transport,MFS Xenobiotic Transporters,Solute Carrier Efflux,No
,GFU21492.1,,,,,,,126957.SMAR000224-PA,44.7,6.32e-178,535.0,0.0,0.0,0.0,0.0,monocarboxylate transporter 12-B [Nephila pilipes],,"38GN2@33154,3B9WM@33208,3CVEZ@33213,41W0U@6656,KOG2504@1,KOG2504@2759",MFS_1,0.0,0.0,Phase III: Efflux & Transport,MFS Xenobiotic Transporters,Solute Carrier Efflux,No
,GFU21503.1,,,,,,,32264.tetur06g05470.1,46.4,5.13e-158,476.0,0.0,0.0,0.0,0.0,monocarboxylate transporter 14 [Nephila pilipes],,"38GN2@33154,3B9WM@33208,3CVEZ@33213,41XBS@6656,KOG2504@1,KOG2504@2759",MFS_1,0.0,0.0,Phase III: Efflux & Transport,MFS Xenobiotic Transporters,Solute Carrier Efflux,No
,GFU22064.1,L798_15511,ko:K14521,"ko03008,map03008",,,"ko03009,ko01000,ko00001,ko00000",136037.KDR10713,34.7,1.77e-183,565.0,0.0,0.0,0.0,0.0,RNA cytidine acetyltransferase [Nephila pilipes],,"38FQJ@33154,3B9XC@33208,3CUWZ@33213,3SHUD@50557,41WTS@6656,COG1444@1,KOG2036@2759","DUF1726,GNAT_acetyltr_2,Helicase_RecD,tRNA_bind_2",0.0,0.0,Phase II: Conjugation,N-Acetyltransferases (NAT),Acetylation,No
,GFU22126.1,,,,,,,10042.XP_006996713.1,38.3,7.64e-45,163.0,0.0,0.0,0.0,0.0,"cytochrome P450 3A1, partial [Nephila pilipes]",,"35E4R@314146,38BTY@33154,3BF8S@33208,3CV2F@33213,3J4KT@40674,488IN@7711,490UU@7742,4PWCN@9989,COG2124@1,KOG0158@2759",p450,0.0,0.0,Phase I: Functionalization,Cytochrome P450s (CYP450),CYP Monooxygenases,No
,GFU22413.1,,,,,,,126957.SMAR008771-PA,49.6,1.83e-75,239.0,0.0,0.0,0.0,0.0,"cytochrome P450 4c3, partial [Nephila pilipes]",,"38CHP@33154,3B9GY@33208,COG2124@1,KOG0157@2759",p450,0.0,0.0,Phase I: Functionalization,Cytochrome P450s (CYP450),CYP Monooxygenases,No
,GFU23456.1,,,,,,,10228.TriadP61619,31.7,5.02e-10,63.2,0.0,0.0,0.0,0.0,acetyltransf_18 domain-containing protein [Nephila pilipes],,"2S9B9@2759,3AC4G@33154,3BVTK@33208,COG0454@1",Acetyltransf_1,0.0,0.0,Phase II: Conjugation,N-Acetyltransferases (NAT),Acetylation,No
,GFU23824.1,,,,,,,126957.SMAR004569-PA,52.7,6.56e-17,82.0,0.0,0.0,0.0,0.0,acid sphingomyelinase-like phosphodiesterase 3b [Nephila pilipes],,"38E4G@33154,3BEWN@33208,3CV2I@33213,41YCE@6656,KOG3770@1,KOG3770@2759",Metallophos,0.0,0.0,Phase I: Functionalization,Carboxylesterases (COE),Esterases & Hydrolases,No
,GFU24416.1,,ko:K08175,,,,"ko02000,ko00000",7719.XP_002122926.1,32.5,1.85e-46,172.0,0.0,0.0,0.0,0.0,sodium-dependent glucose transporter 1 [Nephila pilipes],,"28Z0Q@1,2R5UW@2759,38BCW@33154,3BHS8@33208,3D1D3@33213,4846H@7711",MFS_1,0.0,0.0,Phase III: Efflux & Transport,MFS Xenobiotic Transporters,Solute Carrier Efflux,No
,GFU24529.1,107368029,ko:K01049,"map00564,ko00564,map04725,ko04725",,3.1.1.7,"ko01000,ko00001,ko00537,ko00000",32264.tetur25g00710.1,35.4,3.77e-105,337.0,0.0,0.0,0.0,0.0,acetylcholinesterase-1 [Nephila pilipes],,"39MBH@33154,3CNZ2@33208,3E52U@33213,COG2272@1,KOG4389@2759",COesterase,0.0,0.0,Phase I: Functionalization,Carboxylesterases (COE),Esterases & Hydrolases,No
,GFU24645.1,,,,,,,32264.tetur01g05940.1,45.8,3.23e-213,624.0,0.0,0.0,0.0,0.0,ABC transporter G family member 20 [Nephila pilipes],,"38FR7@33154,3BG82@33208,3D1CH@33213,41VIV@6656,COG1131@1,KOG0059@2759","ABC2_membrane_3,ABC_tran",0.0,0.0,Phase III: Efflux & Transport,ABC Transporters (ABCA/B/C/G),ATP-Dependent Efflux,No
,GFU24896.1,107368491,ko:K07418,"map01100,ko01100,map04750,map00590,map00591,ko00591,ko00590,ko04750,ko04913,map04726,map04212,ko04212,map04913,ko04726",,1.14.14.1,"ko01000,ko00001,ko00000,ko00199",32264.tetur27g02598.1,41.6,3.08e-117,361.0,0.0,0.0,0.0,0.0,cytochrome P450 2U1 [Nephila pilipes],,"38BSU@33154,3BC78@33208,3CRSA@33213,41V2X@6656,COG2124@1,KOG0156@2759",p450,0.0,0.0,Phase I: Functionalization,Cytochrome P450s (CYP450),CYP Monooxygenases,No
,GFU24898.1,107372117,ko:K07418,"map01100,ko01100,map04750,map00590,map00591,ko00591,ko00590,ko04750,ko04913,map04726,map04212,ko04212,map04913,ko04726",,1.14.14.1,"ko01000,ko00001,ko00000,ko00199",32264.tetur03g04990.1,39.3,3.6e-87,281.0,0.0,0.0,0.0,0.0,cytochrome P450 2J2 [Nephila pilipes],,"38BSU@33154,3BC78@33208,3CRSA@33213,41V2X@6656,COG2124@1,KOG0156@2759",p450,0.0,0.0,Phase I: Functionalization,Cytochrome P450s (CYP450),CYP Monooxygenases,No
,GFU24920.1,,ko:K07418,"map01100,ko01100,map04750,map00590,map00591,ko00591,ko00590,ko04750,ko04913,map04726,map04212,ko04212,map04913,ko04726",,1.14.14.1,"ko01000,ko00001,ko00000,ko00199",9785.ENSLAFP00000009643,36.0,1.26e-64,218.0,0.0,0.0,0.0,0.0,cytochrome P450 2U1 [Nephila pilipes],,"351YP@311790,38BSU@33154,3BC78@33208,3CRSA@33213,3J4ZJ@40674,483G0@7711,48WIJ@7742,COG2124@1,KOG0156@2759",p450,0.0,0.0,Phase I: Functionalization,Cytochrome P450s (CYP450),CYP Monooxygenases,No
,GFU25451.1,CYP4C60,ko:K15001,,,,"ko01000,ko00000,ko00199",7425.NV14753-PA,53.2,6.8100000000000005e-31,121.0,0.0,0.0,0.0,0.0,"cytochrome P450 4c3, partial [Nephila pilipes]",,"38CHP@33154,3B9GY@33208,3CSG8@33213,3SGAE@50557,41U3I@6656,COG2124@1,KOG0157@2759",p450,0.0,0.0,Phase I: Functionalization,Cytochrome P450s (CYP450),CYP Monooxygenases,No
,GFU25695.1,,,,,,,1392244.V5F1H3,44.0,3.16e-08,57.0,0.0,0.0,0.0,0.0,"acid sphingomyelinase-like phosphodiesterase 3b, partial [Nephila pilipes]",,"38E4G@33154,3MZX3@452284,3NVEG@4751,3UXXI@5204,KOG3770@1,KOG3770@2759",Metallophos,0.0,0.0,Phase I: Functionalization,Carboxylesterases (COE),Esterases & Hydrolases,No
,GFU25778.1,,,,,,,126957.SMAR000747-PA,55.7,7.890000000000001e-257,736.0,0.0,0.0,0.0,0.0,ubiquitin thioesterase ZRANB1 [Nephila pilipes],,"38BD8@33154,3BCDY@33208,3D11B@33213,41W18@6656,KOG4345@1,KOG4345@2759","OTU,zf-RanBP",0.0,0.0,Phase I: Functionalization,Carboxylesterases (COE),Esterases & Hydrolases,No
,GFU25940.1,,,,,,,126957.SMAR011809-PA,49.1,3.62e-157,465.0,0.0,0.0,0.0,0.0,major facilitator superfamily domain-containing protein 12 [Nephila pilipes],,"38BP0@33154,3BJ6Z@33208,3CYAW@33213,41X2S@6656,COG2211@1,KOG4830@2759",MFS_2,0.0,0.0,Phase III: Efflux & Transport,MFS Xenobiotic Transporters,Solute Carrier Efflux,No
,GFU26033.1,,,,,,,6500.XP_005109747.1,42.5,1.5300000000000001e-72,237.0,0.0,0.0,0.0,0.0,sulfotransferase 1C4 [Nephila pilipes],,"38FPD@33154,3BEBC@33208,3CTZN@33213,KOG1584@1,KOG1584@2759",Sulfotransfer_1,0.0,0.0,Phase II: Conjugation,Sulfotransferases (SULT),Sulfation,No
,GFU26111.1,LOC593027,ko:K00128,"map00310,ko01100,ko00561,map00330,ko00625,ko01130,map01110,ko00053,ko00010,map00410,map00981,ko01110,ko00310,map00903,ko00071,ko00330,ko00903,map01100,map00561,ko00981,ko00410,map00340,map01120,map00053,map00010,ko01120,map00071,ko00340,map00380,map00280,map00625,map00620,ko00280,map01130,ko00380,ko00620",M00135,1.2.1.3,"ko01000,ko00001,ko00000,ko00002",7668.SPU_020749-tr,29.5,1.7400000000000002e-80,276.0,0.0,0.0,0.0,0.0,alpha-ketoglutaric semialdehyde dehydrogenase [Nephila pilipes],,"38CQ7@33154,3BH9X@33208,3CZ2T@33213,COG1012@1,KOG2450@2759",Aldedh,0.0,0.0,Phase I: Functionalization,Aldehyde Dehydrogenases (ALDH),Aldehyde Oxidation,No
,GFU26115.1,,,,,,,1206731.BAGB01000168_gene1363,33.9,4.14e-14,78.6,0.0,0.0,0.0,0.0,aldehyde dehydrogenase family 16 member A1 [Nephila pilipes],,"2GIWZ@201174,4FTXB@85025,COG1012@1,COG1012@2",Aldedh,0.0,0.0,Phase I: Functionalization,Aldehyde Dehydrogenases (ALDH),Aldehyde Oxidation,No
,GFU26345.1,,ko:K05658,"ko02010,map05206,ko05226,ko04976,map02010,map04976,ko05206,map05226",,3.6.3.44,"ko02000,ko04147,ko01000,ko00001,ko00000,ko04090",32264.tetur11g04030.1,49.4,0.0,1180.0,0.0,0.0,0.0,0.0,ATP-dependent translocase ABCB1 [Nephila pilipes],,"38E88@33154,3B958@33208,3CVKH@33213,41WNN@6656,COG1132@1,KOG0055@2759","ABC_membrane,ABC_tran",0.0,0.0,Phase III: Efflux & Transport,ABC Transporters (ABCA/B/C/G),ATP-Dependent Efflux,No
,GFU26382.1,,,,,,,126957.SMAR002727-PA,40.2,2.9599999999999997e-90,303.0,0.0,0.0,0.0,0.0,cytochrome P450 3A11 [Nephila pilipes],,"38BTY@33154,3BF8S@33208,3CV2F@33213,41TTZ@6656,COG2124@1,KOG0158@2759",p450,0.0,0.0,Phase I: Functionalization,Cytochrome P450s (CYP450),CYP Monooxygenases,No
,GFU26446.1,6043067,ko:K15003,,,,"ko01000,ko00000,ko00199",7176.CPIJ010546-PA,51.9,2.47e-20,91.3,0.0,0.0,0.0,0.0,"cytochrome P450 6B2, partial [Nephila pilipes]",,"38BTY@33154,3BF8S@33208,3CV2F@33213,3SI58@50557,41TTZ@6656,455KG@7147,45BKE@7148,COG2124@1,KOG0158@2759",p450,0.0,0.0,Phase I: Functionalization,Cytochrome P450s (CYP450),CYP Monooxygenases,No
,GFU26653.1,LOC585826,ko:K17776,,,,"ko03029,ko00000",7668.SPU_016404-tr,46.4,4.83e-92,283.0,0.0,0.0,0.0,0.0,metaxin-1 [Nephila pilipes],,"39SD5@33154,3BD9J@33208,3D17G@33213,KOG3028@1,KOG3028@2759","GST_C_6,Tom37",0.0,0.0,Phase II: Conjugation,Glutathione S-Transferases (GST),Glutathione Conjugation,No
,GFU26656.1,L798_09540,ko:K17776,,,,"ko03029,ko00000",136037.KDR23960,51.4,2.51e-90,278.0,0.0,0.0,0.0,0.0,metaxin-1 [Nephila pilipes],,"39SD5@33154,3BD9J@33208,3D17G@33213,3SKNX@50557,41XW6@6656,KOG3028@1,KOG3028@2759","GST_C_6,Tom37",0.0,0.0,Phase II: Conjugation,Glutathione S-Transferases (GST),Glutathione Conjugation,No
,GFU27005.1,107363314,ko:K15001,,,,"ko01000,ko00000,ko00199",32264.tetur09g03800.1,44.7,3.65e-88,283.0,0.0,0.0,0.0,0.0,cytochrome P450 4V2 [Nephila pilipes],,"38CHP@33154,3B9GY@33208,3CSG8@33213,41U3I@6656,COG2124@1,KOG0157@2759",p450,0.0,0.0,Phase I: Functionalization,Cytochrome P450s (CYP450),CYP Monooxygenases,No
,GFU27037.1,,,,,,,1392244.V5F1H3,44.0,3.16e-08,57.0,0.0,0.0,0.0,0.0,"acid sphingomyelinase-like phosphodiesterase 3b, partial [Nephila pilipes]",,"38E4G@33154,3MZX3@452284,3NVEG@4751,3UXXI@5204,KOG3770@1,KOG3770@2759",Metallophos,0.0,0.0,Phase I: Functionalization,Carboxylesterases (COE),Esterases & Hydrolases,No
,GFU27102.1,EPHX1,ko:K01253,"map05204,ko00980,ko04976,map00980,map04976,ko05204",,3.3.2.9,"ko01002,ko01000,ko00001,ko00000",72004.XP_005903775.1,44.8,1.89e-112,347.0,0.0,0.0,0.0,0.0,epoxide hydrolase 1 [Nephila pilipes],,"38FY7@33154,3BB6M@33208,3CZY0@33213,3JBBN@40674,4822N@7711,498NB@7742,4J3F7@91561,COG0596@1,KOG2565@2759",EHN,0.0,0.0,Phase I: Functionalization,Epoxide Hydrolases (mEH),Epoxide Hydrolysis,No
,GFU27164.1,,,,,,,7425.NV15429-PA,37.5,7.3699999999999985e-28,129.0,0.0,0.0,0.0,0.0,"dual 3',5'-cyclic-AMP and-GMP phosphodiesterase 11 [Nephila pilipes]",,"2CMP4@1,2QR56@2759,39VQX@33154,3BR69@33208,3D755@33213,3T012@50557,4230R@6656,46MK3@7399","Peptidase_A17,rve",0.0,0.0,Phase I: Functionalization,Carboxylesterases (COE),Esterases & Hydrolases,No
,GFU27595.1,,ko:K07427,,,,"ko00000,ko00199",244447.XP_008336093.1,52.3,3.71e-35,125.0,0.0,0.0,0.0,0.0,"cytochrome P450 4c3, partial [Nephila pilipes]",,"38CHP@33154,3B9GY@33208,3CSG8@33213,487KR@7711,49547@7742,49UUX@7898,COG2124@1,KOG0157@2759",p450,0.0,0.0,Phase I: Functionalization,Cytochrome P450s (CYP450),CYP Monooxygenases,No
,GFU27688.1,,ko:K07427,,,,"ko00000,ko00199",244447.XP_008336093.1,54.3,1.71e-39,137.0,0.0,0.0,0.0,0.0,cytochrome P450 4c3 [Nephila pilipes],,"38CHP@33154,3B9GY@33208,3CSG8@33213,487KR@7711,49547@7742,49UUX@7898,COG2124@1,KOG0157@2759",p450,0.0,0.0,Phase I: Functionalization,Cytochrome P450s (CYP450),CYP Monooxygenases,No
,GFU28004.1,,,,,,,126957.SMAR012322-PA,46.7,3.64e-148,441.0,0.0,0.0,0.0,0.0,cytochrome P450 4c3 [Nephila pilipes],,"38CHP@33154,3B9GY@33208,3CSG8@33213,41U3I@6656,COG2124@1,KOG0157@2759",p450,0.0,0.0,Phase I: Functionalization,Cytochrome P450s (CYP450),CYP Monooxygenases,No
,GFU28211.1,HS3ST3A1,,,,,,28737.XP_006901871.1,74.8,3.46e-110,321.0,0.0,0.0,0.0,0.0,heparan sulfate glucosamine 3-O-sulfotransferase 3A1 [Nephila pilipes],,"38F53@33154,3BBC6@33208,3CSSA@33213,480NP@7711,48VX4@7742,KOG3704@1,KOG3704@2759",Sulfotransfer_1,0.0,0.0,Phase II: Conjugation,Sulfotransferases (SULT),Sulfation,No
,GFU28246.1,,,,,,,126957.SMAR008951-PA,40.4,2.1e-161,494.0,0.0,0.0,0.0,0.0,cysteine-rich protein 2-binding protein [Nephila pilipes],,"38CAF@33154,3BCVV@33208,3CSXH@33213,41XHA@6656,COG0456@1,KOG3138@2759",Acetyltransf_1,0.0,0.0,Phase II: Conjugation,N-Acetyltransferases (NAT),Acetylation,No
,GFU28512.1,,,,,,,126957.SMAR008001-PA,43.1,8.12e-25,105.0,0.0,0.0,0.0,0.0,"cytochrome P450 3A14, partial [Nephila pilipes]",,"38BTY@33154,3BF8S@33208,3CV2F@33213,41TTZ@6656,COG2124@1,KOG0158@2759",p450,0.0,0.0,Phase I: Functionalization,Cytochrome P450s (CYP450),CYP Monooxygenases,No
,GFU28737.1,,ko:K05665,"ko02010,map05206,ko04977,ko01523,map02010,map04977,ko04071,map01523,map04071,ko05206",,,"ko02000,ko00001,ko00000",32264.tetur06g00280.1,59.5,0.0,982.0,0.0,0.0,0.0,0.0,"multidrug resistance-associated protein 1, partial [Nephila pilipes]",,"38CH6@33154,3BA19@33208,3CSDY@33213,COG1132@1,KOG0054@2759","ABC_membrane,ABC_tran",0.0,0.0,Phase III: Efflux & Transport,ABC Transporters (ABCA/B/C/G),ATP-Dependent Efflux,No
,GFU28752.1,,ko:K12657,"map01100,map01110,ko01110,ko01100,map00330,ko01230,map01230,ko00330",M00015,"2.7.2.11,1.2.1.41","ko01000,ko00001,ko00000,ko00002",7425.NV10673-PA,65.2,2.7400000000000003e-272,772.0,0.0,0.0,0.0,0.0,delta-1-pyrroline-5-carboxylate synthase [Nephila pilipes],,"38GA1@33154,3B9IB@33208,3CRE1@33213,3SKP2@50557,41W5P@6656,46F6G@7399,COG0014@1,COG0263@1,KOG1154@2759,KOG4165@2759","AA_kinase,Aldedh",0.0,0.0,Phase I: Functionalization,Aldehyde Dehydrogenases (ALDH),Aldehyde Oxidation,No
,GFU28831.1,,,,,,,7425.NV15429-PA,39.4,7.45e-37,159.0,0.0,0.0,0.0,0.0,"dual 3',5'-cyclic-AMP and-GMP phosphodiesterase 11 [Nephila pilipes]",,"2CMP4@1,2QR56@2759,39VQX@33154,3BR69@33208,3D755@33213,3T012@50557,4230R@6656,46MK3@7399","Peptidase_A17,rve",0.0,0.0,Phase I: Functionalization,Carboxylesterases (COE),Esterases & Hydrolases,No
,GFU28964.1,flvcr2,ko:K08220,,,,"ko02000,ko00000",7994.ENSAMXP00000014911,53.8,5.73e-159,466.0,0.0,0.0,0.0,0.0,feline leukemia virus subgroup C receptor-related protein 1 [Nephila pilipes],,"38GTZ@33154,3BA29@33208,3CYWF@33213,47ZY1@7711,48ZEW@7742,4A15Q@7898,KOG2563@1,KOG2563@2759",MFS_1,0.0,0.0,Phase III: Efflux & Transport,MFS Xenobiotic Transporters,Solute Carrier Efflux,No
,GFU29320.1,EEF1E1,ko:K15439,,,,"ko03016,ko00000",13616.ENSMODP00000012562,41.7,5.33e-30,114.0,0.0,0.0,0.0,0.0,eukaryotic translation elongation factor 1 epsilon-1 [Nephila pilipes],,"39RSU@33154,3BKH5@33208,3CW45@33213,3JEKT@40674,489WI@7711,49332@7742,4K58M@9263,COG0625@1,KOG0867@2759",GST_C,0.0,0.0,Phase II: Conjugation,Glutathione S-Transferases (GST),Glutathione Conjugation,No
,GFU29474.1,,,,,,,8010.XP_010867954.1,57.7,7.1500000000000004e-43,147.0,0.0,0.0,0.0,0.0,ATP-binding cassette sub-family A member 3 [Nephila pilipes],,"38BPG@33154,3BBB4@33208,3CSBI@33213,48247@7711,4907A@7742,49Y5W@7898,COG1131@1,KOG0059@2759",ABC_tran,0.0,0.0,Phase III: Efflux & Transport,ABC Transporters (ABCA/B/C/G),ATP-Dependent Efflux,No
,GFU29794.1,LOC594737,ko:K07427,,,,"ko00000,ko00199",7668.SPU_002380-tr,56.9,5.96e-39,141.0,0.0,0.0,0.0,0.0,"cytochrome P450 4c3, partial [Nephila pilipes]",,"38CHP@33154,3B9GY@33208,3CSG8@33213,COG2124@1,KOG0157@2759",p450,0.0,0.0,Phase I: Functionalization,Cytochrome P450s (CYP450),CYP Monooxygenases,No
,GFU30306.1,,,,,,,29078.XP_008150130.1,50.4,1.66e-35,134.0,0.0,0.0,0.0,0.0,cytochrome P450 4V2 [Nephila pilipes],,"38CHP@33154,3B9GY@33208,3CSG8@33213,3JE48@40674,487KR@7711,49547@7742,4KWV0@9397,COG2124@1,KOG0157@2759",p450,0.0,0.0,Phase I: Functionalization,Cytochrome P450s (CYP450),CYP Monooxygenases,No
,GFU30339.1,,ko:K21396,,,,"ko02000,ko00000",132113.XP_003489743.1,63.5,3.36e-27,110.0,0.0,0.0,0.0,0.0,"protein white, partial [Nephila pilipes]",,"38CVQ@33154,3BCP7@33208,3CWB5@33213,3SIJM@50557,41TWH@6656,46JD7@7399,COG1131@1,KOG0061@2759","ABC2_membrane,ABC_tran",0.0,0.0,Phase III: Efflux & Transport,ABC Transporters (ABCA/B/C/G),ATP-Dependent Efflux,No
,GFU30341.1,105620082,ko:K21396,,,,"ko02000,ko00000",12957.ACEP19732-PA,57.1,3.38e-26,107.0,0.0,0.0,0.0,0.0,protein white [Nephila pilipes],,"38CVQ@33154,3BCP7@33208,3CWB5@33213,3SIJM@50557,41TWH@6656,COG1131@1,KOG0061@2759","ABC2_membrane,ABC_tran",0.0,0.0,Phase III: Efflux & Transport,ABC Transporters (ABCA/B/C/G),ATP-Dependent Efflux,No
,GFU30463.1,,,,,,,69319.XP_008549084.1,31.2,7.960000000000001e-100,325.0,0.0,0.0,0.0,0.0,carcinine transporter [Nephila pilipes],,"38FJ1@33154,3B9N9@33208,3CT4W@33213,3SQ9R@50557,41WYB@6656,46GHY@7399,KOG0255@1,KOG0255@2759",MFS_1,0.0,0.0,Phase III: Efflux & Transport,MFS Xenobiotic Transporters,Solute Carrier Efflux,No
,GFU30566.1,,ko:K01050,,,3.1.1.8,"ko01000,ko00000",10224.XP_006825277.1,39.9,6.21e-33,130.0,0.0,0.0,0.0,0.0,"acetylcholinesterase-1, partial [Nephila pilipes]",,"38BW2@33154,3B9C3@33208,3CRAS@33213,COG2272@1,KOG4389@2759",COesterase,0.0,0.0,Phase I: Functionalization,Carboxylesterases (COE),Esterases & Hydrolases,No
,GFU30730.1,,ko:K13763,"map00230,ko00230",,3.1.4.35,"ko01000,ko00001,ko00000",32264.tetur14g00140.1,57.3,6.93e-50,182.0,0.0,0.0,0.0,0.0,"cGMP-specific 3',5'-cyclic phosphodiesterase [Nephila pilipes]",,"38BQB@33154,3B9XB@33208,3CSEF@33213,41UY5@6656,KOG3689@1,KOG3689@2759","GAF,PDEase_I",0.0,0.0,Phase I: Functionalization,Carboxylesterases (COE),Esterases & Hydrolases,No
,GFU30759.1,,,,,,,1206741.BAFX01000046_gene3205,27.6,2.16e-08,63.5,0.0,0.0,0.0,0.0,n-acetyltransferase domain-containing protein [Nephila pilipes],,"2GMUB@201174,4G6DD@85025,COG0454@1,COG0454@2",,0.0,0.0,Phase II: Conjugation,N-Acetyltransferases (NAT),Acetylation,No
,GFU30934.1,CDZ81289.1,,,,,,1444712.BN1013_01824,25.4,7.91e-14,78.6,0.0,0.0,0.0,0.0,n-acetyltransferase domain-containing protein [Nephila pilipes],,"COG0454@1,COG0454@2",Acetyltransf_10,0.0,0.0,Phase II: Conjugation,N-Acetyltransferases (NAT),Acetylation,No
,GFU30991.1,107368029,ko:K01049,"map00564,ko00564,map04725,ko04725",,3.1.1.7,"ko01000,ko00001,ko00537,ko00000",32264.tetur25g00710.1,34.0,1.4e-95,311.0,0.0,0.0,0.0,0.0,acetylcholinesterase-1 [Nephila pilipes],,"39MBH@33154,3CNZ2@33208,3E52U@33213,COG2272@1,KOG4389@2759",COesterase,0.0,0.0,Phase I: Functionalization,Carboxylesterases (COE),Esterases & Hydrolases,No
,GFU31287.1,,ko:K12353,"map00600,map01100,ko00600,ko01100",,3.1.4.12,"ko01000,ko00001,ko00000",10224.XP_006821103.1,35.4,1.04e-125,403.0,0.0,0.0,0.0,0.0,sphingomyelin phosphodiesterase 4 [Nephila pilipes],,"39MRJ@33154,3BAZT@33208,3CVA8@33213,KOG4396@1,KOG4396@2759",mit_SMPDase,0.0,0.0,Phase I: Functionalization,Carboxylesterases (COE),Esterases & Hydrolases,No
,GFU31296.1,,,,,,,126957.SMAR015197-PA,65.1,1.15e-261,733.0,0.0,0.0,0.0,0.0,"delta-1-pyrroline-5-carboxylate dehydrogenase, mitochondrial [Nephila pilipes]",,"38D6T@33154,3BDB2@33208,3D0Y4@33213,41V23@6656,COG1012@1,KOG2455@2759",Aldedh,0.0,0.0,Phase I: Functionalization,Aldehyde Dehydrogenases (ALDH),Aldehyde Oxidation,No
,GFU31299.1,,,,,,,126957.SMAR015197-PA,65.1,9.22e-262,733.0,0.0,0.0,0.0,0.0,"delta-1-pyrroline-5-carboxylate dehydrogenase, mitochondrial [Nephila pilipes]",,"38D6T@33154,3BDB2@33208,3D0Y4@33213,41V23@6656,COG1012@1,KOG2455@2759",Aldedh,0.0,0.0,Phase I: Functionalization,Aldehyde Dehydrogenases (ALDH),Aldehyde Oxidation,No
,GFU31492.1,picot,,,,,,7425.NV15041-PA,34.1,9.45e-59,208.0,0.0,0.0,0.0,0.0,putative inorganic phosphate cotransporter [Nephila pilipes],,"38CXA@33154,3BBSD@33208,3CR7D@33213,3SINN@50557,41THY@6656,46G37@7399,KOG2532@1,KOG2532@2759",MFS_1,0.0,0.0,Phase III: Efflux & Transport,MFS Xenobiotic Transporters,Solute Carrier Efflux,No
,GFU31640.1,ACK69738.1,,,,,,65393.PCC7424_1291,40.4,2.35e-70,227.0,0.0,0.0,0.0,0.0,sulfotransferase 2B1 [Nephila pilipes],,"1G8T0@1117,31CAG@2,3KFWM@43988,KOG1584@1",Sulfotransfer_1,0.0,0.0,Phase II: Conjugation,Sulfotransferases (SULT),Sulfation,No
,GFU31644.1,107359733,ko:K20840,,,,"ko02000,ko00000",32264.tetur04g06740.1,28.8,1.75e-48,183.0,0.0,0.0,0.0,0.0,MFS domain-containing protein [Nephila pilipes],,"39VY0@33154,3BMCN@33208,3D0H7@33213,41YD6@6656,KOG2816@1,KOG2816@2759",MFS_1,0.0,0.0,Phase III: Efflux & Transport,MFS Xenobiotic Transporters,Solute Carrier Efflux,No
,GFU31645.1,,,,,,,126957.SMAR009418-PA,25.0,1.24e-40,160.0,0.0,0.0,0.0,0.0,proton-coupled folate transporter [Nephila pilipes],,"39VY0@33154,3BMCN@33208,3D0H7@33213,41YD6@6656,KOG2816@1,KOG2816@2759",MFS_1,0.0,0.0,Phase III: Efflux & Transport,MFS Xenobiotic Transporters,Solute Carrier Efflux,No
,GFU31730.1,,,,,,,126957.SMAR008771-PA,50.3,7.4800000000000005e-59,194.0,0.0,0.0,0.0,0.0,cytochrome P450 4c3 [Nephila pilipes],,"38CHP@33154,3B9GY@33208,COG2124@1,KOG0157@2759",p450,0.0,0.0,Phase I: Functionalization,Cytochrome P450s (CYP450),CYP Monooxygenases,No
,GFU31732.1,,ko:K15001,,,,"ko01000,ko00000,ko00199",6669.EFX87732,42.3,9.32e-113,346.0,0.0,0.0,0.0,0.0,cytochrome P450 4V2 [Nephila pilipes],,"38CHP@33154,3B9GY@33208,3CSG8@33213,41U3I@6656,COG2124@1,KOG0157@2759",p450,0.0,0.0,Phase I: Functionalization,Cytochrome P450s (CYP450),CYP Monooxygenases,No
,GFU32301.1,,,,,,,126957.SMAR014151-PA,69.9,0.0,1462.0,0.0,0.0,0.0,0.0,"1-phosphatidylinositol 4,5-bisphosphate phosphodiesterase beta-4 [Nephila pilipes]",,"3ASPT@33154,3BB4P@33208,3CUHB@33213,41TXN@6656,KOG0169@1,KOG1265@2759","DUF1154,EF-hand_like,PI-PLC-X,PI-PLC-Y",0.0,0.0,Phase I: Functionalization,Carboxylesterases (COE),Esterases & Hydrolases,No
,GFU32648.1,,,,,,,126957.SMAR002727-PA,40.5,1.9e-18,88.6,0.0,0.0,0.0,0.0,"cytochrome P450 3A8, partial [Nephila pilipes]",,"38BTY@33154,3BF8S@33208,3CV2F@33213,41TTZ@6656,COG2124@1,KOG0158@2759",p450,0.0,0.0,Phase I: Functionalization,Cytochrome P450s (CYP450),CYP Monooxygenases,No
,GFU32768.1,,,,,,,6500.XP_005090146.1,36.0,7.519999999999999e-54,186.0,0.0,0.0,0.0,0.0,"acid sphingomyelinase-like phosphodiesterase 3a, partial [Nephila pilipes]",,"38E4G@33154,3BEWN@33208,3CV2I@33213,KOG3770@1,KOG3770@2759",Metallophos,0.0,0.0,Phase I: Functionalization,Carboxylesterases (COE),Esterases & Hydrolases,No
,GFU32900.1,,ko:K07422,"map00590,map01100,ko00590,ko01100",,,"ko00001,ko00000,ko00199",7739.XP_002592348.1,41.1,4.39e-33,127.0,0.0,0.0,0.0,0.0,"cytochrome P450 2U1, partial [Nephila pilipes]",,"38BSU@33154,COG2124@1,KOG0156@2759",p450,0.0,0.0,Phase I: Functionalization,Cytochrome P450s (CYP450),CYP Monooxygenases,No
,GFU33065.1,,,,,,,126957.SMAR011164-PA,67.9,1.39e-93,280.0,0.0,0.0,0.0,0.0,n-alpha-acetyltransferase 60 [Nephila pilipes],,"39N7X@33154,3BDN5@33208,3CV29@33213,41XF6@6656,COG0456@1,KOG3138@2759",Acetyltransf_1,0.0,0.0,Phase II: Conjugation,N-Acetyltransferases (NAT),Acetylation,No
,GFU33246.1,,,,,,,42254.XP_004614069.1,44.4,4.02e-06,52.4,0.0,0.0,0.0,0.0,sulfotransferase 1C4 [Nephila pilipes],,"394HT@33154,3BI89@33208,3CWR8@33213,3JF26@40674,483TN@7711,48V69@7742,KOG1584@1,KOG1584@2759",Sulfotransfer_1,0.0,0.0,Phase II: Conjugation,Sulfotransferases (SULT),Sulfation,No
,GFU33574.1,LOC412764,,,,,,7460.GB42802-PA,39.9,9.4e-99,314.0,0.0,0.0,0.0,0.0,MFS-type transporter SLC18B1 [Nephila pilipes],,"38H1N@33154,3BACG@33208,3CWZQ@33213,3SHDA@50557,41TGC@6656,46JZA@7399,KOG3764@1,KOG3764@2759",MFS_1,0.0,0.0,Phase III: Efflux & Transport,MFS Xenobiotic Transporters,Solute Carrier Efflux,No
,GFU33596.1,,,,,,,126957.SMAR010342-PA,54.4,1.95e-242,691.0,0.0,0.0,0.0,0.0,ATP-binding cassette sub-family G member 5 [Nephila pilipes],,"38CVQ@33154,3BC2J@33208,3CRZN@33213,41VBH@6656,COG1131@1,KOG0061@2759","ABC2_membrane,ABC_tran,PDR_CDR",0.0,0.0,Phase III: Efflux & Transport,ABC Transporters (ABCA/B/C/G),ATP-Dependent Efflux,No
,GFU33599.1,,,,,,,126957.SMAR010343-PA,50.5,5.52e-279,804.0,0.0,0.0,0.0,0.0,ABC transporter G family member 4 [Nephila pilipes],,"39S6Z@33154,3BIMS@33208,3D4RF@33213,41VVP@6656,COG1131@1,KOG0061@2759","ABC2_membrane,ABC_tran",0.0,0.0,Phase III: Efflux & Transport,ABC Transporters (ABCA/B/C/G),ATP-Dependent Efflux,No
,GFU33808.1,G5I_03739,,,,,,103372.F4WDS4,53.9,1.45e-59,203.0,0.0,0.0,0.0,0.0,n-acetyltransferase domain-containing protein [Nephila pilipes],,"2D0J9@1,2SEEK@2759,3ADUX@33154,3BVQC@33208,3DC2U@33213,3SREQ@50557,422NV@6656",,0.0,0.0,Phase II: Conjugation,N-Acetyltransferases (NAT),Acetylation,No
,GFU33810.1,ACB00414.1,,,,,,32049.SYNPCC7002_A2436,28.0,2.99e-22,103.0,0.0,0.0,0.0,0.0,n-acetyltransferase domain-containing protein [Nephila pilipes],,"1G5K5@1117,1GZB0@1129,COG0454@1,COG0454@2",Acetyltransf_1,0.0,0.0,Phase II: Conjugation,N-Acetyltransferases (NAT),Acetylation,No
,GFU33814.1,Cpar_1019,,,,,,517417.Cpar_1019,31.9,7.38e-09,62.4,0.0,0.0,0.0,0.0,acetyltransf_18 domain-containing protein [Nephila pilipes],,"COG0454@1,COG0454@2",Acetyltransf_1,0.0,0.0,Phase II: Conjugation,N-Acetyltransferases (NAT),Acetylation,No
,GFU33816.1,Cpar_1019,,,,,,517417.Cpar_1019,28.9,1.75e-15,83.6,0.0,0.0,0.0,0.0,n-acetyltransferase domain-containing protein [Nephila pilipes],,"COG0454@1,COG0454@2",Acetyltransf_1,0.0,0.0,Phase II: Conjugation,N-Acetyltransferases (NAT),Acetylation,No
,GFU33817.1,Cpar_1019,,,,,,517417.Cpar_1019,28.9,1.51e-15,83.6,0.0,0.0,0.0,0.0,n-acetyltransferase domain-containing protein [Nephila pilipes],,"COG0454@1,COG0454@2",Acetyltransf_1,0.0,0.0,Phase II: Conjugation,N-Acetyltransferases (NAT),Acetylation,No
,GFU33883.1,,,,,,,10224.XP_002742062.1,37.6,4.99e-38,154.0,0.0,0.0,0.0,0.0,n-acetyltransferase domain-containing protein [Nephila pilipes],,"28JDG@1,2QRSC@2759,39WIK@33154,3BK02@33208,3D4ZA@33213",Acetyltransf_10,0.0,0.0,Phase II: Conjugation,N-Acetyltransferases (NAT),Acetylation,No
,GFU34096.1,,,,,,,32264.tetur27g00210.1,37.0,4.33e-09,57.0,0.0,0.0,0.0,0.0,"cytochrome P450 2J2, partial [Nephila pilipes]",,"COG2124@1,KOG0156@2759",p450,0.0,0.0,Phase I: Functionalization,Cytochrome P450s (CYP450),CYP Monooxygenases,No
,GFU34784.1,EPHX1,,,,,,9365.XP_007526635.1,53.8,1.41e-163,476.0,0.0,0.0,0.0,0.0,epoxide hydrolase 1 [Nephila pilipes],,"38FY7@33154,3BB6M@33208,3CZY0@33213,3JBBN@40674,4822N@7711,498NB@7742,COG0596@1,KOG2565@2759",EHN,0.0,0.0,Phase I: Functionalization,Epoxide Hydrolases (mEH),Epoxide Hydrolysis,No
,GFU35055.1,,,,,,,126957.SMAR000135-PA,38.8,2.39e-17,85.1,0.0,0.0,0.0,0.0,cytochrome P450 3A25 [Nephila pilipes],,"38BTY@33154,3BF8S@33208,3CV2F@33213,COG2124@1,KOG0158@2759",p450,0.0,0.0,Phase I: Functionalization,Cytochrome P450s (CYP450),CYP Monooxygenases,No
,GFU35323.1,,,,,,,126957.SMAR015771-PA,54.3,5.52e-209,618.0,0.0,0.0,0.0,0.0,cadherin-like and PC-esterase domain-containing protein 1 [Nephila pilipes],,"28I05@1,2QQAY@2759,390SR@33154,3BG1G@33208,3D0C3@33213,41YPW@6656",TTL,0.0,0.0,Phase I: Functionalization,Carboxylesterases (COE),Esterases & Hydrolases,No
,GFU35325.1,,,,,,,126957.SMAR015771-PA,54.2,1.34e-209,620.0,0.0,0.0,0.0,0.0,cadherin-like and PC-esterase domain-containing protein 1 [Nephila pilipes],,"28I05@1,2QQAY@2759,390SR@33154,3BG1G@33208,3D0C3@33213,41YPW@6656",TTL,0.0,0.0,Phase I: Functionalization,Carboxylesterases (COE),Esterases & Hydrolases,No
,GFU35838.1,picot,,,,,,7425.NV15041-PA,45.9,4.82e-122,371.0,0.0,0.0,0.0,0.0,putative inorganic phosphate cotransporter [Nephila pilipes],,"38CXA@33154,3BBSD@33208,3CR7D@33213,3SINN@50557,41THY@6656,46G37@7399,KOG2532@1,KOG2532@2759",MFS_1,0.0,0.0,Phase III: Efflux & Transport,MFS Xenobiotic Transporters,Solute Carrier Efflux,No
,GFU35841.1,picot,,,,,,7425.NV15041-PA,45.9,7.6e-122,371.0,0.0,0.0,0.0,0.0,putative inorganic phosphate cotransporter [Nephila pilipes],,"38CXA@33154,3BBSD@33208,3CR7D@33213,3SINN@50557,41THY@6656,46G37@7399,KOG2532@1,KOG2532@2759",MFS_1,0.0,0.0,Phase III: Efflux & Transport,MFS Xenobiotic Transporters,Solute Carrier Efflux,No
,GFU36164.1,,,,,,,126957.SMAR009532-PA,74.4,9.77e-309,867.0,0.0,0.0,0.0,0.0,ATP-binding cassette sub-family F member 1 [Nephila pilipes],,"3AHFX@33154,3B9N7@33208,3CXBK@33213,41WSN@6656,COG0488@1,KOG0066@2759","ABC_tran,ABC_tran_Xtn",0.0,0.0,Phase III: Efflux & Transport,ABC Transporters (ABCA/B/C/G),ATP-Dependent Efflux,No
,GFU36463.1,107361102,ko:K05665,"ko02010,map05206,ko04977,ko01523,map02010,map04977,ko04071,map01523,map04071,ko05206",,,"ko02000,ko00001,ko00000",32264.tetur06g00360.1,57.0,4.27e-25,105.0,0.0,0.0,0.0,0.0,"canalicular multispecific organic anion transporter 2, partial [Nephila pilipes]",,"38CH6@33154,3BA19@33208,3CSDY@33213,41W0W@6656,COG1132@1,KOG0054@2759","ABC_membrane,ABC_tran",0.0,0.0,Phase III: Efflux & Transport,ABC Transporters (ABCA/B/C/G),ATP-Dependent Efflux,No
,GFU36773.1,,,,,,,126957.SMAR000954-PA,45.0,1.13e-30,122.0,0.0,0.0,0.0,0.0,ATP-binding cassette sub-family A member 17 [Nephila pilipes],,"38BPG@33154,3BBB4@33208,3CSBI@33213,41WWW@6656,COG1131@1,KOG0059@2759","ABC2_membrane_3,ABC_tran",0.0,0.0,Phase III: Efflux & Transport,ABC Transporters (ABCA/B/C/G),ATP-Dependent Efflux,No
,GFU37485.1,ELS27442.1,,,,,,1149133.ppKF707_4976,26.1,0.000378,47.4,0.0,0.0,0.0,0.0,n-acetyltransferase domain-containing protein [Nephila pilipes],,"1MVVG@1224,1RQ5J@1236,1YIF9@136841,COG0454@1,COG0454@2",Acetyltransf_1,0.0,0.0,Phase II: Conjugation,N-Acetyltransferases (NAT),Acetylation,No
,GFU37647.1,,,,,,,126957.SMAR011118-PA,52.6,0.0,1541.0,0.0,0.0,0.0,0.0,multidrug resistance-associated protein 1 [Nephila pilipes],,"38BBT@33154,3BD6M@33208,3CUQB@33213,41VTY@6656,COG0439@1,COG1132@1,KOG0054@2759,KOG0368@2759","ABC_membrane,ABC_tran,ACC_central,Biotin_carb_C,Biotin_carb_N,Biotin_lipoyl,CPSase_L_D2,Carboxyl_trans",0.0,0.0,Phase III: Efflux & Transport,ABC Transporters (ABCA/B/C/G),ATP-Dependent Efflux,No
,GFU37717.1,107360960,ko:K07418,"map01100,ko01100,map04750,map00590,map00591,ko00591,ko00590,ko04750,ko04913,map04726,map04212,ko04212,map04913,ko04726",,1.14.14.1,"ko01000,ko00001,ko00000,ko00199",32264.tetur06g02400.1,24.7,2.59e-28,125.0,0.0,0.0,0.0,0.0,cytochrome P450 83B1 [Nephila pilipes],,"38BSU@33154,3BC78@33208,3CRSA@33213,41V2X@6656,COG2124@1,KOG0156@2759",p450,0.0,0.0,Phase I: Functionalization,Cytochrome P450s (CYP450),CYP Monooxygenases,No
,GFU38378.1,,ko:K15001,,,,"ko01000,ko00000,ko00199",6669.EFX87569,54.9,2.07e-20,92.0,0.0,0.0,0.0,0.0,"probable cytochrome P450 4d20, partial [Nephila pilipes]",,"38CHP@33154,3B9GY@33208,3CSG8@33213,41U3I@6656,COG2124@1,KOG0157@2759",p450,0.0,0.0,Phase I: Functionalization,Cytochrome P450s (CYP450),CYP Monooxygenases,No
,GFU38931.1,L798_10549,ko:K01116,"map05214,map04666,map04650,ko00562,map04750,ko05120,map04015,map04014,map04659,map04658,ko04919,ko04666,map04012,map04370,ko04066,ko04064,map04072,map04070,map05167,map04670,ko04650,ko05167,map05231,ko05200,map04919,ko01521,ko04659,ko04670,map05200,ko04750,ko04020,ko04360,ko04933,map05225,ko04660,ko05214,map04722,map05223,map05110,map01100,map05206,map04664,ko05110,map04660,map00562,ko05205,ko04070,ko05231,ko04072,ko04015,ko04012,map04360,map05169,map04064,map04066,map05205,ko05225,ko05223,ko04664,ko01100,ko04014,ko04658,map05120,ko04370,map04020,ko05206,map01521,ko05169,map04933,ko04722",M00130,3.1.4.11,"ko04131,ko01000,ko00001,ko00000,ko00002",136037.KDR14243,60.8,0.0,1269.0,0.0,0.0,0.0,0.0,"1-phosphatidylinositol 4,5-bisphosphate phosphodiesterase gamma-1 [Nephila pilipes]",,"38F9A@33154,3BCKY@33208,3CYZY@33213,3SGHW@50557,41THN@6656,KOG0169@1,KOG1264@2759","C2,PI-PLC-X,PI-PLC-Y,SH2,SH3_1",0.0,0.0,Phase I: Functionalization,Carboxylesterases (COE),Esterases & Hydrolases,No
,GFU38938.1,LOC579102,ko:K01116,"map05214,map04666,map04650,ko00562,map04750,ko05120,map04015,map04014,map04659,map04658,ko04919,ko04666,map04012,map04370,ko04066,ko04064,map04072,map04070,map05167,map04670,ko04650,ko05167,map05231,ko05200,map04919,ko01521,ko04659,ko04670,map05200,ko04750,ko04020,ko04360,ko04933,map05225,ko04660,ko05214,map04722,map05223,map05110,map01100,map05206,map04664,ko05110,map04660,map00562,ko05205,ko04070,ko05231,ko04072,ko04015,ko04012,map04360,map05169,map04064,map04066,map05205,ko05225,ko05223,ko04664,ko01100,ko04014,ko04658,map05120,ko04370,map04020,ko05206,map01521,ko05169,map04933,ko04722",M00130,3.1.4.11,"ko04131,ko01000,ko00001,ko00000,ko00002",7668.SPU_006056-tr,60.5,4.08e-56,196.0,0.0,0.0,0.0,0.0,"1-phosphatidylinositol 4,5-bisphosphate phosphodiesterase gamma-1 [Nephila pilipes]",,"38F9A@33154,3BCKY@33208,3CYZY@33213,KOG0169@1,KOG1264@2759","C2,PI-PLC-Y,SH3_1",0.0,0.0,Phase I: Functionalization,Carboxylesterases (COE),Esterases & Hydrolases,No
,GFU38940.1,LOC579102,ko:K01116,"map05214,map04666,map04650,ko00562,map04750,ko05120,map04015,map04014,map04659,map04658,ko04919,ko04666,map04012,map04370,ko04066,ko04064,map04072,map04070,map05167,map04670,ko04650,ko05167,map05231,ko05200,map04919,ko01521,ko04659,ko04670,map05200,ko04750,ko04020,ko04360,ko04933,map05225,ko04660,ko05214,map04722,map05223,map05110,map01100,map05206,map04664,ko05110,map04660,map00562,ko05205,ko04070,ko05231,ko04072,ko04015,ko04012,map04360,map05169,map04064,map04066,map05205,ko05225,ko05223,ko04664,ko01100,ko04014,ko04658,map05120,ko04370,map04020,ko05206,map01521,ko05169,map04933,ko04722",M00130,3.1.4.11,"ko04131,ko01000,ko00001,ko00000,ko00002",7668.SPU_006056-tr,60.5,7.640000000000001e-56,196.0,0.0,0.0,0.0,0.0,"1-phosphatidylinositol 4,5-bisphosphate phosphodiesterase gamma-1 [Nephila pilipes]",,"38F9A@33154,3BCKY@33208,3CYZY@33213,KOG0169@1,KOG1264@2759","C2,PI-PLC-Y,SH3_1",0.0,0.0,Phase I: Functionalization,Carboxylesterases (COE),Esterases & Hydrolases,No
,GFU39619.1,,,,,,,6669.EFX69966,25.9,2.66e-10,69.3,0.0,0.0,0.0,0.0,"major facilitator superfamily domain-containing protein 6, partial [Nephila pilipes]",,"39V1X@33154,3BM5A@33208,3D3C0@33213,41WA8@6656,KOG3762@1,KOG3762@2759",MFS_1_like,0.0,0.0,Phase III: Efflux & Transport,MFS Xenobiotic Transporters,Solute Carrier Efflux,No
,GFU39621.1,AND_003231,,,,,,43151.ADAC003231-PA,49.2,4.39e-12,68.6,0.0,0.0,0.0,0.0,MFS_1_like domain-containing protein [Nephila pilipes],,"39V1X@33154,3BM5A@33208,3D3C0@33213,3SGGJ@50557,41WA8@6656,4594R@7147,45DSS@7148,KOG3762@1,KOG3762@2759","MFS_1_like,Nuc_H_symport",0.0,0.0,Phase III: Efflux & Transport,MFS Xenobiotic Transporters,Solute Carrier Efflux,No
,GFU39693.1,ACK66184.1,,,,,,41431.PCC8801_2155,37.2,5.03e-31,124.0,0.0,0.0,0.0,0.0,sulfotransferase 1C4 [Nephila pilipes],,"1G8T0@1117,31CAG@2,3KFWM@43988,KOG1584@1",Sulfotransfer_1,0.0,0.0,Phase II: Conjugation,Sulfotransferases (SULT),Sulfation,No
,GFU39855.1,,ko:K07427,,,,"ko00000,ko00199",181119.XP_005517737.1,37.3,8.85e-22,102.0,0.0,0.0,0.0,0.0,cytochrome P450 4V2 [Nephila pilipes],,"38CHP@33154,3B9GY@33208,3CSG8@33213,487KR@7711,49547@7742,4GHA2@8782,COG2124@1,KOG0157@2759",p450,0.0,0.0,Phase I: Functionalization,Cytochrome P450s (CYP450),CYP Monooxygenases,No
,GFU39892.1,L798_06145,,,,,,136037.KDR19626,49.6,5.79e-99,313.0,0.0,0.0,0.0,0.0,"ABC transporter G family member 21, partial [Nephila pilipes]",,"38CVQ@33154,3BGZU@33208,3CR5V@33213,3SGJX@50557,41XCZ@6656,COG1131@1,KOG0061@2759","ABC2_membrane,ABC_tran",0.0,0.0,Phase III: Efflux & Transport,ABC Transporters (ABCA/B/C/G),ATP-Dependent Efflux,No
,GFU39914.1,ALDH3A2,ko:K00128,"map00310,ko01100,ko00561,map00330,ko00625,ko01130,map01110,ko00053,ko00010,map00410,map00981,ko01110,ko00310,map00903,ko00071,ko00330,ko00903,map01100,map00561,ko00981,ko00410,map00340,map01120,map00053,map00010,ko01120,map00071,ko00340,map00380,map00280,map00625,map00620,ko00280,map01130,ko00380,ko00620",M00135,1.2.1.3,"ko01000,ko00001,ko00000,ko00002",9598.ENSPTRP00000015140,68.1,2.5399999999999998e-24,101.0,0.0,0.0,0.0,0.0,"aldehyde dehydrogenase family 3 member A2, partial [Nephila pilipes]",,"35F85@314146,38CW8@33154,3BDR1@33208,3CZ4X@33213,3J5DC@40674,47ZQK@7711,497P7@7742,4MFJ3@9443,4MVI6@9604,COG1012@1,KOG2456@2759",Aldedh,0.0,0.0,Phase I: Functionalization,Aldehyde Dehydrogenases (ALDH),Aldehyde Oxidation,No
,GFU40015.1,Echvi_0662,,,,,,926556.Echvi_0662,28.7,1.3e-18,90.9,0.0,0.0,0.0,0.0,AB hydrolase-1 domain-containing protein [Nephila pilipes],,"47JB4@768503,4NDZI@976,COG0596@1,COG0596@2",Abhydrolase_1,0.0,0.0,Phase I: Functionalization,Carboxylesterases (COE),Esterases & Hydrolases,No
,GFU40839.1,,ko:K17960,,,,"ko00000,ko00199",6669.EFX79019,29.4,3.4099999999999996e-48,180.0,0.0,0.0,0.0,0.0,"probable cytochrome P450 301a1, mitochondrial [Nephila pilipes]",,"38CZC@33154,3B9J4@33208,3CUCS@33213,41W0C@6656,COG2124@1,KOG0159@2759",p450,0.0,0.0,Phase I: Functionalization,Cytochrome P450s (CYP450),CYP Monooxygenases,No
,GFU40842.1,101888518,ko:K10721,"ko00981,map00981",,,"ko00001,ko00000,ko00199",7370.XP_005179262.1,35.1,7.52e-69,236.0,0.0,0.0,0.0,0.0,"cytochrome P450 302a1, mitochondrial [Nephila pilipes]",,"38HDW@33154,3BI90@33208,3D2T3@33213,3SITQ@50557,41W48@6656,44ZDR@7147,COG2124@1,KOG0159@2759",p450,0.0,0.0,Phase I: Functionalization,Cytochrome P450s (CYP450),CYP Monooxygenases,No
,GFU40844.1,101888518,ko:K10721,"ko00981,map00981",,,"ko00001,ko00000,ko00199",7370.XP_005179262.1,34.0,9.58e-65,225.0,0.0,0.0,0.0,0.0,"probable cytochrome P450 12e1, mitochondrial [Nephila pilipes]",,"38HDW@33154,3BI90@33208,3D2T3@33213,3SITQ@50557,41W48@6656,44ZDR@7147,COG2124@1,KOG0159@2759",p450,0.0,0.0,Phase I: Functionalization,Cytochrome P450s (CYP450),CYP Monooxygenases,No
,GFU40846.1,101888518,ko:K10721,"ko00981,map00981",,,"ko00001,ko00000,ko00199",7370.XP_005179262.1,33.7,3.68e-65,226.0,0.0,0.0,0.0,0.0,"cytochrome P450 302a1, mitochondrial [Nephila pilipes]",,"38HDW@33154,3BI90@33208,3D2T3@33213,3SITQ@50557,41W48@6656,44ZDR@7147,COG2124@1,KOG0159@2759",p450,0.0,0.0,Phase I: Functionalization,Cytochrome P450s (CYP450),CYP Monooxygenases,No
,GFU41054.1,107364045,ko:K00627,"map01100,ko01200,map01110,map01120,ko01110,ko01100,map00620,map01200,map00010,ko01130,ko00020,ko00620,map00020,map01130,ko00010,ko01120",M00307,2.3.1.12,"ko01000,br01601,ko00001,ko00000,ko00002",32264.tetur11g02780.1,66.3,2.49e-119,357.0,0.0,0.0,0.0,0.0,"dihydrolipoyllysine-residue acetyltransferase component of pyruvate dehydrogenase complex, mitochondrial [Nephila pilipes]",,"38BJW@33154,3BFAB@33208,3CS5G@33213,41WBA@6656,COG0508@1,KOG0557@2759","2-oxoacid_dh,Biotin_lipoyl,E3_binding",0.0,0.0,Phase II: Conjugation,N-Acetyltransferases (NAT),Acetylation,No
,GFU41210.1,,,,,,,126957.SMAR010022-PA,54.3,6.93e-151,440.0,0.0,0.0,0.0,0.0,glutathione S-transferase LANCL1 [Nephila pilipes],,"38GNE@33154,3BARR@33208,3D05Q@33213,41V4C@6656,KOG2787@1,KOG2787@2759",LANC_like,0.0,0.0,Phase II: Conjugation,Glutathione S-Transferases (GST),Glutathione Conjugation,No
,GFU41793.1,107361102,ko:K05665,"ko02010,map05206,ko04977,ko01523,map02010,map04977,ko04071,map01523,map04071,ko05206",,,"ko02000,ko00001,ko00000",32264.tetur06g00360.1,57.6,2.3e-25,105.0,0.0,0.0,0.0,0.0,"canalicular multispecific organic anion transporter 2, partial [Nephila pilipes]",,"38CH6@33154,3BA19@33208,3CSDY@33213,41W0W@6656,COG1132@1,KOG0054@2759","ABC_membrane,ABC_tran",0.0,0.0,Phase III: Efflux & Transport,ABC Transporters (ABCA/B/C/G),ATP-Dependent Efflux,No
,GFU42046.1,AND_002552,,,,,,43151.ADAC002552-PA,59.5,4.11e-45,155.0,0.0,0.0,0.0,0.0,"cytochrome P450 4c3, partial [Nephila pilipes]",,"38CHP@33154,3B9GY@33208,3CSG8@33213,3SGAE@50557,41U3I@6656,4517P@7147,45BIN@7148,COG2124@1,KOG0157@2759",p450,0.0,0.0,Phase I: Functionalization,Cytochrome P450s (CYP450),CYP Monooxygenases,No
,GFU43806.1,,,,,,,48698.ENSPFOP00000013590,57.3,3.94e-26,102.0,0.0,0.0,0.0,0.0,glutathione S-transferase Mu 1 [Nephila pilipes],,"38YPE@33154,3BFCR@33208,3CZP0@33213,482MY@7711,48ZXW@7742,49WRZ@7898,KOG1695@1,KOG1695@2759","GST_C_3,GST_N",0.0,0.0,Phase II: Conjugation,Glutathione S-Transferases (GST),Glutathione Conjugation,No
,GFU43808.1,107359165,ko:K00799,"map05418,ko00480,map00480,map05204,ko00980,map00982,ko00982,map00980,ko00983,ko01524,map05225,ko05225,map05200,ko05204,map00983,ko05200,map01524,ko05418",,2.5.1.18,"ko01000,ko02000,ko00001,ko00000",32264.tetur03g09230.1,70.9,2.12e-38,134.0,0.0,0.0,0.0,0.0,glutathione S-transferase [Nephila pilipes],,"38YPE@33154,3BFCR@33208,3CZP0@33213,422DP@6656,KOG1695@1,KOG1695@2759","GST_C_3,GST_N",0.0,0.0,Phase II: Conjugation,Glutathione S-Transferases (GST),Glutathione Conjugation,No
,GFU44111.1,107361102,ko:K05665,"ko02010,map05206,ko04977,ko01523,map02010,map04977,ko04071,map01523,map04071,ko05206",,,"ko02000,ko00001,ko00000",32264.tetur06g00360.1,65.2,1.9699999999999998e-38,149.0,0.0,0.0,0.0,0.0,"multidrug resistance-associated protein 1, partial [Nephila pilipes]",,"38CH6@33154,3BA19@33208,3CSDY@33213,41W0W@6656,COG1132@1,KOG0054@2759","ABC_membrane,ABC_tran",0.0,0.0,Phase III: Efflux & Transport,ABC Transporters (ABCA/B/C/G),ATP-Dependent Efflux,No
,GFU44136.1,,,,,,,10228.TriadP61619,31.7,5.02e-10,63.2,0.0,0.0,0.0,0.0,acetyltransf_18 domain-containing protein [Nephila pilipes],,"2S9B9@2759,3AC4G@33154,3BVTK@33208,COG0454@1",Acetyltransf_1,0.0,0.0,Phase II: Conjugation,N-Acetyltransferases (NAT),Acetylation,No
,GFU44392.1,107366927,,,,,,32264.tetur01g14090.1,46.3,1.76e-174,517.0,0.0,0.0,0.0,0.0,acetylcholinesterase-1 [Nephila pilipes],,"39PI2@33154,COG2272@1,KOG4389@2759",COesterase,0.0,0.0,Phase I: Functionalization,Carboxylesterases (COE),Esterases & Hydrolases,No
,GFU44488.1,Cyp6bk4,ko:K14999,,,,"ko01000,ko00000,ko00199",7070.TC010253-PA,47.0,2.16e-34,132.0,0.0,0.0,0.0,0.0,probable cytochrome P450 6a14 [Nephila pilipes],,"38BTY@33154,3BF8S@33208,3CV2F@33213,3SGMH@50557,41VYX@6656,COG2124@1,KOG0158@2759",p450,0.0,0.0,Phase I: Functionalization,Cytochrome P450s (CYP450),CYP Monooxygenases,No
,GFU45103.1,107364823,,,,,,32264.tetur13g04250.1,52.2,3.64e-155,457.0,0.0,0.0,0.0,0.0,protein spinster homolog 1 [Nephila pilipes],,"38BMQ@33154,3BBSQ@33208,3CTWB@33213,41UTD@6656,COG0477@1,KOG1330@2759",MFS_1,0.0,0.0,Phase III: Efflux & Transport,MFS Xenobiotic Transporters,Solute Carrier Efflux,No
,GFU45105.1,107364823,,,,,,32264.tetur13g04250.1,52.5,4.04e-154,454.0,0.0,0.0,0.0,0.0,protein spinster homolog 1 [Nephila pilipes],,"38BMQ@33154,3BBSQ@33208,3CTWB@33213,41UTD@6656,COG0477@1,KOG1330@2759",MFS_1,0.0,0.0,Phase III: Efflux & Transport,MFS Xenobiotic Transporters,Solute Carrier Efflux,No
,GFU45314.1,,,,,,,126957.SMAR015164-PA,49.5,2.63e-180,536.0,0.0,0.0,0.0,0.0,monocarboxylate transporter 12 [Nephila pilipes],,"38D7W@33154,3BAF9@33208,3D0PE@33213,41VZG@6656,KOG2504@1,KOG2504@2759",MFS_1,0.0,0.0,Phase III: Efflux & Transport,MFS Xenobiotic Transporters,Solute Carrier Efflux,No
,GFU45516.1,,,,,,,126957.SMAR006627-PA,50.9,2.9800000000000004e-132,393.0,0.0,0.0,0.0,0.0,histone acetyltransferase type B catalytic subunit [Nephila pilipes],,"38YSJ@33154,3BG94@33208,3CTD0@33213,41XGE@6656,KOG2696@1,KOG2696@2759",Hat1_N,0.0,0.0,Phase II: Conjugation,N-Acetyltransferases (NAT),Acetylation,No
,GFU45717.1,107362358,ko:K07418,"map01100,ko01100,map04750,map00590,map00591,ko00591,ko00590,ko04750,ko04913,map04726,map04212,ko04212,map04913,ko04726",,1.14.14.1,"ko01000,ko00001,ko00000,ko00199",32264.tetur08g08050.1,37.7,3.2e-108,338.0,0.0,0.0,0.0,0.0,cytochrome P450 2J6 [Nephila pilipes],,"38BSU@33154,3BC78@33208,3CRSA@33213,41V2X@6656,COG2124@1,KOG0156@2759",p450,0.0,0.0,Phase I: Functionalization,Cytochrome P450s (CYP450),CYP Monooxygenases,No
,GFU45719.1,,,,,,,32264.tetur03g05010.1,37.4,2.1e-98,312.0,0.0,0.0,0.0,0.0,cytochrome P450 2J6 [Nephila pilipes],,"38BSU@33154,3BC78@33208,3CRSA@33213,41V2X@6656,COG2124@1,KOG0156@2759",p450,0.0,0.0,Phase I: Functionalization,Cytochrome P450s (CYP450),CYP Monooxygenases,No
,GFU45905.1,tbxas1,ko:K01832,"map01100,ko01100,map00590,ko00590,ko04611,map04611",,5.3.99.5,"ko01000,ko00001,ko00000,ko00199",8090.ENSORLP00000020200,37.6,7.88e-96,308.0,0.0,0.0,0.0,0.0,cytochrome P450 3A8 [Nephila pilipes],,"38BTY@33154,3BF8S@33208,3CV2F@33213,47Z83@7711,48W40@7742,49VXM@7898,COG2124@1,KOG0158@2759",p450,0.0,0.0,Phase I: Functionalization,Cytochrome P450s (CYP450),CYP Monooxygenases,No
,GFU46064.1,L798_12396,ko:K12350,"map01100,ko01100,map00600,ko00600,ko04142,ko04071,map04071,map04217,map04142,ko04217",,3.1.4.12,"ko01000,ko00001,ko00000",136037.KDR23573,52.9,5.0400000000000015e-213,613.0,0.0,0.0,0.0,0.0,sphingomyelin phosphodiesterase [Nephila pilipes],,"38DAR@33154,3BDX1@33208,3CR57@33213,3SHD6@50557,41WND@6656,KOG3770@1,KOG3770@2759",Metallophos,0.0,0.0,Phase I: Functionalization,Carboxylesterases (COE),Esterases & Hydrolases,No
,GFU46814.1,,,,,,,32264.tetur27g00210.1,37.0,4.33e-09,57.0,0.0,0.0,0.0,0.0,"cytochrome P450 2J2, partial [Nephila pilipes]",,"COG2124@1,KOG0156@2759",p450,0.0,0.0,Phase I: Functionalization,Cytochrome P450s (CYP450),CYP Monooxygenases,No
,GFU46903.1,gstk1,ko:K13299,"ko00480,map00480,map05204,ko00980,map00982,ko00982,map00980,ko04146,ko05204,map04146",,2.5.1.18,"ko01000,ko00001,ko00000",8364.ENSXETP00000035455,55.6,4.14e-84,256.0,0.0,0.0,0.0,0.0,glutathione S-transferase kappa 1 [Nephila pilipes],,"2R0HS@2759,38GKE@33154,3BAAT@33208,3D26Q@33213,489IY@7711,48YQ5@7742,COG3917@1",DSBA,0.0,0.0,Phase II: Conjugation,Glutathione S-Transferases (GST),Glutathione Conjugation,No
,GFU47574.1,,,,,,,126957.SMAR003391-PA,61.0,4.93e-49,178.0,0.0,0.0,0.0,0.0,"1-phosphatidylinositol 4,5-bisphosphate phosphodiesterase epsilon-1, partial [Nephila pilipes]",,"38BAR@33154,3BDE8@33208,3CSQY@33213,41UEG@6656,KOG0169@1,KOG0169@2759","C2,EF-hand_like,PI-PLC-X,PI-PLC-Y,RA,RasGEF",0.0,0.0,Phase I: Functionalization,Carboxylesterases (COE),Esterases & Hydrolases,No
,GFU47589.1,8236557,,,,,,121225.PHUM160720-PA,21.3,2.98e-35,150.0,0.0,0.0,0.0,0.0,monocarboxylate transporter 5 [Nephila pilipes],,"39TIW@33154,3BN1W@33208,3CWIT@33213,3E7D3@33342,3SJD1@50557,41Y4Q@6656,KOG2504@1,KOG2504@2759",MFS_1,0.0,0.0,Phase III: Efflux & Transport,MFS Xenobiotic Transporters,Solute Carrier Efflux,No
,GFU47797.1,,ko:K08206,,,,"ko02000,ko00000",10029.XP_007635803.1,46.2,0.000975,43.1,0.0,0.0,0.0,0.0,"organic cation transporter protein, partial [Nephila pilipes]",,"35KDG@314146,38HTA@33154,3BN5E@33208,3CXWB@33213,3J555@40674,484Y5@7711,49952@7742,4PXS8@9989,KOG0255@1,KOG0255@2759",MFS_1,0.0,0.0,Phase III: Efflux & Transport,MFS Xenobiotic Transporters,Solute Carrier Efflux,No
,GFU49122.1,,,,,,,126957.SMAR012999-PA,30.3,3.0800000000000004e-37,153.0,0.0,0.0,0.0,0.0,"ATP-binding cassette sub-family A member 3, partial [Nephila pilipes]",,"38BPG@33154,3BBB4@33208,3CSBI@33213,41WWW@6656,COG1131@1,KOG0059@2759","ABC2_membrane_3,ABC_tran",0.0,0.0,Phase III: Efflux & Transport,ABC Transporters (ABCA/B/C/G),ATP-Dependent Efflux,No
,GFU51367.1,EFV53526,ko:K12301,"map04142,ko04142",,,"ko02000,ko00001,ko00000",6334.EFV53526,46.4,3.47e-11,64.7,0.0,0.0,0.0,0.0,"putative transporter, partial [Nephila pilipes]",,"38CXA@33154,3BBSD@33208,3CR7D@33213,40D0Y@6231,KOG2532@1,KOG2532@2759",MFS_1,0.0,0.0,Phase III: Efflux & Transport,MFS Xenobiotic Transporters,Solute Carrier Efflux,No
,GFU52572.1,,,,,,,126957.SMAR000224-PA,50.1,1.0399999999999999e-220,649.0,0.0,0.0,0.0,0.0,monocarboxylate transporter 13 [Nephila pilipes],,"38GN2@33154,3B9WM@33208,3CVEZ@33213,41W0U@6656,KOG2504@1,KOG2504@2759",MFS_1,0.0,0.0,Phase III: Efflux & Transport,MFS Xenobiotic Transporters,Solute Carrier Efflux,No
,GFU52933.1,GL16280,,,,,,7234.FBpp0180387,27.1,3.16e-50,191.0,0.0,0.0,0.0,0.0,major facilitator superfamily domain-containing protein 6 [Nephila pilipes],,"38Z6F@33154,3BM99@33208,3E4NI@33213,3SZXB@50557,42AFX@6656,44WRE@7147,45PWF@7214,KOG3762@1,KOG3762@2759",MFS_1_like,0.0,0.0,Phase III: Efflux & Transport,MFS Xenobiotic Transporters,Solute Carrier Efflux,No
,GFU52935.1,AAEL011465,,,,,,7159.AAEL011465-PA,30.8,4.160000000000001e-59,214.0,0.0,0.0,0.0,0.0,major facilitator superfamily domain-containing protein 6 [Nephila pilipes],,"39V1X@33154,3BM5A@33208,3D3C0@33213,3SGGJ@50557,41WA8@6656,4594R@7147,45DSS@7148,KOG3762@1,KOG3762@2759",MFS_1_like,0.0,0.0,Phase III: Efflux & Transport,MFS Xenobiotic Transporters,Solute Carrier Efflux,No
,GFU52939.1,GK10474,,,,,,7260.FBpp0239617,37.8,5.56e-12,68.2,0.0,0.0,0.0,0.0,major facilitator superfamily domain-containing protein 6 [Nephila pilipes],,"38Z6F@33154,3BM99@33208,3E4NI@33213,3SZXB@50557,42AFX@6656,44WRE@7147,45PWF@7214,KOG3762@1,KOG3762@2759",MFS_1_like,0.0,0.0,Phase III: Efflux & Transport,MFS Xenobiotic Transporters,Solute Carrier Efflux,No
,GFU53160.1,107369096,ko:K12301,"map04142,ko04142",,,"ko02000,ko00001,ko00000",32264.tetur30g01230.1,42.9,1.29e-24,104.0,0.0,0.0,0.0,0.0,"putative inorganic phosphate cotransporter, partial [Nephila pilipes]",,"38CXA@33154,3BBSD@33208,3CR7D@33213,41THY@6656,KOG2532@1,KOG2532@2759",MFS_1,0.0,0.0,Phase III: Efflux & Transport,MFS Xenobiotic Transporters,Solute Carrier Efflux,No
,GFU53423.1,CYP4V2,ko:K07427,,,,"ko00000,ko00199",28377.ENSACAP00000001477,43.0,1.21e-111,349.0,0.0,0.0,0.0,0.0,cytochrome P450 4V2 [Nephila pilipes],,"38CHP@33154,3B9GY@33208,3CSG8@33213,487KR@7711,49547@7742,COG2124@1,KOG0157@2759",p450,0.0,0.0,Phase I: Functionalization,Cytochrome P450s (CYP450),CYP Monooxygenases,No
,GFU53425.1,,ko:K07427,,,,"ko00000,ko00199",181119.XP_005517737.1,44.8,4.34e-139,419.0,0.0,0.0,0.0,0.0,cytochrome P450 4V2 [Nephila pilipes],,"38CHP@33154,3B9GY@33208,3CSG8@33213,487KR@7711,49547@7742,4GHA2@8782,COG2124@1,KOG0157@2759",p450,0.0,0.0,Phase I: Functionalization,Cytochrome P450s (CYP450),CYP Monooxygenases,No
,GFU53532.1,,ko:K14085,"map00310,map01110,map00071,ko00561,map00330,ko01130,ko00053,ko00010,map00410,map00380,map01120,ko01110,ko00310,ko00071,ko00330,map01100,map00561,ko00410,map00340,map00053,map00010,ko01120,map00260,ko00340,ko00260,map00280,ko01100,map00620,ko00280,map01130,ko00380,ko00620","M00135,M00032","1.2.1.31,1.2.1.3,1.2.1.8","ko01000,ko00001,ko00000,ko00002",7739.XP_002601616.1,74.1,4.46e-288,796.0,0.0,0.0,0.0,0.0,alpha-aminoadipic semialdehyde dehydrogenase [Nephila pilipes],,"3943B@33154,3B93S@33208,3CTT7@33213,487RC@7711,COG1012@1,KOG2453@2759",Aldedh,0.0,0.0,Phase I: Functionalization,Aldehyde Dehydrogenases (ALDH),Aldehyde Oxidation,No
,GFU54161.1,ACK66184.1,,,,,,41431.PCC8801_2155,37.2,1.27e-30,122.0,0.0,0.0,0.0,0.0,sulfotransferase 1C4 [Nephila pilipes],,"1G8T0@1117,31CAG@2,3KFWM@43988,KOG1584@1",Sulfotransfer_1,0.0,0.0,Phase II: Conjugation,Sulfotransferases (SULT),Sulfation,No
,GFU54216.1,,ko:K07427,,,,"ko00000,ko00199",181119.XP_005517737.1,37.3,8.85e-22,102.0,0.0,0.0,0.0,0.0,cytochrome P450 4V2 [Nephila pilipes],,"38CHP@33154,3B9GY@33208,3CSG8@33213,487KR@7711,49547@7742,4GHA2@8782,COG2124@1,KOG0157@2759",p450,0.0,0.0,Phase I: Functionalization,Cytochrome P450s (CYP450),CYP Monooxygenases,No
,GFU54517.1,L798_14359,ko:K05657,"ko02010,map02010",,,"ko02000,ko00001,ko00000",136037.KDR10680,57.8,3.48e-223,643.0,0.0,0.0,0.0,0.0,"ATP-binding cassette sub-family B member 10, mitochondrial [Nephila pilipes]",,"38F7P@33154,3BCBZ@33208,3CREB@33213,3SJQE@50557,41WRM@6656,COG1132@1,KOG0058@2759","ABC_membrane,ABC_tran",0.0,0.0,Phase III: Efflux & Transport,ABC Transporters (ABCA/B/C/G),ATP-Dependent Efflux,No
,GFU55361.1,PDE8B,ko:K18437,"map00230,ko00230,ko04934,ko04927,map04927,map04934,map05032,ko05032",,3.1.4.53,"ko01000,ko00001,ko00000",10224.XP_006814032.1,40.1,1.13e-84,284.0,0.0,0.0,0.0,0.0,"high affinity cAMP-specific and IBMX-insensitive 3',5'-cyclic phosphodiesterase 8B [Nephila pilipes]",,"391BJ@33154,3BAIT@33208,3CT0Z@33213,KOG1229@1,KOG1229@2759","PAS_9,PDE8,PDEase_I",0.0,0.0,Phase I: Functionalization,Carboxylesterases (COE),Esterases & Hydrolases,No
,GFU55366.1,107365756,ko:K18437,"map00230,ko00230,ko04934,ko04927,map04927,map04934,map05032,ko05032",,3.1.4.53,"ko01000,ko00001,ko00000",32264.tetur01g04720.1,57.0,1.11e-153,451.0,0.0,0.0,0.0,0.0,"high affinity cAMP-specific and IBMX-insensitive 3',5'-cyclic phosphodiesterase 8A [Nephila pilipes]",,"391BJ@33154,3BAIT@33208,3CT0Z@33213,41X19@6656,KOG1229@1,KOG1229@2759",PDEase_I,0.0,0.0,Phase I: Functionalization,Carboxylesterases (COE),Esterases & Hydrolases,No
,GFU55775.1,,,,,,,126957.SMAR000135-PA,43.4,1.1e-17,87.8,0.0,0.0,0.0,0.0,"cytochrome P450 3A11, partial [Nephila pilipes]",,"38BTY@33154,3BF8S@33208,3CV2F@33213,COG2124@1,KOG0158@2759",p450,0.0,0.0,Phase I: Functionalization,Cytochrome P450s (CYP450),CYP Monooxygenases,No
,GFU56123.1,6051441,ko:K14999,,,,"ko01000,ko00000,ko00199",7176.CPIJ017462-PA,45.6,6.760000000000001e-29,117.0,0.0,0.0,0.0,0.0,cytochrome P450 3A8 [Nephila pilipes],,"38BTY@33154,3BF8S@33208,3CV2F@33213,3SGMH@50557,41VYX@6656,44XUS@7147,45JUQ@7148,COG2124@1,KOG0158@2759",p450,0.0,0.0,Phase I: Functionalization,Cytochrome P450s (CYP450),CYP Monooxygenases,No
,GFU56245.1,,,,,,,126957.SMAR004400-PA,35.3,1.25e-28,124.0,0.0,0.0,0.0,0.0,histone acetyltransferase [Nephila pilipes],,"38BNE@33154,3B9Y1@33208,3CS24@33213,41X66@6656,COG5027@1,KOG2747@2759","MOZ_SAS,PHD,zf-C2HC",0.0,0.0,Phase II: Conjugation,N-Acetyltransferases (NAT),Acetylation,No
,GFU57166.1,20216977,ko:K08202,"ko05231,map05231",,,"ko02000,ko00001,ko00000",6412.HelroP89451,61.5,7.33e-07,52.8,0.0,0.0,0.0,0.0,"solute carrier family 22 member 5, partial [Nephila pilipes]",,"38FJ1@33154,3B9N9@33208,3CT4W@33213,KOG0255@1,KOG0255@2759",MFS_1,0.0,0.0,Phase III: Efflux & Transport,MFS Xenobiotic Transporters,Solute Carrier Efflux,No
,GFU57897.1,Gstm1,ko:K00799,"map05418,ko00480,map00480,map05204,ko00980,map00982,ko00982,map00980,ko00983,ko01524,map05225,ko05225,map05200,ko05204,map00983,ko05200,map01524,ko05418",,2.5.1.18,"ko01000,ko02000,ko00001,ko00000",10090.ENSMUSP00000004140,50.0,1.42e-71,224.0,0.0,0.0,0.0,0.0,glutathione S-transferase Mu 1 [Nephila pilipes],"P|GO:0006518|ISO,P|GO:0006575|ISO,P|GO:0006749|ISO,P|GO:0006790|ISO,P|GO:0006805|ISO,P|GO:0006807|ISO,P|GO:0008150|IDA,P|GO:0008150|ISO,P|GO:0008152|ISO,P|GO:0009056|ISO,P|GO:0009410|ISO,P|GO:0009987|IDA,P|GO:0009987|ISO,P|GO:0034641|ISO,P|GO:0035690|IDA,P|GO:0042178|ISO,P|GO:0042221|IDA,P|GO:0042221|ISO,P|GO:0042493|IDA,P|GO:0043603|ISO,P|GO:0044237|ISO,P|GO:0044248|ISO,P|GO:0050896|IDA,P|GO:0050896|ISO,P|GO:0051186|ISO,P|GO:0051716|IDA,P|GO:0051716|ISO,P|GO:0070887|IDA,P|GO:0070887|ISO,P|GO:0071466|ISO,P|GO:0071704|ISO,P|GO:1901564|ISO,C|GO:0005575|ISO,C|GO:0005575|CURATED,C|GO:0005575|IDA,C|GO:0005576|ISO,C|GO:0005576|ISO,C|GO:0005622|ISO,C|GO:0005622|CURATED,C|GO:0005623|ISO,C|GO:0005623|CURATED,C|GO:0005623|IDA,C|GO:0005737|ISO,C|GO:0005737|CURATED,C|GO:0005829|ISO,C|GO:0032991|ISO,C|GO:0043209|IDA,C|GO:0044421|ISO,C|GO:0044424|ISO,C|GO:0044424|CURATED,C|GO:0044444|ISO,C|GO:0044464|ISO,C|GO:0044464|CURATED,C|GO:0044464|IDA,C|GO:0045171|ISO,F|GO:0003674|IDA,F|GO:0003674|ISO,F|GO:0003824|ISO,F|GO:0004364|ISO,F|GO:0005488|IDA,F|GO:0005488|ISO,F|GO:0005496|ISO,F|GO:0005515|IDA,F|GO:0005515|ISO,F|GO:0008289|ISO,F|GO:0016151|ISO,F|GO:0016740|ISO,F|GO:0016765|ISO,F|GO:0019899|ISO,F|GO:0019900|ISO,F|GO:0019901|ISO,F|GO:0033218|ISO,F|GO:0042277|ISO,F|GO:0042802|IDA,F|GO:0042802|ISO,F|GO:0042803|IDA,F|GO:0043167|ISO,F|GO:0043168|ISO,F|GO:0043169|ISO,F|GO:0043295|ISO,F|GO:0046872|ISO,F|GO:0046914|ISO,F|GO:0046982|IDA,F|GO:0046983|IDA,F|GO:0048037|ISO,F|GO:0072341|ISO,F|GO:0097159|ISO,F|GO:1900750|ISO,F|GO:1901681|ISO","35AZR@314146,38YPE@33154,3BFCR@33208,3CZP0@33213,3JFS3@40674,48D41@7711,49AQ0@7742,4Q9CB@9989,KOG1695@1,KOG1695@2759","GST_C_3,GST_N",0.0,0.0,Phase II: Conjugation,Glutathione S-Transferases (GST),Glutathione Conjugation,No
,GFU58067.1,Tery_0085,,,,,,203124.Tery_0085,40.8,3.81e-74,237.0,0.0,0.0,0.0,0.0,sulfotransferase 1C2A [Nephila pilipes],,"1G8T0@1117,31CAG@2,KOG1584@1",Sulfotransfer_1,0.0,0.0,Phase II: Conjugation,Sulfotransferases (SULT),Sulfation,No
,GFU58069.1,,ko:K05665,"ko02010,map05206,ko04977,ko01523,map02010,map04977,ko04071,map01523,map04071,ko05206",,,"ko02000,ko00001,ko00000",7425.NV15158-PA,31.2,1.32e-222,697.0,0.0,0.0,0.0,0.0,multidrug resistance-associated protein 1 [Nephila pilipes],,"38CH6@33154,3BA19@33208,3CSDY@33213,3SK80@50557,41W0W@6656,46E9M@7399,COG1132@1,KOG0054@2759","ABC_membrane,ABC_tran",0.0,0.0,Phase III: Efflux & Transport,ABC Transporters (ABCA/B/C/G),ATP-Dependent Efflux,No
,GFU58081.1,L798_02269,ko:K07188,"ko04910,map04714,ko04024,ko04152,map04024,ko04923,map04923,map04925,map04371,ko04371,ko04925,map04910,ko04714,map04152",,3.1.1.79,"ko01000,ko00001,ko00000",136037.KDR22472,36.4,2.44e-142,442.0,0.0,0.0,0.0,0.0,hormone-sensitive lipase [Nephila pilipes],,"38DHI@33154,3BEW5@33208,3CU07@33213,3SFPG@50557,41V4M@6656,COG0657@1,KOG4388@2759","Abhydrolase_3,HSL_N",0.0,0.0,Phase I: Functionalization,Carboxylesterases (COE),Esterases & Hydrolases,No
,GFU59903.1,,ko:K05655,"ko02010,map02010",,,"ko02000,ko00001,ko00000",6669.EFX81018,60.0,7.449999999999998e-250,715.0,0.0,0.0,0.0,0.0,mitochondrial potassium channel ATP-binding subunit [Nephila pilipes],,"38F7P@33154,3BCBZ@33208,3CREB@33213,41WP1@6656,COG1132@1,KOG0058@2759","ABC_membrane,ABC_tran",0.0,0.0,Phase III: Efflux & Transport,ABC Transporters (ABCA/B/C/G),ATP-Dependent Efflux,No
,GFU60769.1,LOC658391,,,,,,7070.TC010266-PA,35.9,3.88e-11,65.5,0.0,0.0,0.0,0.0,vesicular glutamate transporter 2.2 [Nephila pilipes],,"39SPX@33154,3BP2B@33208,3D49A@33213,3SIT2@50557,41WWP@6656,KOG2532@1,KOG2532@2759",MFS_1,0.0,0.0,Phase III: Efflux & Transport,MFS Xenobiotic Transporters,Solute Carrier Efflux,No
,GFU61224.1,MM_1935,,,,,,192952.MM_1935,39.1,5.45e-08,56.2,0.0,0.0,0.0,0.0,"n-acetyltransferase domain-containing protein, partial [Nephila pilipes]",,"2N9P8@224756,2XXI2@28890,COG0454@1,arCOG05161@2157",Acetyltransf_1,0.0,0.0,Phase II: Conjugation,N-Acetyltransferases (NAT),Acetylation,No
