Gene ID,protein_id,Preferred_Name,KEGG_KO,KEGG_Pathway,KEGG_Module,KEGG_EC,KEGG_BRITE,sseqid,pident,evalue,bitscore,NPFM1,NPFM2,NPFM3,NPFM4,Protein Description,GO_Terms,eggNOG_OGs,Pfam_Domains,Mean_FPKM,Log2_Mean_FPKM,Reproductive_Tier,Functional_Module,Gene_Complex,Expressed_in_Transcriptome
NPIL_108641,GFS94516.1,3291175,,,,,,7165.AGAP010820-PA,43.9,1.56e-06,49.7,0.133203660871035,0.0,0.0,0.0,hypothetical protein NPIL_108641 [Nephila pilipes],,"2CFIR@1,2RW8X@2759,39IV4@33154,3C5Q1@33208,3DU80@33213,3SV77@50557,425MC@6656,45733@7147,45MAP@7148",Ldl_recept_a,0.03330091521775875,0.047260453305881835,3_Female_Processes,Vitellogenesis & Egg Provisioning,Vitellogenin & Vg Receptor,No
NPIL_108701,GFS94530.1,1277055,,,,,,7165.AGAP006444-PA,53.6,1.07e-06,55.8,0.0,0.0541706197193539,0.207002114927388,0.0,uncharacterized protein NPIL_108701 [Nephila pilipes],,"39N32@33154,3CPNF@33208,3E5TF@33213,3T09E@50557,42AVN@6656,44ZI6@7147,45EV7@7148,KOG1215@1,KOG1215@2759",Ldl_recept_a,0.06529318366168547,0.09125053505690002,3_Female_Processes,Vitellogenesis & Egg Provisioning,Vitellogenin & Vg Receptor,No
NPIL_118931,GFT42183.1,,ko:K04550,"ko05010,map04979,map05144,ko04979,ko05144,map05010",,,"ko04131,ko00001,ko00000,ko04090,ko04516",10224.XP_002741307.1,55.5,1.28e-11,70.5,0.0,0.0531382365501857,0.270742760716355,0.0,hypothetical protein NPIL_118931 [Nephila pilipes],,"38B6M@33154,3B9HR@33208,3CV9D@33213,KOG1215@1,KOG1215@2759","Ldl_recept_a,Ldl_recept_b,cEGF",0.08097024931663517,0.1123268174722018,3_Female_Processes,Vitellogenesis & Egg Provisioning,Vitellogenin & Vg Receptor,No
NPIL_144961,GFT10184.1,,,,,,,7739.XP_002606260.1,45.8,2.24e-06,54.3,0.0,0.0,0.0975417518500413,0.0,uncharacterized protein NPIL_144961 [Nephila pilipes],,"COG5640@1,KOG3627@2759,KOG3645@1,KOG3645@2759,KOG4292@1,KOG4292@2759","CUB,Fz,Kringle,Ldl_recept_a,Neur_chan_LBD,Neur_chan_memb,Sushi",0.024385437962510324,0.034758649722566676,3_Female_Processes,Vitellogenesis & Egg Provisioning,Vitellogenin & Vg Receptor,No
"NPIL_156631,",GFT74812.1,105625766,,,,,,12957.ACEP24392-PA,51.9,2.72e-07,54.7,0.0,0.0,0.0,0.0,"hypothetical protein NPIL_156631, partial [Nephila pilipes]",,"39UY2@33154,3BCZA@33208,3CTZB@33213,3SGY1@50557,41XKY@6656,KOG1215@1,KOG1215@2759","Ldl_recept_a,Ldl_recept_b,cEGF",0.0,0.0,3_Female_Processes,Vitellogenesis & Egg Provisioning,Vitellogenin & Vg Receptor,No
NPIL_177951,GFT17894.1,,,,,,,32507.XP_006789464.1,42.5,2.11e-225,664.0,0.986455067991766,0.103638254532766,0.0792065440152267,0.347111619570665,hypothetical protein NPIL_177951 [Nephila pilipes],,"38BI6@33154,3BCM0@33208,3CX8P@33213,48646@7711,48VWZ@7742,49TN2@7898,COG1199@1,KOG1133@2759","DEAD_2,Helicase_C_2",0.3791028715276059,0.4637300759289964,2_Sex_Determination,Germline Stem Cell Maintenance,Vasa/Nanos/Piwi Complex,Yes
NPIL_186301,GFS69657.1,,,,,,,7668.SPU_011363-tr,33.3,2.74e-07,60.1,6.3622607107788,8.56120957924728,0.353026575072209,0.165223168886768,uncharacterized protein NPIL_186301 [Nephila pilipes],,"3A983@33154,3BU3D@33208,3DB3T@33213,KOG1215@1,KOG1215@2759","CUB,Ldl_recept_a",3.860430008496264,2.281083956563932,3_Female_Processes,Vitellogenesis & Egg Provisioning,Vitellogenin & Vg Receptor,Yes
"NPIL_193401,",GFU11280.1,,,,,,,12957.ACEP19099-PA,60.5,5.73e-07,50.8,0.0,0.0,0.0,0.0,"hypothetical protein NPIL_193401, partial [Nephila pilipes]",,"28MQT@1,2QU8S@2759,39WX0@33154,3BDB7@33208,3CZE1@33213,3SK3E@50557,41XVA@6656,46F5F@7399",Ldl_recept_a,0.0,0.0,3_Female_Processes,Vitellogenesis & Egg Provisioning,Vitellogenin & Vg Receptor,No
"NPIL_193841,",GFS72395.1,6035609,ko:K13178,,,3.6.4.13,"ko01000,ko03041,ko00000",7176.CPIJ003935-PA,75.0,5.46e-06,47.4,0.0,0.0,0.0,0.0,"hypothetical protein NPIL_193841, partial [Nephila pilipes]",,"38D0V@33154,3BCQC@33208,3CTK2@33213,3SQWM@50557,41TIS@6656,458AC@7147,45MIU@7148,COG0513@1,KOG0331@2759","DEAD,Helicase_C",0.0,0.0,2_Sex_Determination,Germline Stem Cell Maintenance,Vasa/Nanos/Piwi Complex,No
"NPIL_233511,",GFU00809.1,,,,,,,6087.XP_004211584.1,55.8,2.06e-05,46.6,0.0,0.0,0.0,0.0,"hypothetical protein NPIL_233511, partial [Nephila pilipes]",,"38FIN@33154,3B9KD@33208,COG1204@1,KOG0952@2759",DEAD,0.0,0.0,2_Sex_Determination,Germline Stem Cell Maintenance,Vasa/Nanos/Piwi Complex,No
NPIL_241821,GFT28970.1,,,,,,,132113.XP_003489739.1,35.7,4.03e-100,347.0,0.413185605044592,0.651147269060064,0.590065536811747,0.6153147775112,uncharacterized protein NPIL_241821 [Nephila pilipes],,"39XFA@33154,3BP1T@33208,3D5XF@33213,3SK8X@50557,41XZA@6656,46K9F@7399,KOG1215@1,KOG1215@2759",Ldl_recept_a,0.5674282971069008,0.6483994476369859,3_Female_Processes,Vitellogenesis & Egg Provisioning,Vitellogenin & Vg Receptor,Yes
NPIL_273481,GFT82608.1,st14,ko:K08670,"map05206,ko05206",,3.4.21.109,"ko01002,ko01000,ko00001,ko00000",8010.XP_010901355.1,43.6,4.21e-05,53.9,0.549749650601611,1.01075475323062,1.4762934881678,0.225685467825464,uncharacterized protein NPIL_273481 [Nephila pilipes],,"39S1N@33154,3B9XY@33208,3CWRU@33213,487D3@7711,490AG@7742,49TGN@7898,COG5640@1,KOG3627@2759","CUB,Ldl_recept_a,SEA,Trypsin",0.8156208399563738,0.8604629529440525,3_Female_Processes,Vitellogenesis & Egg Provisioning,Vitellogenin & Vg Receptor,Yes
NPIL_285041,GFT35398.1,,,,,,,8479.XP_005302480.1,23.8,3.54e-09,71.2,0.0097209718101412,4.59775576368596,4.79854573190556,0.10325918082345,uncharacterized protein NPIL_285041 [Nephila pilipes],,"39S77@33154,3BMIW@33208,3D63G@33213,485CQ@7711,4958N@7742,4CJEB@8459,KOG4338@1,KOG4338@2759","DUF1943,DUF1944,VWD,Vitellogenin_N",2.377320412056278,1.7558790567384595,3_Female_Processes,Vitellogenesis & Egg Provisioning,Vitellogenin & Vg Receptor,Yes
NPIL_298171,GFT81892.1,,,,,,,126957.SMAR011538-PA,32.5,2.19e-134,435.0,0.0160741130691334,0.0398971265022143,0.118579093771774,0.0074236617329478,uncharacterized protein NPIL_298171 [Nephila pilipes],,"28MQT@1,2QU8S@2759,39WK1@33154,3BEVI@33208,3D3NQ@33213,41XFG@6656","CUB,Ldl_recept_a",0.04549349876901738,0.06418409079132775,3_Female_Processes,Vitellogenesis & Egg Provisioning,Vitellogenin & Vg Receptor,No
NPIL_315551,GFS89595.1,,,,,,,126957.SMAR004984-PA,33.3,0.000979,45.1,0.0,0.0,0.0,0.0,hypothetical protein NPIL_315551 [Nephila pilipes],,"38BJT@33154,3BDKJ@33208,3CX5P@33213,41VUG@6656,COG0465@1,KOG0527@1,KOG0527@2759,KOG0734@2759,KOG1218@1,KOG1218@2759","AAA,HMG_box,Laminin_EGF,Peptidase_M41,hEGF",0.0,0.0,1_Endocrine_Signals,Sex Differentiation Regulators,Sox/Fox Transcription Factors,No
NPIL_325541,GFS78832.1,,,,,,,6500.XP_005091652.1,36.2,0.000598,47.0,0.0,0.0,0.309579503320669,0.0,hypothetical protein NPIL_325541 [Nephila pilipes],,"38BYG@33154,3BBY5@33208,3CRZ6@33213,KOG1215@1,KOG1215@2759,KOG1216@1,KOG1216@2759","C8,Ldl_recept_a,TIL,VWD",0.07739487583016726,0.10754710874148733,3_Female_Processes,Vitellogenesis & Egg Provisioning,Vitellogenin & Vg Receptor,No
NPIL_34231,GFU45648.1,,,,,,,126957.SMAR011538-PA,30.9,2.63e-127,415.0,0.0219222039961725,0.147645659388657,0.316145518430319,0.0426296489617399,uncharacterized protein NPIL_34231 [Nephila pilipes],,"28MQT@1,2QU8S@2759,39WK1@33154,3BEVI@33208,3D3NQ@33213,41XFG@6656","CUB,Ldl_recept_a",0.13208575769422212,0.17898324925986192,3_Female_Processes,Vitellogenesis & Egg Provisioning,Vitellogenin & Vg Receptor,Yes
NPIL_345701,GFU34976.1,Metal_0008,,,,,,686340.Metal_0008,46.6,6.21e-53,178.0,1.07486090758979,1.62257244254825,6.91575698878272,0.62704840053377,hypothetical protein NPIL_345701 [Nephila pilipes],,"1R9X8@1224,1S3IC@1236,1XGBB@135618,COG3293@1,COG3293@2","DDE_Tnp_1,DUF4096",2.5600596848636323,1.8319014283644193,1_Endocrine_Signals,Nuclear Hormone Signaling,Ecdysteroid & JH Pathways,Yes
NPIL_346341,GFS37443.1,LOC657967,,,,,,7070.TC014772-PA,56.4,9.28e-32,120.0,0.0,6.84830676662569,5.52465644506206,1.27426502447652,uncharacterized protein NPIL_346341 [Nephila pilipes],,"2CNI9@1,2QWHA@2759,38FYJ@33154,3BKUT@33208,3D56V@33213,3SG4N@50557,41V2Q@6656",Ldl_recept_a,3.4118070590410676,2.141369699122592,3_Female_Processes,Vitellogenesis & Egg Provisioning,Vitellogenin & Vg Receptor,Yes
NPIL_346342,GFS37440.1,107359441,,,,,,32264.tetur01g09080.1,41.8,4.98e-72,235.0,2.04923044888938,1.36663280417461,0.549717059210155,3.47592691111648,uncharacterized protein NPIL_346342 [Nephila pilipes],,"2CNI9@1,2QWHA@2759,38FYJ@33154,3BKUT@33208,3D56V@33213,41V2Q@6656",Ldl_recept_a,1.8603768058476562,1.5162052099827406,3_Female_Processes,Vitellogenesis & Egg Provisioning,Vitellogenin & Vg Receptor,Yes
"NPIL_347651,",GFT54116.1,1277055,,,,,,7165.AGAP006444-PA,51.9,1.59e-10,62.0,0.0,0.0,0.0,0.0,"uncharacterized protein NPIL_347651, partial [Nephila pilipes]",,"39N32@33154,3CPNF@33208,3E5TF@33213,3T09E@50557,42AVN@6656,44ZI6@7147,45EV7@7148,KOG1215@1,KOG1215@2759",Ldl_recept_a,0.0,0.0,3_Female_Processes,Vitellogenesis & Egg Provisioning,Vitellogenin & Vg Receptor,No
"NPIL_354441,",GFS66754.1,,ko:K08670,"map05206,ko05206",,3.4.21.109,"ko01002,ko01000,ko00001,ko00000",8090.ENSORLP00000002895,48.4,5.28e-13,71.2,0.0,0.0,0.0,0.0,"hypothetical protein NPIL_354441, partial [Nephila pilipes]",,"39S1N@33154,3B9XY@33208,3CWRU@33213,487D3@7711,490AG@7742,49TGN@7898,COG5640@1,KOG3627@2759","CUB,Ldl_recept_a,SEA,Trypsin",0.0,0.0,3_Female_Processes,Vitellogenesis & Egg Provisioning,Vitellogenin & Vg Receptor,No
"NPIL_356671,",GFU03024.1,,,,,,,215358.XP_010738305.1,53.2,1.27e-08,56.6,0.0,0.0,0.0,0.0,"uncharacterized protein NPIL_356671, partial [Nephila pilipes]",,"38GM4@33154,3BCUM@33208,3CYSX@33213,482CX@7711,492WU@7742,49V19@7898,COG0515@1,COG5640@1,KOG1095@2759,KOG3627@2759","Ldl_recept_a,MAM",0.0,0.0,3_Female_Processes,Vitellogenesis & Egg Provisioning,Vitellogenin & Vg Receptor,No
"NPIL_358801,",GFT68034.1,VLDLR,,,,,,29078.XP_008143198.1,54.5,5.12e-09,59.3,0.0,0.0,0.0,0.0,"hypothetical protein NPIL_358801, partial [Nephila pilipes]",,"38B6M@33154,3B9HR@33208,3CR8C@33213,3J2CA@40674,48289@7711,48YJ4@7742,4KTYD@9397,KOG1215@1,KOG1215@2759","EGF_CA,FXa_inhibition,Ldl_recept_a,Ldl_recept_b",0.0,0.0,3_Female_Processes,Vitellogenesis & Egg Provisioning,Vitellogenin & Vg Receptor,No
NPIL_388121,GFT93072.1,L798_02369,ko:K17043,,,3.6.4.13,"ko01000,ko03041,ko00000",136037.KDR22264,56.5,1.6200000000000001e-201,592.0,0.599016739941972,0.180218599121729,0.367290179173101,4.52699416590343,hypothetical protein NPIL_388121 [Nephila pilipes],,"3952H@33154,3B9S5@33208,3CZAC@33213,3SIDE@50557,41W2R@6656,COG0513@1,KOG0336@2759","DEAD,Helicase_C,KH_1",1.4183799210350578,1.2740409059342772,2_Sex_Determination,Germline Stem Cell Maintenance,Vasa/Nanos/Piwi Complex,Yes
NPIL_390391,GFT14282.1,CD320,ko:K06734,,,,"ko00000,ko04090",61853.ENSNLEP00000001839,43.1,9.93e-06,53.9,0.0598168757509134,0.360985563409928,0.522108216035935,0.110503204646299,hypothetical protein NPIL_390391 [Nephila pilipes],,"35KNQ@314146,3A06K@33154,3BQ1A@33208,3D4A0@33213,3J8TY@40674,48CTC@7711,48YW8@7742,4MIHF@9443,KOG1215@1,KOG1215@2759",Ldl_recept_a,0.26335346496076883,0.3372583373066021,3_Female_Processes,Vitellogenesis & Egg Provisioning,Vitellogenin & Vg Receptor,Yes
"NPIL_393271,",GFU33096.1,105625766,,,,,,12957.ACEP24392-PA,51.9,2.72e-07,54.7,0.0,0.0,0.0,0.0,"hypothetical protein NPIL_393271, partial [Nephila pilipes]",,"39UY2@33154,3BCZA@33208,3CTZB@33213,3SGY1@50557,41XKY@6656,KOG1215@1,KOG1215@2759","Ldl_recept_a,Ldl_recept_b,cEGF",0.0,0.0,3_Female_Processes,Vitellogenesis & Egg Provisioning,Vitellogenin & Vg Receptor,No
NPIL_397371,GFT56704.1,,ko:K13178,,,3.6.4.13,"ko01000,ko03041,ko00000",7739.XP_002599305.1,50.0,0.000302,45.8,0.100957353809958,0.111370466675511,0.666741705067404,0.0621681367148317,hypothetical protein NPIL_397371 [Nephila pilipes],,"38D0V@33154,3BCQC@33208,3CTK2@33213,48560@7711,COG0513@1,KOG0331@2759","DEAD,Helicase_C",0.2353094155669262,0.30487244779699224,2_Sex_Determination,Germline Stem Cell Maintenance,Vasa/Nanos/Piwi Complex,Yes
"NPIL_400231,",GFU01816.1,,,,,,,10042.XP_006976618.1,37.8,1.78e-06,57.4,0.0,0.0,0.0,0.0,"uncharacterized protein NPIL_400231, partial [Nephila pilipes]",,"35VSG@314146,39MWJ@33154,3BNKJ@33208,3E4N4@33213,3JQ2F@40674,48RAA@7711,49MVW@7742,4QA6U@9989,COG5640@1,KOG3627@2759","CUB,Ldl_recept_a,SEA,Trypsin",0.0,0.0,3_Female_Processes,Vitellogenesis & Egg Provisioning,Vitellogenin & Vg Receptor,No
NPIL_404731,GFU57769.1,,,,,,,126957.SMAR011538-PA,32.2,6.76e-139,444.0,0.0,0.0556110022261634,0.170004997302029,0.0133039850526901,uncharacterized protein NPIL_404731 [Nephila pilipes],,"28MQT@1,2QU8S@2759,39WK1@33154,3BEVI@33208,3D3NQ@33213,41XFG@6656","CUB,Ldl_recept_a",0.05972999614522062,0.083696733805636,3_Female_Processes,Vitellogenesis & Egg Provisioning,Vitellogenin & Vg Receptor,No
NPIL_404741,GFU57771.1,,,,,,,34740.HMEL010750-PA,56.1,2.75e-09,57.0,0.0,0.0250274723150391,0.124328679375315,0.0,uncharacterized protein NPIL_404741 [Nephila pilipes],,"2CFIR@1,2RUJ9@2759,3AS7U@33154,3C3BG@33208,3DKRI@33213,3SS24@50557,423P0@6656",Ldl_recept_a,0.037339037922588525,0.05288749336901477,3_Female_Processes,Vitellogenesis & Egg Provisioning,Vitellogenin & Vg Receptor,No
NPIL_406651,GFS79747.1,L798_01802,,,,,,136037.KDR22196,52.2,3.37e-48,164.0,0.0187500443828321,0.398166864029463,0.525614097264975,0.181849767630854,uncharacterized protein NPIL_406651 [Nephila pilipes],,"2CNI9@1,2QWHA@2759,38FYJ@33154,3BKUT@33208,3D56V@33213,3SG4N@50557,41V2Q@6656",Ldl_recept_a,0.28109519332703103,0.35737768086167304,3_Female_Processes,Vitellogenesis & Egg Provisioning,Vitellogenin & Vg Receptor,Yes
NPIL_406671,GFS79751.1,L798_01802,,,,,,136037.KDR22196,51.7,1.2800000000000002e-47,161.0,0.0,0.0,0.103960314101528,0.101242569025664,uncharacterized protein NPIL_406671 [Nephila pilipes],,"2CNI9@1,2QWHA@2759,38FYJ@33154,3BKUT@33208,3D56V@33213,3SG4N@50557,41V2Q@6656",Ldl_recept_a,0.051300720781798,0.07217540605013142,3_Female_Processes,Vitellogenesis & Egg Provisioning,Vitellogenin & Vg Receptor,No
NPIL_411751,GFS49522.1,,,,,,,69319.XP_008553305.1,40.9,3.15e-60,213.0,0.0,0.0,0.0,0.0,hypothetical protein NPIL_411751 [Nephila pilipes],,"38DFW@33154,3BADD@33208,3CU7U@33213,3SHHX@50557,41VB9@6656,46KMS@7399,KOG3248@1,KOG3248@2759","CTNNB1_binding,HMG_box",0.0,0.0,1_Endocrine_Signals,Sex Differentiation Regulators,Sox/Fox Transcription Factors,No
NPIL_411752,GFS49520.1,,,,,,,69319.XP_008553305.1,40.0,7.41e-61,215.0,0.0,0.0,0.0,0.0,hypothetical protein NPIL_411752 [Nephila pilipes],,"38DFW@33154,3BADD@33208,3CU7U@33213,3SHHX@50557,41VB9@6656,46KMS@7399,KOG3248@1,KOG3248@2759","CTNNB1_binding,HMG_box",0.0,0.0,1_Endocrine_Signals,Sex Differentiation Regulators,Sox/Fox Transcription Factors,No
NPIL_418521,GFS49739.1,,,,,,,126957.SMAR004377-PA,64.1,0.0,1707.0,45.0456260801878,7.3114573546957,0.698481549345595,27.155423884043,hypothetical protein NPIL_418521 [Nephila pilipes],,"38FDR@33154,3BEJV@33208,3CSZA@33213,41U7C@6656,COG0553@1,KOG0386@2759,KOG1215@1,KOG1215@2759","BRK,Bromodomain,FXa_inhibition,HSA,Helicase_C,Ldl_recept_a,Ldl_recept_b,QLQ,SNF2_N,SnAC",20.052747217068024,4.3959366007601774,3_Female_Processes,Vitellogenesis & Egg Provisioning,Vitellogenin & Vg Receptor,Yes
NPIL_418531,GFS49742.1,,,,,,,126957.SMAR004377-PA,69.9,0.0,1642.0,7.06006601488831,1.87710759620702,0.50222935858501,2.56953018781908,hypothetical protein NPIL_418531 [Nephila pilipes],,"38FDR@33154,3BEJV@33208,3CSZA@33213,41U7C@6656,COG0553@1,KOG0386@2759,KOG1215@1,KOG1215@2759","BRK,Bromodomain,FXa_inhibition,HSA,Helicase_C,Ldl_recept_a,Ldl_recept_b,QLQ,SNF2_N,SnAC",3.002233289374855,2.000805264098936,3_Female_Processes,Vitellogenesis & Egg Provisioning,Vitellogenin & Vg Receptor,Yes
NPIL_436821,GFT76179.1,Cre-lrp-2,,,,,,31234.CRE23994,56.3,0.000114,48.1,0.247624580198673,0.273165490341263,0.139179588539002,0.0,hypothetical protein NPIL_436821 [Nephila pilipes],,"1M7Q2@119089,38B6M@33154,3B9HR@33208,3CV9D@33213,40FKN@6231,4170J@6236,KOG1215@1,KOG1215@2759","EGF,Ldl_recept_a,Ldl_recept_b",0.1649924147697345,0.22032056156649701,3_Female_Processes,Vitellogenesis & Egg Provisioning,Vitellogenin & Vg Receptor,Yes
NPIL_449822,GFT33335.1,,,,,,,126957.SMAR004377-PA,69.8,4.01e-30,122.0,0.0,0.0,0.427715337682224,0.0,uncharacterized protein NPIL_449822 [Nephila pilipes],,"38FDR@33154,3BEJV@33208,3CSZA@33213,41U7C@6656,COG0553@1,KOG0386@2759,KOG1215@1,KOG1215@2759","BRK,Bromodomain,FXa_inhibition,HSA,Helicase_C,Ldl_recept_a,Ldl_recept_b,QLQ,SNF2_N,SnAC",0.106928834420556,0.14656247277089976,3_Female_Processes,Vitellogenesis & Egg Provisioning,Vitellogenin & Vg Receptor,Yes
NPIL_453411,GFS67831.1,,,,,,,126957.SMAR007299-PA,27.5,1.47e-50,196.0,0.0217804157882561,0.378424115947325,0.583019325704546,0.301771746633024,hypothetical protein NPIL_453411 [Nephila pilipes],,"2BZ3V@1,2RZ5D@2759,3A2I4@33154,3BQMV@33208,3D7NX@33213,41ZFR@6656","Ldl_recept_a,MANEC",0.32124890101828774,0.4019022716108906,3_Female_Processes,Vitellogenesis & Egg Provisioning,Vitellogenin & Vg Receptor,Yes
NPIL_467031,GFS29069.1,,ko:K04550,"ko05010,map04979,map05144,ko04979,ko05144,map05010",,,"ko04131,ko00001,ko00000,ko04090,ko04516",10224.XP_002735411.2,53.8,0.000237,51.2,0.0,0.0,0.0,0.0,uncharacterized protein NPIL_467031 [Nephila pilipes],,"38B6M@33154,3B9HR@33208,3CV9D@33213,KOG1215@1,KOG1215@2759","FXa_inhibition,Ldl_recept_a,Ldl_recept_b",0.0,0.0,3_Female_Processes,Vitellogenesis & Egg Provisioning,Vitellogenin & Vg Receptor,No
"NPIL_467251,",GFS41307.1,107370851,ko:K00963,"ko00500,map01100,ko00040,map00040,ko01100,map00052,ko01130,map00500,ko00052,map00520,map01130,ko00520","M00361,M00362,M00549,M00129",2.7.7.9,"ko01000,ko00001,ko00000,ko00002",32264.tetur02g03700.1,97.1,2.89e-14,71.2,0.0,0.0,0.0,0.0,"hypothetical protein NPIL_467251, partial [Nephila pilipes]",,"38CTH@33154,3BAG9@33208,3CRZI@33213,41UR5@6656,COG4284@1,KOG2638@2759","HMG_box,UDPGP",0.0,0.0,1_Endocrine_Signals,Sex Differentiation Regulators,Sox/Fox Transcription Factors,No
NPIL_476731,GFU37953.1,,,,,,,9478.XP_008053518.1,48.1,1.13e-05,50.8,0.368572081798575,1.58762918568601,0.377325691285393,0.0,hypothetical protein NPIL_476731 [Nephila pilipes],,"35IMD@314146,39RNV@33154,3BGTX@33208,3CX8D@33213,3JBZZ@40674,482Y8@7711,48Z6J@7742,4MFJ0@9443,COG5640@1,KOG3627@2759","CUB,Ldl_recept_a,MAM,SEA,SRCR,Trypsin",0.5833817396924945,0.6630091187519926,3_Female_Processes,Vitellogenesis & Egg Provisioning,Vitellogenin & Vg Receptor,Yes
"NPIL_523141,",GFU40548.1,6035609,ko:K13178,,,3.6.4.13,"ko01000,ko03041,ko00000",7176.CPIJ003935-PA,75.0,5.46e-06,47.4,0.0,0.0,0.0,0.0,"hypothetical protein NPIL_523141, partial [Nephila pilipes]",,"38D0V@33154,3BCQC@33208,3CTK2@33213,3SQWM@50557,41TIS@6656,458AC@7147,45MIU@7148,COG0513@1,KOG0331@2759","DEAD,Helicase_C",0.0,0.0,2_Sex_Determination,Germline Stem Cell Maintenance,Vasa/Nanos/Piwi Complex,No
"NPIL_527102,",GFT20656.1,,ko:K20051,,,,"ko04131,ko00000",32264.tetur10g00910.1,60.9,3.96e-11,73.6,0.0,0.0,0.0,0.0,"uncharacterized protein NPIL_527102, partial [Nephila pilipes]",,"38B6M@33154,3B9HR@33208,3CTYV@33213,41U3Q@6656,KOG1215@1,KOG1215@2759","FXa_inhibition,Ldl_recept_a,Ldl_recept_b,cEGF",0.0,0.0,3_Female_Processes,Vitellogenesis & Egg Provisioning,Vitellogenin & Vg Receptor,No
NPIL_547551,GFT98440.1,,,,,,,69319.XP_008553305.1,40.2,8.419999999999999e-74,251.0,0.0,0.0,0.0,0.0,hypothetical protein NPIL_547551 [Nephila pilipes],,"38DFW@33154,3BADD@33208,3CU7U@33213,3SHHX@50557,41VB9@6656,46KMS@7399,KOG3248@1,KOG3248@2759","CTNNB1_binding,HMG_box",0.0,0.0,1_Endocrine_Signals,Sex Differentiation Regulators,Sox/Fox Transcription Factors,No
NPIL_547552,GFT98438.1,,,,,,,69319.XP_008553305.1,42.6,1.19e-82,275.0,0.151804172073747,0.0,0.0,0.0,hypothetical protein NPIL_547552 [Nephila pilipes],,"38DFW@33154,3BADD@33208,3CU7U@33213,3SHHX@50557,41VB9@6656,46KMS@7399,KOG3248@1,KOG3248@2759","CTNNB1_binding,HMG_box",0.03795104301843675,0.05373839778038651,1_Endocrine_Signals,Sex Differentiation Regulators,Sox/Fox Transcription Factors,No
NPIL_557181,GFT62940.1,mettl1,,,,,,144197.XP_008305181.1,73.3,1.91e-111,326.0,0.175523573960269,0.193627721080191,0.0,0.324254939264115,hypothetical protein NPIL_557181 [Nephila pilipes],,"38EJS@33154,3BGW2@33208,3CZXB@33213,485YM@7711,493ZQ@7742,49ZZ4@7898,COG0220@1,KOG3115@2759",Methyltransf_4,0.17335155857614376,0.2306353371725674,1_Endocrine_Signals,Nuclear Hormone Signaling,Ecdysteroid & JH Pathways,Yes
NPIL_56801,GFT39851.1,107359441,,,,,,32264.tetur01g09080.1,47.7,2.01e-75,241.0,0.100801232072898,0.341537457473641,0.588820055736684,0.119710284011071,uncharacterized protein NPIL_56801 [Nephila pilipes],,"2CNI9@1,2QWHA@2759,38FYJ@33154,3BKUT@33208,3D56V@33213,41V2Q@6656",Ldl_recept_a,0.2877172573235735,0.3648158572443093,3_Female_Processes,Vitellogenesis & Egg Provisioning,Vitellogenin & Vg Receptor,Yes
NPIL_600071,GFU02436.1,,,,,,,126957.SMAR004982-PA,59.3,2.68e-63,217.0,0.0,0.0,0.0,0.0,hypothetical protein NPIL_600071 [Nephila pilipes],,"38UBQ@33154,3BD8X@33208,3CRKJ@33213,41V1I@6656,KOG4715@1,KOG4715@2759",HMG_box,0.0,0.0,1_Endocrine_Signals,Sex Differentiation Regulators,Sox/Fox Transcription Factors,No
NPIL_600072,GFU02438.1,,,,,,,126957.SMAR004982-PA,60.2,1.16e-64,221.0,0.0,0.0,0.0781791006376707,0.171304496215004,hypothetical protein NPIL_600072 [Nephila pilipes],,"38UBQ@33154,3BD8X@33208,3CRKJ@33213,41V1I@6656,KOG4715@1,KOG4715@2759",HMG_box,0.06237089921316867,0.0872875335973101,1_Endocrine_Signals,Sex Differentiation Regulators,Sox/Fox Transcription Factors,No
"NPIL_610861,",GFS38332.1,6035609,ko:K13178,,,3.6.4.13,"ko01000,ko03041,ko00000",7176.CPIJ003935-PA,75.0,5.46e-06,47.4,0.0,0.0,0.0,0.0,"hypothetical protein NPIL_610861, partial [Nephila pilipes]",,"38D0V@33154,3BCQC@33208,3CTK2@33213,3SQWM@50557,41TIS@6656,458AC@7147,45MIU@7148,COG0513@1,KOG0331@2759","DEAD,Helicase_C",0.0,0.0,2_Sex_Determination,Germline Stem Cell Maintenance,Vasa/Nanos/Piwi Complex,No
"NPIL_617021,",GFT24010.1,,ko:K11651,"map05225,ko05225,ko04714,map04714",,,"ko03036,ko03021,ko00001,ko00000",7029.ACYPI008028-PA,87.3,4.05e-22,94.7,0.0,0.0,0.0,0.0,"hypothetical protein NPIL_617021, partial [Nephila pilipes]",,"38UBQ@33154,3BD8X@33208,3CRKJ@33213,3EBY8@33342,3SGR5@50557,41V1I@6656,KOG4715@1,KOG4715@2759",HMG_box,0.0,0.0,1_Endocrine_Signals,Sex Differentiation Regulators,Sox/Fox Transcription Factors,No
"NPIL_618171,",GFS66703.1,,,,,,,32264.tetur21g01660.1,48.3,2.67e-70,244.0,0.0,0.0,0.0,0.0,"hypothetical protein NPIL_618171, partial [Nephila pilipes]",,"38BUP@33154,3BIYB@33208,3D0JJ@33213,41U7I@6656,KOG1217@1,KOG1217@2759","CUB,EGF,EGF_CA,Ephrin_rec_like,F5_F8_type_C,HYR,Laminin_G_3,Ldl_recept_a,Sushi,hEGF",0.0,0.0,3_Female_Processes,Vitellogenesis & Egg Provisioning,Vitellogenin & Vg Receptor,No
"NPIL_625131,",GFU22273.1,105625766,,,,,,12957.ACEP24392-PA,51.9,2.72e-07,54.7,0.0,0.0,0.0,0.0,"hypothetical protein NPIL_625131, partial [Nephila pilipes]",,"39UY2@33154,3BCZA@33208,3CTZB@33213,3SGY1@50557,41XKY@6656,KOG1215@1,KOG1215@2759","Ldl_recept_a,Ldl_recept_b,cEGF",0.0,0.0,3_Female_Processes,Vitellogenesis & Egg Provisioning,Vitellogenin & Vg Receptor,No
NPIL_629821,GFU50095.1,107359441,,,,,,32264.tetur01g09080.1,29.6,1.58e-06,57.0,3.51585199154208,1.42037373011239,0.527259584090311,0.0679600443013009,uncharacterized protein NPIL_629821 [Nephila pilipes],,"2CNI9@1,2QWHA@2759,38FYJ@33154,3BKUT@33208,3D56V@33213,41V2Q@6656",Ldl_recept_a,1.3828613375115204,1.2526950012533535,3_Female_Processes,Vitellogenesis & Egg Provisioning,Vitellogenin & Vg Receptor,Yes
NPIL_629851,GFU50103.1,,ko:K08670,"map05206,ko05206",,3.4.21.109,"ko01002,ko01000,ko00001,ko00000",7994.ENSAMXP00000020269,30.1,9.45e-06,55.8,2.99533417932078,2.51942692819069,0.221856641884498,4.22511143048397,uncharacterized protein NPIL_629851 [Nephila pilipes],,"39S1N@33154,3B9XY@33208,3CWRU@33213,487D3@7711,490AG@7742,49TGN@7898,COG5640@1,KOG3627@2759","CUB,Ldl_recept_a,SEA,Trypsin",2.4904322949699846,1.8034057273193431,3_Female_Processes,Vitellogenesis & Egg Provisioning,Vitellogenin & Vg Receptor,Yes
NPIL_629891,GFU50110.1,TMPRSS15,ko:K01316,,,3.4.21.9,"ko01002,ko01000,ko00000",176946.XP_007421212.1,38.9,0.000505,50.8,0.184203813172256,0.541875392257733,0.491783577358466,0.141787688173793,uncharacterized protein NPIL_629891 [Nephila pilipes],,"39RNV@33154,3BGTX@33208,3CX8D@33213,482Y8@7711,48Z6J@7742,COG5640@1,KOG3627@2759","CUB,Ldl_recept_a,MAM,SEA,SRCR_2,Trypsin",0.339912617740562,0.42213891854651614,3_Female_Processes,Vitellogenesis & Egg Provisioning,Vitellogenin & Vg Receptor,Yes
"NPIL_651811,",GFU26931.1,1277055,,,,,,7165.AGAP006444-PA,51.9,1.59e-10,62.0,0.0,0.0,0.0,0.0,"uncharacterized protein NPIL_651811, partial [Nephila pilipes]",,"39N32@33154,3CPNF@33208,3E5TF@33213,3T09E@50557,42AVN@6656,44ZI6@7147,45EV7@7148,KOG1215@1,KOG1215@2759",Ldl_recept_a,0.0,0.0,3_Female_Processes,Vitellogenesis & Egg Provisioning,Vitellogenin & Vg Receptor,No
NPIL_675431,GFU41895.1,SSPO,,,,,,9778.XP_004382460.1,46.9,3.59e-07,58.2,0.416844848489708,0.504702175189843,1.17859972430536,0.112691972168505,uncharacterized protein NPIL_675431 [Nephila pilipes],,"3562F@311790,38BYG@33154,3BBY5@33208,3CRZ6@33213,3J58U@40674,483WG@7711,48XJE@7742,KOG1215@1,KOG1215@2759,KOG1216@1,KOG1216@2759,KOG3538@1,KOG3538@2759,KOG4475@1,KOG4475@2759","C8,F5_F8_type_C,Ldl_recept_a,Pacifastin_I,TIL,TSP_1,VWC,VWD",0.553209680038354,0.6352526036671731,3_Female_Processes,Vitellogenesis & Egg Provisioning,Vitellogenin & Vg Receptor,Yes
"NPIL_693701,",GFT75394.1,,,,,,,7739.XP_002593246.1,54.1,3.77e-06,50.8,0.0,0.0,0.0,0.0,"hypothetical protein NPIL_693701, partial [Nephila pilipes]",,"KOG1215@1,KOG1215@2759","CUB,Ldl_recept_a",0.0,0.0,3_Female_Processes,Vitellogenesis & Egg Provisioning,Vitellogenin & Vg Receptor,No
NPIL_699421,GFT83378.1,,,,,,,6500.XP_005094706.1,26.0,4.73e-06,55.8,0.498427799997525,0.160801526252792,0.286752970930614,0.0550148439222396,uncharacterized protein NPIL_699421 [Nephila pilipes],,"3A983@33154,3BU3D@33208,3DB3T@33213,KOG1215@1,KOG1215@2759","CUB,Ldl_recept_a",0.25024928527579265,0.3222157803069423,3_Female_Processes,Vitellogenesis & Egg Provisioning,Vitellogenin & Vg Receptor,Yes
NPIL_75061,GFS31694.1,,,,,,,7668.SPU_012382-tr,39.4,3e-08,58.9,0.0,0.033193323613747,0.0,0.0,uncharacterized protein NPIL_75061 [Nephila pilipes],,"38CC3@33154,3BCC2@33208,3CZ7Q@33213,COG4886@1,KOG1215@1,KOG1215@2759,KOG2087@1,KOG2087@2759,KOG4237@2759","7tm_1,LRR_8,Ldl_recept_a",0.00829833090343675,0.01192256030225391,3_Female_Processes,Vitellogenesis & Egg Provisioning,Vitellogenin & Vg Receptor,No
NPIL_81261,GFU10724.1,,ko:K14463,"ko04975,map04975",,,"ko00001,ko00000",6669.EFX89528,31.1,5.83e-130,420.0,0.0,0.0,0.0,0.0,hypothetical protein NPIL_81261 [Nephila pilipes],,"39R6A@33154,3BCSK@33208,3D3PM@33213,41Y6X@6656,KOG4337@1,KOG4337@2759",Vitellogenin_N,0.0,0.0,3_Female_Processes,Vitellogenesis & Egg Provisioning,Vitellogenin & Vg Receptor,No
NPIL_83421,GFT02425.1,,,,,,,126957.SMAR004984-PA,26.1,0.000423,48.5,0.0,0.0,0.0,0.0,hypothetical protein NPIL_83421 [Nephila pilipes],,"38BJT@33154,3BDKJ@33208,3CX5P@33213,41VUG@6656,COG0465@1,KOG0527@1,KOG0527@2759,KOG0734@2759,KOG1218@1,KOG1218@2759","AAA,HMG_box,Laminin_EGF,Peptidase_M41,hEGF",0.0,0.0,1_Endocrine_Signals,Sex Differentiation Regulators,Sox/Fox Transcription Factors,No
"NPIL_84391,",GFU09799.1,LRP6,ko:K06233,"ko04918,ko04979,map04340,map04918,map04979,ko04340",,,"ko04131,ko00001,ko00000",8496.XP_006268940.1,59.0,3.15e-08,60.5,0.0,0.0,0.0,0.0,"hypothetical protein NPIL_84391, partial [Nephila pilipes]",,"38B6M@33154,3B9HR@33208,3CV9D@33213,485AF@7711,491E5@7742,KOG1215@1,KOG1215@2759","FXa_inhibition,Ldl_recept_a,Ldl_recept_b",0.0,0.0,3_Female_Processes,Vitellogenesis & Egg Provisioning,Vitellogenin & Vg Receptor,No
NPIL_98681,GFU46560.1,,,,,,,144197.XP_008281340.1,32.4,1.58e-05,51.6,3.05014155797375,6.81576425463929,0.582442507303482,4.98454625609409,uncharacterized protein NPIL_98681 [Nephila pilipes],,"38HNZ@33154,3BBTR@33208,3CY69@33213,48A6D@7711,490QP@7742,49SM6@7898,COG2272@1,KOG1214@2759,KOG3555@1,KOG3555@2759","EGF_3,EGF_CA,G2F,Ldl_recept_b,NIDO,Thyroglobulin_1",3.8582236440026527,2.2804289046849724,3_Female_Processes,Vitellogenesis & Egg Provisioning,Vitellogenin & Vg Receptor,Yes
,GFS29018.1,ddx51,ko:K14807,,,3.6.4.13,"ko03009,ko01000,ko00000",8364.ENSXETP00000048369,43.5,1.8099999999999998e-126,398.0,0.0,0.0,0.0,0.0,ATP-dependent RNA helicase DDX51 [Nephila pilipes],,"39BP1@33154,3BCYM@33208,3CYC3@33213,48ADG@7711,4902A@7742,COG0513@1,KOG0350@2759","DEAD,Helicase_C",0.0,0.0,2_Sex_Determination,Germline Stem Cell Maintenance,Vasa/Nanos/Piwi Complex,No
,GFS29474.1,POLQ,ko:K02349,,,2.7.7.7,"ko01000,ko03400,ko00000",7955.ENSDARP00000065555,35.7,0.0,1169.0,0.0,0.0,0.0,0.0,DNA polymerase theta [Nephila pilipes],,"38BKB@33154,3BATG@33208,3CT13@33213,47ZXJ@7711,497BB@7742,49UCC@7898,COG0749@1,KOG0950@2759","DEAD,DNA_pol_A,Helicase_C",0.0,0.0,2_Sex_Determination,Germline Stem Cell Maintenance,Vasa/Nanos/Piwi Complex,No
,GFS29527.1,MAMDC4,,,,,,7897.ENSLACP00000002947,31.4,2.28e-08,58.2,0.0,0.0,0.0,0.0,"MAM and LDL-receptor class A domain-containing protein 2, partial [Nephila pilipes]",,"28TYM@1,2R0P7@2759,39NEA@33154,3CPYW@33208,3E644@33213,48RTI@7711,49N71@7742","Ldl_recept_a,MAM",0.0,0.0,3_Female_Processes,Vitellogenesis & Egg Provisioning,Vitellogenin & Vg Receptor,No
,GFS31698.1,,,,,,,126957.SMAR008198-PA,43.7,3.55e-91,315.0,0.0,0.0,0.0,0.0,tolloid-like protein 1 [Nephila pilipes],,"38CC3@33154,3BCC2@33208,3CZ7Q@33213,41VIZ@6656,COG4886@1,KOG2087@1,KOG2087@2759,KOG3509@1,KOG3509@2759,KOG3714@1,KOG3714@2759,KOG4237@2759","7tm_1,CUB,LRR_8,Ldl_recept_a,Lectin_C",0.0,0.0,3_Female_Processes,Vitellogenesis & Egg Provisioning,Vitellogenin & Vg Receptor,No
,GFS34630.1,,,,,,,8153.XP_005937632.1,26.2,1.07e-11,74.3,0.0,0.0,0.0,0.0,testis-expressed protein 10 [Nephila pilipes],,"38JUN@33154,3BFNK@33208,3D1HC@33213,485Q7@7711,48YDZ@7742,4A28D@7898,KOG2149@1,KOG2149@2759",Ipi1_N,0.0,0.0,4_Male_Processes,Spermatogenesis & Motility,Sperm Flagellar & Nuclear Factors,No
,GFS34953.1,,,,,,,6669.EFX77941,38.8,2.93e-39,156.0,0.0,0.0,0.0,0.0,chorion peroxidase [Nephila pilipes],,"39XKB@33154,3BH0B@33208,3D1W5@33213,41VW7@6656,KOG2408@1,KOG2408@2759",An_peroxidase,0.0,0.0,3_Female_Processes,Oogenesis & Eggshell Assembly,Chorion & ZP Matrix,No
,GFS36266.1,G5I_08452,,,,,,103372.F4WRK0,36.8,1.38e-08,63.9,0.0,0.0,0.0,0.0,"vitellogenin, partial [Nephila pilipes]",,"38D8A@33154,3BCAR@33208,3CYWB@33213,3SJX5@50557,41XU6@6656,46GPJ@7399,KOG4338@1,KOG4338@2759","DUF1081,DUF1943,VWD,Vitellogenin_N",0.0,0.0,3_Female_Processes,Vitellogenesis & Egg Provisioning,Vitellogenin & Vg Receptor,No
,GFS36787.1,SKIV2L,ko:K12599,"map03018,ko03018",M00392,,"ko00000,ko01000,ko00001,ko03019,ko00002",28377.ENSACAP00000011800,69.0,9.07e-196,584.0,0.0,0.0,0.0,0.0,"helicase SKI2W, partial [Nephila pilipes]",,"38BTP@33154,3BFU2@33208,3CZ64@33213,48A6A@7711,48WZ6@7742,COG4581@1,KOG0947@2759","DEAD,DSHCT,Helicase_C,rRNA_proc-arch",0.0,0.0,2_Sex_Determination,Germline Stem Cell Maintenance,Vasa/Nanos/Piwi Complex,No
,GFS38724.1,107365753,,,,,,32264.tetur16g02240.1,37.7,7.52e-89,285.0,0.0,0.0,0.0,0.0,plasma kallikrein [Nephila pilipes],,"KOG1215@1,KOG1215@2759","CUB,Ldl_recept_a,Trypsin",0.0,0.0,3_Female_Processes,Vitellogenesis & Egg Provisioning,Vitellogenin & Vg Receptor,No
,GFS39564.1,,,,,,,126957.SMAR007623-PA,52.8,7.76e-222,647.0,0.0,0.0,0.0,0.0,probable ATP-dependent RNA helicase DDX27 [Nephila pilipes],,"38JKP@33154,3BBM8@33208,3CS0H@33213,41UKM@6656,COG0513@1,KOG0338@2759","DEAD,Helicase_C",0.0,0.0,2_Sex_Determination,Germline Stem Cell Maintenance,Vasa/Nanos/Piwi Complex,No
,GFS43194.1,LRP3,ko:K20050,,,,"ko04131,ko00000",8083.ENSXMAP00000012026,29.0,2.84e-31,135.0,0.0,0.0,0.0,0.0,low-density lipoprotein receptor-related protein 3 [Nephila pilipes],,"39U9W@33154,3BGTB@33208,3D28U@33213,487EC@7711,492IU@7742,4A5I3@7898,KOG1215@1,KOG1215@2759","CUB,Ldl_recept_a",0.0,0.0,3_Female_Processes,Vitellogenesis & Egg Provisioning,Vitellogenin & Vg Receptor,No
,GFS43980.1,,ko:K14034,"ko04214,map04214",,,"ko03000,ko03310,ko00001,ko00000",32264.tetur01g15140.1,73.5,4.83e-212,598.0,0.0,0.0,0.0,0.0,ecdysone receptor [Nephila pilipes],,"38H9G@33154,3BAC4@33208,3CX27@33213,41XF2@6656,KOG3575@1,KOG3575@2759","Hormone_recep,zf-C4",0.0,0.0,1_Endocrine_Signals,Nuclear Hormone Signaling,Ecdysteroid & JH Pathways,No
,GFS46673.1,,,,,,,126957.SMAR007442-PA,22.5,2.17e-99,367.0,0.0,0.0,0.0,0.0,apolipoprotein B-100 [Nephila pilipes],,"38F68@33154,3BG2U@33208,3CRK9@33213,41V3W@6656,KOG2344@1,KOG2344@2759,KOG4338@1,KOG4338@2759","DUF1943,Exo70,VWD,Vitellogenin_N",0.0,0.0,3_Female_Processes,Vitellogenesis & Egg Provisioning,Vitellogenin & Vg Receptor,No
,GFS46676.1,,,,,,,126957.SMAR004032-PA,26.4,8.37e-32,134.0,0.0,0.0,0.0,0.0,ATP-dependent RNA helicase DDX19A [Nephila pilipes],,"38BIT@33154,3BCN5@33208,3CU2C@33213,41V8G@6656,KOG0332@1,KOG0332@2759","DEAD,Helicase_C",0.0,0.0,2_Sex_Determination,Germline Stem Cell Maintenance,Vasa/Nanos/Piwi Complex,No
,GFS47149.1,Tmprss2,ko:K09633,"map05215,map05164,map05202,ko05164,ko05215,ko05202",,,"ko01002,ko01000,ko00001,ko00000",1026970.XP_008825630.1,33.5,2.71e-22,100.0,0.0,0.0,0.0,0.0,peptidase S1 domain-containing protein [Nephila pilipes],,"35HZH@314146,39TUQ@33154,3BCE1@33208,3CYRW@33213,3J2VG@40674,484X4@7711,48V8G@7742,4Q062@9989,COG5640@1,KOG3627@2759","Ldl_recept_a,SRCR_2,Trypsin",0.0,0.0,3_Female_Processes,Vitellogenesis & Egg Provisioning,Vitellogenin & Vg Receptor,No
,GFS47258.1,,,,,,,6500.XP_005089141.1,36.0,4.25e-36,147.0,0.0,0.0,0.0,0.0,acid-sensing ion channel 1 [Nephila pilipes],,"39U6J@33154,3BJ8Y@33208,3CTTA@33213,KOG1215@1,KOG1215@2759,KOG4294@1,KOG4294@2759","ASC,Ldl_recept_a",0.0,0.0,3_Female_Processes,Vitellogenesis & Egg Provisioning,Vitellogenin & Vg Receptor,No
,GFS49035.1,,,,,,,126957.SMAR005518-PA,69.7,2.3e-262,749.0,0.0,0.0,0.0,0.0,ATP-dependent RNA helicase DDX3Y [Nephila pilipes],,"38IV8@33154,3BEF3@33208,3CUJS@33213,41U49@6656,COG0513@1,KOG0335@2759","DEAD,Helicase_C",0.0,0.0,2_Sex_Determination,Germline Stem Cell Maintenance,Vasa/Nanos/Piwi Complex,No
,GFS49037.1,,,,,,,126957.SMAR005518-PA,70.2,4.9499999999999995e-263,750.0,0.0,0.0,0.0,0.0,ATP-dependent RNA helicase DDX3Y [Nephila pilipes],,"38IV8@33154,3BEF3@33208,3CUJS@33213,41U49@6656,COG0513@1,KOG0335@2759","DEAD,Helicase_C",0.0,0.0,2_Sex_Determination,Germline Stem Cell Maintenance,Vasa/Nanos/Piwi Complex,No
,GFS49039.1,,,,,,,126957.SMAR005518-PA,69.7,2.15e-262,749.0,0.0,0.0,0.0,0.0,ATP-dependent RNA helicase DDX3Y [Nephila pilipes],,"38IV8@33154,3BEF3@33208,3CUJS@33213,41U49@6656,COG0513@1,KOG0335@2759","DEAD,Helicase_C",0.0,0.0,2_Sex_Determination,Germline Stem Cell Maintenance,Vasa/Nanos/Piwi Complex,No
,GFS51756.1,107362871,,,,,,32264.tetur09g01640.1,40.4,4.2000000000000005e-36,160.0,0.0,0.0,0.0,0.0,transmembrane protease serine 6 [Nephila pilipes],,"39V2V@33154,3BKYT@33208,3CTTQ@33213,41XV0@6656,COG5640@1,KOG3509@1,KOG3509@2759,KOG3627@2759",Ldl_recept_a,0.0,0.0,3_Female_Processes,Vitellogenesis & Egg Provisioning,Vitellogenin & Vg Receptor,No
,GFS52310.1,,ko:K04307,"ko04080,map04080,ko04926,map04926",,,"ko04030,ko00001,ko00000",32264.tetur15g00150.1,64.2,2.64e-23,100.0,0.0,0.0,0.0,0.0,relaxin receptor 1 [Nephila pilipes],,"38CC3@33154,3BCC2@33208,3CZ7Q@33213,41VIZ@6656,COG4886@1,KOG0619@2759,KOG2087@1,KOG2087@2759","7tm_1,LRR_8,Ldl_recept_a",0.0,0.0,3_Female_Processes,Vitellogenesis & Egg Provisioning,Vitellogenin & Vg Receptor,No
,GFS52905.1,,,,,,,13249.RPRC000576-PA,41.8,7.419999999999999e-241,733.0,0.0,0.0,0.0,0.0,ALK tyrosine kinase receptor [Nephila pilipes],,"38FFY@33154,3BA0F@33208,3CSJG@33213,3E8ZZ@33342,3SIGS@50557,41VI1@6656,COG0515@1,KOG1095@2759","Gly_rich,Ldl_recept_a,MAM,Pkinase_Tyr",0.0,0.0,3_Female_Processes,Vitellogenesis & Egg Provisioning,Vitellogenin & Vg Receptor,No
,GFS54273.1,,ko:K13178,,,3.6.4.13,"ko01000,ko03041,ko00000",6669.EFX78251,78.5,3.01e-219,626.0,0.0,0.0,0.0,0.0,probable ATP-dependent RNA helicase DDX17 [Nephila pilipes],,"38D0V@33154,3BCQC@33208,3CTK2@33213,41TIS@6656,COG0513@1,KOG0331@2759","DEAD,Helicase_C",0.0,0.0,2_Sex_Determination,Germline Stem Cell Maintenance,Vasa/Nanos/Piwi Complex,No
,GFS54277.1,,,,,,,126957.SMAR007381-PA,66.7,4.48e-26,109.0,0.0,0.0,0.0,0.0,putative ATP-dependent RNA helicase DDX17 [Nephila pilipes],,"38D0V@33154,3BCQC@33208,3CTK2@33213,41TIS@6656,COG0513@1,KOG0331@2759,KOG3510@1,KOG3510@2759","Chromo,DEAD,Helicase_C",0.0,0.0,2_Sex_Determination,Germline Stem Cell Maintenance,Vasa/Nanos/Piwi Complex,No
,GFS54318.1,L798_13855,ko:K02156,"ko04320,map04320",,,"ko03036,ko00001,ko00000",136037.KDR12118,48.1,9.11e-284,818.0,0.0,0.0,0.0,0.0,piwi-like protein 2 [Nephila pilipes],,"38BVC@33154,3BG0U@33208,3CTIP@33213,3SHTP@50557,41UUJ@6656,KOG1042@1,KOG1042@2759","PAZ,Piwi",0.0,0.0,2_Sex_Determination,Germline Stem Cell Maintenance,Vasa/Nanos/Piwi Complex,No
,GFS54508.1,,,,,,,126957.SMAR009610-PA,44.4,4.28e-36,151.0,0.0,0.0,0.0,0.0,HMG domain-containing protein 4 [Nephila pilipes],,"28K2S@1,2QSH9@2759,38FBS@33154,3BDKF@33208,3CRSZ@33213,41XSH@6656",HMG_box,0.0,0.0,1_Endocrine_Signals,Sex Differentiation Regulators,Sox/Fox Transcription Factors,No
,GFS54753.1,,,,,,,6500.XP_005089141.1,35.7,2.27e-36,149.0,0.0,0.0,0.0,0.0,acid-sensing ion channel 4 [Nephila pilipes],,"39U6J@33154,3BJ8Y@33208,3CTTA@33213,KOG1215@1,KOG1215@2759,KOG4294@1,KOG4294@2759","ASC,Ldl_recept_a",0.0,0.0,3_Female_Processes,Vitellogenesis & Egg Provisioning,Vitellogenin & Vg Receptor,No
,GFS57743.1,,,,,,,126957.SMAR008886-PA,34.1,1.77e-31,129.0,0.0,0.0,0.0,0.0,solute carrier family 15 member 2 [Nephila pilipes],,"38GCY@33154,3B9YA@33208,3CWJ1@33213,41WN6@6656,COG3104@1,COG5190@1,KOG1215@1,KOG1215@2759,KOG1237@2759,KOG1605@2759,KOG1815@1,KOG1815@2759","IBR,Ldl_recept_b,NIF,PTR2",0.0,0.0,3_Female_Processes,Vitellogenesis & Egg Provisioning,Vitellogenin & Vg Receptor,No
,GFS60615.1,,,,,,,126957.SMAR004304-PA,68.0,0.0,984.0,0.0,0.0,0.0,0.0,ATP-dependent RNA helicase DDX42 [Nephila pilipes],,"38FER@33154,3BCBP@33208,3CW5F@33213,41YBK@6656,COG0513@1,KOG0339@2759","DEAD,Helicase_C",0.0,0.0,2_Sex_Determination,Germline Stem Cell Maintenance,Vasa/Nanos/Piwi Complex,No
,GFS60670.1,LOC412401,ko:K20053,,,,"ko04131,ko00000",7460.GB51642-PA,49.2,4.53e-141,440.0,0.0,0.0,0.0,0.0,low-density lipoprotein receptor [Nephila pilipes],,"38B6M@33154,3B9HR@33208,3CR8C@33213,3SFWB@50557,41VDA@6656,KOG1215@1,KOG1215@2759","EGF_CA,FXa_inhibition,Ldl_recept_a,Ldl_recept_b",0.0,0.0,3_Female_Processes,Vitellogenesis & Egg Provisioning,Vitellogenin & Vg Receptor,No
,GFS60672.1,LOC412401,ko:K20053,,,,"ko04131,ko00000",7460.GB51642-PA,51.0,4.310000000000001e-143,443.0,0.0,0.0,0.0,0.0,low-density lipoprotein receptor [Nephila pilipes],,"38B6M@33154,3B9HR@33208,3CR8C@33213,3SFWB@50557,41VDA@6656,KOG1215@1,KOG1215@2759","EGF_CA,FXa_inhibition,Ldl_recept_a,Ldl_recept_b",0.0,0.0,3_Female_Processes,Vitellogenesis & Egg Provisioning,Vitellogenin & Vg Receptor,No
,GFS63438.1,,,,,,,8090.ENSORLP00000001059,54.2,1.44e-31,120.0,0.0,0.0,0.0,0.0,"ATP-dependent RNA helicase DBP2, partial [Nephila pilipes]",,"38D0V@33154,3BCQC@33208,3CTK2@33213,48560@7711,48XRJ@7742,COG0513@1,KOG0331@2759",DEAD,0.0,0.0,2_Sex_Determination,Germline Stem Cell Maintenance,Vasa/Nanos/Piwi Complex,No
,GFS67394.1,BICC1,,,,,,9978.XP_004583635.1,30.7,5.34e-71,254.0,0.0,0.0,0.0,0.0,protein bicaudal C homolog 1-B [Nephila pilipes],,"35E0U@314146,38BCK@33154,3BI4S@33208,3CZ80@33213,3JB1S@40674,481R8@7711,492HP@7742,KOG2208@1,KOG2208@2759,KOG4374@1,KOG4374@2759","KH_1,SAM_1",0.0,0.0,2_Sex_Determination,Germline Stem Cell Maintenance,Vasa/Nanos/Piwi Complex,No
,GFS69256.1,,ko:K17820,"ko04621,map04621",,3.6.4.13,"ko03009,ko01000,ko00001,ko00000",10224.XP_002732327.2,51.9,1.8e-223,644.0,0.0,0.0,0.0,0.0,ATP-dependent RNA helicase DHX33 [Nephila pilipes],,"38GIR@33154,3BDEB@33208,3CZKZ@33213,COG1643@1,KOG0922@2759","DEAD,HA2,Helicase_C,OB_NTP_bind",0.0,0.0,2_Sex_Determination,Germline Stem Cell Maintenance,Vasa/Nanos/Piwi Complex,No
,GFS69426.1,,,,,,,126957.SMAR008886-PA,33.3,9.97e-32,131.0,0.0,0.0,0.0,0.0,"solute carrier family 15 member 2, partial [Nephila pilipes]",,"38GCY@33154,3B9YA@33208,3CWJ1@33213,41WN6@6656,COG3104@1,COG5190@1,KOG1215@1,KOG1215@2759,KOG1237@2759,KOG1605@2759,KOG1815@1,KOG1815@2759","IBR,Ldl_recept_b,NIF,PTR2",0.0,0.0,3_Female_Processes,Vitellogenesis & Egg Provisioning,Vitellogenin & Vg Receptor,No
,GFS70666.1,DDX52,ko:K14779,,,3.6.4.13,"ko03009,ko01000,ko00000",9823.ENSSSCP00000024158,54.8,7.37e-167,490.0,0.0,0.0,0.0,0.0,probable ATP-dependent RNA helicase DDX52 [Nephila pilipes],,"38DA6@33154,3BAWW@33208,3CUIV@33213,3JEZR@40674,48712@7711,492ZQ@7742,4IWBE@91561,KOG0344@1,KOG0344@2759","DEAD,Helicase_C",0.0,0.0,2_Sex_Determination,Germline Stem Cell Maintenance,Vasa/Nanos/Piwi Complex,No
,GFS71031.1,L798_08708,ko:K10901,"ko03440,map03460,ko03460,map03440","M00295,M00414",3.6.4.12,"ko03032,ko00001,ko01000,ko03400,ko00000,ko00002",136037.KDR23503,53.1,5.79e-234,719.0,0.0,0.0,0.0,0.0,bloom syndrome protein homolog [Nephila pilipes],,"38DX0@33154,3BCRK@33208,3CU2E@33213,3SGI0@50557,41WA0@6656,COG0514@1,KOG0351@2759","DEAD,HRDC,Helicase_C,RQC,RecQ_Zn_bind",0.0,0.0,2_Sex_Determination,Germline Stem Cell Maintenance,Vasa/Nanos/Piwi Complex,No
,GFS71035.1,L798_08708,ko:K10901,"ko03440,map03460,ko03460,map03440","M00295,M00414",3.6.4.12,"ko03032,ko00001,ko01000,ko03400,ko00000,ko00002",136037.KDR23503,53.1,4.87e-234,719.0,0.0,0.0,0.0,0.0,bloom syndrome protein homolog [Nephila pilipes],,"38DX0@33154,3BCRK@33208,3CU2E@33213,3SGI0@50557,41WA0@6656,COG0514@1,KOG0351@2759","DEAD,HRDC,Helicase_C,RQC,RecQ_Zn_bind",0.0,0.0,2_Sex_Determination,Germline Stem Cell Maintenance,Vasa/Nanos/Piwi Complex,No
,GFS71090.1,,,,,,,126957.SMAR004280-PA,40.4,4.92e-41,147.0,0.0,0.0,0.0,0.0,testis-expressed protein 264 [Nephila pilipes],,"2CCUJ@1,2S3D1@2759,39RGK@33154,3BA0I@33208,3CWI1@33213,421FA@6656",,0.0,0.0,4_Male_Processes,Spermatogenesis & Motility,Sperm Flagellar & Nuclear Factors,No
,GFS73623.1,,,,,,,7425.NV12697-PA,41.4,7.38e-136,421.0,0.0,0.0,0.0,0.0,enteropeptidase [Nephila pilipes],,"39W29@33154,3BFUR@33208,3D2B0@33213,3SIKY@50557,41TQW@6656,46E0F@7399,COG5640@1,KOG3577@1,KOG3577@2759,KOG3627@2759","Fz,Ldl_recept_a,SEA,Trypsin",0.0,0.0,3_Female_Processes,Vitellogenesis & Egg Provisioning,Vitellogenin & Vg Receptor,No
,GFS74194.1,,ko:K04550,"ko05010,map04979,map05144,ko04979,ko05144,map05010",,,"ko04131,ko00001,ko00000,ko04090,ko04516",10224.XP_002741307.1,52.7,1.63e-24,108.0,0.0,0.0,0.0,0.0,"low-density lipoprotein receptor-related protein 2, partial [Nephila pilipes]",,"38B6M@33154,3B9HR@33208,3CV9D@33213,KOG1215@1,KOG1215@2759","Ldl_recept_a,Ldl_recept_b,cEGF",0.0,0.0,3_Female_Processes,Vitellogenesis & Egg Provisioning,Vitellogenin & Vg Receptor,No
,GFS74351.1,8238882,,,,,,121225.PHUM027580-PA,56.3,2.57e-36,138.0,0.0,0.0,0.0,0.0,"chorion peroxidase, partial [Nephila pilipes]",,"38C9T@33154,3BEQJ@33208,3DFII@33213,3E9RZ@33342,3SZNE@50557,42A6X@6656,KOG2408@1,KOG2408@2759",An_peroxidase,0.0,0.0,3_Female_Processes,Oogenesis & Eggshell Assembly,Chorion & ZP Matrix,No
,GFS74354.1,L798_15448,ko:K14777,,,3.6.4.13,"ko03009,ko01000,ko00000",136037.KDR10427,80.2,1.05e-203,574.0,0.0,0.0,0.0,0.0,probable ATP-dependent RNA helicase DDX47 [Nephila pilipes],,"38BAD@33154,3B9V6@33208,3CVMI@33213,3SGGT@50557,41UQ0@6656,COG0513@1,KOG0330@2759","DEAD,Helicase_C",0.0,0.0,2_Sex_Determination,Germline Stem Cell Maintenance,Vasa/Nanos/Piwi Complex,No
,GFS75351.1,,ko:K04307,"ko04080,map04080,ko04926,map04926",,,"ko04030,ko00001,ko00000",32264.tetur15g00150.1,69.2,1.79e-160,483.0,0.0,0.0,0.0,0.0,relaxin receptor 2 [Nephila pilipes],,"38CC3@33154,3BCC2@33208,3CZ7Q@33213,41VIZ@6656,COG4886@1,KOG0619@2759,KOG2087@1,KOG2087@2759","7tm_1,LRR_8,Ldl_recept_a",0.0,0.0,3_Female_Processes,Vitellogenesis & Egg Provisioning,Vitellogenin & Vg Receptor,No
,GFS75354.1,,ko:K04307,"ko04080,map04080,ko04926,map04926",,,"ko04030,ko00001,ko00000",32264.tetur15g00150.1,63.0,1.48e-168,512.0,0.0,0.0,0.0,0.0,relaxin receptor 1 [Nephila pilipes],,"38CC3@33154,3BCC2@33208,3CZ7Q@33213,41VIZ@6656,COG4886@1,KOG0619@2759,KOG2087@1,KOG2087@2759","7tm_1,LRR_8,Ldl_recept_a",0.0,0.0,3_Female_Processes,Vitellogenesis & Egg Provisioning,Vitellogenin & Vg Receptor,No
,GFS76777.1,,ko:K20111,,,3.4.21.120,"ko01002,ko01000,ko00000",7739.XP_002596012.1,34.0,3.55e-42,162.0,0.0,0.0,0.0,0.0,ovochymase-1 [Nephila pilipes],,"38GGI@33154,3BHVY@33208,3CW68@33213,483YP@7711,COG5640@1,KOG1215@1,KOG1215@2759,KOG3627@2759","CUB,Ldl_recept_a,Trypsin",0.0,0.0,3_Female_Processes,Vitellogenesis & Egg Provisioning,Vitellogenin & Vg Receptor,No
,GFS76801.1,107364182,,,,,,32264.tetur11g04260.1,76.6,8.77e-34,131.0,0.0,0.0,0.0,0.0,chitin-binding type-2 domain-containing protein [Nephila pilipes],,"2CMKE@1,2QQP5@2759,38SXB@33154,3BG8X@33208,3D3DY@33213,41WKH@6656","CBM_14,Ldl_recept_a,Polysacc_deac_1",0.0,0.0,3_Female_Processes,Vitellogenesis & Egg Provisioning,Vitellogenin & Vg Receptor,No
,GFS76958.1,malrd1,,,,,,244447.XP_008332746.1,34.2,6.58e-29,121.0,0.0,0.0,0.0,0.0,"apical endosomal glycoprotein, partial [Nephila pilipes]",,"38GM4@33154,3BCUM@33208,3CYSX@33213,482CX@7711,492WU@7742,49V19@7898,COG0515@1,KOG1095@2759","Ldl_recept_a,MAM",0.0,0.0,3_Female_Processes,Vitellogenesis & Egg Provisioning,Vitellogenin & Vg Receptor,No
,GFS77132.1,TEX2,,,,,,482537.XP_008585974.1,31.6,3.8e-64,234.0,0.0,0.0,0.0,0.0,testis-expressed protein 2 [Nephila pilipes],,"359S6@314146,38FKV@33154,3BGXY@33208,3CT6V@33213,3J746@40674,4895G@7711,48X55@7742,KOG2238@1,KOG2238@2759",,0.0,0.0,4_Male_Processes,Spermatogenesis & Motility,Sperm Flagellar & Nuclear Factors,No
,GFS77136.1,mettl23,,,,,,244447.XP_008328634.1,44.4,1.5800000000000001e-58,192.0,0.0,0.0,0.0,0.0,methyltransferase-like protein 23 [Nephila pilipes],,"39G8V@33154,3BJHC@33208,3CWIP@33213,48B5G@7711,48ZVU@7742,4A0T8@7898,KOG2793@1,KOG2793@2759",Methyltransf_16,0.0,0.0,1_Endocrine_Signals,Nuclear Hormone Signaling,Ecdysteroid & JH Pathways,No
,GFS78873.1,Tmprss2,ko:K09633,"map05215,map05164,map05202,ko05164,ko05215,ko05202",,,"ko01002,ko01000,ko00001,ko00000",1026970.XP_008825630.1,33.5,7e-22,100.0,0.0,0.0,0.0,0.0,peptidase S1 domain-containing protein [Nephila pilipes],,"35HZH@314146,39TUQ@33154,3BCE1@33208,3CYRW@33213,3J2VG@40674,484X4@7711,48V8G@7742,4Q062@9989,COG5640@1,KOG3627@2759","Ldl_recept_a,SRCR_2,Trypsin",0.0,0.0,3_Female_Processes,Vitellogenesis & Egg Provisioning,Vitellogenin & Vg Receptor,No
,GFS79160.1,L798_00977,ko:K10730,,,3.6.4.12,"ko01000,ko03400,ko00000,ko03032",136037.KDR08798,43.7,9.959999999999999e-250,759.0,0.0,0.0,0.0,0.0,ATP-dependent DNA helicase Q4 [Nephila pilipes],,"38PEB@33154,3BAJ0@33208,3D0J9@33213,3SJRX@50557,41WRJ@6656,COG0514@1,KOG0351@2759","DEAD,Drc1-Sld2,Helicase_C,zf-CCHC",0.0,0.0,2_Sex_Determination,Germline Stem Cell Maintenance,Vasa/Nanos/Piwi Complex,No
,GFS79720.1,,,,,,,126957.SMAR007762-PA,43.7,1.5e-25,115.0,0.0,0.0,0.0,0.0,low-density lipoprotein receptor-related protein [Nephila pilipes],,"38YMI@33154,3BHTF@33208,3CRDU@33213,41VBJ@6656,KOG1215@1,KOG1215@2759",Ldl_recept_a,0.0,0.0,3_Female_Processes,Vitellogenesis & Egg Provisioning,Vitellogenin & Vg Receptor,No
,GFS79920.1,107371042,ko:K11296,,,,"ko04147,ko03036,ko00000",32264.tetur02g05880.1,61.8,4.35e-89,284.0,0.0,0.0,0.0,0.0,HMG box domain-containing protein [Nephila pilipes],,"3A6IH@33154,3BSUW@33208,3DAAR@33213,COG5648@1,KOG0381@2759",HMG_box,0.0,0.0,1_Endocrine_Signals,Sex Differentiation Regulators,Sox/Fox Transcription Factors,No
,GFS83001.1,,ko:K20096,,,3.6.4.13,"ko03009,ko01000,ko00000",10224.XP_006817035.1,38.1,5.98e-100,318.0,0.0,0.0,0.0,0.0,probable ATP-dependent RNA helicase DDX28 [Nephila pilipes],,"38CU3@33154,3BBD5@33208,3CSSF@33213,COG0513@1,KOG0330@2759","DEAD,Helicase_C",0.0,0.0,2_Sex_Determination,Germline Stem Cell Maintenance,Vasa/Nanos/Piwi Complex,No
,GFS83119.1,,ko:K13131,"ko03013,map03013",M00426,3.6.4.13,"ko00000,ko01000,ko00001,ko03041,ko00002",10224.XP_006821228.1,45.4,6.03e-104,358.0,0.0,0.0,0.0,0.0,"probable ATP-dependent RNA helicase DDX20, partial [Nephila pilipes]",,"38E1M@33154,3BE44@33208,3CRK0@33213,COG0513@1,KOG4284@2759","DEAD,Helicase_C",0.0,0.0,2_Sex_Determination,Germline Stem Cell Maintenance,Vasa/Nanos/Piwi Complex,No
,GFS83821.1,,,,,,,32264.tetur03g09690.1,95.2,1.14e-248,686.0,0.0,0.0,0.0,0.0,eukaryotic initiation factor 4A-III [Nephila pilipes],,"39J7A@33154,3CNWK@33208,3CZ1Y@33213,41U0G@6656,COG0513@1,KOG0328@2759","DEAD,Helicase_C",0.0,0.0,2_Sex_Determination,Germline Stem Cell Maintenance,Vasa/Nanos/Piwi Complex,No
,GFS84364.1,,,,,,,6500.XP_005105791.1,30.9,6.94e-16,83.2,0.0,0.0,0.0,0.0,"apical endosomal glycoprotein, partial [Nephila pilipes]",,"38GM4@33154,3BCUM@33208,3CYSX@33213,COG0515@1,KOG1095@2759","Ldl_recept_a,MAM",0.0,0.0,3_Female_Processes,Vitellogenesis & Egg Provisioning,Vitellogenin & Vg Receptor,No
,GFS84401.1,,ko:K04307,"ko04080,map04080,ko04926,map04926",,,"ko04030,ko00001,ko00000",32264.tetur15g00150.1,47.2,1.37e-31,131.0,0.0,0.0,0.0,0.0,g_PROTEIN_RECEP_F1_2 domain-containing protein [Nephila pilipes],,"38CC3@33154,3BCC2@33208,3CZ7Q@33213,41VIZ@6656,COG4886@1,KOG0619@2759,KOG2087@1,KOG2087@2759","7tm_1,LRR_8,Ldl_recept_a",0.0,0.0,3_Female_Processes,Vitellogenesis & Egg Provisioning,Vitellogenin & Vg Receptor,No
,GFS86969.1,L798_08472,ko:K12823,"map05205,map05202,map03040,ko03040,ko05205,ko05202",,3.6.4.13,"ko03009,ko01000,ko00001,ko03041,ko00000",136037.KDR17562,66.7,6.499999999999999e-105,316.0,0.0,0.0,0.0,0.0,"probable ATP-dependent RNA helicase DDX17, partial [Nephila pilipes]",,"38D0V@33154,3BCQC@33208,3CTK2@33213,3SK3F@50557,41TIS@6656,COG0513@1,KOG0331@2759",DEAD,0.0,0.0,2_Sex_Determination,Germline Stem Cell Maintenance,Vasa/Nanos/Piwi Complex,No
,GFS87254.1,100568841,,,,,,7029.ACYPI42586-PA,27.8,6.3099999999999995e-28,128.0,0.0,0.0,0.0,0.0,CUB domain-containing protein [Nephila pilipes],,"39XFA@33154,3BP1T@33208,3D5XF@33213,3SK8X@50557,41XZA@6656,KOG1215@1,KOG1215@2759",Ldl_recept_a,0.0,0.0,3_Female_Processes,Vitellogenesis & Egg Provisioning,Vitellogenin & Vg Receptor,No
,GFS87256.1,,,,,,,10224.XP_006821180.1,43.4,1.94e-56,205.0,0.0,0.0,0.0,0.0,TOX high mobility group box family member 4-B [Nephila pilipes],,"391XQ@33154,3BI3N@33208,3CVAM@33213,COG5648@1,KOG0381@2759",HMG_box,0.0,0.0,1_Endocrine_Signals,Sex Differentiation Regulators,Sox/Fox Transcription Factors,No
,GFS87258.1,,,,,,,132113.XP_003489714.1,48.2,3.16e-16,85.1,0.0,0.0,0.0,0.0,TOX high mobility group box family member 4 [Nephila pilipes],,"391XQ@33154,3BI3N@33208,3CVAM@33213,3SIRX@50557,41YII@6656,46FKT@7399,COG5648@1,KOG0381@2759",HMG_box,0.0,0.0,1_Endocrine_Signals,Sex Differentiation Regulators,Sox/Fox Transcription Factors,No
,GFS87989.1,,ko:K18408,,,3.6.4.13,"ko01000,ko03036,ko00000",10224.XP_006817051.1,40.1,7.25e-274,825.0,0.0,0.0,0.0,0.0,ATP-dependent RNA helicase TDRD9 [Nephila pilipes],,"38ETH@33154,3BAM8@33208,3CVBU@33213,COG1643@1,KOG0920@2759","DEAD,HA2,Helicase_C,TUDOR",0.0,0.0,2_Sex_Determination,Germline Stem Cell Maintenance,Vasa/Nanos/Piwi Complex,No
,GFS88312.1,,ko:K13179,,,3.6.4.13,"ko03009,ko01000,ko03041,ko00000",132113.XP_003489799.1,77.0,4.85e-241,676.0,0.0,0.0,0.0,0.0,ATP-dependent RNA helicase DDX18 [Nephila pilipes],,"38D7H@33154,3BCGU@33208,3CUVG@33213,3SJVC@50557,41TIG@6656,46KDN@7399,COG0513@1,KOG0342@2759","DEAD,DUF4217,Helicase_C",0.0,0.0,2_Sex_Determination,Germline Stem Cell Maintenance,Vasa/Nanos/Piwi Complex,No
,GFS88315.1,107369793,ko:K13179,,,3.6.4.13,"ko03009,ko01000,ko03041,ko00000",32264.tetur34g01050.1,62.1,7.11e-209,593.0,0.0,0.0,0.0,0.0,ATP-dependent RNA helicase DDX18 [Nephila pilipes],,"38D7H@33154,3BCGU@33208,3CUVG@33213,41TIG@6656,COG0513@1,KOG0342@2759","DEAD,DUF4217,Helicase_C",0.0,0.0,2_Sex_Determination,Germline Stem Cell Maintenance,Vasa/Nanos/Piwi Complex,No
,GFS88323.1,BICC1,,,,,,9978.XP_004583635.1,50.5,3.7e-122,387.0,0.0,0.0,0.0,0.0,protein bicaudal C homolog 1 [Nephila pilipes],,"35E0U@314146,38BCK@33154,3BI4S@33208,3CZ80@33213,3JB1S@40674,481R8@7711,492HP@7742,KOG2208@1,KOG2208@2759,KOG4374@1,KOG4374@2759","KH_1,SAM_1",0.0,0.0,2_Sex_Determination,Germline Stem Cell Maintenance,Vasa/Nanos/Piwi Complex,No
,GFS88436.1,107368470,,,,,,32264.tetur27g01310.1,36.6,1.49e-113,408.0,0.0,0.0,0.0,0.0,putative vitellogenin receptor [Nephila pilipes],,"39UY2@33154,3BCZA@33208,3CTZB@33213,41XKY@6656,KOG1215@1,KOG1215@2759","EGF,EGF_CA,FXa_inhibition,Ldl_recept_a,Ldl_recept_b",0.0,0.0,3_Female_Processes,Vitellogenesis & Egg Provisioning,Vitellogenin & Vg Receptor,No
,GFS88438.1,107368470,,,,,,32264.tetur27g01310.1,31.9,3.51e-73,263.0,0.0,0.0,0.0,0.0,putative vitellogenin receptor [Nephila pilipes],,"39UY2@33154,3BCZA@33208,3CTZB@33213,41XKY@6656,KOG1215@1,KOG1215@2759","EGF,EGF_CA,FXa_inhibition,Ldl_recept_a,Ldl_recept_b",0.0,0.0,3_Female_Processes,Vitellogenesis & Egg Provisioning,Vitellogenin & Vg Receptor,No
,GFS89063.1,METTL5,,,,,,9818.XP_007943273.1,54.9,2.7499999999999998e-67,213.0,0.0,0.0,0.0,0.0,rRNA N6-adenosine-methyltransferase METTL5 [Nephila pilipes],,"34TZA@311790,39RUZ@33154,3BJ3V@33208,3CUUP@33213,3J6QA@40674,4850Y@7711,492V4@7742,COG2263@1,KOG3420@2759",MTS,0.0,0.0,1_Endocrine_Signals,Nuclear Hormone Signaling,Ecdysteroid & JH Pathways,No
,GFS89232.1,,ko:K13178,,,3.6.4.13,"ko01000,ko03041,ko00000",7739.XP_002599469.1,65.8,6.879999999999999e-170,496.0,0.0,0.0,0.0,0.0,probable ATP-dependent RNA helicase DDX17 [Nephila pilipes],,"38D0V@33154,3BCQC@33208,3CTK2@33213,48560@7711,COG0513@1,KOG0331@2759","DEAD,Helicase_C",0.0,0.0,2_Sex_Determination,Germline Stem Cell Maintenance,Vasa/Nanos/Piwi Complex,No
,GFS89434.1,,,,,,,8153.XP_005952743.1,45.3,2.79e-77,267.0,0.0,0.0,0.0,0.0,WD repeat and HMG-box DNA-binding protein 1 [Nephila pilipes],,"38GB7@33154,3BAXM@33208,3CYSA@33213,482PE@7711,494A1@7742,49VU8@7898,KOG1274@1,KOG1274@2759","HMG_box,Mcl1_mid",0.0,0.0,1_Endocrine_Signals,Sex Differentiation Regulators,Sox/Fox Transcription Factors,No
,GFS89767.1,,,,,,,126957.SMAR002864-PA,52.2,2.87e-76,248.0,0.0,0.0,0.0,0.0,transcription factor SOX-9 [Nephila pilipes],,"39RQS@33154,3BAY0@33208,3CVYQ@33213,42A6F@6656,KOG0527@1,KOG0527@2759","HMG_box,Sox_N",0.0,0.0,1_Endocrine_Signals,Sex Differentiation Regulators,Sox/Fox Transcription Factors,No
,GFS90837.1,,,,,,,32264.tetur15g03390.1,36.7,2.57e-57,200.0,0.0,0.0,0.0,0.0,prolow-density lipoprotein receptor-related protein 1 [Nephila pilipes],,"38YMI@33154,3BHTF@33208,3CRDU@33213,41VBJ@6656,KOG1215@1,KOG1215@2759","EB,Ldl_recept_a",0.0,0.0,3_Female_Processes,Vitellogenesis & Egg Provisioning,Vitellogenin & Vg Receptor,No
,GFS91100.1,nid2,ko:K06826,,,,"ko04516,ko00000",8081.XP_008427970.1,34.1,1.98e-19,92.0,0.0,0.0,0.0,0.0,u24-ctenitoxin-Pn1a [Nephila pilipes],,"38HNZ@33154,3BBTR@33208,3CY69@33213,48A6D@7711,490QP@7742,49SM6@7898,COG2272@1,KOG1214@2759","EGF_3,EGF_CA,G2F,Ldl_recept_b,NIDO,Thyroglobulin_1",0.0,0.0,3_Female_Processes,Vitellogenesis & Egg Provisioning,Vitellogenin & Vg Receptor,No
,GFS91444.1,107359090,ko:K09268,,,,"ko03000,ko00000",32264.tetur03g02300.1,78.1,1.41e-48,176.0,0.0,0.0,0.0,0.0,transcription factor sem-2 [Nephila pilipes],,"3A3ZP@33154,3BRHW@33208,3DE55@33213,41Z6B@6656,KOG0527@1,KOG0527@2759",HMG_box,0.0,0.0,1_Endocrine_Signals,Sex Differentiation Regulators,Sox/Fox Transcription Factors,No
,GFS91463.1,,,,,,,126957.SMAR006046-PA,69.0,2.49e-152,451.0,0.0,0.0,0.0,0.0,ecdysone-induced protein 78C [Nephila pilipes],,"39MN7@33154,3CP8G@33208,3E5D0@33213,42AR9@6656,KOG3575@1,KOG3575@2759","Hormone_recep,zf-C4",0.0,0.0,1_Endocrine_Signals,Nuclear Hormone Signaling,Ecdysteroid & JH Pathways,No
,GFS92065.1,,,,,,,126957.SMAR009269-PA,46.6,5.2e-306,890.0,0.0,0.0,0.0,0.0,probable ATP-dependent RNA helicase DHX37 [Nephila pilipes],,"38F2Y@33154,3B9XP@33208,3CTRN@33213,41W9J@6656,COG1643@1,KOG0926@2759","DEAD,HA2,Helicase_C,OB_NTP_bind",0.0,0.0,2_Sex_Determination,Germline Stem Cell Maintenance,Vasa/Nanos/Piwi Complex,No
,GFS92981.1,BRIP1,ko:K15362,"ko03440,map03460,ko03460,map03440",,3.6.4.12,"ko03400,ko01000,ko00001,ko00000",38654.XP_006016125.1,40.1,2.54e-198,618.0,0.0,0.0,0.0,0.0,fanconi anemia group J protein [Nephila pilipes],,"38BE8@33154,3BBTE@33208,3CSUP@33213,485Y2@7711,492JF@7742,COG1199@1,KOG1132@2759","DEAD_2,Helicase_C_2",0.0,0.0,2_Sex_Determination,Germline Stem Cell Maintenance,Vasa/Nanos/Piwi Complex,No
,GFS92984.1,L798_07556,,,,,,136037.KDR18394,29.2,5.08e-99,346.0,0.0,0.0,0.0,0.0,CUB domain-containing protein [Nephila pilipes],,"28MQT@1,2QUJQ@2759,39U42@33154,3BKVF@33208,3D29M@33213,3SIFF@50557,41VB7@6656",Ldl_recept_a,0.0,0.0,3_Female_Processes,Vitellogenesis & Egg Provisioning,Vitellogenin & Vg Receptor,No
,GFS93766.1,znf259,ko:K06874,,,,ko00000,8364.ENSXETP00000008155,49.8,6.9399999999999985e-146,429.0,0.0,0.0,0.0,0.0,zinc finger protein ZPR1 [Nephila pilipes],,"38GCV@33154,3BCGS@33208,3CZEB@33213,48BN4@7711,498H8@7742,COG1779@1,KOG2703@2759",zf-ZPR1,0.0,0.0,3_Female_Processes,Oogenesis & Eggshell Assembly,Chorion & ZP Matrix,No
,GFS94158.1,TMPRSS9,,,,,,52644.XP_010579027.1,34.2,4.38e-09,63.2,0.0,0.0,0.0,0.0,tryptase beta-2 [Nephila pilipes],,"38CGF@33154,3BGUI@33208,3CRKT@33213,480CJ@7711,490QD@7742,4GMGA@8782,COG5640@1,KOG3627@2759","Ldl_recept_a,SEA,Trypsin",0.0,0.0,3_Female_Processes,Vitellogenesis & Egg Provisioning,Vitellogenin & Vg Receptor,No
,GFS94297.1,,,,,,,126957.SMAR003685-PA,61.9,1.86e-88,304.0,0.0,0.0,0.0,0.0,low-density lipoprotein receptor-related protein 4 [Nephila pilipes],,"38B6M@33154,3B9HR@33208,3CTYV@33213,41U3Q@6656,KOG1215@1,KOG1215@2759","FXa_inhibition,Ldl_recept_a,Ldl_recept_b",0.0,0.0,3_Female_Processes,Vitellogenesis & Egg Provisioning,Vitellogenin & Vg Receptor,No
,GFS94300.1,,,,,,,144197.XP_008304170.1,55.9,1.78e-186,582.0,0.0,0.0,0.0,0.0,low-density lipoprotein receptor-related protein 4 [Nephila pilipes],,"38B6M@33154,3B9HR@33208,3CTYV@33213,47YVC@7711,497BX@7742,49TNF@7898,KOG1215@1,KOG1215@2759","FXa_inhibition,Ldl_recept_b",0.0,0.0,3_Female_Processes,Vitellogenesis & Egg Provisioning,Vitellogenin & Vg Receptor,No
,GFS94662.1,,ko:K10902,,,3.6.4.12,"ko01000,ko03400,ko00000",6669.EFX87948,47.4,2.53e-169,526.0,0.0,0.0,0.0,0.0,ATP-dependent DNA helicase Q5 [Nephila pilipes],,"38CGB@33154,3BEZW@33208,3CZMV@33213,41WXY@6656,COG0514@1,KOG0352@2759","DEAD,Helicase_C,RecQ_Zn_bind",0.0,0.0,2_Sex_Determination,Germline Stem Cell Maintenance,Vasa/Nanos/Piwi Complex,No
,GFS94711.1,PMS1,ko:K10864,,,,"ko03400,ko00000",72004.XP_005889592.1,30.1,8.27e-111,372.0,0.0,0.0,0.0,0.0,PMS1 protein homolog 1 [Nephila pilipes],,"39B47@33154,3BBH1@33208,3CVJ7@33213,3J8X3@40674,485CF@7711,494Z0@7742,4J3JC@91561,COG0323@1,KOG1978@2759","DNA_mis_repair,HATPase_c_3,HMG_box",0.0,0.0,1_Endocrine_Signals,Sex Differentiation Regulators,Sox/Fox Transcription Factors,No
,GFS94722.1,,,,,,,6326.BUX.s00600.53,70.2,5.8600000000000005e-37,143.0,0.0,0.0,0.0,0.0,transcription factor sem-2 [Nephila pilipes],,"1KW40@119089,3A3ZP@33154,3BRHW@33208,3DE55@33213,40DND@6231,KOG0527@1,KOG0527@2759",HMG_box,0.0,0.0,1_Endocrine_Signals,Sex Differentiation Regulators,Sox/Fox Transcription Factors,No
,GFS94862.1,v1g193237,,,,,,45351.EDO33125,37.3,0.000842,49.7,0.0,0.0,0.0,0.0,latent-transforming growth factor beta-binding protein 2 [Nephila pilipes],,"38HNZ@33154,3BBTR@33208,COG2272@1,KOG1214@2759","EGF_CA,EGF_MSP1_1,Ldl_recept_b",0.0,0.0,3_Female_Processes,Vitellogenesis & Egg Provisioning,Vitellogenin & Vg Receptor,No
,GFS95341.1,,,,,,,126957.SMAR012236-PA,50.6,1.94e-275,887.0,0.0,0.0,0.0,0.0,low-density lipoprotein receptor-related protein 2 [Nephila pilipes],,"38B6M@33154,3B9HR@33208,3CV9D@33213,41XNN@6656,KOG1215@1,KOG1215@2759","EGF_CA,FXa_inhibition,Ldl_recept_a,Ldl_recept_b",0.0,0.0,3_Female_Processes,Vitellogenesis & Egg Provisioning,Vitellogenin & Vg Receptor,No
,GFS95342.1,,,,,,,126957.SMAR012236-PA,49.6,4.8e-249,812.0,0.0,0.0,0.0,0.0,low-density lipoprotein receptor-related protein 2 [Nephila pilipes],,"38B6M@33154,3B9HR@33208,3CV9D@33213,41XNN@6656,KOG1215@1,KOG1215@2759","EGF_CA,FXa_inhibition,Ldl_recept_a,Ldl_recept_b",0.0,0.0,3_Female_Processes,Vitellogenesis & Egg Provisioning,Vitellogenin & Vg Receptor,No
,GFS95344.1,,ko:K04550,"ko05010,map04979,map05144,ko04979,ko05144,map05010",,,"ko04131,ko00001,ko00000,ko04090,ko04516",6669.EFX73914,58.3,2.53e-14,76.6,0.0,0.0,0.0,0.0,low-density lipoprotein receptor-related protein 1 [Nephila pilipes],,"38B6M@33154,3B9HR@33208,3CV9D@33213,41XNN@6656,KOG1215@1,KOG1215@2759","EGF,EGF_CA,FXa_inhibition,Ldl_recept_a,Ldl_recept_b",0.0,0.0,3_Female_Processes,Vitellogenesis & Egg Provisioning,Vitellogenin & Vg Receptor,No
,GFS95346.1,,ko:K04550,"ko05010,map04979,map05144,ko04979,ko05144,map05010",,,"ko04131,ko00001,ko00000,ko04090,ko04516",6669.EFX73914,47.0,0.0,2044.0,0.0,0.0,0.0,0.0,prolow-density lipoprotein receptor-related protein 1 [Nephila pilipes],,"38B6M@33154,3B9HR@33208,3CV9D@33213,41XNN@6656,KOG1215@1,KOG1215@2759","EGF,EGF_CA,FXa_inhibition,Ldl_recept_a,Ldl_recept_b",0.0,0.0,3_Female_Processes,Vitellogenesis & Egg Provisioning,Vitellogenin & Vg Receptor,No
,GFS95631.1,mettl6,ko:K00599,,,,"ko01000,ko00000",8364.ENSXETP00000027441,62.8,3.78e-115,340.0,0.0,0.0,0.0,0.0,tRNA N(3)-methylcytidine methyltransferase METTL6 [Nephila pilipes],,"38CN0@33154,3BCF5@33208,3CSAG@33213,4819Y@7711,48YE6@7742,KOG2361@1,KOG2361@2759",Methyltransf_12,0.0,0.0,1_Endocrine_Signals,Nuclear Hormone Signaling,Ecdysteroid & JH Pathways,No
,GFS97012.1,,,,,,,7739.XP_002599303.1,40.9,1.09e-149,453.0,0.0,0.0,0.0,0.0,protein ecdysoneless homolog [Nephila pilipes],,"38H0J@33154,3BDYG@33208,3CXQ1@33213,485B8@7711,KOG2406@1,KOG2406@2759",SGT1,0.0,0.0,1_Endocrine_Signals,Nuclear Hormone Signaling,Ecdysteroid & JH Pathways,No
,GFS99264.1,,,,,,,126957.SMAR006548-PA,87.1,0.0,1216.0,0.0,0.0,0.0,0.0,pre-mRNA-splicing factor ATP-dependent RNA helicase DHX15 [Nephila pilipes],,"3API8@33154,3CNW1@33208,3E522@33213,41V8U@6656,COG1643@1,KOG0925@2759","DEAD,HA2,Helicase_C,OB_NTP_bind",0.0,0.0,2_Sex_Determination,Germline Stem Cell Maintenance,Vasa/Nanos/Piwi Complex,No
,GFS99266.1,,,,,,,126957.SMAR006548-PA,87.1,0.0,1216.0,0.0,0.0,0.0,0.0,pre-mRNA-splicing factor ATP-dependent RNA helicase DHX15 [Nephila pilipes],,"3API8@33154,3CNW1@33208,3E522@33213,41V8U@6656,COG1643@1,KOG0925@2759","DEAD,HA2,Helicase_C,OB_NTP_bind",0.0,0.0,2_Sex_Determination,Germline Stem Cell Maintenance,Vasa/Nanos/Piwi Complex,No
,GFS99779.1,,,,,,,6669.EFX64854,53.6,0.0,1697.0,0.0,0.0,0.0,0.0,CD109 antigen [Nephila pilipes],,"38DGN@33154,3BCF2@33208,3CTZZ@33213,41VIF@6656,COG2373@1,KOG1366@2759","A2M,A2M_N,A2M_N_2,A2M_comp,A2M_recep,Ldl_recept_a,Thiol-ester_cl",0.0,0.0,3_Female_Processes,Vitellogenesis & Egg Provisioning,Vitellogenin & Vg Receptor,No
,GFS99785.1,,,,,,,126957.SMAR006549-PA,58.8,6.6e-217,619.0,0.0,0.0,0.0,0.0,probable ATP-dependent RNA helicase DDX56 [Nephila pilipes],,"38EDC@33154,3B9M6@33208,3CUFV@33213,41WZE@6656,COG0513@1,KOG0346@2759","DEAD,Helicase_C",0.0,0.0,2_Sex_Determination,Germline Stem Cell Maintenance,Vasa/Nanos/Piwi Complex,No
,GFT00058.1,,,,,,,32264.tetur20g01230.1,40.9,4.01e-36,140.0,0.0,0.0,0.0,0.0,"vitellogenin, partial [Nephila pilipes]",,"38D8A@33154,3BCAR@33208,3CYWB@33213,41XU6@6656,KOG4338@1,KOG4338@2759","DUF1081,DUF1943,VWD,Vitellogenin_N",0.0,0.0,3_Female_Processes,Vitellogenesis & Egg Provisioning,Vitellogenin & Vg Receptor,No
,GFT00095.1,kiaa0020,,,,,,144197.XP_008297177.1,38.3,5.67e-07,53.9,0.0,0.0,0.0,0.0,"pumilio domain-containing protein, partial [Nephila pilipes]",,"38B4G@33154,3BBS3@33208,3CWVA@33213,4892B@7711,49628@7742,49SPT@7898,KOG2050@1,KOG2050@2759",CPL,0.0,0.0,2_Sex_Determination,Germline Stem Cell Maintenance,Vasa/Nanos/Piwi Complex,No
,GFT01613.1,,,,,,,32264.tetur03g07740.1,47.9,4.6300000000000006e-192,566.0,0.0,0.0,0.0,0.0,chorion peroxidase [Nephila pilipes],,"38C9T@33154,3BEQJ@33208,3CRD4@33213,KOG2408@1,KOG2408@2759",An_peroxidase,0.0,0.0,3_Female_Processes,Oogenesis & Eggshell Assembly,Chorion & ZP Matrix,No
,GFT02491.1,8238500,ko:K18756,,,,"ko03019,ko00000",121225.PHUM202090-PA,32.2,3.13e-14,81.6,0.0,0.0,0.0,0.0,"protein bicaudal C 1, partial [Nephila pilipes]",,"38BCK@33154,3BI4S@33208,3CZ80@33213,3E9G9@33342,3SGN3@50557,41XFH@6656,KOG2208@1,KOG2208@2759,KOG4374@1,KOG4374@2759","KH_1,SAM_1",0.0,0.0,2_Sex_Determination,Germline Stem Cell Maintenance,Vasa/Nanos/Piwi Complex,No
,GFT06856.1,Tmprss2,ko:K09633,"map05215,map05164,map05202,ko05164,ko05215,ko05202",,,"ko01002,ko01000,ko00001,ko00000",1026970.XP_008825630.1,33.5,2.71e-22,100.0,0.0,0.0,0.0,0.0,peptidase S1 domain-containing protein [Nephila pilipes],,"35HZH@314146,39TUQ@33154,3BCE1@33208,3CYRW@33213,3J2VG@40674,484X4@7711,48V8G@7742,4Q062@9989,COG5640@1,KOG3627@2759","Ldl_recept_a,SRCR_2,Trypsin",0.0,0.0,3_Female_Processes,Vitellogenesis & Egg Provisioning,Vitellogenin & Vg Receptor,No
,GFT08744.1,L798_08976,ko:K13025,"map03040,map03013,ko03040,map03015,ko03013,ko03015",M00430,3.6.4.13,"ko03019,ko03009,ko01000,ko03041,ko03012,ko00001,ko00000,ko00002",136037.KDR24148,79.5,1.25e-14,72.8,0.0,0.0,0.0,0.0,"eukaryotic initiation factor 4A-III, partial [Nephila pilipes]",,"39J7A@33154,3CNWK@33208,3CZ1Y@33213,3SKC3@50557,41U0G@6656,COG0513@1,KOG0328@2759","DEAD,Helicase_C",0.0,0.0,2_Sex_Determination,Germline Stem Cell Maintenance,Vasa/Nanos/Piwi Complex,No
,GFT09438.1,,,,,,,126957.SMAR002676-PA,66.8,0.0,1175.0,0.0,0.0,0.0,0.0,probable ATP-dependent RNA helicase DDX46 [Nephila pilipes],,"38VUQ@33154,3BBVJ@33208,3CURF@33213,41TMV@6656,COG0513@1,KOG0334@2759","DEAD,Helicase_C",0.0,0.0,2_Sex_Determination,Germline Stem Cell Maintenance,Vasa/Nanos/Piwi Complex,No
,GFT10305.1,BICC1,,,,,,9978.XP_004583635.1,30.7,5.34e-71,254.0,0.0,0.0,0.0,0.0,protein bicaudal C homolog 1-B [Nephila pilipes],,"35E0U@314146,38BCK@33154,3BI4S@33208,3CZ80@33213,3JB1S@40674,481R8@7711,492HP@7742,KOG2208@1,KOG2208@2759,KOG4374@1,KOG4374@2759","KH_1,SAM_1",0.0,0.0,2_Sex_Determination,Germline Stem Cell Maintenance,Vasa/Nanos/Piwi Complex,No
,GFT12991.1,sox-3,ko:K09267,,,,"ko03000,ko00000",6239.F40E10.2,58.8,4.28e-47,162.0,0.0,0.0,0.0,0.0,transcription factor SOX-2 [Nephila pilipes],"C|GO:0005575|IEA,C|GO:0005622|IEA,C|GO:0005623|IEA,C|GO:0005634|IEA,C|GO:0043226|IEA,C|GO:0043227|IEA,C|GO:0043229|IEA,C|GO:0043231|IEA,C|GO:0044424|IEA,C|GO:0044464|IEA,F|GO:0003674|IEA,F|GO:0003674|ISS,F|GO:0003676|IEA,F|GO:0003676|ISS,F|GO:0003677|IEA,F|GO:0003677|ISS,F|GO:0005488|IEA,F|GO:0005488|ISS,F|GO:0043565|ISS,F|GO:0097159|IEA,F|GO:0097159|ISS,F|GO:1901363|IEA,F|GO:1901363|ISS","1KZB0@119089,39KUB@33154,3BEH8@33208,3CW0A@33213,40DT2@6231,410P8@6236,KOG0527@1,KOG0527@2759",HMG_box,0.0,0.0,1_Endocrine_Signals,Sex Differentiation Regulators,Sox/Fox Transcription Factors,No
,GFT13178.1,L798_13620,ko:K20101,,,3.6.4.13,"ko01000,ko03019,ko00000",136037.KDR11967,58.0,4.61e-298,894.0,0.0,0.0,0.0,0.0,probable ATP-dependent RNA helicase DHX34 [Nephila pilipes],,"38BD3@33154,3B9GM@33208,3CV48@33213,3SK6Y@50557,41YEP@6656,COG1643@1,KOG0922@2759","DEAD,HA2,Helicase_C,OB_NTP_bind",0.0,0.0,2_Sex_Determination,Germline Stem Cell Maintenance,Vasa/Nanos/Piwi Complex,No
,GFT15854.1,,,,,,,6500.XP_005092542.1,56.3,1.11e-292,837.0,0.0,0.0,0.0,0.0,spermatogenesis-associated protein 20 [Nephila pilipes],,"38VM1@33154,3BDEY@33208,3CTDG@33213,COG1331@1,KOG2244@2759",Thioredox_DsbH,0.0,0.0,4_Male_Processes,Spermatogenesis & Motility,Sperm Flagellar & Nuclear Factors,No
,GFT16441.1,,,,,,,10228.TriadP59472,28.1,0.0,1574.0,0.0,0.0,0.0,0.0,"MAM and LDL-receptor class A domain-containing protein 2, partial [Nephila pilipes]",,"38GM4@33154,3BCUM@33208,COG0515@1,COG5640@1,KOG1095@2759,KOG3627@2759","Kringle,Ldl_recept_a,MAM",0.0,0.0,3_Female_Processes,Vitellogenesis & Egg Provisioning,Vitellogenin & Vg Receptor,No
,GFT17019.1,Mettl7a,,,,,,10029.XP_007618079.1,38.2,3.1400000000000004e-43,154.0,0.0,0.0,0.0,0.0,methyltransferase-like protein 7A [Nephila pilipes],,"3598K@314146,38HFJ@33154,3BC4D@33208,3CWGX@33213,3JCHF@40674,48680@7711,494EY@7742,4Q9H6@9989,COG0500@1,KOG4300@2759",Methyltransf_11,0.0,0.0,1_Endocrine_Signals,Nuclear Hormone Signaling,Ecdysteroid & JH Pathways,No
,GFT17544.1,METTL7A,,,,,,9978.XP_004599023.1,40.0,2.5600000000000003e-22,97.4,0.0,0.0,0.0,0.0,methyltransferase-like protein 7A [Nephila pilipes],,"3598K@314146,38HFJ@33154,3BC4D@33208,3CWGX@33213,3JCHF@40674,48680@7711,494EY@7742,COG0500@1,KOG4300@2759",Methyltransf_11,0.0,0.0,1_Endocrine_Signals,Nuclear Hormone Signaling,Ecdysteroid & JH Pathways,No
,GFT18088.1,HFM1,ko:K15271,,,3.6.4.12,"ko01000,ko03400,ko00000",9778.XP_004378784.1,50.3,2.46e-300,882.0,0.0,0.0,0.0,0.0,probable ATP-dependent DNA helicase HFM1 [Nephila pilipes],,"34WPQ@311790,38FIN@33154,3B9KD@33208,3CWXZ@33213,3J8ZP@40674,4865P@7711,48WVD@7742,COG1204@1,KOG0952@2759","DEAD,Helicase_C,Sec63",0.0,0.0,2_Sex_Determination,Germline Stem Cell Maintenance,Vasa/Nanos/Piwi Complex,No
,GFT18118.1,,,,,,,32264.tetur21g01660.1,57.3,0.0,3456.0,0.0,0.0,0.0,0.0,cubilin [Nephila pilipes],,"38BUP@33154,3BIYB@33208,3D0JJ@33213,41U7I@6656,KOG1217@1,KOG1217@2759","CUB,EGF,EGF_CA,Ephrin_rec_like,F5_F8_type_C,HYR,Laminin_G_3,Ldl_recept_a,Sushi,hEGF",0.0,0.0,3_Female_Processes,Vitellogenesis & Egg Provisioning,Vitellogenin & Vg Receptor,No
,GFT19743.1,8238500,ko:K18756,,,,"ko03019,ko00000",121225.PHUM202090-PA,32.2,3.13e-14,81.6,0.0,0.0,0.0,0.0,"protein bicaudal C 1, partial [Nephila pilipes]",,"38BCK@33154,3BI4S@33208,3CZ80@33213,3E9G9@33342,3SGN3@50557,41XFH@6656,KOG2208@1,KOG2208@2759,KOG4374@1,KOG4374@2759","KH_1,SAM_1",0.0,0.0,2_Sex_Determination,Germline Stem Cell Maintenance,Vasa/Nanos/Piwi Complex,No
,GFT20530.1,,,,,,,10042.XP_006979266.1,36.1,1.71e-27,122.0,0.0,0.0,0.0,0.0,kunitz-type protease inhibitor 1 [Nephila pilipes],,"35FNN@314146,38H0X@33154,3BC8K@33208,3CTKT@33213,3JEAR@40674,4835I@7711,490IE@7742,4Q0CI@9989,KOG4295@1,KOG4295@2759","Kunitz_BPTI,Ldl_recept_a,MANEC",0.0,0.0,3_Female_Processes,Vitellogenesis & Egg Provisioning,Vitellogenin & Vg Receptor,No
,GFT20659.1,,ko:K20051,,,,"ko04131,ko00000",32264.tetur10g00910.1,60.9,1.24e-11,73.6,0.0,0.0,0.0,0.0,"low-density lipoprotein receptor-related protein 4, partial [Nephila pilipes]",,"38B6M@33154,3B9HR@33208,3CTYV@33213,41U3Q@6656,KOG1215@1,KOG1215@2759","FXa_inhibition,Ldl_recept_a,Ldl_recept_b,cEGF",0.0,0.0,3_Female_Processes,Vitellogenesis & Egg Provisioning,Vitellogenin & Vg Receptor,No
,GFT23397.1,,,,,,,126957.SMAR000843-PA,77.9,0.0,925.0,0.0,0.0,0.0,0.0,probable ATP-dependent RNA helicase DDX41 [Nephila pilipes],,"38GDA@33154,3BA9K@33208,3CSBN@33213,41UQM@6656,KOG0341@1,KOG0341@2759","DEAD,Helicase_C",0.0,0.0,2_Sex_Determination,Germline Stem Cell Maintenance,Vasa/Nanos/Piwi Complex,No
,GFT23490.1,,ko:K12598,"map03018,ko03018",M00393,3.6.4.13,"ko03019,ko00000,ko03009,ko01000,ko03041,ko00001,ko03016,ko00002",10224.XP_006825596.1,68.7,0.0,1405.0,0.0,0.0,0.0,0.0,exosome RNA helicase MTR4 [Nephila pilipes],,"38Y04@33154,3BBAD@33208,3CRCJ@33213,COG4581@1,KOG0948@2759","DEAD,DSHCT,Helicase_C,rRNA_proc-arch",0.0,0.0,2_Sex_Determination,Germline Stem Cell Maintenance,Vasa/Nanos/Piwi Complex,No
,GFT24140.1,,,,,,,32264.tetur03g07740.1,47.4,9.110000000000001e-172,514.0,0.0,0.0,0.0,0.0,"chorion peroxidase, partial [Nephila pilipes]",,"38C9T@33154,3BEQJ@33208,3CRD4@33213,KOG2408@1,KOG2408@2759",An_peroxidase,0.0,0.0,3_Female_Processes,Oogenesis & Eggshell Assembly,Chorion & ZP Matrix,No
,GFT25175.1,,ko:K13178,,,3.6.4.13,"ko01000,ko03041,ko00000",6669.EFX78251,75.0,7.1400000000000014e-37,136.0,0.0,0.0,0.0,0.0,"probable ATP-dependent RNA helicase DDX17, partial [Nephila pilipes]",,"38D0V@33154,3BCQC@33208,3CTK2@33213,41TIS@6656,COG0513@1,KOG0331@2759","DEAD,Helicase_C",0.0,0.0,2_Sex_Determination,Germline Stem Cell Maintenance,Vasa/Nanos/Piwi Complex,No
,GFT25177.1,,,,,,,8090.ENSORLP00000001059,53.2,1.46e-31,120.0,0.0,0.0,0.0,0.0,ATP-dependent RNA helicase DBP2 [Nephila pilipes],,"38D0V@33154,3BCQC@33208,3CTK2@33213,48560@7711,48XRJ@7742,COG0513@1,KOG0331@2759",DEAD,0.0,0.0,2_Sex_Determination,Germline Stem Cell Maintenance,Vasa/Nanos/Piwi Complex,No
,GFT26137.1,,,,,,,34740.HMEL016514-PA,31.8,4.87e-89,310.0,0.0,0.0,0.0,0.0,serine protease nudel [Nephila pilipes],,"39S22@33154,3BM02@33208,3D25I@33213,3SHHE@50557,41UN9@6656,441ZM@7088,COG5640@1,KOG3627@2759","Ldl_recept_a,Trypsin",0.0,0.0,3_Female_Processes,Vitellogenesis & Egg Provisioning,Vitellogenin & Vg Receptor,No
,GFT27168.1,,,,,,,6669.EFX79036,39.8,2.3700000000000003e-79,263.0,0.0,0.0,0.0,0.0,neuropilin and tolloid-like protein 1 [Nephila pilipes],,"2CNFZ@1,2QW0Z@2759,38HGS@33154,3BGBN@33208,3D3DA@33213,41VA4@6656","CUB,Ldl_recept_a",0.0,0.0,3_Female_Processes,Vitellogenesis & Egg Provisioning,Vitellogenin & Vg Receptor,No
,GFT28659.1,,ko:K09614,,,,"ko01002,ko01000,ko00000",32264.tetur10g05360.1,53.9,3.9399999999999998e-205,595.0,0.0,0.0,0.0,0.0,enteropeptidase [Nephila pilipes],,"38BVI@33154,3BD5I@33208,3CT7P@33213,41XJG@6656,COG5640@1,KOG3577@1,KOG3577@2759,KOG3627@2759","Fz,Ldl_recept_a,SRCR_2,Trypsin",0.0,0.0,3_Female_Processes,Vitellogenesis & Egg Provisioning,Vitellogenin & Vg Receptor,No
,GFT29196.1,,,,,,,126957.SMAR002496-PA,63.2,4.33e-20,97.4,0.0,0.0,0.0,0.0,doublesex- and mab-3-related transcription factor 3 [Nephila pilipes],,"3A5Z1@33154,3BSZY@33208,3D9NA@33213,420PV@6656,KOG3815@1,KOG3815@2759",DM,0.0,0.0,2_Sex_Determination,Sex Determination Cascade,Dsx/Tra/Fem Axis,No
,GFT29200.1,,,,,,,69319.XP_008552718.1,49.5,2.04e-19,95.5,0.0,0.0,0.0,0.0,doublesex- and mab-3-related transcription factor 3 [Nephila pilipes],,"38H54@33154,3BCWT@33208,3CXFZ@33213,3SI46@50557,41YZP@6656,46KFE@7399,KOG3815@1,KOG3815@2759",DM,0.0,0.0,2_Sex_Determination,Sex Determination Cascade,Dsx/Tra/Fem Axis,No
,GFT29202.1,20196528,,,,,,6412.HelroP138776,64.8,7.32e-13,71.2,0.0,0.0,0.0,0.0,doublesex-and mab-3-related transcription factor A2 [Nephila pilipes],,"KOG3815@1,KOG3815@2759",DM,0.0,0.0,2_Sex_Determination,Sex Determination Cascade,Dsx/Tra/Fem Axis,No
,GFT31698.1,,ko:K18655,,,3.6.4.13,"ko01000,ko03019,ko00000",7425.NV18752-PA,63.5,4.18e-194,557.0,0.0,0.0,0.0,0.0,DEAD-box helicase Dbp80 [Nephila pilipes],,"38BIT@33154,3BCN5@33208,3CU2C@33213,3SHVD@50557,41V8G@6656,46ES7@7399,KOG0332@1,KOG0332@2759","DEAD,Helicase_C",0.0,0.0,2_Sex_Determination,Germline Stem Cell Maintenance,Vasa/Nanos/Piwi Complex,No
,GFT32063.1,107361749,,,,,,32264.tetur07g01720.1,56.3,1.26e-208,635.0,0.0,0.0,0.0,0.0,g-protein coupled receptor GRL101 [Nephila pilipes],,"38CC3@33154,3BCC2@33208,3CZ7Q@33213,41VIZ@6656,COG4886@1,KOG1215@1,KOG1215@2759,KOG2087@1,KOG2087@2759,KOG3714@1,KOG3714@2759,KOG4237@2759","7tm_1,CUB,LRR_8,Ldl_recept_a,Lectin_C",0.0,0.0,3_Female_Processes,Vitellogenesis & Egg Provisioning,Vitellogenin & Vg Receptor,No
,GFT32179.1,Mettl7a,,,,,,10160.XP_004637870.1,35.8,1.5199999999999996e-34,131.0,0.0,0.0,0.0,0.0,"methyltransferase-like protein 7B, partial [Nephila pilipes]",,"3598K@314146,38HFJ@33154,3BC4D@33208,3CWGX@33213,3JCHF@40674,48680@7711,494EY@7742,4Q9H6@9989,COG0500@1,KOG4300@2759",Methyltransf_11,0.0,0.0,1_Endocrine_Signals,Nuclear Hormone Signaling,Ecdysteroid & JH Pathways,No
,GFT32383.1,metK,ko:K00789,"map01100,map01110,ko01110,map00270,ko01100,ko01230,map01230,ko00270","M00034,M00035,M00368,M00609",2.5.1.6,"ko01000,ko00001,ko00000,ko00002",163164.WD_0136,95.5,4.38e-266,740.0,0.0,0.0,0.0,0.0,s-adenosylmethionine synthase [Nephila pilipes],,"1MUFQ@1224,2TR4P@28211,47F4B@766,COG0192@1,COG0192@2","S-AdoMet_synt_C,S-AdoMet_synt_M,S-AdoMet_synt_N",0.0,0.0,1_Endocrine_Signals,Nuclear Hormone Signaling,Ecdysteroid & JH Pathways,No
,GFT32555.1,,,,,,,126957.SMAR012049-PA,53.6,4.56e-98,315.0,0.0,0.0,0.0,0.0,transcription factor Sox-6 [Nephila pilipes],,"38J4G@33154,3BD9T@33208,3CSUD@33213,41W4C@6656,KOG0527@1,KOG0528@2759",HMG_box,0.0,0.0,1_Endocrine_Signals,Sex Differentiation Regulators,Sox/Fox Transcription Factors,No
,GFT32557.1,,,,,,,126957.SMAR012049-PA,52.5,6.44e-97,313.0,0.0,0.0,0.0,0.0,transcription factor SOX-5 [Nephila pilipes],,"38J4G@33154,3BD9T@33208,3CSUD@33213,41W4C@6656,KOG0527@1,KOG0528@2759",HMG_box,0.0,0.0,1_Endocrine_Signals,Sex Differentiation Regulators,Sox/Fox Transcription Factors,No
,GFT32743.1,,,,,,,69319.XP_008560909.1,47.8,2.12e-22,97.1,0.0,0.0,0.0,0.0,nanos homolog 2 [Nephila pilipes],,"3A8V6@33154,3BTYQ@33208,3DASG@33213,3SPFM@50557,42100@6656,46IUH@7399,KOG4602@1,KOG4602@2759",zf-nanos,0.0,0.0,2_Sex_Determination,Germline Stem Cell Maintenance,Vasa/Nanos/Piwi Complex,No
,GFT33332.1,,,,,,,126957.SMAR004377-PA,45.8,4.480000000000001e-110,382.0,0.0,0.0,0.0,0.0,low-density lipoprotein receptor [Nephila pilipes],,"38FDR@33154,3BEJV@33208,3CSZA@33213,41U7C@6656,COG0553@1,KOG0386@2759,KOG1215@1,KOG1215@2759","BRK,Bromodomain,FXa_inhibition,HSA,Helicase_C,Ldl_recept_a,Ldl_recept_b,QLQ,SNF2_N,SnAC",0.0,0.0,3_Female_Processes,Vitellogenesis & Egg Provisioning,Vitellogenin & Vg Receptor,No
,GFT34954.1,,,,,,,8153.XP_005937632.1,26.2,1.07e-11,74.3,0.0,0.0,0.0,0.0,testis-expressed protein 10 [Nephila pilipes],,"38JUN@33154,3BFNK@33208,3D1HC@33213,485Q7@7711,48YDZ@7742,4A28D@7898,KOG2149@1,KOG2149@2759",Ipi1_N,0.0,0.0,4_Male_Processes,Spermatogenesis & Motility,Sperm Flagellar & Nuclear Factors,No
,GFT35695.1,1276733,,,,,,7165.AGAP006059-PA,30.8,1.86e-07,57.4,0.0,0.0,0.0,0.0,"CUB domain-containing protein, partial [Nephila pilipes]",,"28MQT@1,2QU8S@2759,39WK1@33154,3BEVI@33208,3D3NQ@33213,3SHAR@50557,41XFG@6656,44Z39@7147,45G6T@7148","CUB,Ldl_recept_a",0.0,0.0,3_Female_Processes,Vitellogenesis & Egg Provisioning,Vitellogenin & Vg Receptor,No
,GFT37964.1,,,,,,,126957.SMAR012955-PA,23.3,2.85e-47,191.0,0.0,0.0,0.0,0.0,CUB domain-containing protein [Nephila pilipes],,"3A74R@33154,3BT2C@33208,3DAI6@33213,KOG4292@1,KOG4292@2759","CUB,Ldl_recept_a",0.0,0.0,3_Female_Processes,Vitellogenesis & Egg Provisioning,Vitellogenin & Vg Receptor,No
,GFT39781.1,,,,,,,8090.ENSORLP00000001059,54.2,4.0400000000000015e-31,119.0,0.0,0.0,0.0,0.0,"ATP-dependent RNA helicase DBP2, partial [Nephila pilipes]",,"38D0V@33154,3BCQC@33208,3CTK2@33213,48560@7711,48XRJ@7742,COG0513@1,KOG0331@2759",DEAD,0.0,0.0,2_Sex_Determination,Germline Stem Cell Maintenance,Vasa/Nanos/Piwi Complex,No
,GFT40219.1,,,,,,,126957.SMAR001379-PA,44.8,0.0,2937.0,0.0,0.0,0.0,0.0,basement membrane-specific heparan sulfate proteoglycan core protein [Nephila pilipes],,"38X54@33154,3B9Y9@33208,3CYVU@33213,41VR7@6656,KOG3509@1,KOG3509@2759","EGF,I-set,Ig_3,Laminin_B,Laminin_EGF,Laminin_G_1,Ldl_recept_a,ig",0.0,0.0,3_Female_Processes,Vitellogenesis & Egg Provisioning,Vitellogenin & Vg Receptor,No
,GFT40223.1,,,,,,,126957.SMAR001379-PA,44.8,0.0,2937.0,0.0,0.0,0.0,0.0,basement membrane-specific heparan sulfate proteoglycan core protein [Nephila pilipes],,"38X54@33154,3B9Y9@33208,3CYVU@33213,41VR7@6656,KOG3509@1,KOG3509@2759","EGF,I-set,Ig_3,Laminin_B,Laminin_EGF,Laminin_G_1,Ldl_recept_a,ig",0.0,0.0,3_Female_Processes,Vitellogenesis & Egg Provisioning,Vitellogenin & Vg Receptor,No
,GFT40225.1,,,,,,,126957.SMAR001379-PA,44.8,0.0,2937.0,0.0,0.0,0.0,0.0,basement membrane-specific heparan sulfate proteoglycan core protein [Nephila pilipes],,"38X54@33154,3B9Y9@33208,3CYVU@33213,41VR7@6656,KOG3509@1,KOG3509@2759","EGF,I-set,Ig_3,Laminin_B,Laminin_EGF,Laminin_G_1,Ldl_recept_a,ig",0.0,0.0,3_Female_Processes,Vitellogenesis & Egg Provisioning,Vitellogenin & Vg Receptor,No
,GFT40228.1,,,,,,,126957.SMAR001379-PA,44.8,0.0,2937.0,0.0,0.0,0.0,0.0,basement membrane-specific heparan sulfate proteoglycan core protein [Nephila pilipes],,"38X54@33154,3B9Y9@33208,3CYVU@33213,41VR7@6656,KOG3509@1,KOG3509@2759","EGF,I-set,Ig_3,Laminin_B,Laminin_EGF,Laminin_G_1,Ldl_recept_a,ig",0.0,0.0,3_Female_Processes,Vitellogenesis & Egg Provisioning,Vitellogenin & Vg Receptor,No
,GFT40231.1,,,,,,,126957.SMAR001379-PA,44.8,0.0,2930.0,0.0,0.0,0.0,0.0,basement membrane-specific heparan sulfate proteoglycan core protein [Nephila pilipes],,"38X54@33154,3B9Y9@33208,3CYVU@33213,41VR7@6656,KOG3509@1,KOG3509@2759","EGF,I-set,Ig_3,Laminin_B,Laminin_EGF,Laminin_G_1,Ldl_recept_a,ig",0.0,0.0,3_Female_Processes,Vitellogenesis & Egg Provisioning,Vitellogenin & Vg Receptor,No
,GFT40234.1,,,,,,,126957.SMAR001379-PA,44.8,0.0,2937.0,0.0,0.0,0.0,0.0,basement membrane-specific heparan sulfate proteoglycan core protein [Nephila pilipes],,"38X54@33154,3B9Y9@33208,3CYVU@33213,41VR7@6656,KOG3509@1,KOG3509@2759","EGF,I-set,Ig_3,Laminin_B,Laminin_EGF,Laminin_G_1,Ldl_recept_a,ig",0.0,0.0,3_Female_Processes,Vitellogenesis & Egg Provisioning,Vitellogenin & Vg Receptor,No
,GFT40237.1,,,,,,,126957.SMAR001379-PA,44.8,0.0,2937.0,0.0,0.0,0.0,0.0,basement membrane-specific heparan sulfate proteoglycan core protein [Nephila pilipes],,"38X54@33154,3B9Y9@33208,3CYVU@33213,41VR7@6656,KOG3509@1,KOG3509@2759","EGF,I-set,Ig_3,Laminin_B,Laminin_EGF,Laminin_G_1,Ldl_recept_a,ig",0.0,0.0,3_Female_Processes,Vitellogenesis & Egg Provisioning,Vitellogenin & Vg Receptor,No
,GFT40239.1,,,,,,,126957.SMAR001379-PA,44.8,0.0,2937.0,0.0,0.0,0.0,0.0,basement membrane-specific heparan sulfate proteoglycan core protein [Nephila pilipes],,"38X54@33154,3B9Y9@33208,3CYVU@33213,41VR7@6656,KOG3509@1,KOG3509@2759","EGF,I-set,Ig_3,Laminin_B,Laminin_EGF,Laminin_G_1,Ldl_recept_a,ig",0.0,0.0,3_Female_Processes,Vitellogenesis & Egg Provisioning,Vitellogenin & Vg Receptor,No
,GFT40435.1,107363157,,,,,,32264.tetur09g04550.1,60.7,1.36e-229,657.0,0.0,0.0,0.0,0.0,chorion peroxidase [Nephila pilipes],,"38C9T@33154,3BEQJ@33208,3CRD4@33213,41VMY@6656,KOG2408@1,KOG2408@2759",An_peroxidase,0.0,0.0,3_Female_Processes,Oogenesis & Eggshell Assembly,Chorion & ZP Matrix,No
,GFT40437.1,107363157,,,,,,32264.tetur09g04550.1,57.8,1.31e-60,209.0,0.0,0.0,0.0,0.0,chorion peroxidase [Nephila pilipes],,"38C9T@33154,3BEQJ@33208,3CRD4@33213,41VMY@6656,KOG2408@1,KOG2408@2759",An_peroxidase,0.0,0.0,3_Female_Processes,Oogenesis & Eggshell Assembly,Chorion & ZP Matrix,No
,GFT40883.1,,,,,,,7213.XP_004530226.1,30.4,1.37e-16,84.3,0.0,0.0,0.0,0.0,transcription factor A [Nephila pilipes],,"39THE@33154,3BFW6@33208,3D3BD@33213,3SNPU@50557,420D3@6656,4541N@7147,COG5648@1,KOG0381@2759",HMG_box,0.0,0.0,1_Endocrine_Signals,Sex Differentiation Regulators,Sox/Fox Transcription Factors,No
,GFT41177.1,Mettl7a,,,,,,10160.XP_004637870.1,35.8,1.5199999999999996e-34,131.0,0.0,0.0,0.0,0.0,"methyltransferase-like protein 7B, partial [Nephila pilipes]",,"3598K@314146,38HFJ@33154,3BC4D@33208,3CWGX@33213,3JCHF@40674,48680@7711,494EY@7742,4Q9H6@9989,COG0500@1,KOG4300@2759",Methyltransf_11,0.0,0.0,1_Endocrine_Signals,Nuclear Hormone Signaling,Ecdysteroid & JH Pathways,No
,GFT41555.1,8232434,,,,,,121225.PHUM038270-PA,35.6,5.33e-95,333.0,0.0,0.0,0.0,0.0,"putative vitellogenin receptor, partial [Nephila pilipes]",,"39UY2@33154,3BCZA@33208,3CTZB@33213,3E7JI@33342,3SGY1@50557,41XKY@6656,KOG1215@1,KOG1215@2759","Ldl_recept_a,Ldl_recept_b,cEGF",0.0,0.0,3_Female_Processes,Vitellogenesis & Egg Provisioning,Vitellogenin & Vg Receptor,No
,GFT41556.1,8232434,,,,,,121225.PHUM038270-PA,35.4,3.38e-96,337.0,0.0,0.0,0.0,0.0,"putative vitellogenin receptor, partial [Nephila pilipes]",,"39UY2@33154,3BCZA@33208,3CTZB@33213,3E7JI@33342,3SGY1@50557,41XKY@6656,KOG1215@1,KOG1215@2759","Ldl_recept_a,Ldl_recept_b,cEGF",0.0,0.0,3_Female_Processes,Vitellogenesis & Egg Provisioning,Vitellogenin & Vg Receptor,No
,GFT42805.1,,,,,,,32264.tetur19g02430.1,44.1,1.23e-08,61.2,0.0,0.0,0.0,0.0,chorion peroxidase [Nephila pilipes],,"38C9T@33154,3BEQJ@33208,3CRD4@33213,41TUQ@6656,KOG2408@1,KOG2408@2759",An_peroxidase,0.0,0.0,3_Female_Processes,Oogenesis & Eggshell Assembly,Chorion & ZP Matrix,No
,GFT42816.1,LOC583455,ko:K14844,,,,"ko03009,ko03019,ko00000",7668.SPU_009737-tr,43.4,1.3e-78,261.0,0.0,0.0,0.0,0.0,"pumilio homolog 3, partial [Nephila pilipes]",,"38B4G@33154,3BBS3@33208,3CWVA@33213,KOG2050@1,KOG2050@2759",CPL,0.0,0.0,2_Sex_Determination,Germline Stem Cell Maintenance,Vasa/Nanos/Piwi Complex,No
,GFT42842.1,,,,,,,126957.SMAR009315-PA,36.3,5.51e-159,536.0,0.0,0.0,0.0,0.0,protein capicua homolog [Nephila pilipes],,"39S57@33154,3BIA0@33208,3CR7V@33213,41TVR@6656,KOG2746@1,KOG2746@2759",HMG_box,0.0,0.0,1_Endocrine_Signals,Sex Differentiation Regulators,Sox/Fox Transcription Factors,No
,GFT43775.1,,,,,,,7739.XP_002590821.1,31.1,4.05e-105,345.0,0.0,0.0,0.0,0.0,spermatogenesis-associated protein 5-like protein 1 [Nephila pilipes],,"39TVA@33154,3BG6T@33208,3CWM0@33213,4871V@7711,COG0464@1,KOG0730@2759",AAA,0.0,0.0,4_Male_Processes,Spermatogenesis & Motility,Sperm Flagellar & Nuclear Factors,No
,GFT44040.1,SNRNP200,ko:K12854,"ko03040,map03040","M00355,M00354",3.6.4.13,"ko00000,ko01000,ko00001,ko03041,ko00002",9402.XP_006909496.1,78.3,0.0,3367.0,0.0,0.0,0.0,0.0,u5 small nuclear ribonucleoprotein 200 kDa helicase [Nephila pilipes],,"3ARV9@33154,3BYCJ@33208,3CW5J@33213,3JD8Y@40674,489T7@7711,492SX@7742,4KS8F@9397,COG1204@1,KOG0951@2759","DEAD,Helicase_C,Sec63",0.0,0.0,2_Sex_Determination,Germline Stem Cell Maintenance,Vasa/Nanos/Piwi Complex,No
,GFT45300.1,,,,,,,126957.SMAR010498-PA,35.7,2.25e-32,126.0,0.0,0.0,0.0,0.0,doublesex- and mab-3-related transcription factor 2 [Nephila pilipes],,"38B90@33154,3BAZX@33208,3CXRB@33213,420VJ@6656,KOG3815@1,KOG3815@2759",DM,0.0,0.0,2_Sex_Determination,Sex Determination Cascade,Dsx/Tra/Fem Axis,No
,GFT47541.1,,ko:K04307,"ko04080,map04080,ko04926,map04926",,,"ko04030,ko00001,ko00000",32264.tetur15g00150.1,62.5,2.1000000000000003e-145,439.0,0.0,0.0,0.0,0.0,relaxin receptor 1 [Nephila pilipes],,"38CC3@33154,3BCC2@33208,3CZ7Q@33213,41VIZ@6656,COG4886@1,KOG0619@2759,KOG2087@1,KOG2087@2759","7tm_1,LRR_8,Ldl_recept_a",0.0,0.0,3_Female_Processes,Vitellogenesis & Egg Provisioning,Vitellogenin & Vg Receptor,No
,GFT47725.1,ddx5,,,,,,6500.NP_001191665.1,56.9,1.7600000000000003e-123,375.0,0.0,0.0,0.0,0.0,"probable ATP-dependent RNA helicase DDX17, partial [Nephila pilipes]",,"38D0V@33154,3BCQC@33208,3CTK2@33213,COG0513@1,KOG0331@2759","DEAD,Helicase_C",0.0,0.0,2_Sex_Determination,Germline Stem Cell Maintenance,Vasa/Nanos/Piwi Complex,No
,GFT49462.1,Tmprss2,ko:K09633,"map05215,map05164,map05202,ko05164,ko05215,ko05202",,,"ko01002,ko01000,ko00001,ko00000",1026970.XP_008825630.1,33.5,2.71e-22,100.0,0.0,0.0,0.0,0.0,peptidase S1 domain-containing protein [Nephila pilipes],,"35HZH@314146,39TUQ@33154,3BCE1@33208,3CYRW@33213,3J2VG@40674,484X4@7711,48V8G@7742,4Q062@9989,COG5640@1,KOG3627@2759","Ldl_recept_a,SRCR_2,Trypsin",0.0,0.0,3_Female_Processes,Vitellogenesis & Egg Provisioning,Vitellogenin & Vg Receptor,No
,GFT49553.1,nid2,ko:K06826,,,,"ko04516,ko00000",8081.XP_008427970.1,39.7,2.6e-21,97.1,0.0,0.0,0.0,0.0,u24-ctenitoxin-Pn1a [Nephila pilipes],,"38HNZ@33154,3BBTR@33208,3CY69@33213,48A6D@7711,490QP@7742,49SM6@7898,COG2272@1,KOG1214@2759","EGF_3,EGF_CA,G2F,Ldl_recept_b,NIDO,Thyroglobulin_1",0.0,0.0,3_Female_Processes,Vitellogenesis & Egg Provisioning,Vitellogenin & Vg Receptor,No
,GFT50106.1,LOC411955,ko:K13211,,,,"ko03041,ko00000",7460.GB50749-PA,23.3,8.52e-15,89.4,0.0,0.0,0.0,0.0,"DNA-directed RNA polymerase subunit alpha, partial [Nephila pilipes]",,"39YU2@33154,3BCQW@33208,3CXT5@33213,3SK6Q@50557,41V2T@6656,46DW9@7399,KOG4338@1,KOG4338@2759",Vitellogenin_N,0.0,0.0,3_Female_Processes,Vitellogenesis & Egg Provisioning,Vitellogenin & Vg Receptor,No
,GFT50175.1,105623274,ko:K17043,,,3.6.4.13,"ko01000,ko03041,ko00000",12957.ACEP19511-PA,46.4,1.34e-10,67.4,0.0,0.0,0.0,0.0,ATP-dependent RNA helicase DDX43 [Nephila pilipes],,"3952H@33154,3B9S5@33208,3CZAC@33213,3SIDE@50557,41W2R@6656,46JK6@7399,COG0513@1,KOG0336@2759","DEAD,Helicase_C,KH_1",0.0,0.0,2_Sex_Determination,Germline Stem Cell Maintenance,Vasa/Nanos/Piwi Complex,No
,GFT51387.1,,ko:K15271,,,3.6.4.12,"ko01000,ko03400,ko00000",400682.PAC_15716155,60.0,4.33e-23,100.0,0.0,0.0,0.0,0.0,"probable ATP-dependent DNA helicase HFM1, partial [Nephila pilipes]",,"38FIN@33154,3B9KD@33208,COG1204@1,KOG0952@2759",DEAD,0.0,0.0,2_Sex_Determination,Germline Stem Cell Maintenance,Vasa/Nanos/Piwi Complex,No
,GFT52705.1,L798_02670,ko:K13184,,,3.6.4.13,"ko01000,ko03041,ko00000",136037.KDR22182,63.7,0.0,1188.0,0.0,0.0,0.0,0.0,"ATP-dependent RNA helicase A protein, partial [Nephila pilipes]",,"3AP5Q@33154,3C1P9@33208,3DCC4@33213,3SGMK@50557,41X7T@6656,COG1643@1,KOG0921@2759","DEAD,HA2,Helicase_C,OB_NTP_bind,dsrm",0.0,0.0,2_Sex_Determination,Germline Stem Cell Maintenance,Vasa/Nanos/Piwi Complex,No
,GFT53116.1,8238500,ko:K18756,,,,"ko03019,ko00000",121225.PHUM202090-PA,32.2,3.13e-14,81.6,0.0,0.0,0.0,0.0,"protein bicaudal C 1, partial [Nephila pilipes]",,"38BCK@33154,3BI4S@33208,3CZ80@33213,3E9G9@33342,3SGN3@50557,41XFH@6656,KOG2208@1,KOG2208@2759,KOG4374@1,KOG4374@2759","KH_1,SAM_1",0.0,0.0,2_Sex_Determination,Germline Stem Cell Maintenance,Vasa/Nanos/Piwi Complex,No
,GFT53591.1,mettl13,,,,,,8364.ENSXETP00000022907,40.5,2.11e-100,322.0,0.0,0.0,0.0,0.0,eEF1A lysine and N-terminal methyltransferase [Nephila pilipes],,"38ZV1@33154,3BDCZ@33208,3CXUJ@33213,48A4X@7711,48Z68@7742,KOG2352@1,KOG2352@2759","Methyltransf_25,Spermine_synth",0.0,0.0,1_Endocrine_Signals,Nuclear Hormone Signaling,Ecdysteroid & JH Pathways,No
,GFT53858.1,Mettl7a,,,,,,10160.XP_004637870.1,32.5,3.39e-33,126.0,0.0,0.0,0.0,0.0,methyltransferase-like protein 7A [Nephila pilipes],,"3598K@314146,38HFJ@33154,3BC4D@33208,3CWGX@33213,3JCHF@40674,48680@7711,494EY@7742,4Q9H6@9989,COG0500@1,KOG4300@2759",Methyltransf_11,0.0,0.0,1_Endocrine_Signals,Nuclear Hormone Signaling,Ecdysteroid & JH Pathways,No
,GFT53862.1,Mettl7a,,,,,,10160.XP_004637870.1,34.0,3.15e-37,136.0,0.0,0.0,0.0,0.0,methyltransferase-like protein 7B [Nephila pilipes],,"3598K@314146,38HFJ@33154,3BC4D@33208,3CWGX@33213,3JCHF@40674,48680@7711,494EY@7742,4Q9H6@9989,COG0500@1,KOG4300@2759",Methyltransf_11,0.0,0.0,1_Endocrine_Signals,Nuclear Hormone Signaling,Ecdysteroid & JH Pathways,No
,GFT53864.1,Mettl7b,,,,,,10181.XP_004861442.1,37.4,1.27e-42,152.0,0.0,0.0,0.0,0.0,methyltransferase-like protein 7B [Nephila pilipes],,"35VIR@314146,38HFJ@33154,3BC4D@33208,3CWGX@33213,3JNBJ@40674,48680@7711,494EY@7742,4Q9W5@9989,COG0500@1,KOG4300@2759",Methyltransf_11,0.0,0.0,1_Endocrine_Signals,Nuclear Hormone Signaling,Ecdysteroid & JH Pathways,No
,GFT53866.1,NID2,ko:K06826,,,,"ko04516,ko00000",9612.ENSCAFP00000021649,61.1,0.000269,53.1,0.0,0.0,0.0,0.0,tenascin-X [Nephila pilipes],,"38HNZ@33154,3BBTR@33208,3CY69@33213,3ES4V@33554,3J35P@40674,48A6D@7711,490QP@7742,COG2272@1,KOG1214@2759","EGF_3,EGF_CA,G2F,Ldl_recept_b,Thyroglobulin_1,cEGF",0.0,0.0,3_Female_Processes,Vitellogenesis & Egg Provisioning,Vitellogenin & Vg Receptor,No
,GFT55175.1,,ko:K14844,,,,"ko03009,ko03019,ko00000",7739.XP_002606015.1,50.2,2.83e-62,209.0,0.0,0.0,0.0,0.0,"pumilio homolog 3, partial [Nephila pilipes]",,"38B4G@33154,3BBS3@33208,3CWVA@33213,4892B@7711,KOG2050@1,KOG2050@2759",CPL,0.0,0.0,2_Sex_Determination,Germline Stem Cell Maintenance,Vasa/Nanos/Piwi Complex,No
,GFT55676.1,,,,,,,10228.TriadP59472,32.1,4.66e-45,174.0,0.0,0.0,0.0,0.0,"apical endosomal glycoprotein, partial [Nephila pilipes]",,"38GM4@33154,3BCUM@33208,COG0515@1,COG5640@1,KOG1095@2759,KOG3627@2759","Kringle,Ldl_recept_a,MAM",0.0,0.0,3_Female_Processes,Vitellogenesis & Egg Provisioning,Vitellogenin & Vg Receptor,No
,GFT56126.1,SOX21,ko:K09267,,,,"ko03000,ko00000",8932.XP_005505921.1,88.0,1.8699999999999998e-48,164.0,0.0,0.0,0.0,0.0,transcription factor SOX-21 [Nephila pilipes],,"39KUB@33154,3BEH8@33208,3CW0A@33213,4811E@7711,48V3A@7742,4GSP8@8782,KOG0527@1,KOG0527@2759","HMG_box,SOXp",0.0,0.0,1_Endocrine_Signals,Sex Differentiation Regulators,Sox/Fox Transcription Factors,No
,GFT56354.1,,,,,,,126957.SMAR015352-PA,62.6,1.64e-253,724.0,0.0,0.0,0.0,0.0,FACT complex subunit SSRP1 [Nephila pilipes],,"38CT0@33154,3B9AQ@33208,3CXEP@33213,41WRQ@6656,COG5165@1,KOG0526@2759","HMG_box,POB3_N,Rtt106,SSrecog",0.0,0.0,1_Endocrine_Signals,Sex Differentiation Regulators,Sox/Fox Transcription Factors,No
,GFT56705.1,107361933,ko:K08701,,,,"ko03000,ko03310,ko00000",32264.tetur07g04810.1,50.0,6.930000000000001e-79,253.0,0.0,0.0,0.0,0.0,ecdysone-induced protein 78C [Nephila pilipes],,"39MB6@33154,3CNY6@33208,3E51H@33213,41WKW@6656,KOG4216@1,KOG4216@2759","Hormone_recep,zf-C4",0.0,0.0,1_Endocrine_Signals,Nuclear Hormone Signaling,Ecdysteroid & JH Pathways,No
,GFT59957.1,,ko:K18409,,,3.6.4.13,"ko01000,ko03036,ko00000",7739.XP_002612512.1,28.1,3.97e-100,368.0,0.0,0.0,0.0,0.0,putative ATP-dependent RNA helicase TDRD12 [Nephila pilipes],,"39T1U@33154,3BE7J@33208,3CYVR@33213,481EF@7711,COG0513@1,COG5198@1,KOG0331@2759,KOG2279@1,KOG2279@2759,KOG3187@2759","Arm,CS,DEAD,Helicase_C,TUDOR",0.0,0.0,2_Sex_Determination,Germline Stem Cell Maintenance,Vasa/Nanos/Piwi Complex,No
,GFT60506.1,,,,,,,126957.SMAR002290-PA,34.4,4.97e-15,78.6,0.0,0.0,0.0,0.0,testis-specific protein 14 [Nephila pilipes],,"28IWM@1,2QR8A@2759,38G1W@33154,3BAUE@33208,3CSZQ@33213,4232G@6656",Rhodanese,0.0,0.0,4_Male_Processes,Spermatogenesis & Motility,Sperm Flagellar & Nuclear Factors,No
,GFT61179.1,DDX55,ko:K14809,,,3.6.4.13,"ko03009,ko01000,ko00000",8479.XP_005298782.1,52.3,3.17e-194,563.0,0.0,0.0,0.0,0.0,ATP-dependent RNA helicase DDX55 [Nephila pilipes],,"38BII@33154,3BF0X@33208,3CWT4@33213,485PY@7711,48XPW@7742,4CFRB@8459,COG0513@1,KOG0345@2759","DEAD,DUF4217,Helicase_C",0.0,0.0,2_Sex_Determination,Germline Stem Cell Maintenance,Vasa/Nanos/Piwi Complex,No
,GFT61685.1,107365760,,,,,,32264.tetur16g02250.1,35.0,2.72e-84,273.0,0.0,0.0,0.0,0.0,apolipoprotein(a) [Nephila pilipes],,"KOG4292@1,KOG4292@2759","CUB,Ldl_recept_a,Trypsin",0.0,0.0,3_Female_Processes,Vitellogenesis & Egg Provisioning,Vitellogenin & Vg Receptor,No
,GFT61695.1,107365760,,,,,,32264.tetur16g02250.1,35.3,1.3e-81,270.0,0.0,0.0,0.0,0.0,plasminogen [Nephila pilipes],,"KOG4292@1,KOG4292@2759","CUB,Ldl_recept_a,Trypsin",0.0,0.0,3_Female_Processes,Vitellogenesis & Egg Provisioning,Vitellogenin & Vg Receptor,No
,GFT61699.1,107365760,,,,,,32264.tetur16g02250.1,35.3,9.28e-81,264.0,0.0,0.0,0.0,0.0,apolipoprotein(a) [Nephila pilipes],,"KOG4292@1,KOG4292@2759","CUB,Ldl_recept_a,Trypsin",0.0,0.0,3_Female_Processes,Vitellogenesis & Egg Provisioning,Vitellogenin & Vg Receptor,No
,GFT61702.1,107365760,,,,,,32264.tetur16g02250.1,35.9,7.75e-97,306.0,0.0,0.0,0.0,0.0,chymotrypsin-like elastase family member 2A [Nephila pilipes],,"KOG4292@1,KOG4292@2759","CUB,Ldl_recept_a,Trypsin",0.0,0.0,3_Female_Processes,Vitellogenesis & Egg Provisioning,Vitellogenin & Vg Receptor,No
,GFT61705.1,107365760,,,,,,32264.tetur16g02250.1,36.3,2.19e-81,266.0,0.0,0.0,0.0,0.0,plasminogen [Nephila pilipes],,"KOG4292@1,KOG4292@2759","CUB,Ldl_recept_a,Trypsin",0.0,0.0,3_Female_Processes,Vitellogenesis & Egg Provisioning,Vitellogenin & Vg Receptor,No
,GFT63446.1,107371453,,,,,,32264.tetur01g03800.1,83.2,8.02e-98,287.0,0.0,0.0,0.0,0.0,IDLSRF-like peptide [Nephila pilipes],,"28KSR@1,2QT8V@2759,39WI2@33154,3BHFY@33208,3CX1M@33213,41V96@6656",Ldl_recept_a,0.0,0.0,3_Female_Processes,Vitellogenesis & Egg Provisioning,Vitellogenin & Vg Receptor,No
,GFT65009.1,Sox8,ko:K09270,,,,"ko03000,ko00000",10181.XP_004873899.1,56.9,1.8699999999999997e-55,192.0,0.0,0.0,0.0,0.0,transcription factor SOX-9 [Nephila pilipes],,"35A2C@314146,38I0M@33154,3BD79@33208,3CRG1@33213,3J6WF@40674,487M3@7711,492HM@7742,4PSE9@9989,KOG0527@1,KOG0527@2759","HMG_box,Sox_N",0.0,0.0,1_Endocrine_Signals,Sex Differentiation Regulators,Sox/Fox Transcription Factors,No
,GFT66832.1,,ko:K18739,,,,"ko03019,ko04131,ko00000",10224.XP_002737887.2,40.8,7.209999999999999e-67,235.0,0.0,0.0,0.0,0.0,protein bicaudal D [Nephila pilipes],,"39I38@33154,3BDWC@33208,3CR6D@33213,KOG0999@1,KOG0999@2759",BicD,0.0,0.0,2_Sex_Determination,Germline Stem Cell Maintenance,Vasa/Nanos/Piwi Complex,No
,GFT66836.1,L798_15672,ko:K18739,,,,"ko03019,ko04131,ko00000",136037.KDR09465,54.1,1.11e-80,268.0,0.0,0.0,0.0,0.0,protein bicaudal D [Nephila pilipes],,"39I38@33154,3BDWC@33208,3CR6D@33213,3SHN6@50557,41WAD@6656,KOG0999@1,KOG0999@2759",BicD,0.0,0.0,2_Sex_Determination,Germline Stem Cell Maintenance,Vasa/Nanos/Piwi Complex,No
,GFT68225.1,107363157,,,,,,32264.tetur09g04550.1,63.6,1.06e-230,659.0,0.0,0.0,0.0,0.0,chorion peroxidase [Nephila pilipes],,"38C9T@33154,3BEQJ@33208,3CRD4@33213,41VMY@6656,KOG2408@1,KOG2408@2759",An_peroxidase,0.0,0.0,3_Female_Processes,Oogenesis & Eggshell Assembly,Chorion & ZP Matrix,No
,GFT68702.1,107368470,,,,,,32264.tetur27g01310.1,42.7,2.05e-62,229.0,0.0,0.0,0.0,0.0,"vitellogenin receptor, partial [Nephila pilipes]",,"39UY2@33154,3BCZA@33208,3CTZB@33213,41XKY@6656,KOG1215@1,KOG1215@2759","EGF,EGF_CA,FXa_inhibition,Ldl_recept_a,Ldl_recept_b",0.0,0.0,3_Female_Processes,Vitellogenesis & Egg Provisioning,Vitellogenin & Vg Receptor,No
,GFT68713.1,107371042,ko:K11296,,,,"ko04147,ko03036,ko00000",32264.tetur02g05880.1,68.1,1.2399999999999999e-84,275.0,0.0,0.0,0.0,0.0,high mobility group protein B3 [Nephila pilipes],,"3A6IH@33154,3BSUW@33208,3DAAR@33213,COG5648@1,KOG0381@2759",HMG_box,0.0,0.0,1_Endocrine_Signals,Sex Differentiation Regulators,Sox/Fox Transcription Factors,No
,GFT68716.1,107371042,ko:K11296,,,,"ko04147,ko03036,ko00000",32264.tetur02g05880.1,68.1,1.86e-84,275.0,0.0,0.0,0.0,0.0,high mobility group protein B3 [Nephila pilipes],,"3A6IH@33154,3BSUW@33208,3DAAR@33213,COG5648@1,KOG0381@2759",HMG_box,0.0,0.0,1_Endocrine_Signals,Sex Differentiation Regulators,Sox/Fox Transcription Factors,No
,GFT69064.1,,ko:K12599,"map03018,ko03018",M00392,,"ko00000,ko01000,ko00001,ko03019,ko00002",10224.XP_006817545.1,34.8,6.800000000000001e-27,115.0,0.0,0.0,0.0,0.0,helicase SKI2W [Nephila pilipes],,"38BTP@33154,3BFU2@33208,3CZ64@33213,COG4581@1,KOG0947@2759","DEAD,Helicase_C",0.0,0.0,2_Sex_Determination,Germline Stem Cell Maintenance,Vasa/Nanos/Piwi Complex,No
,GFT69555.1,,ko:K18710,,,,"ko03019,ko00000",132113.XP_003487443.1,45.2,6.56e-25,107.0,0.0,0.0,0.0,0.0,oocyte-specific histone RNA stem-loop-binding protein 2 [Nephila pilipes],,"3A8HS@33154,3BHMF@33208,3DAPD@33213,3SZ7I@50557,420SV@6656,46IZ6@7399,KOG3934@1,KOG3934@2759",SLBP_RNA_bind,0.0,0.0,3_Female_Processes,Oogenesis & Eggshell Assembly,Chorion & ZP Matrix,No
,GFT69639.1,107365753,,,,,,32264.tetur16g02240.1,37.6,1.07e-95,303.0,0.0,0.0,0.0,0.0,plasma kallikrein [Nephila pilipes],,"KOG1215@1,KOG1215@2759","CUB,Ldl_recept_a,Trypsin",0.0,0.0,3_Female_Processes,Vitellogenesis & Egg Provisioning,Vitellogenin & Vg Receptor,No
,GFT69956.1,,,,,,,8090.ENSORLP00000001059,54.2,1.44e-31,120.0,0.0,0.0,0.0,0.0,"ATP-dependent RNA helicase DBP2, partial [Nephila pilipes]",,"38D0V@33154,3BCQC@33208,3CTK2@33213,48560@7711,48XRJ@7742,COG0513@1,KOG0331@2759",DEAD,0.0,0.0,2_Sex_Determination,Germline Stem Cell Maintenance,Vasa/Nanos/Piwi Complex,No
,GFT70026.1,,,,,,,126957.SMAR012049-PA,38.6,1.58e-77,278.0,0.0,0.0,0.0,0.0,transcription factor Sox-6 [Nephila pilipes],,"38J4G@33154,3BD9T@33208,3CSUD@33213,41W4C@6656,KOG0527@1,KOG0528@2759",HMG_box,0.0,0.0,1_Endocrine_Signals,Sex Differentiation Regulators,Sox/Fox Transcription Factors,No
,GFT71810.1,,,,,,,7739.XP_002595903.1,55.3,2.42e-06,53.5,0.0,0.0,0.0,0.0,uncharacterized protein CG3556 [Nephila pilipes],,"KOG3509@1,KOG3509@2759",Ldl_recept_a,0.0,0.0,3_Female_Processes,Vitellogenesis & Egg Provisioning,Vitellogenin & Vg Receptor,No
,GFT71812.1,,ko:K09614,,,,"ko01002,ko01000,ko00000",32264.tetur10g05360.1,52.4,0.000165,51.2,0.0,0.0,0.0,0.0,uncharacterized protein CG3556 [Nephila pilipes],,"38BVI@33154,3BD5I@33208,3CT7P@33213,41XJG@6656,COG5640@1,KOG3577@1,KOG3577@2759,KOG3627@2759","Fz,Ldl_recept_a,SRCR_2,Trypsin",0.0,0.0,3_Female_Processes,Vitellogenesis & Egg Provisioning,Vitellogenin & Vg Receptor,No
,GFT71844.1,L798_08119,,,,,,136037.KDR17776,30.3,7.61e-202,673.0,0.0,0.0,0.0,0.0,vitellogenin [Nephila pilipes],,"38D8A@33154,3BCAR@33208,3CYWB@33213,3SJX5@50557,41XU6@6656,KOG4338@1,KOG4338@2759","DUF1081,DUF1943,Vitellogenin_N",0.0,0.0,3_Female_Processes,Vitellogenesis & Egg Provisioning,Vitellogenin & Vg Receptor,No
,GFT71935.1,METTL7A,,,,,,9978.XP_004599023.1,40.0,2.5600000000000003e-22,97.4,0.0,0.0,0.0,0.0,methyltransferase-like protein 7A [Nephila pilipes],,"3598K@314146,38HFJ@33154,3BC4D@33208,3CWGX@33213,3JCHF@40674,48680@7711,494EY@7742,COG0500@1,KOG4300@2759",Methyltransf_11,0.0,0.0,1_Endocrine_Signals,Nuclear Hormone Signaling,Ecdysteroid & JH Pathways,No
,GFT72752.1,,,,,,,7425.NV15963-PA,75.0,2.7399999999999997e-40,157.0,0.0,0.0,0.0,0.0,putative transcription factor SOX-15 [Nephila pilipes],,"39RI7@33154,3BDX8@33208,3CWNB@33213,3ST4S@50557,41ZXC@6656,46KPJ@7399,KOG0527@1,KOG0527@2759",HMG_box,0.0,0.0,1_Endocrine_Signals,Sex Differentiation Regulators,Sox/Fox Transcription Factors,No
,GFT73240.1,L798_14736,ko:K09428,"ko04214,map04214",,,"ko03000,ko00001,ko00000",136037.KDR22883,77.1,3.24e-75,241.0,0.0,0.0,0.0,0.0,ecdysone-induced protein 74EF isoform A [Nephila pilipes],,"39R90@33154,3BA8E@33208,3CYFC@33213,3SKVX@50557,41Y4E@6656,KOG3804@1,KOG3804@2759",Ets,0.0,0.0,1_Endocrine_Signals,Nuclear Hormone Signaling,Ecdysteroid & JH Pathways,No
,GFT74468.1,,ko:K07374,"ko04145,map04540,ko05130,ko04530,map05130,ko04540,ko04210,map04145,map04210,map04530",,,"ko03036,ko04147,ko04812,ko03019,ko00001,ko00000",7425.NV13665-PA,95.5,0.0,882.0,0.0,0.0,0.0,0.0,"tubulin alpha chain, testis-specific [Nephila pilipes]",,"38E06@33154,3BAUV@33208,3CRFN@33213,3SI2S@50557,41TC1@6656,46E0W@7399,COG5023@1,KOG1376@2759","Tubulin,Tubulin_C",0.0,0.0,4_Male_Processes,Spermatogenesis & Motility,Sperm Flagellar & Nuclear Factors,No
,GFT74645.1,,ko:K14463,"ko04975,map04975",,,"ko00001,ko00000",6669.EFX89528,30.7,2.9e-114,378.0,0.0,0.0,0.0,0.0,microsomal triglyceride transfer protein large subunit [Nephila pilipes],,"39R6A@33154,3BCSK@33208,3D3PM@33213,41Y6X@6656,KOG4337@1,KOG4337@2759",Vitellogenin_N,0.0,0.0,3_Female_Processes,Vitellogenesis & Egg Provisioning,Vitellogenin & Vg Receptor,No
,GFT75247.1,,ko:K13178,,,3.6.4.13,"ko01000,ko03041,ko00000",6669.EFX78251,53.8,8.62e-150,445.0,0.0,0.0,0.0,0.0,probable ATP-dependent RNA helicase DDX17 [Nephila pilipes],,"38D0V@33154,3BCQC@33208,3CTK2@33213,41TIS@6656,COG0513@1,KOG0331@2759","DEAD,Helicase_C",0.0,0.0,2_Sex_Determination,Germline Stem Cell Maintenance,Vasa/Nanos/Piwi Complex,No
,GFT75249.1,,ko:K13178,,,3.6.4.13,"ko01000,ko03041,ko00000",6669.EFX78251,59.6,9.37e-159,466.0,0.0,0.0,0.0,0.0,probable ATP-dependent RNA helicase DDX17 [Nephila pilipes],,"38D0V@33154,3BCQC@33208,3CTK2@33213,41TIS@6656,COG0513@1,KOG0331@2759","DEAD,Helicase_C",0.0,0.0,2_Sex_Determination,Germline Stem Cell Maintenance,Vasa/Nanos/Piwi Complex,No
,GFT75251.1,,ko:K13178,,,3.6.4.13,"ko01000,ko03041,ko00000",6669.EFX78251,59.6,9.37e-159,466.0,0.0,0.0,0.0,0.0,probable ATP-dependent RNA helicase DDX17 [Nephila pilipes],,"38D0V@33154,3BCQC@33208,3CTK2@33213,41TIS@6656,COG0513@1,KOG0331@2759","DEAD,Helicase_C",0.0,0.0,2_Sex_Determination,Germline Stem Cell Maintenance,Vasa/Nanos/Piwi Complex,No
,GFT76059.1,8235434,ko:K12858,"ko03040,map03040",M00354,3.6.4.13,"ko00000,ko01000,ko00001,ko03041,ko00002",121225.PHUM537610-PA,75.8,0.0,1009.0,0.0,0.0,0.0,0.0,probable ATP-dependent RNA helicase DDX23 [Nephila pilipes],,"38BAJ@33154,3BE12@33208,3CS4S@33213,3E7MG@33342,3SJGH@50557,41X8Q@6656,COG0513@1,KOG0333@2759","DEAD,Helicase_C",0.0,0.0,2_Sex_Determination,Germline Stem Cell Maintenance,Vasa/Nanos/Piwi Complex,No
,GFT76941.1,,,,,,,126957.SMAR009116-PA,53.5,1.65e-116,375.0,0.0,0.0,0.0,0.0,"low-density lipoprotein receptor-related protein 6, partial [Nephila pilipes]",,"38B6M@33154,3B9HR@33208,3CTVB@33213,41UCH@6656,KOG1215@1,KOG1215@2759","FXa_inhibition,Ldl_recept_a,Ldl_recept_b",0.0,0.0,3_Female_Processes,Vitellogenesis & Egg Provisioning,Vitellogenin & Vg Receptor,No
,GFT77026.1,,,,,,,126957.SMAR011344-PA,60.5,4.84e-91,284.0,0.0,0.0,0.0,0.0,transcription factor Sox-3-B [Nephila pilipes],,"3931A@33154,3B9QG@33208,3D0C7@33213,41X6Z@6656,KOG0527@1,KOG0527@2759","HMG_box,SOXp",0.0,0.0,1_Endocrine_Signals,Sex Differentiation Regulators,Sox/Fox Transcription Factors,No
,GFT77027.1,,,,,,,126957.SMAR011344-PA,59.1,5.11e-83,262.0,0.0,0.0,0.0,0.0,transcription factor SOX-2 [Nephila pilipes],,"3931A@33154,3B9QG@33208,3D0C7@33213,41X6Z@6656,KOG0527@1,KOG0527@2759","HMG_box,SOXp",0.0,0.0,1_Endocrine_Signals,Sex Differentiation Regulators,Sox/Fox Transcription Factors,No
,GFT77297.1,RecQ1,ko:K10899,,,3.6.4.12,"ko01000,ko03400,ko00000",6669.EFX86121,57.4,2.11e-220,639.0,0.0,0.0,0.0,0.0,ATP-dependent DNA helicase Q1 [Nephila pilipes],,"39KMJ@33154,3CNVK@33208,3E51V@33213,41W0Y@6656,COG0514@1,KOG0353@2759","DEAD,Helicase_C,RecQ_Zn_bind",0.0,0.0,2_Sex_Determination,Germline Stem Cell Maintenance,Vasa/Nanos/Piwi Complex,No
,GFT77610.1,v1g193237,,,,,,45351.EDO33125,40.3,0.000242,47.8,0.0,0.0,0.0,0.0,"latent-transforming growth factor beta-binding protein 2, partial [Nephila pilipes]",,"38HNZ@33154,3BBTR@33208,COG2272@1,KOG1214@2759","EGF_CA,EGF_MSP1_1,Ldl_recept_b",0.0,0.0,3_Female_Processes,Vitellogenesis & Egg Provisioning,Vitellogenin & Vg Receptor,No
,GFT78029.1,met2,,,,,,163164.WD_0594,89.0,6.05e-88,270.0,0.0,0.0,0.0,0.0,DNA methylase N-4 [Nephila pilipes],,"1MVH7@1224,2TRNA@28211,47G1U@766,COG0863@1,COG0863@2,COG1475@1,COG1475@2","N6_N4_Mtase,ParBc",0.0,0.0,1_Endocrine_Signals,Nuclear Hormone Signaling,Ecdysteroid & JH Pathways,No
,GFT78030.1,met1,,,,,,163164.WD_0263,85.8,2.3699999999999998e-94,286.0,0.0,0.0,0.0,0.0,DNA methylase-like protein [Nephila pilipes],,"1MVH7@1224,2TRNA@28211,47G1U@766,COG0863@1,COG0863@2,COG1475@1,COG1475@2","N6_N4_Mtase,ParBc",0.0,0.0,1_Endocrine_Signals,Nuclear Hormone Signaling,Ecdysteroid & JH Pathways,No
,GFT79174.1,METTL7A,,,,,,9978.XP_004599023.1,40.0,2.5600000000000003e-22,97.4,0.0,0.0,0.0,0.0,methyltransferase-like protein 7A [Nephila pilipes],,"3598K@314146,38HFJ@33154,3BC4D@33208,3CWGX@33213,3JCHF@40674,48680@7711,494EY@7742,COG0500@1,KOG4300@2759",Methyltransf_11,0.0,0.0,1_Endocrine_Signals,Nuclear Hormone Signaling,Ecdysteroid & JH Pathways,No
,GFT79348.1,,,,,,,126957.SMAR011538-PA,29.6,1.66e-79,278.0,0.0,0.0,0.0,0.0,"CUB domain-containing protein, partial [Nephila pilipes]",,"28MQT@1,2QU8S@2759,39WK1@33154,3BEVI@33208,3D3NQ@33213,41XFG@6656","CUB,Ldl_recept_a",0.0,0.0,3_Female_Processes,Vitellogenesis & Egg Provisioning,Vitellogenin & Vg Receptor,No
,GFT79710.1,ddx5,,,,,,6500.NP_001191665.1,56.9,1.7600000000000003e-123,375.0,0.0,0.0,0.0,0.0,"probable ATP-dependent RNA helicase DDX17, partial [Nephila pilipes]",,"38D0V@33154,3BCQC@33208,3CTK2@33213,COG0513@1,KOG0331@2759","DEAD,Helicase_C",0.0,0.0,2_Sex_Determination,Germline Stem Cell Maintenance,Vasa/Nanos/Piwi Complex,No
,GFT79984.1,C7,ko:K03996,"ko05020,ko05322,map05322,map04610,ko04610,map05020",,,"ko00001,ko00000",9612.ENSCAFP00000027458,36.1,0.000805,46.6,0.0,0.0,0.0,0.0,sushi domain-containing protein [Nephila pilipes],,"2CN67@1,2QU3G@2759,38FNQ@33154,3BD3U@33208,3D0AA@33213,3EGTS@33554,3J9QF@40674,4824D@7711,493PD@7742","Ldl_recept_a,MACPF,Sushi,TSP_1",0.0,0.0,3_Female_Processes,Vitellogenesis & Egg Provisioning,Vitellogenin & Vg Receptor,No
,GFT80946.1,,ko:K18408,,,3.6.4.13,"ko01000,ko03036,ko00000",10224.XP_006817051.1,41.3,0.0,987.0,0.0,0.0,0.0,0.0,ATP-dependent RNA helicase TDRD9 [Nephila pilipes],,"38ETH@33154,3BAM8@33208,3CVBU@33213,COG1643@1,KOG0920@2759","DEAD,HA2,Helicase_C,TUDOR",0.0,0.0,2_Sex_Determination,Germline Stem Cell Maintenance,Vasa/Nanos/Piwi Complex,No
,GFT82835.1,,,,,,,6500.XP_005097452.1,35.3,2.88e-136,474.0,0.0,0.0,0.0,0.0,"ATP-dependent RNA helicase DEAH12, chloroplastic [Nephila pilipes]",,"39ZFI@33154,3BNYT@33208,3DD40@33213,COG1643@1,KOG0922@2759","DEAD,HA2,Helicase_C,OB_NTP_bind,RRM_1",0.0,0.0,2_Sex_Determination,Germline Stem Cell Maintenance,Vasa/Nanos/Piwi Complex,No
,GFT83860.1,Cbr-sox-3,ko:K09267,,,,"ko03000,ko00000",6238.CBG07572,52.9,9.09e-36,137.0,0.0,0.0,0.0,0.0,transcription factor Sox-2 [Nephila pilipes],,"1KZB0@119089,39KUB@33154,3BEH8@33208,3CW0A@33213,40DT2@6231,410P8@6236,KOG0527@1,KOG0527@2759",HMG_box,0.0,0.0,1_Endocrine_Signals,Sex Differentiation Regulators,Sox/Fox Transcription Factors,No
,GFT84824.1,HELQ,ko:K19178,,,3.6.4.12,"ko01000,ko03400,ko00000",9031.ENSGALP00000018252,50.0,6.33e-264,774.0,0.0,0.0,0.0,0.0,helicase POLQ-like [Nephila pilipes],,"38BKB@33154,3BATG@33208,3CT13@33213,480AN@7711,48WKW@7742,4GTHH@8782,COG0749@1,KOG0950@2759","DEAD,Helicase_C",0.0,0.0,2_Sex_Determination,Germline Stem Cell Maintenance,Vasa/Nanos/Piwi Complex,No
,GFT84869.1,,,,,,,126957.SMAR007711-PA,73.5,0.0,1112.0,0.0,0.0,0.0,0.0,ATP-dependent RNA helicase DDX1 [Nephila pilipes],,"38F31@33154,3BEW8@33208,3D0MW@33213,41Y63@6656,COG0513@1,KOG0349@2759","DEAD,Helicase_C,SPRY",0.0,0.0,2_Sex_Determination,Germline Stem Cell Maintenance,Vasa/Nanos/Piwi Complex,No
,GFT85021.1,,,,,,,126957.SMAR008886-PA,33.3,9.97e-32,131.0,0.0,0.0,0.0,0.0,"solute carrier family 15 member 2, partial [Nephila pilipes]",,"38GCY@33154,3B9YA@33208,3CWJ1@33213,41WN6@6656,COG3104@1,COG5190@1,KOG1215@1,KOG1215@2759,KOG1237@2759,KOG1605@2759,KOG1815@1,KOG1815@2759","IBR,Ldl_recept_b,NIF,PTR2",0.0,0.0,3_Female_Processes,Vitellogenesis & Egg Provisioning,Vitellogenin & Vg Receptor,No
,GFT85281.1,,ko:K16756,,,,"ko03036,ko00000",32264.tetur29g01350.1,40.5,8.08e-90,291.0,0.0,0.0,0.0,0.0,bicaudal D-related protein-like protein [Nephila pilipes],,"2BWXB@1,2QUA9@2759,38F7A@33154,3BGUS@33208,3CWSK@33213,41W13@6656",,0.0,0.0,2_Sex_Determination,Germline Stem Cell Maintenance,Vasa/Nanos/Piwi Complex,No
,GFT85303.1,,,,,,,13249.RPRC001978-PA,69.6,1.6e-21,88.2,0.0,0.0,0.0,0.0,bicaudal D-related protein-like protein [Nephila pilipes],,"2D0WR@1,2SFTS@2759,3ADW6@33154,3BVNP@33208,3DCVC@33213,3SPXF@50557,421NP@6656",,0.0,0.0,2_Sex_Determination,Germline Stem Cell Maintenance,Vasa/Nanos/Piwi Complex,No
,GFT85339.1,,,,,,,10224.XP_006820902.1,32.9,4.58e-35,142.0,0.0,0.0,0.0,0.0,"vitellogenin, partial [Nephila pilipes]",,"38D8A@33154,3BCAR@33208,3CYWB@33213,KOG4338@1,KOG4338@2759","C8,DUF1081,DUF1943,VWD,Vitellogenin_N",0.0,0.0,3_Female_Processes,Vitellogenesis & Egg Provisioning,Vitellogenin & Vg Receptor,No
,GFT86202.1,,,,,,,126957.SMAR010763-PA,43.7,5.47e-229,685.0,0.0,0.0,0.0,0.0,werner syndrome ATP-dependent helicase [Nephila pilipes],,"39TH4@33154,3BHTD@33208,3CWXS@33213,41YJ4@6656,COG0514@1,KOG0351@2759","DEAD,HRDC,HTH_40,Helicase_C,RQC,RecQ_Zn_bind",0.0,0.0,2_Sex_Determination,Germline Stem Cell Maintenance,Vasa/Nanos/Piwi Complex,No
,GFT86204.1,,,,,,,126957.SMAR010763-PA,43.6,2.07e-229,686.0,0.0,0.0,0.0,0.0,werner syndrome ATP-dependent helicase [Nephila pilipes],,"39TH4@33154,3BHTD@33208,3CWXS@33213,41YJ4@6656,COG0514@1,KOG0351@2759","DEAD,HRDC,HTH_40,Helicase_C,RQC,RecQ_Zn_bind",0.0,0.0,2_Sex_Determination,Germline Stem Cell Maintenance,Vasa/Nanos/Piwi Complex,No
,GFT86538.1,v1g79423,ko:K02156,"ko04320,map04320",,,"ko03036,ko00001,ko00000",45351.EDO49931,46.1,5.21e-236,692.0,0.0,0.0,0.0,0.0,piwi-like protein Siwi [Nephila pilipes],,"38BVC@33154,3BG0U@33208,KOG1042@1,KOG1042@2759","PAZ,Piwi",0.0,0.0,2_Sex_Determination,Germline Stem Cell Maintenance,Vasa/Nanos/Piwi Complex,No
,GFT87610.1,,,,,,,32264.tetur21g01660.1,66.8,4.7e-121,388.0,0.0,0.0,0.0,0.0,"cubilin, partial [Nephila pilipes]",,"38BUP@33154,3BIYB@33208,3D0JJ@33213,41U7I@6656,KOG1217@1,KOG1217@2759","CUB,EGF,EGF_CA,Ephrin_rec_like,F5_F8_type_C,HYR,Laminin_G_3,Ldl_recept_a,Sushi,hEGF",0.0,0.0,3_Female_Processes,Vitellogenesis & Egg Provisioning,Vitellogenin & Vg Receptor,No
,GFT88105.1,LOC663396,ko:K12614,"map03018,ko03018",M00395,3.6.4.13,"ko03036,ko03019,ko01000,ko00001,ko00000,ko00002",7070.TC007938-PA,85.7,5.3099999999999997e-225,630.0,0.0,0.0,0.0,0.0,ATP-dependent RNA helicase me31b [Nephila pilipes],,"38DGD@33154,3BB9C@33208,3CUXR@33213,3SHKR@50557,41XRP@6656,COG0513@1,KOG0326@2759","DEAD,Helicase_C",0.0,0.0,2_Sex_Determination,Germline Stem Cell Maintenance,Vasa/Nanos/Piwi Complex,No
,GFT88395.1,MAEL,,,,,,9713.XP_006741176.1,29.1,1.02e-24,114.0,0.0,0.0,0.0,0.0,protein maelstrom homolog [Nephila pilipes],,"28M7A@1,2QTQB@2759,38G8E@33154,3BBEV@33208,3CXTY@33213,3EF6Q@33554,3J36X@40674,489KU@7711,494DM@7742","HMG_box_2,Maelstrom",0.0,0.0,1_Endocrine_Signals,Sex Differentiation Regulators,Sox/Fox Transcription Factors,No
,GFT88397.1,MAEL,,,,,,9713.XP_006741176.1,29.1,3.6999999999999996e-25,114.0,0.0,0.0,0.0,0.0,protein maelstrom homolog [Nephila pilipes],,"28M7A@1,2QTQB@2759,38G8E@33154,3BBEV@33208,3CXTY@33213,3EF6Q@33554,3J36X@40674,489KU@7711,494DM@7742","HMG_box_2,Maelstrom",0.0,0.0,1_Endocrine_Signals,Sex Differentiation Regulators,Sox/Fox Transcription Factors,No
,GFT88927.1,,,,,,,126957.SMAR008886-PA,34.1,1.77e-31,129.0,0.0,0.0,0.0,0.0,solute carrier family 15 member 2 [Nephila pilipes],,"38GCY@33154,3B9YA@33208,3CWJ1@33213,41WN6@6656,COG3104@1,COG5190@1,KOG1215@1,KOG1215@2759,KOG1237@2759,KOG1605@2759,KOG1815@1,KOG1815@2759","IBR,Ldl_recept_b,NIF,PTR2",0.0,0.0,3_Female_Processes,Vitellogenesis & Egg Provisioning,Vitellogenin & Vg Receptor,No
,GFT89161.1,,,,,,,32264.tetur03g07740.1,35.6,3.09e-69,236.0,0.0,0.0,0.0,0.0,chorion peroxidase [Nephila pilipes],,"38C9T@33154,3BEQJ@33208,3CRD4@33213,KOG2408@1,KOG2408@2759",An_peroxidase,0.0,0.0,3_Female_Processes,Oogenesis & Eggshell Assembly,Chorion & ZP Matrix,No
,GFT89515.1,,ko:K09270,,,,"ko03000,ko00000",6669.EFX82039,78.2,3.69e-33,129.0,0.0,0.0,0.0,0.0,putative transcription factor SOX-15 [Nephila pilipes],,"39RI7@33154,3BDX8@33208,3CWNB@33213,41ZXC@6656,KOG0527@1,KOG0527@2759",HMG_box,0.0,0.0,1_Endocrine_Signals,Sex Differentiation Regulators,Sox/Fox Transcription Factors,No
,GFT90626.1,L798_12777,ko:K14776,,,3.6.4.13,"ko03009,ko01000,ko00000",136037.KDR22644,55.9,2.41e-240,700.0,0.0,0.0,0.0,0.0,probable ATP-dependent RNA helicase DDX10 [Nephila pilipes],,"38EK9@33154,3B9N0@33208,3D0F8@33213,3SFUH@50557,41WPW@6656,COG0513@1,KOG0343@2759","DEAD,DUF4217,Helicase_C",0.0,0.0,2_Sex_Determination,Germline Stem Cell Maintenance,Vasa/Nanos/Piwi Complex,No
,GFT90673.1,MECR,ko:K07512,"map01100,ko01212,map01212,ko01100,ko00062,map00062",M00085,1.3.1.38,"ko01000,ko00001,ko00000,ko00002",8469.XP_007064910.1,55.3,8.65e-49,167.0,0.0,0.0,0.0,0.0,"enoyl-[acyl-carrier-protein] reductase, mitochondrial [Nephila pilipes]",,"38GDB@33154,3B9JT@33208,3CSB2@33213,482PV@7711,48XQJ@7742,4CD7B@8459,COG0604@1,KOG0025@2759","ADH_N,ADH_zinc_N",0.0,0.0,1_Endocrine_Signals,Nuclear Hormone Signaling,Ecdysteroid & JH Pathways,No
,GFT91744.1,,,,,,,126957.SMAR004525-PA,71.1,1.52e-97,289.0,0.0,0.0,0.0,0.0,IDLSRF-like peptide [Nephila pilipes],,"28KSR@1,2QT8V@2759,39WI2@33154,3BHFY@33208,3CX1M@33213,41V96@6656",Ldl_recept_a,0.0,0.0,3_Female_Processes,Vitellogenesis & Egg Provisioning,Vitellogenin & Vg Receptor,No
,GFT91797.1,,ko:K18626,,,,"ko04812,ko00000",10224.XP_002741413.1,26.3,4.9e-85,319.0,0.0,0.0,0.0,0.0,vitellogenin-6 [Nephila pilipes],,"39S77@33154,3B95J@33208,3CX6J@33213,KOG4338@1,KOG4338@2759","DUF1943,VWD,Vitellogenin_N",0.0,0.0,3_Female_Processes,Vitellogenesis & Egg Provisioning,Vitellogenin & Vg Receptor,No
,GFT91852.1,107364182,,,,,,32264.tetur11g04260.1,81.3,0.0,936.0,0.0,0.0,0.0,0.0,putative VLDL receptor [Nephila pilipes],,"2CMKE@1,2QQP5@2759,38SXB@33154,3BG8X@33208,3D3DY@33213,41WKH@6656","CBM_14,Ldl_recept_a,Polysacc_deac_1",0.0,0.0,3_Female_Processes,Vitellogenesis & Egg Provisioning,Vitellogenin & Vg Receptor,No
,GFT91895.1,L798_06165,ko:K10349,,,,"ko04121,ko00000",136037.KDR19644,63.8,7.77e-218,629.0,0.0,0.0,0.0,0.0,protein fem-1 homolog B [Nephila pilipes],,"38CUA@33154,3B9R6@33208,3D1FY@33213,3SFKZ@50557,41YGI@6656,COG0666@1,KOG0508@2759","Ank,Ank_2,Ank_4",0.0,0.0,2_Sex_Determination,Sex Determination Cascade,Dsx/Tra/Fem Axis,No
,GFT91992.1,107368470,,,,,,32264.tetur27g01310.1,36.2,9.3e-85,313.0,0.0,0.0,0.0,0.0,"vitellogenin receptor, partial [Nephila pilipes]",,"39UY2@33154,3BCZA@33208,3CTZB@33213,41XKY@6656,KOG1215@1,KOG1215@2759","EGF,EGF_CA,FXa_inhibition,Ldl_recept_a,Ldl_recept_b",0.0,0.0,3_Female_Processes,Vitellogenesis & Egg Provisioning,Vitellogenin & Vg Receptor,No
,GFT93579.1,,ko:K13178,,,3.6.4.13,"ko01000,ko03041,ko00000",7739.XP_002599469.1,66.4,4.7400000000000004e-169,494.0,0.0,0.0,0.0,0.0,probable ATP-dependent RNA helicase DDX17 [Nephila pilipes],,"38D0V@33154,3BCQC@33208,3CTK2@33213,48560@7711,COG0513@1,KOG0331@2759","DEAD,Helicase_C",0.0,0.0,2_Sex_Determination,Germline Stem Cell Maintenance,Vasa/Nanos/Piwi Complex,No
,GFT94175.1,ddx5,,,,,,6500.NP_001191665.1,56.9,1.7600000000000003e-123,375.0,0.0,0.0,0.0,0.0,"probable ATP-dependent RNA helicase DDX17, partial [Nephila pilipes]",,"38D0V@33154,3BCQC@33208,3CTK2@33213,COG0513@1,KOG0331@2759","DEAD,Helicase_C",0.0,0.0,2_Sex_Determination,Germline Stem Cell Maintenance,Vasa/Nanos/Piwi Complex,No
,GFT94688.1,,,,,,,69319.XP_008549888.1,46.2,1.89e-14,75.9,0.0,0.0,0.0,0.0,"ig-like domain-containing protein, partial [Nephila pilipes]",,"2CYP3@1,2S5E1@2759,3A2DP@33154,3BR1M@33208,3D7MG@33213,3SNMN@50557,41ZG7@6656",Ldl_recept_a,0.0,0.0,3_Female_Processes,Vitellogenesis & Egg Provisioning,Vitellogenin & Vg Receptor,No
,GFT94799.1,,,,,,,126957.SMAR005063-PA,41.6,4.64e-26,116.0,0.0,0.0,0.0,0.0,"vitellogenin receptor, partial [Nephila pilipes]",,"3A27K@33154,3BR68@33208,3D7BV@33213,41ZIQ@6656,KOG1215@1,KOG1215@2759",Ldl_recept_a,0.0,0.0,3_Female_Processes,Vitellogenesis & Egg Provisioning,Vitellogenin & Vg Receptor,No
,GFT96484.1,8233504,ko:K10802,"ko04140,ko03410,map03410,ko04217,map04217,map04140",,,"ko04147,ko03400,ko03036,ko00001,ko00000",121225.PHUM006290-PA,72.2,8.18e-75,231.0,0.0,0.0,0.0,0.0,high mobility group protein DSP1 [Nephila pilipes],,"39V7D@33154,3BI6Q@33208,3CZDN@33213,3E9YF@33342,3SJ1G@50557,41Z3F@6656,COG5648@1,KOG0381@2759",HMG_box_2,0.0,0.0,1_Endocrine_Signals,Sex Differentiation Regulators,Sox/Fox Transcription Factors,No
,GFT96564.1,,,,,,,126957.SMAR008886-PA,55.1,1.69e-308,961.0,0.0,0.0,0.0,0.0,ankyrin repeat and IBR domain-containing protein 1 [Nephila pilipes],,"38GCY@33154,3B9YA@33208,3CWJ1@33213,41WN6@6656,COG3104@1,COG5190@1,KOG1215@1,KOG1215@2759,KOG1237@2759,KOG1605@2759,KOG1815@1,KOG1815@2759","IBR,Ldl_recept_b,NIF,PTR2",0.0,0.0,3_Female_Processes,Vitellogenesis & Egg Provisioning,Vitellogenin & Vg Receptor,No
,GFT97224.1,107364182,,,,,,32264.tetur11g04260.1,82.3,2.37e-291,802.0,0.0,0.0,0.0,0.0,"chitin-binding type-2 domain-containing protein, partial [Nephila pilipes]",,"2CMKE@1,2QQP5@2759,38SXB@33154,3BG8X@33208,3D3DY@33213,41WKH@6656","CBM_14,Ldl_recept_a,Polysacc_deac_1",0.0,0.0,3_Female_Processes,Vitellogenesis & Egg Provisioning,Vitellogenin & Vg Receptor,No
,GFT98873.1,nid2b,,,,,,7955.ENSDARP00000119933,30.0,4.42e-07,56.2,0.0,0.0,0.0,0.0,u36-Nephitoxin-Nsp1a_1 [Nephila pilipes],,"38HNZ@33154,3BBTR@33208,3CY69@33213,48A6D@7711,490QP@7742,49SM6@7898,COG2272@1,KOG1214@2759","EGF_3,EGF_CA,G2F,Ldl_recept_b,NIDO,Thyroglobulin_1",0.0,0.0,3_Female_Processes,Vitellogenesis & Egg Provisioning,Vitellogenin & Vg Receptor,No
,GFT99342.1,Vasa,ko:K13982,,,3.6.4.13,"ko01000,ko03036,ko00000",7070.TC010103-PA,58.8,4.34e-182,544.0,0.0,0.0,0.0,0.0,probable ATP-dependent RNA helicase DDX4 [Nephila pilipes],,"38E7Z@33154,3B9JU@33208,3D0JF@33213,3SKP5@50557,41VC3@6656,COG0513@1,KOG0335@2759","DEAD,Helicase_C",0.0,0.0,2_Sex_Determination,Germline Stem Cell Maintenance,Vasa/Nanos/Piwi Complex,No
,GFT99491.1,107363157,,,,,,32264.tetur09g04550.1,60.9,1.53e-149,447.0,0.0,0.0,0.0,0.0,chorion peroxidase [Nephila pilipes],,"38C9T@33154,3BEQJ@33208,3CRD4@33213,41VMY@6656,KOG2408@1,KOG2408@2759",An_peroxidase,0.0,0.0,3_Female_Processes,Oogenesis & Eggshell Assembly,Chorion & ZP Matrix,No
,GFU02998.1,WDHD1,ko:K11274,,,,"ko03036,ko00000",59894.ENSFALP00000003934,36.8,9.91e-50,182.0,0.0,0.0,0.0,0.0,"WD repeat and HMG-box DNA-binding protein 1, partial [Nephila pilipes]",,"38GB7@33154,3BAXM@33208,3CYSA@33213,482PE@7711,494A1@7742,4GQV6@8782,KOG1274@1,KOG1274@2759","HMG_box,Mcl1_mid,WD40",0.0,0.0,1_Endocrine_Signals,Sex Differentiation Regulators,Sox/Fox Transcription Factors,No
,GFU04557.1,dmrt1,ko:K19488,,,,"ko03000,ko00000",244447.XP_008334413.1,59.7,8.76e-17,85.9,0.0,0.0,0.0,0.0,doublesex and mab-3 related transcription factor 1 [Nephila pilipes],,"39ST2@33154,3BJP1@33208,3D00D@33213,485RI@7711,48ZJX@7742,49S8H@7898,KOG3815@1,KOG3815@2759","DM,Dmrt1",0.0,0.0,2_Sex_Determination,Sex Determination Cascade,Dsx/Tra/Fem Axis,No
,GFU06143.1,METTL7A,,,,,,9978.XP_004599023.1,40.0,2.5600000000000003e-22,97.4,0.0,0.0,0.0,0.0,methyltransferase-like protein 7A [Nephila pilipes],,"3598K@314146,38HFJ@33154,3BC4D@33208,3CWGX@33213,3JCHF@40674,48680@7711,494EY@7742,COG0500@1,KOG4300@2759",Methyltransf_11,0.0,0.0,1_Endocrine_Signals,Nuclear Hormone Signaling,Ecdysteroid & JH Pathways,No
,GFU06169.1,L798_11182,ko:K06826,,,,"ko04516,ko00000",136037.KDR14602,51.0,1.6800000000000002e-252,766.0,0.0,0.0,0.0,0.0,nidogen-2 [Nephila pilipes],,"38HNZ@33154,3BBTR@33208,3CY69@33213,3SJ30@50557,41TQI@6656,COG2272@1,KOG1214@2759","EGF_3,EGF_CA,G2F,Ldl_recept_b,NIDO",0.0,0.0,3_Female_Processes,Vitellogenesis & Egg Provisioning,Vitellogenin & Vg Receptor,No
,GFU06669.1,,ko:K19491,,,,"ko03000,ko00000",32264.tetur10g00950.1,85.1,3.3199999999999995e-54,189.0,0.0,0.0,0.0,0.0,doublesex- and mab-3-related transcription factor A2 [Nephila pilipes],,"38H54@33154,3BCWT@33208,3CXFZ@33213,41YZP@6656,KOG3815@1,KOG3815@2759","DM,DMA",0.0,0.0,2_Sex_Determination,Sex Determination Cascade,Dsx/Tra/Fem Axis,No
,GFU07691.1,,,,,,,126957.SMAR010566-PA,29.8,3.85e-36,152.0,0.0,0.0,0.0,0.0,"low-density lipoprotein receptor-related protein 2, partial [Nephila pilipes]",,"39UY2@33154,3BCZA@33208,3CTZB@33213,41XKY@6656,KOG1215@1,KOG1215@2759","EGF_CA,FXa_inhibition,Ldl_recept_a,Ldl_recept_b",0.0,0.0,3_Female_Processes,Vitellogenesis & Egg Provisioning,Vitellogenin & Vg Receptor,No
,GFU07775.1,,,,,,,4565.Traes_2BS_EF4BF9ADA.1,23.6,7.93e-75,285.0,0.0,0.0,0.0,0.0,"ATP-dependent RNA helicase DEAH12, chloroplastic [Nephila pilipes]",,"37M4N@33090,3GGDJ@35493,3IEU9@38820,3KN2R@4447,COG1643@1,KOG0922@2759,KOG1812@1,KOG1812@2759","DEAD,HA2,Helicase_C,IBR,OB_NTP_bind",0.0,0.0,2_Sex_Determination,Germline Stem Cell Maintenance,Vasa/Nanos/Piwi Complex,No
,GFU07776.1,11415010,ko:K12818,"ko03040,map03040",,3.6.4.13,"ko01000,ko00001,ko03041,ko00000",3880.AES72168,24.1,1.85e-88,329.0,0.0,0.0,0.0,0.0,"ATP-dependent RNA helicase DEAH12, chloroplastic [Nephila pilipes]",,"37M4N@33090,3GGDJ@35493,4JH76@91835,COG1643@1,KOG0922@2759,KOG1812@1,KOG1812@2759","DEAD,HA2,Helicase_C,IBR,OB_NTP_bind,zf-C3HC4",0.0,0.0,2_Sex_Determination,Germline Stem Cell Maintenance,Vasa/Nanos/Piwi Complex,No
,GFU10351.1,,,,,,,10224.XP_006824509.1,53.1,3.28e-88,276.0,0.0,0.0,0.0,0.0,high mobility group protein 20A [Nephila pilipes],,"38DGI@33154,3BGI7@33208,3CYRU@33213,COG5648@1,KOG0381@2759",HMG_box,0.0,0.0,1_Endocrine_Signals,Sex Differentiation Regulators,Sox/Fox Transcription Factors,No
,GFU12323.1,,,,,,,6500.XP_005112217.1,39.0,2.04e-46,172.0,0.0,0.0,0.0,0.0,pumilio homolog 3 [Nephila pilipes],,"38B4G@33154,3BBS3@33208,3CWVA@33213,KOG2050@1,KOG2050@2759",CPL,0.0,0.0,2_Sex_Determination,Germline Stem Cell Maintenance,Vasa/Nanos/Piwi Complex,No
,GFU13037.1,,,,,,,126957.SMAR006062-PA,43.1,7.52e-131,397.0,0.0,0.0,0.0,0.0,ecdysone 20-monooxygenase [Nephila pilipes],,"38CZC@33154,3B9J4@33208,3CUCS@33213,429XA@6656,COG2124@1,KOG0159@2759",p450,0.0,0.0,1_Endocrine_Signals,Nuclear Hormone Signaling,Ecdysteroid & JH Pathways,No
,GFU14854.1,,ko:K13178,,,3.6.4.13,"ko01000,ko03041,ko00000",6669.EFX78251,51.5,8.97e-49,180.0,0.0,0.0,0.0,0.0,"probable ATP-dependent RNA helicase DDX17, partial [Nephila pilipes]",,"38D0V@33154,3BCQC@33208,3CTK2@33213,41TIS@6656,COG0513@1,KOG0331@2759","DEAD,Helicase_C",0.0,0.0,2_Sex_Determination,Germline Stem Cell Maintenance,Vasa/Nanos/Piwi Complex,No
,GFU14856.1,,ko:K13178,,,3.6.4.13,"ko01000,ko03041,ko00000",6669.EFX78251,70.1,1.4500000000000001e-58,204.0,0.0,0.0,0.0,0.0,"probable ATP-dependent RNA helicase DDX17, partial [Nephila pilipes]",,"38D0V@33154,3BCQC@33208,3CTK2@33213,41TIS@6656,COG0513@1,KOG0331@2759","DEAD,Helicase_C",0.0,0.0,2_Sex_Determination,Germline Stem Cell Maintenance,Vasa/Nanos/Piwi Complex,No
,GFU15217.1,,ko:K13178,,,3.6.4.13,"ko01000,ko03041,ko00000",7739.XP_002599469.1,65.8,6.879999999999999e-170,496.0,0.0,0.0,0.0,0.0,probable ATP-dependent RNA helicase DDX17 [Nephila pilipes],,"38D0V@33154,3BCQC@33208,3CTK2@33213,48560@7711,COG0513@1,KOG0331@2759","DEAD,Helicase_C",0.0,0.0,2_Sex_Determination,Germline Stem Cell Maintenance,Vasa/Nanos/Piwi Complex,No
,GFU15967.1,,,,,,,10224.XP_006821180.1,43.4,1.94e-56,205.0,0.0,0.0,0.0,0.0,TOX high mobility group box family member 4-B [Nephila pilipes],,"391XQ@33154,3BI3N@33208,3CVAM@33213,COG5648@1,KOG0381@2759",HMG_box,0.0,0.0,1_Endocrine_Signals,Sex Differentiation Regulators,Sox/Fox Transcription Factors,No
,GFU15969.1,,,,,,,6669.EFX64855,30.5,1.2500000000000002e-35,147.0,0.0,0.0,0.0,0.0,CUB domain-containing protein [Nephila pilipes],,"39XFA@33154,3BP1T@33208,3D5XF@33213,41XZA@6656,KOG1215@1,KOG1215@2759",Ldl_recept_a,0.0,0.0,3_Female_Processes,Vitellogenesis & Egg Provisioning,Vitellogenin & Vg Receptor,No
,GFU16153.1,L798_14925,,,,,,136037.KDR10799,43.4,0.0,1240.0,0.0,0.0,0.0,0.0,sortilin-related receptor [Nephila pilipes],,"38E47@33154,3BI9F@33208,3CU1X@33213,3SG1U@50557,41XFB@6656,KOG1215@1,KOG1215@2759,KOG3511@1,KOG3511@2759","Ldl_recept_a,Ldl_recept_b,Sortilin-Vps10,Sortilin_C,fn3",0.0,0.0,3_Female_Processes,Vitellogenesis & Egg Provisioning,Vitellogenin & Vg Receptor,No
,GFU16693.1,,,,,,,126957.SMAR013115-PA,48.1,5.41e-116,367.0,0.0,0.0,0.0,0.0,dual specificity testis-specific protein kinase 2 [Nephila pilipes],,"2QTCP@2759,38BED@33154,3BCNJ@33208,3CX11@33213,41W2S@6656,COG0515@1",Pkinase_Tyr,0.0,0.0,4_Male_Processes,Spermatogenesis & Motility,Sperm Flagellar & Nuclear Factors,No
,GFU16694.1,,,,,,,10224.XP_006816276.1,26.6,4.9400000000000005e-31,139.0,0.0,0.0,0.0,0.0,acid-sensing ion channel 4-B [Nephila pilipes],,"39TI4@33154,3BJP2@33208,3D3J0@33213,KOG1215@1,KOG1215@2759,KOG3714@1,KOG3714@2759,KOG4294@1,KOG4294@2759","ASC,CUB,Ldl_recept_a,TSP_1",0.0,0.0,3_Female_Processes,Vitellogenesis & Egg Provisioning,Vitellogenin & Vg Receptor,No
,GFU16696.1,,,,,,,10224.XP_006820069.1,30.2,1.25e-40,167.0,0.0,0.0,0.0,0.0,degenerin-like protein unc-105 [Nephila pilipes],,"KOG1215@1,KOG1215@2759,KOG4294@1,KOG4294@2759","ASC,Ldl_recept_a",0.0,0.0,3_Female_Processes,Vitellogenesis & Egg Provisioning,Vitellogenin & Vg Receptor,No
,GFU17165.1,,,,,,,126957.SMAR009325-PA,54.6,0.0,1569.0,0.0,0.0,0.0,0.0,protein polybromo-1 [Nephila pilipes],,"38GU3@33154,3BCB9@33208,3CWIZ@33213,41TE8@6656,COG5076@1,KOG1827@2759","BAH,Bromodomain,HMG_box",0.0,0.0,1_Endocrine_Signals,Sex Differentiation Regulators,Sox/Fox Transcription Factors,No
,GFU17167.1,,,,,,,126957.SMAR009325-PA,54.5,0.0,1566.0,0.0,0.0,0.0,0.0,protein polybromo-1 [Nephila pilipes],,"38GU3@33154,3BCB9@33208,3CWIZ@33213,41TE8@6656,COG5076@1,KOG1827@2759","BAH,Bromodomain,HMG_box",0.0,0.0,1_Endocrine_Signals,Sex Differentiation Regulators,Sox/Fox Transcription Factors,No
,GFU17169.1,,,,,,,126957.SMAR009325-PA,54.3,0.0,1562.0,0.0,0.0,0.0,0.0,protein polybromo-1 [Nephila pilipes],,"38GU3@33154,3BCB9@33208,3CWIZ@33213,41TE8@6656,COG5076@1,KOG1827@2759","BAH,Bromodomain,HMG_box",0.0,0.0,1_Endocrine_Signals,Sex Differentiation Regulators,Sox/Fox Transcription Factors,No
,GFU17434.1,CTL4,,,,,,7460.GB47938-PA,80.4,1.32e-46,167.0,0.0,0.0,0.0,0.0,low-density lipoprotein receptor-related protein 1B [Nephila pilipes],,"38BUP@33154,3BIYB@33208,3D0JJ@33213,3SHY3@50557,41U7I@6656,46EU2@7399,KOG1217@1,KOG1217@2759","CUB,EGF,EGF_CA,Ephrin_rec_like,F5_F8_type_C,HYR,Laminin_G_3,Ldl_recept_a,Sushi,hEGF",0.0,0.0,3_Female_Processes,Vitellogenesis & Egg Provisioning,Vitellogenin & Vg Receptor,No
,GFU17437.1,,,,,,,32264.tetur21g01660.1,62.0,0.0,3256.0,0.0,0.0,0.0,0.0,cubilin [Nephila pilipes],,"38BUP@33154,3BIYB@33208,3D0JJ@33213,41U7I@6656,KOG1217@1,KOG1217@2759","CUB,EGF,EGF_CA,Ephrin_rec_like,F5_F8_type_C,HYR,Laminin_G_3,Ldl_recept_a,Sushi,hEGF",0.0,0.0,3_Female_Processes,Vitellogenesis & Egg Provisioning,Vitellogenin & Vg Receptor,No
,GFU17441.1,,,,,,,32264.tetur21g01660.1,62.5,0.0,3096.0,0.0,0.0,0.0,0.0,cubilin [Nephila pilipes],,"38BUP@33154,3BIYB@33208,3D0JJ@33213,41U7I@6656,KOG1217@1,KOG1217@2759","CUB,EGF,EGF_CA,Ephrin_rec_like,F5_F8_type_C,HYR,Laminin_G_3,Ldl_recept_a,Sushi,hEGF",0.0,0.0,3_Female_Processes,Vitellogenesis & Egg Provisioning,Vitellogenin & Vg Receptor,No
,GFU17957.1,TEX11,,,,,,8364.ENSXETP00000058529,28.1,3.49e-22,105.0,0.0,0.0,0.0,0.0,testis-expressed protein 11 [Nephila pilipes],,"38EZP@33154,3B9JH@33208,3CY0K@33213,485IF@7711,48ZH0@7742,KOG4814@1,KOG4814@2759",SPO22,0.0,0.0,4_Male_Processes,Spermatogenesis & Motility,Sperm Flagellar & Nuclear Factors,No
,GFU19130.1,,,,,,,126957.SMAR012330-PA,58.5,0.0,1573.0,0.0,0.0,0.0,0.0,3'-5' RNA helicase YTHDC2 [Nephila pilipes],,"38B5Q@33154,3BG2N@33208,3CRPA@33213,41WAZ@6656,COG1643@1,KOG0920@2759,KOG1902@1,KOG1902@2759","Ank_2,DEAD,HA2,Helicase_C,OB_NTP_bind,R3H,YTH",0.0,0.0,2_Sex_Determination,Germline Stem Cell Maintenance,Vasa/Nanos/Piwi Complex,No
,GFU19132.1,,,,,,,126957.SMAR012330-PA,59.8,0.0,1584.0,0.0,0.0,0.0,0.0,3'-5' RNA helicase YTHDC2 [Nephila pilipes],,"38B5Q@33154,3BG2N@33208,3CRPA@33213,41WAZ@6656,COG1643@1,KOG0920@2759,KOG1902@1,KOG1902@2759","Ank_2,DEAD,HA2,Helicase_C,OB_NTP_bind,R3H,YTH",0.0,0.0,2_Sex_Determination,Germline Stem Cell Maintenance,Vasa/Nanos/Piwi Complex,No
,GFU19401.1,DDX54,ko:K14808,,,3.6.4.13,"ko03009,ko01000,ko00000",176946.XP_007442076.1,55.0,2.47e-232,677.0,0.0,0.0,0.0,0.0,ATP-dependent RNA helicase DDX54 [Nephila pilipes],,"38DZ2@33154,3BA8H@33208,3CSYF@33213,4869A@7711,48VV0@7742,COG0513@1,KOG0337@2759","DBP10CT,DEAD,Helicase_C",0.0,0.0,2_Sex_Determination,Germline Stem Cell Maintenance,Vasa/Nanos/Piwi Complex,No
,GFU21029.1,met1,,,,,,163164.WD_0263,90.6,4.42e-274,758.0,0.0,0.0,0.0,0.0,DNA methylase N-4 [Nephila pilipes],,"1MVH7@1224,2TRNA@28211,47G1U@766,COG0863@1,COG0863@2,COG1475@1,COG1475@2","N6_N4_Mtase,ParBc",0.0,0.0,1_Endocrine_Signals,Nuclear Hormone Signaling,Ecdysteroid & JH Pathways,No
,GFU21751.1,,,,,,,6669.EFX64854,49.1,2.76e-130,421.0,0.0,0.0,0.0,0.0,CD109 antigen [Nephila pilipes],,"38DGN@33154,3BCF2@33208,3CTZZ@33213,41VIF@6656,COG2373@1,KOG1366@2759","A2M,A2M_N,A2M_N_2,A2M_comp,A2M_recep,Ldl_recept_a,Thiol-ester_cl",0.0,0.0,3_Female_Processes,Vitellogenesis & Egg Provisioning,Vitellogenin & Vg Receptor,No
,GFU21754.1,,,,,,,6669.EFX64854,51.7,9.77e-201,613.0,0.0,0.0,0.0,0.0,CD109 antigen [Nephila pilipes],,"38DGN@33154,3BCF2@33208,3CTZZ@33213,41VIF@6656,COG2373@1,KOG1366@2759","A2M,A2M_N,A2M_N_2,A2M_comp,A2M_recep,Ldl_recept_a,Thiol-ester_cl",0.0,0.0,3_Female_Processes,Vitellogenesis & Egg Provisioning,Vitellogenin & Vg Receptor,No
,GFU22067.1,,,,,,,126957.SMAR010966-PA,46.6,5.04e-154,474.0,0.0,0.0,0.0,0.0,nucleolar transcription factor 1-B [Nephila pilipes],,"38B8E@33154,3BG2H@33208,3CU5Z@33213,41Y5S@6656,COG5648@1,KOG0381@2759","HMG_box,HMG_box_2",0.0,0.0,1_Endocrine_Signals,Sex Differentiation Regulators,Sox/Fox Transcription Factors,No
,GFU22720.1,Vgr,,,,,,7425.NV13371-PA,42.4,7.69e-70,250.0,0.0,0.0,0.0,0.0,"putative vitellogenin receptor, partial [Nephila pilipes]",,"39UY2@33154,3BCZA@33208,3CTZB@33213,3SGY1@50557,41XKY@6656,46KCZ@7399,KOG1215@1,KOG1215@2759","EGF_CA,FXa_inhibition,Ldl_recept_a,Ldl_recept_b,cEGF",0.0,0.0,3_Female_Processes,Vitellogenesis & Egg Provisioning,Vitellogenin & Vg Receptor,No
,GFU23909.1,,,,,,,13249.RPRC000107-PA,54.2,1.19e-168,516.0,0.0,0.0,0.0,0.0,"prostasin, partial [Nephila pilipes]",,"39RNV@33154,3BGTX@33208,3CX8D@33213,3EC7C@33342,3SIWX@50557,41TPC@6656,COG5640@1,KOG3627@2759","Ldl_recept_a,Trypsin",0.0,0.0,3_Female_Processes,Vitellogenesis & Egg Provisioning,Vitellogenin & Vg Receptor,No
,GFU23911.1,,,,,,,126957.SMAR004494-PA,31.4,8.52e-13,78.6,0.0,0.0,0.0,0.0,"prostasin, partial [Nephila pilipes]",,"39RNV@33154,3BGTX@33208,3CX8D@33213,41TPC@6656,COG2007@1,COG5640@1,KOG3283@2759,KOG3627@2759","HATPase_c_3,Ldl_recept_a,SEA,SMC_hinge,Trypsin",0.0,0.0,3_Female_Processes,Vitellogenesis & Egg Provisioning,Vitellogenin & Vg Receptor,No
,GFU24260.1,MECR,,,,,,128390.XP_009469168.1,51.9,1.07e-38,139.0,0.0,0.0,0.0,0.0,"enoyl-[acyl-carrier-protein] reductase, mitochondrial [Nephila pilipes]",,"38GDB@33154,3B9JT@33208,3CSB2@33213,482PV@7711,48XQJ@7742,4GNYC@8782,COG0604@1,KOG0025@2759","ADH_N,ADH_zinc_N",0.0,0.0,1_Endocrine_Signals,Nuclear Hormone Signaling,Ecdysteroid & JH Pathways,No
,GFU24646.1,,ko:K13185,,,3.6.4.13,"ko01000,ko03029,ko03041,ko00000",10224.XP_006817681.1,42.6,3.15e-210,635.0,0.0,0.0,0.0,0.0,ATP-dependent RNA helicase DHX30 [Nephila pilipes],,"38B5Q@33154,3BAZC@33208,3CRNR@33213,COG1643@1,KOG0920@2759","DEAD,HA2,Helicase_C,OB_NTP_bind",0.0,0.0,2_Sex_Determination,Germline Stem Cell Maintenance,Vasa/Nanos/Piwi Complex,No
,GFU25804.1,,,,,,,126957.SMAR011917-PA,61.1,5.26e-278,783.0,0.0,0.0,0.0,0.0,protein fem-1 homolog A-B [Nephila pilipes],,"39U97@33154,3BMDU@33208,3D4D7@33213,41THW@6656,COG0666@1,KOG0508@2759","Ank,Ank_2",0.0,0.0,2_Sex_Determination,Sex Determination Cascade,Dsx/Tra/Fem Axis,No
,GFU25812.1,eIF-4a,ko:K03257,"ko03013,map03013",M00428,,"ko04147,ko03019,ko03012,ko00001,ko00000,ko00002",7070.TC014113-PA,82.7,6.17e-249,692.0,0.0,0.0,0.0,0.0,eukaryotic initiation factor 4A-II [Nephila pilipes],,"38CTS@33154,3BC8P@33208,3CVNR@33213,3SFKF@50557,41V2N@6656,COG0513@1,KOG0327@2759","DEAD,Helicase_C",0.0,0.0,2_Sex_Determination,Germline Stem Cell Maintenance,Vasa/Nanos/Piwi Complex,No
,GFU26792.1,,ko:K14778,,,3.6.4.13,"ko03009,ko01000,ko00000",10224.XP_002735561.1,53.3,7.43e-144,429.0,0.0,0.0,0.0,0.0,probable ATP-dependent RNA helicase DDX49 [Nephila pilipes],,"38C0R@33154,3BE6I@33208,3D0CB@33213,COG0513@1,KOG0340@2759","DEAD,Helicase_C",0.0,0.0,2_Sex_Determination,Germline Stem Cell Maintenance,Vasa/Nanos/Piwi Complex,No
,GFU27397.1,ddx5,,,,,,6500.NP_001191665.1,56.9,1.7600000000000003e-123,375.0,0.0,0.0,0.0,0.0,"probable ATP-dependent RNA helicase DDX17, partial [Nephila pilipes]",,"38D0V@33154,3BCQC@33208,3CTK2@33213,COG0513@1,KOG0331@2759","DEAD,Helicase_C",0.0,0.0,2_Sex_Determination,Germline Stem Cell Maintenance,Vasa/Nanos/Piwi Complex,No
,GFU27492.1,,ko:K06233,"ko04918,ko04979,map04340,map04918,map04979,ko04340",,,"ko04131,ko00001,ko00000",32264.tetur25g01440.1,65.8,0.0,4345.0,0.0,0.0,0.0,0.0,low-density lipoprotein receptor-related protein 2 [Nephila pilipes],,"38B6M@33154,3B9HR@33208,3CV9D@33213,41UVK@6656,KOG1215@1,KOG1215@2759","EGF_CA,FXa_inhibition,Ldl_recept_a,Ldl_recept_b,cEGF",0.0,0.0,3_Female_Processes,Vitellogenesis & Egg Provisioning,Vitellogenin & Vg Receptor,No
,GFU29530.1,,,,,,,6500.XP_005089141.1,35.0,1.44e-35,145.0,0.0,0.0,0.0,0.0,acid-sensing ion channel 1 [Nephila pilipes],,"39U6J@33154,3BJ8Y@33208,3CTTA@33213,KOG1215@1,KOG1215@2759,KOG4294@1,KOG4294@2759","ASC,Ldl_recept_a",0.0,0.0,3_Female_Processes,Vitellogenesis & Egg Provisioning,Vitellogenin & Vg Receptor,No
,GFU30407.1,KGM_205937,ko:K11136,,,3.6.4.12,"ko01000,ko00000,ko03032",13037.EHJ73993,50.8,5.380000000000001e-257,752.0,0.0,0.0,0.0,0.0,regulator of telomere elongation helicase 1 homolog [Nephila pilipes],,"38BE8@33154,3BBTE@33208,3CSUP@33213,3SG3U@50557,41UDD@6656,4422H@7088,COG1199@1,KOG1132@2759","DEAD_2,Helicase_C_2",0.0,0.0,2_Sex_Determination,Germline Stem Cell Maintenance,Vasa/Nanos/Piwi Complex,No
,GFU30500.1,eIF-4a,ko:K03257,"ko03013,map03013",M00428,,"ko04147,ko03019,ko03012,ko00001,ko00000,ko00002",7070.TC014113-PA,85.3,1.7099999999999996e-249,693.0,0.0,0.0,0.0,0.0,eukaryotic initiation factor 4A-II [Nephila pilipes],,"38CTS@33154,3BC8P@33208,3CVNR@33213,3SFKF@50557,41V2N@6656,COG0513@1,KOG0327@2759","DEAD,Helicase_C",0.0,0.0,2_Sex_Determination,Germline Stem Cell Maintenance,Vasa/Nanos/Piwi Complex,No
,GFU31641.1,METTL4,,,,,,13616.ENSMODP00000026827,45.2,8.579999999999998e-69,229.0,0.0,0.0,0.0,0.0,n(6)-adenine-specific methyltransferase METTL4 [Nephila pilipes],,"38GQ0@33154,3BHYU@33208,3CUEQ@33213,3J99E@40674,484QZ@7711,48ZXY@7742,4K6ZZ@9263,KOG2356@1,KOG2356@2759",MT-A70,0.0,0.0,1_Endocrine_Signals,Nuclear Hormone Signaling,Ecdysteroid & JH Pathways,No
,GFU31642.1,,,,,,,126957.SMAR007319-PA,73.4,0.0,1458.0,0.0,0.0,0.0,0.0,pre-mRNA-splicing factor ATP-dependent RNA helicase DHX16 [Nephila pilipes],,"3AI4W@33154,3B97J@33208,3CW66@33213,41TPB@6656,COG1643@1,KOG0923@2759","DEAD,HA2,Helicase_C,OB_NTP_bind",0.0,0.0,2_Sex_Determination,Germline Stem Cell Maintenance,Vasa/Nanos/Piwi Complex,No
,GFU31937.1,105619273,ko:K14805,,,3.6.4.13,"ko03009,ko01000,ko00000",12957.ACEP11856-PA,50.8,3.77e-183,543.0,0.0,0.0,0.0,0.0,ATP-dependent RNA helicase DDX24 [Nephila pilipes],,"38CPC@33154,3BAA8@33208,3D0ZM@33213,3SKIF@50557,41V3C@6656,46EQN@7399,COG0513@1,KOG0347@2759","DEAD,Helicase_C",0.0,0.0,2_Sex_Determination,Germline Stem Cell Maintenance,Vasa/Nanos/Piwi Complex,No
,GFU32686.1,METTL7A,,,,,,225400.XP_006757148.1,40.3,6.33e-45,158.0,0.0,0.0,0.0,0.0,methyltransferase-like protein 7A [Nephila pilipes],,"38HFJ@33154,3BC4D@33208,3CWGX@33213,3JCHF@40674,48680@7711,494EY@7742,4KPXA@9397,COG0500@1,KOG4300@2759",Methyltransf_11,0.0,0.0,1_Endocrine_Signals,Nuclear Hormone Signaling,Ecdysteroid & JH Pathways,No
,GFU32688.1,METTL7A,,,,,,225400.XP_006757148.1,42.1,8.86e-45,156.0,0.0,0.0,0.0,0.0,methyltransferase-like protein 7A [Nephila pilipes],,"38HFJ@33154,3BC4D@33208,3CWGX@33213,3JCHF@40674,48680@7711,494EY@7742,4KPXA@9397,COG0500@1,KOG4300@2759",Methyltransf_11,0.0,0.0,1_Endocrine_Signals,Nuclear Hormone Signaling,Ecdysteroid & JH Pathways,No
,GFU32706.1,L798_12735,ko:K18663,,,3.6.4.12,"ko01000,ko03400,ko00000",136037.KDR22605,54.5,0.0,2255.0,0.0,0.0,0.0,0.0,activating signal cointegrator 1 complex subunit 3 [Nephila pilipes],,"38CPH@33154,3B9XK@33208,3D8Z8@33213,3SI4X@50557,41WZ8@6656,COG1204@1,KOG0952@2759","DEAD,Helicase_C,Sec63",0.0,0.0,2_Sex_Determination,Germline Stem Cell Maintenance,Vasa/Nanos/Piwi Complex,No
,GFU33438.1,,,,,,,6500.XP_005099846.1,31.2,6.120000000000001e-209,698.0,0.0,0.0,0.0,0.0,"ATP-dependent RNA helicase DEAH12, chloroplastic [Nephila pilipes]",,"39ZFI@33154,3BNYT@33208,3DD40@33213,COG1643@1,KOG0922@2759,KOG1812@1,KOG1812@2759","DEAD,HA2,Helicase_C,IBR,OB_NTP_bind",0.0,0.0,2_Sex_Determination,Germline Stem Cell Maintenance,Vasa/Nanos/Piwi Complex,No
,GFU33547.1,TEX30,,,,,,9305.ENSSHAP00000014198,39.1,1.04e-48,167.0,0.0,0.0,0.0,0.0,testis-expressed protein 30 [Nephila pilipes],,"394F8@33154,3BB42@33208,3CX7W@33213,3J1XX@40674,486KM@7711,493RZ@7742,COG3571@1,KOG3253@2759",DLH,0.0,0.0,4_Male_Processes,Spermatogenesis & Motility,Sperm Flagellar & Nuclear Factors,No
,GFU33856.1,,,,,,,126957.SMAR001063-PA,54.0,1.05e-18,97.8,0.0,0.0,0.0,0.0,HMG box domain-containing protein [Nephila pilipes],,"3A8EX@33154,3BUY4@33208,3DATA@33213,421CX@6656,KOG0527@1,KOG0527@2759",HMG_box,0.0,0.0,1_Endocrine_Signals,Sex Differentiation Regulators,Sox/Fox Transcription Factors,No
,GFU33857.1,LOC664397,,,,,,7070.TC007345-PA,49.4,8.59e-18,90.1,0.0,0.0,0.0,0.0,HMG box domain-containing protein [Nephila pilipes],,"3A8EX@33154,3BUY4@33208,3DATA@33213,3SR8H@50557,421CX@6656,KOG0527@1,KOG0527@2759","BTB,HMG_box",0.0,0.0,1_Endocrine_Signals,Sex Differentiation Regulators,Sox/Fox Transcription Factors,No
,GFU34717.1,,,,,,,10224.XP_002734431.2,40.0,3.64e-09,61.6,0.0,0.0,0.0,0.0,"MAM and LDL-receptor class A domain-containing protein 2, partial [Nephila pilipes]",,"38GM4@33154,3BCUM@33208,3CYSX@33213,COG0515@1,KOG1095@2759","Ldl_recept_a,MAM",0.0,0.0,3_Female_Processes,Vitellogenesis & Egg Provisioning,Vitellogenin & Vg Receptor,No
,GFU36165.1,8233719,,,,,,121225.PHUM009400-PA,22.5,7.820000000000001e-43,183.0,0.0,0.0,0.0,0.0,apolipophorins [Nephila pilipes],,"38D8A@33154,3BCAR@33208,3CYWB@33213,3E7NF@33342,3SJX5@50557,41XU6@6656,KOG4338@1,KOG4338@2759","DUF1081,DUF1943,VWD,Vitellogenin_N",0.0,0.0,3_Female_Processes,Vitellogenesis & Egg Provisioning,Vitellogenin & Vg Receptor,No
,GFU36167.1,,,,,,,6500.XP_005105854.1,26.6,7.14e-85,322.0,0.0,0.0,0.0,0.0,vitellogenin [Nephila pilipes],,"38D8A@33154,3BCAR@33208,3CYWB@33213,KOG4338@1,KOG4338@2759","DUF1081,DUF1943,VWD,Vitellogenin_N",0.0,0.0,3_Female_Processes,Vitellogenesis & Egg Provisioning,Vitellogenin & Vg Receptor,No
,GFU36170.1,,,,,,,6500.XP_005105854.1,26.6,7.14e-85,322.0,0.0,0.0,0.0,0.0,vitellogenin [Nephila pilipes],,"38D8A@33154,3BCAR@33208,3CYWB@33213,KOG4338@1,KOG4338@2759","DUF1081,DUF1943,VWD,Vitellogenin_N",0.0,0.0,3_Female_Processes,Vitellogenesis & Egg Provisioning,Vitellogenin & Vg Receptor,No
,GFU36172.1,L798_08119,,,,,,136037.KDR17776,28.1,6.11e-116,415.0,0.0,0.0,0.0,0.0,vitellogenin-2 [Nephila pilipes],,"38D8A@33154,3BCAR@33208,3CYWB@33213,3SJX5@50557,41XU6@6656,KOG4338@1,KOG4338@2759","DUF1081,DUF1943,Vitellogenin_N",0.0,0.0,3_Female_Processes,Vitellogenesis & Egg Provisioning,Vitellogenin & Vg Receptor,No
,GFU36413.1,,,,,,,6500.XP_005089141.1,35.9,7.66e-36,147.0,0.0,0.0,0.0,0.0,acid-sensing ion channel 1 [Nephila pilipes],,"39U6J@33154,3BJ8Y@33208,3CTTA@33213,KOG1215@1,KOG1215@2759,KOG4294@1,KOG4294@2759","ASC,Ldl_recept_a",0.0,0.0,3_Female_Processes,Vitellogenesis & Egg Provisioning,Vitellogenin & Vg Receptor,No
,GFU36542.1,,,,,,,10224.XP_006813614.1,34.6,1.08e-55,202.0,0.0,0.0,0.0,0.0,spermatogenesis-defective protein 39 [Nephila pilipes],,"38HNR@33154,3BFFY@33208,3D28P@33213,KOG4677@1,KOG4677@2759",,0.0,0.0,4_Male_Processes,Spermatogenesis & Motility,Sperm Flagellar & Nuclear Factors,No
,GFU37491.1,,,,,,,126957.SMAR004984-PA,65.0,3.98e-273,820.0,0.0,0.0,0.0,0.0,ATP-dependent zinc metalloprotease YME1 homolog [Nephila pilipes],,"38BJT@33154,3BDKJ@33208,3CX5P@33213,41VUG@6656,COG0465@1,KOG0527@1,KOG0527@2759,KOG0734@2759,KOG1218@1,KOG1218@2759","AAA,HMG_box,Laminin_EGF,Peptidase_M41,hEGF",0.0,0.0,1_Endocrine_Signals,Sex Differentiation Regulators,Sox/Fox Transcription Factors,No
,GFU38149.1,,,,,,,126957.SMAR005040-PA,74.1,0.0,1182.0,0.0,0.0,0.0,0.0,general transcription and DNA repair factor IIH helicase subunit XPD [Nephila pilipes],,"38EIZ@33154,3BBBF@33208,3CTEQ@33213,41VZ6@6656,COG1199@1,KOG1131@2759","DEAD_2,HBB,Helicase_C_2",0.0,0.0,2_Sex_Determination,Germline Stem Cell Maintenance,Vasa/Nanos/Piwi Complex,No
,GFU38181.1,,,,,,,32264.tetur21g01660.1,60.0,2.3200000000000003e-79,266.0,0.0,0.0,0.0,0.0,"neurogenic locus notch 2, partial [Nephila pilipes]",,"38BUP@33154,3BIYB@33208,3D0JJ@33213,41U7I@6656,KOG1217@1,KOG1217@2759","CUB,EGF,EGF_CA,Ephrin_rec_like,F5_F8_type_C,HYR,Laminin_G_3,Ldl_recept_a,Sushi,hEGF",0.0,0.0,3_Female_Processes,Vitellogenesis & Egg Provisioning,Vitellogenin & Vg Receptor,No
,GFU38701.1,L798_08976,ko:K13025,"map03040,map03013,ko03040,map03015,ko03013,ko03015",M00430,3.6.4.13,"ko03019,ko03009,ko01000,ko03041,ko03012,ko00001,ko00000,ko00002",136037.KDR24148,79.5,1.25e-14,72.8,0.0,0.0,0.0,0.0,"eukaryotic initiation factor 4A-III, partial [Nephila pilipes]",,"39J7A@33154,3CNWK@33208,3CZ1Y@33213,3SKC3@50557,41U0G@6656,COG0513@1,KOG0328@2759","DEAD,Helicase_C",0.0,0.0,2_Sex_Determination,Germline Stem Cell Maintenance,Vasa/Nanos/Piwi Complex,No
,GFU39020.1,,,,,,,244447.XP_008315904.1,40.4,8.21e-125,406.0,0.0,0.0,0.0,0.0,testis-expressed protein 2 [Nephila pilipes],,"38FKV@33154,3BGXY@33208,3CT6V@33213,4895G@7711,48X55@7742,49R6K@7898,KOG2238@1,KOG2238@2759",,0.0,0.0,4_Male_Processes,Spermatogenesis & Motility,Sperm Flagellar & Nuclear Factors,No
,GFU39150.1,LOC663375,,,,,,7070.TC012723-PA,70.1,2.65e-51,193.0,0.0,0.0,0.0,0.0,TOX high mobility group box family member 3 [Nephila pilipes],,"391XQ@33154,3BI3N@33208,3CVAM@33213,3SIRX@50557,41YII@6656,COG5648@1,KOG0381@2759",HMG_box,0.0,0.0,1_Endocrine_Signals,Sex Differentiation Regulators,Sox/Fox Transcription Factors,No
,GFU39151.1,LOC663375,,,,,,7070.TC012723-PA,70.1,2.83e-51,193.0,0.0,0.0,0.0,0.0,TOX high mobility group box family member 3 [Nephila pilipes],,"391XQ@33154,3BI3N@33208,3CVAM@33213,3SIRX@50557,41YII@6656,COG5648@1,KOG0381@2759",HMG_box,0.0,0.0,1_Endocrine_Signals,Sex Differentiation Regulators,Sox/Fox Transcription Factors,No
,GFU40288.1,107362305,ko:K17943,,,,ko00000,32264.tetur08g02790.1,63.8,2.9e-113,380.0,0.0,0.0,0.0,0.0,pumilio homolog 1 [Nephila pilipes],,"38BAP@33154,3BDZ5@33208,3CTGS@33213,41WK8@6656,COG5099@1,KOG1488@2759",PUF,0.0,0.0,2_Sex_Determination,Germline Stem Cell Maintenance,Vasa/Nanos/Piwi Complex,No
,GFU40290.1,107362305,ko:K17943,,,,ko00000,32264.tetur08g02790.1,63.8,1.61e-113,380.0,0.0,0.0,0.0,0.0,pumilio homolog 1 [Nephila pilipes],,"38BAP@33154,3BDZ5@33208,3CTGS@33213,41WK8@6656,COG5099@1,KOG1488@2759",PUF,0.0,0.0,2_Sex_Determination,Germline Stem Cell Maintenance,Vasa/Nanos/Piwi Complex,No
,GFU40518.1,,ko:K13178,,,3.6.4.13,"ko01000,ko03041,ko00000",7739.XP_002599469.1,66.4,2.5800000000000002e-169,494.0,0.0,0.0,0.0,0.0,"probable ATP-dependent RNA helicase DDX17, partial [Nephila pilipes]",,"38D0V@33154,3BCQC@33208,3CTK2@33213,48560@7711,COG0513@1,KOG0331@2759","DEAD,Helicase_C",0.0,0.0,2_Sex_Determination,Germline Stem Cell Maintenance,Vasa/Nanos/Piwi Complex,No
,GFU40746.1,MAMDC4,,,,,,7897.ENSLACP00000002947,30.4,3.91e-07,55.5,0.0,0.0,0.0,0.0,"MAM and LDL-receptor class A domain-containing protein 2, partial [Nephila pilipes]",,"28TYM@1,2R0P7@2759,39NEA@33154,3CPYW@33208,3E644@33213,48RTI@7711,49N71@7742","Ldl_recept_a,MAM",0.0,0.0,3_Female_Processes,Vitellogenesis & Egg Provisioning,Vitellogenin & Vg Receptor,No
,GFU41276.1,107366726,ko:K01316,,,3.4.21.9,"ko01002,ko01000,ko00000",32264.tetur19g02260.1,37.4,7.409999999999999e-94,298.0,0.0,0.0,0.0,0.0,plasma kallikrein [Nephila pilipes],,"38WF8@33154,3C6CA@33208,3DMDQ@33213,422JI@6656,COG5640@1,KOG3627@2759","CUB,Ldl_recept_a,Trypsin",0.0,0.0,3_Female_Processes,Vitellogenesis & Egg Provisioning,Vitellogenin & Vg Receptor,No
,GFU42456.1,,,,,,,6500.XP_005089141.1,35.0,1.21e-34,143.0,0.0,0.0,0.0,0.0,acid-sensing ion channel 3 [Nephila pilipes],,"39U6J@33154,3BJ8Y@33208,3CTTA@33213,KOG1215@1,KOG1215@2759,KOG4294@1,KOG4294@2759","ASC,Ldl_recept_a",0.0,0.0,3_Female_Processes,Vitellogenesis & Egg Provisioning,Vitellogenin & Vg Receptor,No
,GFU42622.1,8238500,ko:K18756,,,,"ko03019,ko00000",121225.PHUM202090-PA,32.2,3.13e-14,81.6,0.0,0.0,0.0,0.0,"protein bicaudal C 1, partial [Nephila pilipes]",,"38BCK@33154,3BI4S@33208,3CZ80@33213,3E9G9@33342,3SGN3@50557,41XFH@6656,KOG2208@1,KOG2208@2759,KOG4374@1,KOG4374@2759","KH_1,SAM_1",0.0,0.0,2_Sex_Determination,Germline Stem Cell Maintenance,Vasa/Nanos/Piwi Complex,No
,GFU45015.1,107363167,ko:K14806,,,3.6.4.13,"ko03009,ko01000,ko01009,ko00000",32264.tetur09g02810.1,47.8,4.26e-170,511.0,0.0,0.0,0.0,0.0,probable ATP-dependent RNA helicase DDX31 [Nephila pilipes],,"38GBF@33154,3B9V1@33208,3CW5V@33213,41UJQ@6656,COG0513@1,KOG0348@2759","DEAD,DUF4217,Helicase_C",0.0,0.0,2_Sex_Determination,Germline Stem Cell Maintenance,Vasa/Nanos/Piwi Complex,No
,GFU45316.1,20217037,ko:K00522,"map04978,ko04978,map04217,map04216,ko04216,ko04217",,1.16.3.2,"ko01000,ko04147,ko00001,ko00000",6412.HelroP89898,42.4,1.27e-34,127.0,0.0,0.0,0.0,0.0,"ferritin heavy chain, oocyte isoform [Nephila pilipes]",,"39ZZ6@33154,3BKHH@33208,3D6Q6@33213,COG1528@1,KOG2332@2759",Ferritin,0.0,0.0,3_Female_Processes,Oogenesis & Eggshell Assembly,Chorion & ZP Matrix,No
,GFU45618.1,,,,,,,8153.XP_005937632.1,26.2,1.07e-11,74.3,0.0,0.0,0.0,0.0,testis-expressed protein 10 [Nephila pilipes],,"38JUN@33154,3BFNK@33208,3D1HC@33213,485Q7@7711,48YDZ@7742,4A28D@7898,KOG2149@1,KOG2149@2759",Ipi1_N,0.0,0.0,4_Male_Processes,Spermatogenesis & Motility,Sperm Flagellar & Nuclear Factors,No
,GFU45790.1,METTL10,,,,,,10141.ENSCPOP00000004803,38.7,4.33e-47,160.0,0.0,0.0,0.0,0.0,EEF1A lysine methyltransferase 2 [Nephila pilipes],,"35H90@314146,38VHJ@33154,3BFEU@33208,3CYVA@33213,3JC7H@40674,481RN@7711,48ZW6@7742,4Q78D@9989,KOG1271@1,KOG1271@2759",Methyltransf_31,0.0,0.0,1_Endocrine_Signals,Nuclear Hormone Signaling,Ecdysteroid & JH Pathways,No
,GFU46556.1,nid2b,,,,,,7955.ENSDARP00000119933,30.8,1.55e-06,55.5,0.0,0.0,0.0,0.0,u36-Nephitoxin-Nsp1a_1 [Nephila pilipes],,"38HNZ@33154,3BBTR@33208,3CY69@33213,48A6D@7711,490QP@7742,49SM6@7898,COG2272@1,KOG1214@2759","EGF_3,EGF_CA,G2F,Ldl_recept_b,NIDO,Thyroglobulin_1",0.0,0.0,3_Female_Processes,Vitellogenesis & Egg Provisioning,Vitellogenin & Vg Receptor,No
,GFU46562.1,,,,,,,144197.XP_008281340.1,36.6,9.56e-15,79.0,0.0,0.0,0.0,0.0,venom factor [Nephila pilipes],,"38HNZ@33154,3BBTR@33208,3CY69@33213,48A6D@7711,490QP@7742,49SM6@7898,COG2272@1,KOG1214@2759,KOG3555@1,KOG3555@2759","EGF_3,EGF_CA,G2F,Ldl_recept_b,NIDO,Thyroglobulin_1",0.0,0.0,3_Female_Processes,Vitellogenesis & Egg Provisioning,Vitellogenin & Vg Receptor,No
,GFU46726.1,,,,,,,7668.SPU_023060-tr,33.3,0.000225,49.7,0.0,0.0,0.0,0.0,low-density lipoprotein receptor-related protein 2 [Nephila pilipes],,"38GM4@33154,3BCUM@33208,3CYSX@33213,COG0515@1,COG5640@1,KOG1095@2759,KOG1216@1,KOG1216@2759,KOG3627@2759","Ldl_recept_a,MAM",0.0,0.0,3_Female_Processes,Vitellogenesis & Egg Provisioning,Vitellogenin & Vg Receptor,No
,GFU47404.1,,,,,,,126957.SMAR008886-PA,45.5,9.59e-18,84.7,0.0,0.0,0.0,0.0,solute carrier family 15 member 1 [Nephila pilipes],,"38GCY@33154,3B9YA@33208,3CWJ1@33213,41WN6@6656,COG3104@1,COG5190@1,KOG1215@1,KOG1215@2759,KOG1237@2759,KOG1605@2759,KOG1815@1,KOG1815@2759","IBR,Ldl_recept_b,NIF,PTR2",0.0,0.0,3_Female_Processes,Vitellogenesis & Egg Provisioning,Vitellogenin & Vg Receptor,No
,GFU48074.1,107363157,,,,,,32264.tetur09g04550.1,48.6,1.42e-22,101.0,0.0,0.0,0.0,0.0,chorion peroxidase [Nephila pilipes],,"38C9T@33154,3BEQJ@33208,3CRD4@33213,41VMY@6656,KOG2408@1,KOG2408@2759",An_peroxidase,0.0,0.0,3_Female_Processes,Oogenesis & Eggshell Assembly,Chorion & ZP Matrix,No
,GFU48167.1,,,,,,,6500.XP_005089141.1,35.1,1.06e-35,146.0,0.0,0.0,0.0,0.0,acid-sensing ion channel 3 [Nephila pilipes],,"39U6J@33154,3BJ8Y@33208,3CTTA@33213,KOG1215@1,KOG1215@2759,KOG4294@1,KOG4294@2759","ASC,Ldl_recept_a",0.0,0.0,3_Female_Processes,Vitellogenesis & Egg Provisioning,Vitellogenin & Vg Receptor,No
,GFU50105.1,st14,,,,,,144197.XP_008287998.1,26.7,0.000651,50.4,0.0,0.0,0.0,0.0,CUB domain-containing protein [Nephila pilipes],,"39S1N@33154,3B9XY@33208,3CWRU@33213,487D3@7711,490AG@7742,49TGN@7898,COG5640@1,KOG3627@2759","CUB,Ldl_recept_a,SEA,Trypsin",0.0,0.0,3_Female_Processes,Vitellogenesis & Egg Provisioning,Vitellogenin & Vg Receptor,No
,GFU50109.1,,,,,,,13249.RPRC011394-PA,47.1,0.000193,46.6,0.0,0.0,0.0,0.0,low-density lipoprotein receptor-related protein 12 [Nephila pilipes],,"2E9SR@1,2SG3H@2759",Ldl_recept_a,0.0,0.0,3_Female_Processes,Vitellogenesis & Egg Provisioning,Vitellogenin & Vg Receptor,No
,GFU50760.1,L798_02329,ko:K21643,,,,"ko03000,ko00000",136037.KDR08064,67.9,9.43e-45,182.0,0.0,0.0,0.0,0.0,HMG box transcription factor BBX [Nephila pilipes],,"38D46@33154,3BHM2@33208,3CWVV@33213,3SMU5@50557,41ZDP@6656,KOG2746@1,KOG2746@2759",HMG_box,0.0,0.0,1_Endocrine_Signals,Sex Differentiation Regulators,Sox/Fox Transcription Factors,No
,GFU51554.1,,,,,,,7719.XP_004226593.1,48.3,8.34e-57,194.0,0.0,0.0,0.0,0.0,doublesex- and mab-3-related transcription factor A2 [Nephila pilipes],,"38IK3@33154,3BEQ2@33208,3CTW2@33213,4854I@7711,KOG3815@1,KOG3815@2759","DM,DMA",0.0,0.0,2_Sex_Determination,Sex Determination Cascade,Dsx/Tra/Fem Axis,No
,GFU52027.1,107366804,,,,,,32264.tetur19g00570.1,42.7,1.08e-205,619.0,0.0,0.0,0.0,0.0,chorion peroxidase [Nephila pilipes],,"38C9T@33154,3BIBC@33208,3E41P@33213,42A6Q@6656,KOG2408@1,KOG2408@2759",An_peroxidase,0.0,0.0,3_Female_Processes,Oogenesis & Eggshell Assembly,Chorion & ZP Matrix,No
,GFU52953.1,,,,,,,8153.XP_005937632.1,26.2,1.07e-11,74.3,0.0,0.0,0.0,0.0,testis-expressed protein 10 [Nephila pilipes],,"38JUN@33154,3BFNK@33208,3D1HC@33213,485Q7@7711,48YDZ@7742,4A28D@7898,KOG2149@1,KOG2149@2759",Ipi1_N,0.0,0.0,4_Male_Processes,Spermatogenesis & Motility,Sperm Flagellar & Nuclear Factors,No
,GFU54840.1,,ko:K13117,,M00355,3.6.4.13,"ko00000,ko01000,ko03041,ko00002",10224.XP_006816912.1,60.1,6.710000000000002e-289,813.0,0.0,0.0,0.0,0.0,probable ATP-dependent RNA helicase DHX35 [Nephila pilipes],,"38C5G@33154,3B9KZ@33208,3CU10@33213,COG1643@1,KOG0922@2759","DEAD,HA2,Helicase_C,OB_NTP_bind",0.0,0.0,2_Sex_Determination,Germline Stem Cell Maintenance,Vasa/Nanos/Piwi Complex,No
,GFU54981.1,L798_11170,ko:K12812,"map05164,map03040,ko05164,map03013,ko03040,map03015,ko03013,ko03015","M00430,M00406",3.6.4.13,"ko03019,ko01000,ko03041,ko00001,ko00000,ko00002",136037.KDR23694,86.2,2.1e-262,724.0,0.0,0.0,0.0,0.0,spliceosome RNA helicase Ddx39b [Nephila pilipes],,"38BRK@33154,3B99C@33208,3CVV9@33213,3SI8S@50557,41TNQ@6656,COG0513@1,KOG0329@2759","DEAD,Helicase_C",0.0,0.0,2_Sex_Determination,Germline Stem Cell Maintenance,Vasa/Nanos/Piwi Complex,No
,GFU57417.1,TEX9,,,,,,8496.XP_006264063.1,32.1,2.13e-20,100.0,0.0,0.0,0.0,0.0,testis-expressed protein 9 [Nephila pilipes],,"28H83@1,2QPKV@2759,38CNA@33154,3BBK8@33208,3D1EK@33213,48749@7711,490DX@7742",,0.0,0.0,4_Male_Processes,Spermatogenesis & Motility,Sperm Flagellar & Nuclear Factors,No
,GFU57419.1,TEX9,,,,,,8496.XP_006264063.1,33.5,5.62e-22,104.0,0.0,0.0,0.0,0.0,testis-expressed protein 9 [Nephila pilipes],,"28H83@1,2QPKV@2759,38CNA@33154,3BBK8@33208,3D1EK@33213,48749@7711,490DX@7742",,0.0,0.0,4_Male_Processes,Spermatogenesis & Motility,Sperm Flagellar & Nuclear Factors,No
,GFU57835.1,KGM_210928,ko:K09267,,,,"ko03000,ko00000",13037.EHJ65502,47.1,8.49e-52,175.0,0.0,0.0,0.0,0.0,transcription factor SOX-2 [Nephila pilipes],,"39KUB@33154,3BEH8@33208,3CW0A@33213,3SZD4@50557,429Y5@6656,449E1@7088,KOG0527@1,KOG0527@2759",HMG_box,0.0,0.0,1_Endocrine_Signals,Sex Differentiation Regulators,Sox/Fox Transcription Factors,No
,GFU58091.1,107368975,,,,,,32264.tetur29g01460.1,68.9,4.54e-249,710.0,0.0,0.0,0.0,0.0,putative ATP-dependent RNA helicase an3 [Nephila pilipes],,"38IV8@33154,3BEF3@33208,3CUJS@33213,41U49@6656,COG0513@1,KOG0335@2759","DEAD,Helicase_C",0.0,0.0,2_Sex_Determination,Germline Stem Cell Maintenance,Vasa/Nanos/Piwi Complex,No
,GFU58759.1,,ko:K03068,"ko05226,ko05224,ko05225,ko04310,map05200,map04150,ko04150,map05225,map05224,map05226,ko05200,map04310",,,"ko04131,ko00001,ko00000",6669.EFX89307,56.0,6.43e-280,850.0,0.0,0.0,0.0,0.0,low-density lipoprotein receptor-related protein 5 [Nephila pilipes],,"38B6M@33154,3B9HR@33208,3CTVB@33213,41UCH@6656,KOG1215@1,KOG1215@2759","FXa_inhibition,Ldl_recept_a,Ldl_recept_b",0.0,0.0,3_Female_Processes,Vitellogenesis & Egg Provisioning,Vitellogenin & Vg Receptor,No
